r_id,r_lemma_script,r_stem_script,r_stem_phonetic,r_gloss_english,r_same_lemma_type,m_gender,m_inflection,m_deriv_cat,m_deriv_cat_important,m_deriv_cat_topk,m_compound,m_derived,s_animacy,s_category_usas,s_category_wnet,e_english,e_persian_arabic,e_sanskrit,p_ngrams_script,p_ngrams_phonetic,p_ngrams_script_important,p_ngrams_phonetic_important,p_ngrams_script_topk,p_ngrams_phonetic_topk
0,अँगूठा,अँगूठ,ə̃ɡuːʈʰ,thumb,NotAppl,M,2,underived,,,0,0,inanimate,B,Part of,0,0,0,"अँग,अँ,अ,गूठ,ठ,ूठ","ʈʰ,ə̃ɡ,uːʈʰ,ɡuːʈʰ,ə̃ɡuː,ə̃",,ə̃,,ə̃
1,अँधेरा,अँधेर,ə̃d̪ʰeːɾ,dark,NotAppl,M,2,underived,,,0,0,inanimate,W,physical State,0,0,0,"अँ,धेर,र,अँध,ेर,अ","ə̃d̪ʰeː,ə̃d̪ʰ,d̪ʰeːɾ,ɾ,ə̃,eːɾ",र,"ɾ,ə̃",र,"ɾ,ə̃"
2,अंक,अंक,ə̃k,score,NotAppl,M,4,underived,,,0,0,inanimate,K,Abstract,0,0,1,"अंक,क,अ,ंक,अं","ə̃k,ə̃,k",अं,ə̃,अं,ə̃
3,अंकल,अंकल,ə̃kəl,uncle,NotAppl,M,4,underived,,,0,0,animate,S,Mammal,1,0,0,"अंक,ंकल,कल,अ,ल,अं","ə̃kə,kəl,əl,ə̃k,ə̃,l",अं,"əl,ə̃",अं,ə̃
4,अंकुश,अंकुश,ə̃kuʃ,hook,NotAppl,M,0,underived,,,0,0,inanimate,O,Action,0,0,1,"श,अंक,ुश,कुश,अ,अं","ʃ,ə̃ku,ə̃k,ə̃,kuʃ,uʃ",अं,ə̃,अं,ə̃
5,अंग,अंग,ə̃ɡ,organ,NotAppl,M,4,underived,,,0,0,inanimate,B,Part of,0,0,1,"अंग,ंग,अ,ग,अं","ɡ,ə̃,ə̃ɡ","ंग,ग,अं","ɡ,ə̃","ंग,अं","ɡ,ə̃"
6,अंगूठा,अंगूठ,ə̃ɡuːʈʰ,thumb,NotAppl,M,2,underived,,,0,0,inanimate,B,Part of,0,0,0,"अंग,अ,गूठ,ठ,ूठ,अं","ʈʰ,ə̃ɡ,uːʈʰ,ɡuːʈʰ,ə̃ɡuː,ə̃",अं,ə̃,अं,ə̃
7,अंग्रेज,अंग्रेज,ə̃ɡɾeːd͡ʒ,english,NotAppl,M,4,underived,,,0,0,animate,Z,Person,0,0,0,"रेज,ज,अंग,अ,ेज,अं","eːd͡ʒ,ə̃ɡ,d͡ʒ,ə̃ɡɾ,ɾeːd͡ʒ,ə̃",अं,ə̃,अं,ə̃
8,अंग्रेजी,अंग्रेज,ə̃ɡɾeːd͡ʒ,english,NotAppl,F,0,underived,,,0,0,inanimate,Z,Language,0,0,0,"रेज,ज,अंग,अ,ेज,अं","eːd͡ʒ,ə̃ɡ,d͡ʒ,ə̃ɡɾ,ɾeːd͡ʒ,ə̃",अं,ə̃,अं,ə̃
9,अंचल,अंचल,ə̃t͡ʃəl,zone,NotAppl,M,4,underived,,,0,0,inanimate,M,Part of,0,0,1,"ंचल,अंच,अ,ल,चल,अं","ə̃t͡ʃ,əl,ə̃,l,ə̃t͡ʃə,t͡ʃəl",अं,"əl,ə̃",अं,ə̃
10,अंजाम,अंजाम,ə̃d͡ʒɑːm,the result,NotAppl,M,4,underived,,,0,0,inanimate,Z,State,0,1,0,"जाम,म,अंज,अ,ाम,अं","ə̃d͡ʒɑː,ə̃d͡ʒ,m,d͡ʒɑːm,ə̃,ɑːm",अं,ə̃,अं,ə̃
11,अंडरगारमेंट,अंडरगारमेंट,ə̃ɖəɾɡɑːɾmẽːʈ,undergarments,NotAppl,M,4,underived,,,0,0,inanimate,Z,Common Noun,1,0,0,"ट,ेंट,ंट,अ,अंड,अं","mẽːʈ,ə̃ɖ,ʈ,ə̃,ə̃ɖə,ẽːʈ","ेंट,ंट,अं","ə̃,ẽːʈ",अं,ə̃
13,अंडरवर्ल्ड,अंडरवर्ल्ड,ə̃ɖəɾʋəɾlɖ,underworld,NotAppl,M,4,underived,,,0,0,inanimate,G,Group,1,0,0,"ल्ड,ड,्ड,अ,अंड,अं","ə̃ɖ,ɖ,ɾlɖ,lɖ,ə̃,ə̃ɖə",अं,ə̃,अं,ə̃
16,अंडरवियर,अंडरवियर,ə̃ɖəɾʋɪjəɾ,underwear,NotAppl,M,4,underived,,,0,0,inanimate,B,Anatomical,1,0,0,"यर,र,ियर,अ,अंड,अं","ə̃ɖ,jəɾ,ɾ,ə̃,əɾ,ə̃ɖə","र,ियर,अं","ɾ,ə̃,əɾ","र,अं","ɾ,ə̃,əɾ"
17,अंडा,अंड,ə̃ɖ,egg,NotAppl,M,2,underived,,,0,0,inanimate,L,Natural Object,0,0,0,"ड,ंड,अ,अंड,अं","ɖ,ə̃,ə̃ɖ",अं,ə̃,अं,ə̃
18,अंत,अंत,ə̃t̪,ending,NotAppl,M,4,underived,,,0,0,inanimate,T,Action,0,0,1,"त,अंत,ंत,अ,अं","ə̃t̪,ə̃,t̪","त,अं","ə̃,t̪","त,अं","ə̃,t̪"
19,अंतर,अंतर,ə̃t̪əɾ,difference,NotAppl,M,4,underived,,,0,0,inanimate,A,State,0,0,1,"तर,ंतर,र,अंत,अ,अं","ə̃t̪ə,ə̃t̪,ɾ,ə̃,t̪əɾ,əɾ","र,अं","ɾ,ə̃,əɾ","र,अं","ɾ,ə̃,əɾ"
20,अंतराल,अंतराल,ə̃t̪ɾɑːl,interval,NotAppl,M,4,state_place1,,,0,1,inanimate,T,Period,0,0,0,"राल,ाल,अंत,अ,ल,अं","ə̃t̪,ɾɑːl,ə̃t̪ɾ,ə̃,l,ɑːl",अं,ə̃,अं,ə̃
21,अंतरिक्ष,अंतरिक्ष,ə̃t̪ɾɪkʂ,space,NotAppl,M,4,underived,,,0,0,inanimate,N,Physical Place,0,0,1,"्ष,ष,क्ष,अंत,अ,अं","ə̃t̪,kʂ,ɪkʂ,ə̃t̪ɾ,ə̃,ʂ","ष,अं","ə̃,ʂ",अं,ə̃
22,अंतरिक्षयात्री,अंतरिक्षयात्र,ə̃t̪ɾɪkʂəjɑːt̪ɾ,astronaut,NotAppl,M,4,underived,,,1,0,animate,Y,Person,0,0,0,"र,्र,त्र,अंत,अ,अं","ə̃t̪,ə̃t̪ɾ,ɾ,ə̃,t̪ɾ,ɑːt̪ɾ","र,अं","ɾ,ə̃","र,अं","ɾ,ə̃"
23,अंतर्राष्ट्रीयकरण,अंतर्राष्ट्रीयकरण,ə̃t̪əɾɾɑːʂʈɾiːjəkɾəɳ,internationalization,NotAppl,M,4,underived,,,1,0,inanimate,Z,Abstract,0,0,0,"करण,रण,अंत,अ,ण,अं","ə̃t̪ə,əɳ,ə̃t̪,ɾəɳ,ə̃,ɳ","रण,अं","əɳ,ɾəɳ,ə̃",अं,"əɳ,ɾəɳ,ə̃"
24,अंतर्विरोध,अंतर्विरोध,ə̃t̪əɾʋɪɾoːd̪ʰ,contraindications,NotAppl,M,4,underived,,,1,0,inanimate,Z,Concept,0,0,0,"रोध,अंत,ोध,ध,अ,अं","ə̃t̪ə,ə̃t̪,oːd̪ʰ,d̪ʰ,ə̃,ɾoːd̪ʰ","ोध,अं","oːd̪ʰ,ə̃",अं,ə̃
25,अंत्येष्टि,अंत्येष्ट,ə̃t̪jeːʂʈ,funeral,NotAppl,F,1,underived,,,0,0,inanimate,L,Social,0,0,0,"ट,ष्ट,अंत,्ट,अ,अं","eːʂʈ,ə̃t̪,ə̃t̪j,ʈ,ə̃,ʂʈ",अं,ə̃,अं,ə̃
26,अंदाज,अंदाज,ə̃d̪ɑːd͡ʒ,style,NotAppl,M,4,underived,,,0,0,inanimate,X,Psychological Feature,0,0,0,"ाज,ज,दाज,अ,अंद,अं","ɑːd͡ʒ,d͡ʒ,d̪ɑːd͡ʒ,ə̃,ə̃d̪,ə̃d̪ɑː",अं,"ə̃,ə̃d̪",अं,ə̃
27,अंदाजा,अंदाज,ə̃d̪ɑːd͡ʒ,guess,NotAppl,M,2,underived,,,0,0,inanimate,X,Psychological Feature,0,0,0,"ाज,ज,दाज,अ,अंद,अं","ɑːd͡ʒ,d͡ʒ,d̪ɑːd͡ʒ,ə̃,ə̃d̪,ə̃d̪ɑː",अं,"ə̃,ə̃d̪",अं,ə̃
28,अंदेशा,अंदेश,ə̃d̪eːʃ,apprehension,NotAppl,M,2,underived,,,0,0,inanimate,E,Cognition,0,1,0,"श,ेश,देश,अ,अंद,अं","ʃ,ə̃d̪eː,d̪eːʃ,eːʃ,ə̃,ə̃d̪","ेश,देश,अं","d̪eːʃ,eːʃ,ə̃,ə̃d̪",अं,ə̃
29,अंधड,अंधड,ə̃d̪ʰəɖ,storm,NotAppl,M,4,underived,,,0,0,inanimate,W,Physical State,0,0,0,"ंधड,ड,धड,अ,अंध,अं","d̪ʰəɖ,əɖ,ɖ,ə̃d̪ʰ,ə̃,ə̃d̪ʰə",अं,ə̃,अं,ə̃
30,अंपायर,अंपायर,ə̃pɑːjəɾ,umpires,NotAppl,M,4,underived,,,0,0,animate,Z,Person,1,0,0,"यर,र,ायर,अ,अंप,अं","ə̃pɑː,jəɾ,ɾ,ə̃,əɾ,ə̃p","र,अं","ɾ,ə̃,əɾ","र,अं","ɾ,ə̃,əɾ"
31,अंबार,अंबार,ə̃bɑːɾ,heap,NotAppl,M,4,underived,,,0,0,inanimate,N,Group,0,1,0,"ार,र,अंब,बार,अ,अं","bɑːɾ,ə̃bɑː,ɾ,ə̃b,ə̃,ɑːɾ","ार,र,अं","ɾ,ə̃,ɑːɾ","र,अं","ɾ,ə̃"
32,अंश,अंश,ə̃ʃ,part,NotAppl,M,4,underived,,,0,0,inanimate,N,Part of,0,0,1,"श,ंश,अ,अंश,अं","ə̃ʃ,ə̃,ʃ",अं,ə̃,अं,ə̃
33,अंशधारक,अंशधारक,ə̃ʃd̪ʰɑːɾək,shareholders,NotAppl,M,4,underived,,,1,0,animate,I,Collective Noun,0,0,0,"ारक,रक,क,अ,अंश,अं","k,ək,ə̃ʃ,ə̃ʃd̪ʰ,ə̃,ɾək",अं,"ək,ə̃",अं,ə̃
34,अकाउंटेंट,अकाउंटेंट,əkɑːũʈẽːʈ,accountant,NotAppl,M,4,underived,,,0,0,inanimate,I,Title,1,0,0,"ट,ेंट,अका,ंट,अक,अ","əkɑː,ək,ʈ,ʈẽːʈ,ə,ẽːʈ","ेंट,ंट","ək,ẽːʈ",,
35,अकादमी,अकादम,əkɑːd̪əm,academy,NotAppl,F,1,underived,,,0,0,inanimate,P,Group,1,0,0,"दम,अका,म,अक,अ,ादम","əm,əkɑː,ək,m,ə,d̪əm",,ək,,
36,अकाली,अकाल,əkɑːl,akali,NotAppl,M,4,underived,,,0,0,inanimate,Z,Group,1,0,0,"काल,अका,ाल,अक,अ,ल","kɑːl,əkɑː,ək,ə,l,ɑːl",काल,"kɑːl,ək",,
37,अक्षमता,अक्षम,əkʂəm,incapacity,NotAppl,F,3,abstract8,abstract8,abstract8,0,1,inanimate,Z,Physiological  State,0,0,1,"षम,्षम,अक्,म,अक,अ","əm,ʂəm,ək,əkʂ,m,ə",,ək,,
38,अक्षांश,अक्षांश,əkʂɑ̃ːʃ,latitude,NotAppl,M,4,underived,,,0,0,inanimate,W,Perception,0,0,0,"श,अक्,ांश,ंश,अक,अ","ʃ,ək,əkʂ,ʂɑ̃ːʃ,ə,ɑ̃ːʃ",,ək,,
39,अक्षांस,अक्षांस,əkʂɑ̃ːs̪,latitude,NotAppl,M,4,underived,,,0,0,inanimate,W,Direction,0,0,0,"स,ंस,अक्,ांस,अक,अ","ɑ̃ːs̪,ək,əkʂ,s̪,ə,ʂɑ̃ːs̪",,ək,,
40,अखंडता,अखंड,əkʰə̃ɖ,integrity,NotAppl,F,3,abstract8,abstract8,abstract8,0,1,inanimate,G,State,0,0,1,"ड,अखं,खंड,ंड,अ,अख","ə̃ɖ,ɖ,əkʰ,kʰə̃ɖ,ə,əkʰə̃",,,,
41,अखबार,अखबार,əkʰbɑːɾ,newspaper,NotAppl,M,4,underived,,,0,0,inanimate,Q,Artifact,0,0,0,"अखब,र,ार,बार,अ,अख","bɑːɾ,əkʰ,ɾ,ɑːɾ,əkʰb,ə","र,ार","ɾ,ɑːɾ",र,ɾ
42,अखाडा,अखाड,əkʰɑːɖ,arena,NotAppl,M,2,underived,,,0,0,inanimate,K,Physical Place,0,0,0,"ाड,ड,खाड,अ,अख,अखा","ɑːɖ,ɖ,əkʰɑː,əkʰ,kʰɑːɖ,ə",,,,
43,अख्तियार,अख्तियार,əkʰt̪ɪjɑːɾ,authority,NotAppl,M,4,underived,,,0,0,inanimate,G,Cognition,0,0,0,"ार,र,अ,यार,अख,अख्","əkʰt̪,jɑːɾ,əkʰ,ɾ,ɑːɾ,ə","ार,र","ɾ,ɑːɾ",र,ɾ
44,अगल,अगल,əɡəl,aside,NotAppl,M,4,underived,,,0,0,inanimate,M,Physical State,0,0,0,"अ,अग,गल,अगल,ल","əɡə,əɡ,əl,ə,l,ɡəl",,"əɡ,əl",,
45,अगवा,अगव,əɡəʋ,kidnapped,NotAppl,M,4,underived,,,0,0,inanimate,G,action,0,0,0,"अगव,व,गव,अग,अ","əɡə,əʋ,əɡ,ʋ,ɡəʋ,ə",व,"əɡ,ʋ",व,ʋ
46,अगवानी,अगवान,əɡʋɑːn̪,reception,NotAppl,F,1,underived,,,0,0,inanimate,H,Social,0,0,0,"अगव,ान,वान,अग,न,अ","ɑːn̪,əɡ,ʋɑːn̪,əɡʋ,ə,n̪",,əɡ,,
48,अगुवाई,अगुवा,əɡuʋɑː,lead,NotAppl,F,1,underived,,,0,0,inanimate,S,Action,0,0,0,"अगु,ा,अग,वा,अ,ुवा","əɡ,ɑː,uʋɑː,ʋɑː,ə,əɡu",ा,əɡ,ा,
49,अग्नि,अग्न,əɡn̪,fire,NotAppl,F,1,underived,,,0,0,inanimate,O,Natural Object,0,0,1,"अग्,अग,न,ग्न,अ,्न","əɡ,ɡn̪,əɡn̪,ə,n̪",,əɡ,,
50,अग्निकांड,अग्निकांड,əɡn̪ɪkɑ̃ːɖ,fire accident,NotAppl,M,4,underived,,,1,0,inanimate,A,Event,0,0,0,"अग्,ड,अग,ांड,ंड,अ","ɑ̃ːɖ,əɡ,ɖ,əɡn̪,ə,kɑ̃ːɖ",,əɡ,,
51,अग्निशमन,अग्निशमन,əɡn̪ɪʃmən̪,fire fighting,NotAppl,M,4,underived,,,1,0,inanimate,O,Physical State,0,0,0,"अग्,मन,अग,न,अ,शमन","n̪,əɡ,mən̪,əɡn̪,ə,ən̪",मन,"əɡ,mən̪",,
52,अग्रिम,अग्रिम,əɡɾɪm,advance,NotAppl,M,4,underived,,,0,0,inanimate,M,Artifact,0,0,1,"अग्,अग,म,अ,रिम,िम","əɡ,əɡɾ,ɪm,m,ɾɪm,ə",,əɡ,,
53,अघीक्षक,अघीक्षक,əɡʰiːkʂək,superintendent,NotAppl,M,4,underived,,,0,0,animate,Z,Occupation,0,0,0,"षक,अघी,अघ,क,्षक,अ","ʂək,k,əɡʰiː,əɡʰ,ək,ə","षक,्षक","ʂək,ək",,
54,अचरज,अचरज,ət͡ʃɾəd͡ʒ,surprise,NotAppl,M,4,underived,,,0,0,inanimate,X,Perception,0,0,0,"अच,रज,अचर,ज,अ,चरज","ət͡ʃɾ,əd͡ʒ,d͡ʒ,ɾəd͡ʒ,ə,ət͡ʃ",,"əd͡ʒ,ət͡ʃ",,əd͡ʒ
55,अजनबी,अजनब,əd͡ʒn̪əb,stranger,NotAppl,M,4,underived,,,0,0,animate,A,Person,0,1,0,"अजन,अज,जनब,ब,अ,नब","əd͡ʒ,n̪əb,b,əb,ə,əd͡ʒn̪",,əd͡ʒ,,əd͡ʒ
56,अजूबा,अजूब,əd͡ʒuːb,unique,NotAppl,M,2,underived,,,0,0,inanimate,N,Object,0,1,0,"अजू,ूब,अज,ब,अ,जूब","uːb,d͡ʒuːb,əd͡ʒ,b,əd͡ʒuː,ə",,əd͡ʒ,,əd͡ʒ
57,अटकल,अटकल,əʈkəl,divination,NotAppl,F,3,underived,,,0,0,inanimate,X,Psychological Feature,0,0,0,"अटक,कल,टकल,अ,ल,अट","əʈ,kəl,əʈk,əl,ə,l",,"əʈ,əl",,
58,अटकलबाजी,अटकलबाज,əʈkəlbɑːd͡ʒ,speculation,NotAppl,F,1,underived,,,1,0,inanimate,X,Action,0,0,0,"अटक,ाज,ज,बाज,अ,अट","bɑːd͡ʒ,əʈ,ɑːd͡ʒ,əʈk,d͡ʒ,ə",,əʈ,,
59,अटॅर्नी,अटॅर्न,əʈæɾn̪,attorney,NotAppl,M,4,underived,,,0,0,animate,G,Occupation,1,0,0,"र्न,अटॅ,न,अ,्न,अट","æɾn̪,əʈ,ɾn̪,ə,əʈæ,n̪",,əʈ,,
60,अटेनडेंस,अटेनडेंस,əʈeːn̪ɖẽːs̪,attendance,NotAppl,M,4,underived,,,0,0,inanimate,S,Abstract,1,0,0,"स,ेंस,ंस,अटे,अ,अट","əʈ,ẽːs̪,s̪,ə,əʈeː,ɖẽːs̪",,əʈ,,
61,अटैक,अटैक,əʈəɪk,attack,NotAppl,M,4,underived,,,0,0,inanimate,E,Physical,1,0,0,"क,अ,टैक,ैक,अटै,अट","k,əʈ,ɪk,əɪk,əʈə,ə",,əʈ,,
62,अटैचमेंट,अटैचमेंट,əʈəɪt͡ʃmẽːʈ,attachment,NotAppl,M,4,underived,,,0,0,inanimate,O,Abstract,1,0,0,"ट,ेंट,ंट,अ,अटै,अट","mẽːʈ,əʈ,ʈ,əʈə,ə,ẽːʈ","ेंट,ंट","əʈ,ẽːʈ",,
63,अटैची,अटैच,əʈəɪt͡ʃ,briefcase,NotAppl,F,1,underived,,,0,0,inanimate,B,Artifact,0,0,0,"ैच,च,अ,टैच,अटै,अट","əʈ,t͡ʃ,əɪt͡ʃ,əʈə,ə,ɪt͡ʃ",,əʈ,,
65,अठखेली,अठखेल,əʈʰkʰeːl,frolic,NotAppl,F,1,underived,,,0,0,inanimate,M,Physical,0,0,0,"अठ,अठख,ेल,अ,ल,खेल","ə,l,kʰeːl,eːl,əʈʰkʰ,əʈʰ",,,,
66,अडंगा,अडंग,əɖə̃ɡ,obstruction,NotAppl,M,2,underived,,,0,0,inanimate,A,Abstract,0,0,0,"अड,डंग,ंग,अ,ग,अडं","ə̃ɡ,əɖ,ə,ɡ,ɖə̃ɡ,əɖə̃","ंग,ग",ɡ,ंग,ɡ
68,अड़चन,अड़चन,əɽt͡ʃən̪,bottleneck,NotAppl,F,3,underived,,,0,0,inanimate,S,Physical State,0,0,0,"अड,़चन,अड़,अ,न,चन","n̪,əɽ,t͡ʃən̪,ə,əɽt͡ʃ,ən̪",,,,
69,अड्डा,अड्ड,əɖɖ,haunted house,NotAppl,M,2,underived,,,0,0,inanimate,S,Physical Place,0,0,0,"ड,अड,्ड,ड्ड,अ,अड्","əɖ,əɖɖ,ɖ,ɖɖ,ə",,,,
70,अणु,अण,əɳ,molecule,NotAppl,M,4,underived,,,0,0,inanimate,O,Part of,0,0,1,"अण,ण,अ","ɳ,ə,əɳ",,əɳ,,əɳ
71,अतिक्रमण,क्रमण,kɾəməɳ,encroachment,NotAppl,M,4,overly,,,0,1,inanimate,N,Physical,0,0,1,"क्र,मण,क्,रमण,क,ण","ɳ,k,əɳ,məɳ,kɾ,kɾə",,əɳ,,əɳ
72,अतिथि,अतिथ,ət̪ɪt̪ʰ,guest,NotAppl,M,4,underived,,,0,0,animate,H,Person,0,0,1,"िथ,तिथ,अत,अ,थ,अति","t̪ɪt̪ʰ,ət̪ɪ,t̪ʰ,ət̪,ɪt̪ʰ,ə",,ɪt̪ʰ,,
73,अतिरिक्त,रिक्त,ɾɪkt̪,excessive,NotAppl,M,0,overly,,,0,1,inanimate,N,Stative,0,0,1,"रि,्त,र,त,रिक,क्त","ɾɪk,t̪,ɪkt̪,ɾ,ɾɪ,kt̪","्त,र,त","t̪,ɾ","्त,र,त","t̪,ɾ"
74,अतीत,अतीत,ət̪iːt̪,past,NotAppl,M,4,underived,,,0,0,inanimate,T,Time,0,0,1,"ीत,अत,अती,त,तीत,अ","ət̪iː,t̪,t̪iːt̪,iːt̪,ət̪,ə","ीत,त","t̪,iːt̪",त,t̪
75,अत्याचार,अत्याचार,ət̪jɑːt͡ʃɑːɾ,atrocity,NotAppl,M,4,underived,,,0,0,inanimate,G,Physical,0,0,1,"अत्,र,ार,अत,चार,अ","ət̪,ɾ,ət̪j,ɑːɾ,ə,t͡ʃɑːɾ","र,ार,चार","ɾ,ɑːɾ,t͡ʃɑːɾ",र,ɾ
76,अदा,अद,əd̪,paid,neutral,F,3,underived,,,0,0,inanimate,I,STY,0,1,0,"द,अद,अ","əd̪,d̪,ə",,,,
77,अदा,अद,əd̪,paid,neutral,M,3,underived,,,0,0,inanimate,I,STY,0,1,0,"द,अद,अ","əd̪,d̪,ə",,,,
78,अदाकारा,अदाकार,əd̪ɑːkɑːɾ,actress,NotAppl,F,3,underived,,,1,0,animate,K,Person,0,0,0,"र,ार,अद,कार,अ,अदा","əd̪,kɑːɾ,əd̪ɑː,ɾ,ɑːɾ,ə","र,ार","ɾ,ɑːɾ",र,ɾ
79,अदालत,अदालत,əd̪ɑːlət̪,court,NotAppl,F,3,underived,,,0,0,inanimate,G,Group,0,1,0,"ालत,लत,अद,त,अ,अदा","əd̪,t̪,lət̪,əd̪ɑː,ət̪,ə","लत,त","t̪,lət̪",त,t̪
80,अधर,अधर,əd̪ʰəɾ,limbo,NotAppl,M,4,underived,,,0,0,inanimate,A,Part of,0,0,0,"र,अध,अधर,अ,धर","d̪ʰəɾ,əd̪ʰə,əd̪ʰ,ɾ,ə,əɾ",र,"ɾ,əɾ",र,"ɾ,əɾ"
81,अधिक,अधिक,əd̪ʰɪk,more,NotAppl,M,4,underived,,,0,0,inanimate,A,Cognition,0,0,1,"अ,िक,अध,क,धिक,अधि","k,ɪk,əd̪ʰ,ə,əd̪ʰɪ,d̪ʰɪk",,,,
82,अधिकतर,अधिकतर,əd̪ʰɪkt̪əɾ,mostly,NotAppl,M,4,underived,,,0,0,inanimate,A,Relational,0,0,1,"तर,र,अ,अध,अधि,कतर","əd̪ʰ,ɾ,ə,əd̪ʰɪ,t̪əɾ,əɾ",र,"ɾ,əɾ",र,"ɾ,əɾ"
83,अधिकर,अधिकर,əd̪ʰɪkəɾ,supersession,NotAppl,M,4,underived,,,0,0,inanimate,Z,Abstract,0,0,0,"कर,र,अ,िकर,अध,अधि","əd̪ʰ,ɾ,ə,əd̪ʰɪ,kəɾ,əɾ","कर,र","ɾ,kəɾ,əɾ","कर,र","ɾ,kəɾ,əɾ"
84,अधिकांश,अधिकांश,əd̪ʰɪkɑ̃ːʃ,most,NotAppl,M,4,underived,,,0,0,inanimate,A,Part of,0,0,0,"श,अ,ांश,ंश,अध,अधि","kɑ̃ːʃ,ʃ,əd̪ʰ,ə,əd̪ʰɪ,ɑ̃ːʃ",,,,
85,अधिकार,अधिकार,əd̪ʰɪkɑːɾ,rights,NotAppl,M,4,underived,,,0,0,inanimate,S,Cognition,0,0,1,"र,ार,अ,अध,कार,अधि","kɑːɾ,əd̪ʰ,ɾ,ɑːɾ,ə,əd̪ʰɪ","र,ार","ɾ,ɑːɾ",र,ɾ
86,अधिकारी,अधिकार,əd̪ʰɪkɑːɾ,officer,neutral,F,4,underived,,,0,0,animate,G,Person,0,0,1,"र,ार,अ,अध,कार,अधि","kɑːɾ,əd̪ʰ,ɾ,ɑːɾ,ə,əd̪ʰɪ","र,ार","ɾ,ɑːɾ",र,ɾ
87,अधिकारी,अधिकार,əd̪ʰɪkɑːɾ,officer,neutral,M,4,underived,,,0,0,animate,G,Person,0,0,1,"र,ार,अ,अध,कार,अधि","kɑːɾ,əd̪ʰ,ɾ,ɑːɾ,ə,əd̪ʰɪ","र,ार","ɾ,ɑːɾ",र,ɾ
88,अधिग्रहण,ग्रहण,ɡɾəɦəɳ,acquisition,NotAppl,M,4,abstract_above,,,0,1,inanimate,A,Physical,0,0,1,"हण,ग्र,ग्,ग,रहण,ण","əɳ,ɡɾ,ɦəɳ,ɡ,ɳ,ɡɾə","ग्र,ग्,ग","əɳ,ɡɾ,ɡ",,"əɳ,ɡ"
89,अधिनियम,नियम,n̪ɪjəm,act,NotAppl,M,4,abstract_above,,,0,1,inanimate,A,Abstract,0,0,1,"म,न,निय,ियम,यम,नि","əm,n̪ɪj,m,n̪ɪ,jəm,n̪","ियम,यम",jəm,,
90,अधिवक्ता,वक्ता,ʋəkt̪ɑː,advocate,NotAppl,M,4,abstract_above,,,0,1,animate,Q,Person,0,0,1,"व,वक,ा,ता,्ता,वक्","ʋə,ɑː,ʋ,ʋək,kt̪ɑː,t̪ɑː","व,ा","ʋə,ʋ,kt̪ɑː","व,ा",ʋ
91,अधिवेशन,वेशन,ʋeːʃən̪,session,NotAppl,M,4,abstract_above,,,0,1,inanimate,T,Planned Event,0,0,1,"वे,व,वेश,शन,ेशन,न","n̪,ʋeː,ʋ,ʃən̪,ən̪,ʋeːʃ","वे,व,शन,ेशन","ʋ,ʃən̪","व,ेशन",ʋ
92,अधिसूचना,सूचना,s̪uːt͡ʃn̪ɑː,notification,NotAppl,F,3,abstract_above,,,0,1,inanimate,Q,information,0,0,1,"स,चना,ा,सूच,ना,सू","ɑː,s̪uːt͡ʃ,s̪uː,s̪,n̪ɑː,t͡ʃn̪ɑː","चना,ा",t͡ʃn̪ɑː,ा,
93,अधीक्षक,अधीक्षक,əd̪ʰiːkʂək,superintendent,NotAppl,M,4,underived,,,0,0,animate,Z,Person,0,0,1,"षक,अध,क,्षक,अ,अधी","ʂək,k,ək,əd̪ʰ,ə,əd̪ʰiː","षक,्षक","ʂək,ək",,
94,अधीक्षण,अधीक्षण,əd̪ʰiːkʂəɳ,superintendence,NotAppl,M,4,underived,,,0,0,inanimate,Z,Action,0,0,1,"अध,अ,षण,्षण,ण,अधी","əɳ,ʂəɳ,əd̪ʰ,ə,əd̪ʰiː,ɳ",षण,"əɳ,ʂəɳ",,əɳ
95,अधीनस्थ,अधीनस्थ,əd̪ʰiːn̪əs̪t̪ʰ,subordinates,NotAppl,M,4,underived,,,0,0,inanimate,S,Relational,0,0,0,"्थ,स्थ,अध,अ,थ,अधी","s̪t̪ʰ,əs̪t̪ʰ,t̪ʰ,əd̪ʰ,ə,əd̪ʰiː",,,,
96,अध्यक्ष,अध्यक्ष,əd̪ʰjəkʂ,chairman,neutral,F,3,underived,,,0,0,animate,S,Person,0,0,1,"अध्,्ष,ष,क्ष,अध,अ","əd̪ʰj,kʂ,əkʂ,əd̪ʰ,ə,ʂ",ष,ʂ,,
97,अध्यक्ष,अध्यक्ष,əd̪ʰjəkʂ,chairman,neutral,M,4,underived,,,0,0,animate,S,Person,0,0,1,"अध्,्ष,ष,क्ष,अध,अ","əd̪ʰj,kʂ,əkʂ,əd̪ʰ,ə,ʂ",ष,ʂ,,
98,अध्यक्षता,अध्यक्ष,əd̪ʰjəkʂ,chairmanship,NotAppl,F,3,abstract8,abstract8,abstract8,0,1,inanimate,S,Place,0,0,1,"अध्,्ष,ष,क्ष,अध,अ","əd̪ʰj,kʂ,əkʂ,əd̪ʰ,ə,ʂ",ष,ʂ,,
100,अध्ययन,अध्ययन,əd̪ʰjəjən̪,study,NotAppl,M,4,underived,,,0,0,inanimate,P,Action,0,0,1,"अध्,यन,न,अध,अ,ययन","əd̪ʰj,n̪,jən̪,əd̪ʰ,ə,ən̪",,,,
101,अध्ययनकर्ता,अध्ययनकर्त,əd̪ʰjəjən̪kəɾt̪,studyer,NotAppl,M,2,underived,,,1,0,animate,Z,Person,0,0,0,"अध्,्त,र्त,त,अध,अ","əd̪ʰj,t̪,ɾt̪,əd̪ʰ,ə,əɾt̪","्त,त",t̪,"्त,त",t̪
102,अध्यादेश,अध्यादेश,əd̪ʰjɑːd̪eːʃ,ordinances,NotAppl,M,4,underived,,,0,0,inanimate,G,Communication,0,0,1,"अध्,श,ेश,देश,अध,अ","əd̪ʰj,ʃ,d̪eːʃ,eːʃ,əd̪ʰ,ə","ेश,देश","d̪eːʃ,eːʃ",,
103,अध्यापक,अध्यापक,əd̪ʰjɑːpək,teacher,NotAppl,M,4,underived,,,0,0,animate,P,Person,0,0,1,"अध्,पक,ापक,अध,क,अ","əd̪ʰj,k,ək,pək,əd̪ʰ,ə",,ək,,
104,अध्यापिका,अध्यापिक,əd̪ʰjɑːpɪk,teacher,NotAppl,F,3,underived,,,0,0,animate,P,Person,0,0,1,"अध्,पिक,िक,अध,क,अ","əd̪ʰj,k,ɪk,əd̪ʰ,ə,pɪk",,,,
105,अध्याय,अध्याय,əd̪ʰjɑːjə,chapter,NotAppl,M,4,underived,,,0,0,inanimate,Q,Part of,0,0,1,"अध्,ाय,याय,य,अध,अ","əd̪ʰj,ɑːjə,əd̪ʰ,ə,jə",य,jə,य,jə
106,अनंत,अनंत,ən̪ə̃t̪,infinite,NotAppl,M,4,underived,,,0,0,inanimate,T,Physical,0,0,1,"अन,त,अनं,ंत,नंत,अ","t̪,ə̃t̪,ən̪ə̃,ə,n̪ə̃t̪,ən̪",त,t̪,त,t̪
107,अनंतनाग,अनंतनाग,ən̪ə̃t̪n̪ɑːɡ,anantnag,NotAppl,M,4,underived,,,1,0,inanimate,Z,Physical Place,0,0,0,"ाग,अन,अनं,नाग,अ,ग","n̪ɑːɡ,ɑːɡ,ən̪ə̃,ə,ɡ,ən̪","ाग,ग",ɡ,,ɡ
108,अनदेखा,देखा,d̪eːkʰɑː,ignore,NotAppl,F,1,negation2,negation2,,0,1,inanimate,X,Qualitative,0,0,0,"द,ा,खा,दे,ेखा,देख","d̪,d̪eː,ɑː,d̪eːkʰ,kʰɑː,eːkʰɑː","ा,देख",d̪eːkʰ,ा,
109,अनदेखी,देखी,d̪eːkʰiː,overlooked,NotAppl,F,1,negation2,negation2,,0,1,inanimate,M,Qualitative,0,0,0,"द,खी,ेखी,दे,ी,देख","iː,d̪,d̪eː,d̪eːkʰ,kʰiː,eːkʰiː","ी,देख",d̪eːkʰ,ी,
110,अनहोनी,होनी,ɦoːn̪iː,untoward,NotAppl,F,1,negation2,negation2,,0,1,inanimate,G,Abstract,0,0,0,"नी,ह,होन,हो,ी,ोनी","iː,ɦoː,ɦ,n̪iː,ɦoːn̪,oːn̪iː",ी,,ी,
111,अनाज,अनाज,ən̪ɑːd͡ʒ,cereal,NotAppl,M,4,underived,,,0,0,inanimate,F,Edible,0,0,0,"अन,ाज,ज,अ,नाज,अना","ɑːd͡ʒ,d͡ʒ,ən̪ɑː,ə,ən̪,n̪ɑːd͡ʒ",,,,
112,अनापत्ति,आपत्ति,ɑːpət̪t̪ɪ,clearance,NotAppl,F,1,negation2,negation2,,0,1,inanimate,A,Abstract,0,0,0,"आ,्ति,ति,ि,आपत,आप","ɑːp,ɑː,ɪ,t̪t̪ɪ,t̪ɪ,ɑːpə","्ति,ि",,ि,
113,अनिच्छा,इच्छा,ɪt͡ʃt͡ʃʰɑː,reluctance,NotAppl,F,3,negation2,negation2,,0,1,inanimate,X,Mental State,0,0,0,"इ,ा,इच्,्छा,इच,छा","t͡ʃʰɑː,ɑː,ɪ,t͡ʃt͡ʃʰɑː,ɪt͡ʃ,ɪt͡ʃt͡ʃʰ","इ,ा,छा",t͡ʃʰɑː,ा,
114,अनियमितता,अनियमित,ən̪ɪjmɪt̪,irregularity,neutral,F,3,abstract8,abstract8,abstract8,0,1,inanimate,A,State,0,0,0,"अनि,अन,त,ित,अ,मित","mɪt̪,ɪt̪,t̪,ən̪ɪ,ə,ən̪",त,t̪,त,t̪
115,अनियमितता,अनियमित,ən̪ɪjmɪt̪,irregularity,neutral,M,2,abstract8,abstract8,abstract8,0,1,inanimate,A,State,0,0,0,"अनि,अन,त,ित,अ,मित","mɪt̪,ɪt̪,t̪,ən̪ɪ,ə,ən̪",त,t̪,त,t̪
116,अनिवार्यता,अनिवार्य,ən̪ɪʋɑːɾjə,inevitability,NotAppl,F,3,abstract8,abstract8,abstract8,0,1,inanimate,A,State,0,0,1,"अनि,्य,अन,य,र्य,अ","ən̪ɪ,ə,jə,ən̪,ɾjə","्य,य",jə,य,jə
117,अनिश्चितकाल,अनिश्चितकाल,ən̪ɪʃt͡ʃɪt̪kɑːl,indefinitely,NotAppl,M,4,underived,,,1,0,inanimate,T,Common Noun,0,0,0,"अनि,काल,अन,ाल,अ,ल","kɑːl,ən̪ɪ,ə,l,ən̪,ɑːl",काल,kɑːl,,
118,अनिश्चितता,अनिश्चित,ən̪ɪʃt͡ʃɪt̪,uncertainty,NotAppl,F,3,abstract8,abstract8,abstract8,0,1,inanimate,A,State,0,0,0,"अनि,चित,अन,त,ित,अ","ɪt̪,t̪,ən̪ɪ,ə,t͡ʃɪt̪,ən̪",त,t̪,त,t̪
119,अनुग्रह,अनुग्रह,ən̪uɡɾəɦ,grace,NotAppl,M,4,abstract_according,,,0,1,inanimate,O,Psychological Feature,0,0,1,"अन,अनु,ह,रह,अ,्रह","ən̪u,ɦ,əɦ,ə,ən̪,ɾəɦ",,,,
120,अनुदान,अनुदान,ən̪ud̪ɑːn̪,grant,NotAppl,M,4,abstract_according,,,0,1,inanimate,I,Object,0,0,1,"ान,अन,अनु,न,अ,दान","ən̪u,n̪,ɑːn̪,d̪ɑːn̪,ə,ən̪",दान,d̪ɑːn̪,,
121,अनुपलब्धता,अनुपलब्ध,ən̪upləbd̪ʰ,unavailability,NotAppl,F,3,abstract8,abstract8,abstract8,0,1,inanimate,Z,Physiological  State,0,0,0,"अन,अनु,्ध,ब्ध,ध,अ","ən̪u,əbd̪ʰ,d̪ʰ,ə,ən̪,bd̪ʰ",,,,
122,अनुपस्थिति,पस्थिति,pəs̪t̪ʰɪt̪ɪ,absence,NotAppl,F,1,abstract_according,,,0,1,inanimate,S,State,0,0,1,"प,पस,ति,ि,िति,पस्","pə,ɪ,p,t̪ɪ,ɪt̪ɪ,pəs̪",ि,,ि,
123,अनुपात,पात,pɑːt̪,ratio,NotAppl,M,4,abstract_according,,,0,1,inanimate,N,Abstract,0,0,1,"पात,प,त,ात,पा","t̪,ɑːt̪,p,pɑːt̪,pɑː","पात,त","t̪,pɑːt̪",त,t̪
124,अनुपालन,पालन,pɑːlən̪,compliance,NotAppl,M,4,abstract_according,,,0,1,inanimate,A,Action,0,0,0,"पाल,प,लन,न,ालन,पा","pɑːl,p,ən̪,n̪,pɑː,lən̪",लन,lən̪,,
125,अनुबंध,बंध,bə̃d̪ʰ,contract,NotAppl,M,4,abstract_according,,,0,1,inanimate,I,Action,0,0,1,"बं,ब,ध,ंध,बंध","ə̃d̪ʰ,d̪ʰ,b,bə̃,bə̃d̪ʰ",बंध,bə̃d̪ʰ,,
126,अनुभव,भव,bʰəʋ,experience,NotAppl,M,4,abstract_according,,,0,1,inanimate,X,Cognition,0,0,1,"व,भव,भ","bʰəʋ,əʋ,ʋ,bʰə,bʰ",व,ʋ,व,ʋ
127,अनुभूति,भूति,bʰuːt̪ɪ,feeling,NotAppl,F,1,abstract_according,,,0,1,inanimate,X,Perception,0,0,1,"ति,ि,भूत,भ,भू,ूति","bʰuːt̪,uːt̪ɪ,ɪ,t̪ɪ,bʰ,bʰuː",ि,,ि,
128,अनुमति,मति,mət̪ɪ,permission,NotAppl,F,1,abstract_according,,,0,1,inanimate,S,Perception,0,0,1,"मत,म,ति,ि,मति","mə,ət̪ɪ,mət̪,ɪ,m,t̪ɪ",ि,,ि,
129,अनुमान,मान,mɑːn̪,estimate,NotAppl,M,4,abstract_according,,,0,1,inanimate,X,Psychological Feature,0,0,1,"मा,ान,न,म,मान","ɑːn̪,mɑː,m,mɑːn̪,n̪",,,,
130,अनुमोदन,मोदन,moːd̪ən̪,approval,NotAppl,M,4,abstract_according,,,0,1,inanimate,S,Action,0,0,1,"मो,दन,न,म,मोद,ोदन","d̪ən̪,m,ən̪,moːd̪,moː,n̪",,,,
131,अनुयायी,यायी,jɑːjiː,followers,NotAppl,M,4,abstract_according,,,0,1,animate,S,Person,0,0,1,"यी,याय,य,या,ायी,ी","iː,jɑːj,j,jiː,jɑː,ɑːjiː","य,या,ी",jɑː,"य,ी",
132,अनुरोध,रोध,ɾoːd̪ʰ,demand,NotAppl,M,4,abstract_according,,,0,1,inanimate,Q,Action,0,0,1,"रोध,रो,र,ोध,ध","oːd̪ʰ,d̪ʰ,ɾ,ɾoː,ɾoːd̪ʰ","र,ोध","oːd̪ʰ,ɾ",र,ɾ
133,अनुवाद,वाद,ʋɑːd̪,translation,NotAppl,M,4,abstract_according,,,0,1,inanimate,Q,Action,0,0,1,"द,वाद,व,वा,ाद","d̪,ɑːd̪,ʋɑːd̪,ʋ,ʋɑː",व,ʋ,व,ʋ
134,अनुशंसा,शंसा,ʃə̃s̪ɑː,recommendation,NotAppl,F,3,abstract_according,,,0,1,inanimate,Q,Communication,0,0,0,"श,ा,शं,सा,शंस,ंसा","ʃ,ɑː,ə̃s̪ɑː,ʃə̃,ʃə̃s̪,s̪ɑː","ा,सा",,ा,
135,अनुशासन,शासन,ʃɑːs̪ən̪,discipline,NotAppl,M,4,abstract_according,,,0,1,inanimate,G,Psychological Feature,0,0,0,"सन,श,शा,न,ासन,शास","ʃ,ʃɑː,ən̪,s̪ən̪,n̪,ʃɑːs̪","सन,शा,ासन","ʃɑː,s̪ən̪",,
136,अनुशासनहीनता,शासनहीनता,ʃɑːs̪ən̪ɦiːn̪t̪ɑː,indiscipline,NotAppl,F,3,abstract_according,,,0,1,inanimate,A,State,0,0,0,"नता,श,ा,शा,ता,शास","ʃ,n̪t̪ɑː,ɑː,ʃɑː,t̪ɑː,ʃɑːs̪","नता,ा,शा",ʃɑː,ा,
137,अनुसंधान,संधान,s̪ə̃d̪ʰɑːn̪,research,NotAppl,M,4,abstract_according,,,0,1,inanimate,X,Physical,0,0,1,"ान,स,संध,धान,सं,न","s̪ə̃d̪ʰ,ɑːn̪,d̪ʰɑːn̪,s̪ə̃,s̪,n̪",,,,
138,अनुसूचित,सूचित,s̪uːt͡ʃɪt̪,scheduled,NotAppl,M,4,abstract_according,,,0,1,inanimate,X,Stative,0,0,1,"स,चित,सूच,त,ित,सू","ɪt̪,t̪,s̪uːt͡ʃ,s̪uː,s̪,t͡ʃɪt̪",त,t̪,त,t̪
139,अनुसूची,सूची,s̪uːt͡ʃiː,schedule,NotAppl,F,1,abstract_according,,,0,1,inanimate,X,Artifact,0,0,1,"स,ूची,ची,सूच,सू,ी","iː,uːt͡ʃiː,s̪uːt͡ʃ,t͡ʃiː,s̪uː,s̪",ी,,ी,
140,अनेकता,अनेक,ən̪eːk,multiplicity,NotAppl,F,3,abstract8,abstract8,abstract8,0,1,inanimate,N,State,0,0,1,"अन,ेक,अने,क,अ,नेक","k,ən̪eː,eːk,ə,ən̪,n̪eːk",,eːk,,
141,अन्न,अन्न,ən̪n̪,food,NotAppl,M,4,underived,,,0,0,inanimate,F,Edible,0,0,1,"अन,अ,न्न,न,अन्,्न","n̪,n̪n̪,ən̪,ə,ən̪n̪",,,,
142,अन्य,अन्य,ən̪jə,other,NotAppl,M,0,underived,,,0,0,animate,A,Person,0,0,1,"्य,अन,अ,य,न्य,अन्","ə,ən̪j,jə,ən̪,n̪jə","्य,य",jə,य,jə
143,अन्योन्यता,अन्योन्य,ən̪joːn̪jə,reciprocity,NotAppl,F,3,abstract8,abstract8,abstract8,0,1,inanimate,Z,Abstract,0,0,0,"्य,अन,अ,य,न्य,अन्","ə,ən̪j,jə,ən̪,n̪jə","्य,य",jə,य,jə
144,अप,अप,əp,up,NotAppl,M,0,underived,,,0,0,inanimate,M,Abstract,1,0,0,"अप,प,अ","p,ə,əp",,,,
145,अपग्रेडिंग,अपग्रेडिंग,əpəɡɾeːɖɪ̃ɡ,upgrading,NotAppl,F,0,underived,,,0,0,inanimate,A,Action,1,0,0,"अप,िंग,ंग,अ,ग,अपग","ɖɪ̃ɡ,əp,ɪ̃ɡ,ə,ɡ,əpə","िंग,ंग,ग","ɖɪ̃ɡ,ɪ̃ɡ,ɡ","िंग,ंग","ɪ̃ɡ,ɡ"
146,अपमान,मान,mɑːn̪,insult,NotAppl,M,4,abstract_away,abstract_away,,0,1,inanimate,Q,Anti-social,0,0,1,"मा,ान,न,म,मान","ɑːn̪,mɑː,m,mɑːn̪,n̪",,,,
147,अपराध,राध,ɾɑːd̪ʰ,crime,NotAppl,M,4,abstract_away,abstract_away,,0,1,inanimate,G,Anti-social,0,0,1,"र,ध,राध,ाध,रा","ɾɑː,ɾɑːd̪ʰ,d̪ʰ,ɾ,ɑːd̪ʰ",र,ɾ,र,ɾ
148,अपराधी,राधी,ɾɑːd̪ʰiː,criminal,NotAppl,M,4,abstract_away,abstract_away,,0,1,animate,G,Person,0,0,1,"धी,र,ाधी,राध,ी,रा","iː,d̪ʰiː,ɑːd̪ʰiː,ɾɑː,ɾɑːd̪ʰ,ɾ","र,ी",ɾ,"र,ी",ɾ
149,अपराधीकरण,राधीकरण,ɾɑːd̪ʰiːkɾəɳ,criminalization,NotAppl,M,4,abstract_away,abstract_away,,0,1,inanimate,Z,Abstract,0,0,0,"करण,रण,र,राध,रा,ण","əɳ,ɾɑː,ɾɑːd̪ʰ,ɾ,ɾəɳ,ɳ","रण,र","əɳ,ɾ,ɾəɳ",र,"əɳ,ɾ,ɾəɳ"
151,अपराह्न,राह्न,ɾɑːɦn̪,afternoon,NotAppl,M,4,abstract_away,abstract_away,,0,1,inanimate,T,Time,0,0,1,"ह्न,र,राह,न,्न,रा","ɾɑː,ɾ,ɑːɦn̪,ɾɑːɦ,ɦn̪,n̪",र,ɾ,र,ɾ
152,अपवंचक,अपवंच,əpʋə̃t͡ʃ,evader,NotAppl,M,4,agentive1,agentive1,agentive1,0,1,inanimate,Z,Abstract,0,0,0,"ंच,अप,अ,च,वंच,अपव","t͡ʃ,ʋə̃t͡ʃ,ə̃t͡ʃ,əp,ə,əpʋ",,,,
153,अपवाद,वाद,ʋɑːd̪,exception,NotAppl,M,4,abstract_away,abstract_away,,0,1,inanimate,A,property,0,0,1,"द,वाद,व,वा,ाद","d̪,ɑːd̪,ʋɑːd̪,ʋ,ʋɑː",व,ʋ,व,ʋ
154,अपशब्द,शब्द,ʃəbd̪,abusive words,NotAppl,M,4,abstract_away,abstract_away,,0,1,inanimate,E,Communication,0,0,1,"द,्द,श,ब्द,शब,शब्","d̪,ʃ,ʃəb,ʃə,əbd̪,bd̪",,,,
155,अपहरण,हरण,ɦəɾəɳ,kidnapping,NotAppl,M,0,abstract_away,abstract_away,,0,1,inanimate,G,Anti-social,0,0,1,"रण,हर,ह,हरण,ण","ɦəɾ,əɳ,ɦ,ɾəɳ,ɦə,ɳ",रण,"əɳ,ɾəɳ",,"əɳ,ɾəɳ"
156,अपहरणकर्ता,अपहरण,əpəɦɾəɳ,the kidnappers,NotAppl,M,4,agentive_doer_formal,,,0,1,animate,Z,Person,0,0,0,"रण,अप,अ,अपह,हरण,ण","əɳ,əp,ɾəɳ,ə,əpə,ɳ",रण,"əɳ,ɾəɳ",,"əɳ,ɾəɳ"
157,अपहर्ता,अपहर्,əpɦəɾ,hijacker,NotAppl,M,4,abstract8,abstract8,abstract8,0,1,animate,G,Person,0,0,0,"अप,र्,अ,हर्,अपह,्","ɦəɾ,əp,ɾ,əpɦ,ə,əɾ",,"ɾ,əɾ",,"ɾ,əɾ"
158,अपारदर्शिता,अपारदर्शि,əpɑːɾd̪əɾʃɪ,opacity,NotAppl,F,3,abstract8,abstract8,abstract8,0,1,inanimate,O,physical State,0,0,0,"अप,अपा,्शि,ि,शि,अ","ɾʃɪ,ɪ,əpɑː,əp,ə,ʃɪ",ि,,ि,
159,अपील,अपील,əpiːl,appeal,NotAppl,F,3,underived,,,0,0,inanimate,Q,Action,1,0,0,"अप,ील,पील,अपी,अ,ल","iːl,əp,piːl,ə,l,əpiː",ील,iːl,,
160,अपेक्षा,अपेक्ष,əpeːkʂ,expectation,NotAppl,F,3,underived,,,0,0,inanimate,X,Psychological Feature,0,0,1,"्ष,अप,ष,क्ष,अपे,अ","əpeː,eːkʂ,kʂ,əp,ə,ʂ",ष,ʂ,,
161,अप्लाइंस,अप्लाइंस,əplɑːɪ̃s̪,appliances,NotAppl,M,5,underived,,,0,0,inanimate,O,Abstract,1,0,0,"स,इंस,ंस,अप,अप्,अ","ɑːɪ̃s̪,əpl,əp,s̪,ə,ɪ̃s̪",,,,
162,अफगानिस्तानी,अफगानिस्तान,əpʰɡɑːn̪ɪs̪t̪ɑːn̪,afghanistan,NotAppl,M,4,underived,,,0,0,inanimate,Z,Common Noun,1,0,0,"ान,तान,न,अफग,अ,अफ","t̪ɑːn̪,ɑːn̪,əpʰ,əpʰɡ,ə,n̪",,,,
163,अफजाई,अफजा,əpʰd͡ʒɑː,afzai,NotAppl,F,1,underived,,,0,0,inanimate,Z,Abstract,1,0,0,"ा,जा,फजा,अ,अफ,अफज","ɑː,d͡ʒɑː,əpʰ,ə,əpʰd͡ʒ,pʰd͡ʒɑː",ा,,ा,
164,अफरा,अफर,əpʰəɾ,chaos,NotAppl,F,3,underived,,,0,0,inanimate,A,Disease,0,0,0,"अफर,र,अ,फर,अफ","əpʰə,əpʰ,ɾ,ə,pʰəɾ,əɾ",र,"ɾ,əɾ",र,"ɾ,əɾ"
165,अफवाह,अफवाह,əpʰʋɑːɦ,rumor,NotAppl,F,4,underived,,,0,0,inanimate,Z,Communication,0,0,0,"ाह,ह,अ,वाह,अफ,अफव","ʋɑːɦ,ɑːɦ,ɦ,əpʰ,ə,əpʰʋ",ाह,ɑːɦ,,
166,अफसर,अफसर,əpʰs̪əɾ,officer,NotAppl,M,4,underived,,,0,0,animate,G,Person,1,0,0,"र,सर,फसर,अ,अफ,अफस","əpʰ,ɾ,ə,əɾ,s̪əɾ,əpʰs̪",र,"ɾ,əɾ",र,"ɾ,əɾ"
167,अफसोस,अफसोस,əpʰs̪oːs̪,alas,NotAppl,M,4,underived,,,0,0,inanimate,E,Mental State,0,0,0,"स,ोस,सोस,अ,अफ,अफस","əpʰ,s̪oːs̪,s̪,ə,oːs̪,əpʰs̪",,,,
168,अफ़ग़ानी,अफ़ग़ान,əfɣɑːn̪,afghani,NotAppl,M,4,underived,,,0,0,animate,Z,Person,1,0,0,"ान,अफ़,़ान,न,अ,अफ","ɑːn̪,ɣɑːn̪,əfɣ,ə,n̪,əf",,,,
169,अफ़ज़ाई,अफ़ज़ा,əfzɑː,afzai,NotAppl,F,1,underived,,,0,0,inanimate,Z,Physical State,0,0,0,"़ा,अफ़,ज़ा,ा,अ,अफ","ɑː,fzɑː,zɑː,ə,əf,əfz","़ा,ा",,ा,
170,अफेयर्स,अफेयर्स,əpʰeːjəɾs̪,affairs,neutral,F,5,underived,,,0,0,inanimate,A,Common Noun,1,0,0,"स,र्स,अफे,्स,अ,अफ","əpʰ,s̪,ə,əpʰeː,əɾs̪,ɾs̪",,,,
171,अफेयर्स,अफेयर्स,əpʰeːjəɾs̪,affairs,neutral,M,5,underived,,,0,0,inanimate,A,Common Noun,1,0,0,"स,र्स,अफे,्स,अ,अफ","əpʰ,s̪,ə,əpʰeː,əɾs̪,ɾs̪",,,,
172,अबला,अबल,əbəl,weak,NotAppl,F,3,underived,,,0,0,animate,S,Person,0,0,1,"अबल,बल,अब,अ,ल","əl,əb,bəl,ə,l,əbə",,əl,,
173,अभद्रता,अभद्र,əbʰd̪ɾə,indecency,NotAppl,F,3,abstract8,abstract8,abstract8,0,1,inanimate,S,Quality,0,0,0,"र,्र,अभद,अ,द्र,अभ","ɾə,d̪ɾə,ə,əbʰ,əbʰd̪",र,,र,
174,अभाव,भाव,bʰɑːʋ,lack,NotAppl,M,4,negation1,,,0,1,inanimate,A,State,0,0,1,"व,ाव,भाव,भ,भा","ʋ,ɑːʋ,bʰ,bʰɑːʋ,bʰɑː","व,ाव",ʋ,"व,ाव",ʋ
175,अभिकरण,अभिकर,əbʰɪkəɾ,agency,NotAppl,M,4,abstract7,abstract7,abstract7,0,1,inanimate,I,Physical Place,0,0,1,"कर,र,िकर,अ,अभि,अभ","ɾ,əbʰɪ,ə,kəɾ,əɾ,əbʰ","कर,र","ɾ,kəɾ,əɾ","कर,र","ɾ,kəɾ,əɾ"
176,अभिनंदन,अभिनंदन,əbʰɪn̪ə̃d̪ən̪,congratulations,NotAppl,M,4,underived,,,0,0,inanimate,Q,Psychological Feature,0,0,1,"दन,न,अ,ंदन,अभि,अभ","n̪,d̪ən̪,ə,əbʰɪ,əbʰ,ən̪",,,,
177,अभिनय,अभिनय,əbʰɪn̪jə,acting,NotAppl,M,4,underived,,,0,0,inanimate,A,Physical,0,0,1,"िनय,नय,य,अ,अभि,अभ","jə,ə,əbʰɪ,əbʰ,n̪jə",य,jə,य,jə
178,अभिनेता,अभिने,əbʰɪn̪eː,actor,NotAppl,M,4,abstract8,abstract8,abstract8,0,1,animate,K,Person,0,0,1,"ने,े,िने,अ,अभि,अभ","ɪn̪eː,n̪eː,eː,ə,əbʰɪ,əbʰ",,eː,,
179,अभिनेत्री,अभिने,əbʰɪn̪eː,actress,NotAppl,F,1,female_agent,,,0,1,animate,K,Person,0,0,1,"ने,े,िने,अ,अभि,अभ","ɪn̪eː,n̪eː,eː,ə,əbʰɪ,əbʰ",,eː,,
180,अभिभावक,अभिभाव,əbʰɪbʰɑːʋ,guardian,NotAppl,M,4,agentive1,agentive1,agentive1,0,1,animate,S,Person,0,0,1,"व,ाव,भाव,अ,अभि,अभ","ʋ,ə,ɑːʋ,əbʰɪ,əbʰ,bʰɑːʋ","व,ाव",ʋ,"व,ाव",ʋ
181,अभिभाषण,अभिभाष,əbʰɪbʰɑːʂ,address,NotAppl,M,4,abstract7,abstract7,abstract7,0,1,inanimate,H,Communication,0,0,1,"ष,ाष,अ,अभि,अभ,भाष","əbʰ,ɑːʂ,ə,əbʰɪ,ʂ,bʰɑːʂ",ष,ʂ,,
182,अभियंता,अभियं,əbʰɪjə̃,engineer,NotAppl,M,4,abstract8,abstract8,abstract8,0,1,animate,Y,Person,0,0,1,"यं,ियं,ं,अ,अभि,अभ","jə̃,ɪjə̃,ə̃,ə,əbʰɪ,əbʰ",,ə̃,,ə̃
183,अभियान,यान,jɑːn̪,campaign,NotAppl,M,4,abstract_towards,,,0,1,inanimate,X,Action,0,0,1,"ान,यान,य,न,या","jɑːn̪,ɑːn̪,j,jɑː,n̪","य,या",jɑː,य,
184,अभियुक्त,युक्त,jukt̪,accused,NotAppl,M,4,abstract_towards,,,0,1,animate,Q,Person,0,0,1,"्त,युक,यु,त,य,क्त","t̪,j,kt̪,ukt̪,ju,juk","्त,त,य",t̪,"्त,त,य",t̪
185,अभियोग,योग,joːɡ,indictment,NotAppl,M,4,abstract_towards,,,0,1,inanimate,Q,Action,0,0,1,"ोग,य,ग,योग,यो","oːɡ,joː,j,joːɡ,ɡ","ोग,य,ग,योग","oːɡ,joːɡ,ɡ",य,ɡ
186,अभियोजक,अभियोज,əbʰɪjoːd͡ʒ,prosecutor,NotAppl,M,4,agentive1,agentive1,agentive1,0,1,animate,G,Person,0,0,0,"योज,ोज,ज,अ,अभि,अभ","oːd͡ʒ,d͡ʒ,ə,əbʰɪ,əbʰ,joːd͡ʒ",,,,
187,अभियोजन,योजन,joːd͡ʒən̪,prosecution,NotAppl,M,4,abstract_towards,,,0,1,inanimate,G,Artifact,0,0,1,"ोजन,योज,य,न,जन,यो","joː,j,ən̪,d͡ʒən̪,n̪,joːd͡ʒ",य,,य,
188,अभिवादन,वादन,ʋɑːd̪ən̪,greetings,NotAppl,M,4,abstract_towards,,,0,1,inanimate,Q,Physical,0,0,1,"वाद,व,दन,वा,ादन,न","n̪,ʋɑːd̪,d̪ən̪,ʋ,ʋɑː,ən̪",व,ʋ,व,ʋ
189,अभिव्यक्ति,व्यक्ति,ʋjəkt̪ɪ,expression,NotAppl,F,1,abstract_towards,,,0,1,inanimate,Q,Physical,0,0,1,"व,्ति,ति,ि,व्,व्य","kt̪ɪ,ɪ,ʋ,ʋjə,t̪ɪ,ʋj","व,्ति,ि",ʋ,"व,ि",ʋ
190,अभिषेक,षेक,ʂeːk,coronation,NotAppl,M,4,abstract_towards,,,0,1,inanimate,S,Physical,0,0,1,"ेक,ष,षे,क,षेक","k,eːk,ʂeːk,ʂeː,ʂ",ष,"eːk,ʂ",,
191,अभ्यास,अभ्यास,əbʰjɑːs̪,practice,NotAppl,M,4,underived,,,0,0,inanimate,A,Physical,0,0,1,"स,अभ्,यास,ास,अ,अभ","ɑːs̪,əbʰj,ə,s̪,jɑːs̪,əbʰ",ास,,,
192,अमन,अमन,əmən̪,peace,NotAppl,M,4,underived,,,0,0,inanimate,E,State,0,1,0,"मन,न,अम,अमन,अ","əm,ən̪,mən̪,ə,əmə,n̪",मन,mən̪,,
193,अमरीकी,अमरीक,əmɾiːk,american,NotAppl,M,4,underived,,,0,0,animate,Z,Person,1,0,0,"अमर,अम,क,रीक,अ,ीक","ɾiːk,əm,k,ə,əmɾ,iːk",,,,
194,अमल,अमल,əməl,implementation,NotAppl,M,4,underived,,,0,0,inanimate,A,Action,0,0,1,"अम,मल,अ,ल,अमल","məl,əm,əl,ə,l,əmə",,əl,,
195,अमला,अमल,əməl,amla,NotAppl,M,2,underived,,,0,0,animate,Z,Mythological Character,0,1,0,"अम,मल,अ,ल,अमल","məl,əm,əl,ə,l,əmə",,əl,,
196,अमलीजामा,अमलीजाम,əmliːd͡ʒɑːm,implementation,NotAppl,M,2,underived,,,1,0,inanimate,A,Abstract,0,0,0,"जाम,म,अम,अ,ाम,अमल","əm,m,d͡ʒɑːm,əml,ə,ɑːm",,,,
197,अमानत,अमानत,əmɑːn̪ət̪,trust,NotAppl,F,3,underived,,,0,0,inanimate,E,Anti-social,0,1,0,"त,अम,नत,ानत,अ,अमा","əm,t̪,ət̪,n̪ət̪,ə,əmɑː","त,नत,ानत","t̪,n̪ət̪",त,t̪
198,अमावस्या,अमावस्य,əmɑːʋs̪jə,new moon,NotAppl,F,0,underived,,,0,0,inanimate,T,Period,0,0,0,"्य,स्य,य,अम,अ,अमा","əm,s̪jə,ə,jə,əmɑː","्य,य",jə,य,jə
199,अमीर,अमीर,əmiːɾ,rich,NotAppl,M,4,underived,,,0,0,animate,I,Person,0,1,0,"ीर,र,मीर,अम,अमी,अ","əm,əmiː,ɾ,iːɾ,ə,miːɾ",र,ɾ,र,ɾ
200,अमृत,अमृत,əmɾɨt̪,nectar,NotAppl,M,4,underived,,,0,0,inanimate,L,Imaginary,0,0,1,"ृत,त,अमृ,अम,मृत,अ","əm,t̪,ɨt̪,ə,əmɾ,ɾɨt̪","ृत,त","t̪,ɨt̪,ɾɨt̪",त,t̪
201,अमेरिकी,अमेरिक,əmeːɾɪk,american,NotAppl,M,4,underived,,,0,0,animate,Z,Person,1,0,0,"अमे,रिक,अम,िक,क,अ","əm,k,ɪk,ɾɪk,əmeː,ə",,,,
202,अम्मा,अम्म,əmm,mother,NotAppl,F,3,underived,,,0,0,animate,S,Person,0,0,0,"अम्,म,अम,म्म,अ,्म","əm,mm,m,ə,əmm",,,,
203,अम्मी,अम्म,əmm,mother,NotAppl,F,1,underived,,,0,0,animate,S,Social,0,0,0,"अम्,म,अम,म्म,अ,्म","əm,mm,m,ə,əmm",,,,
204,अयस्क,अयस्क,əjəs̪k,ore,NotAppl,M,4,underived,,,0,0,inanimate,O,Natural Object,0,0,1,"स्क,्क,अयस,अय,क,अ","əs̪k,k,əj,s̪k,əjə,ə",,əjə,,
205,अयोग्यता,अयोग्य,əjoːɡjə,disqualification,NotAppl,F,3,abstract8,abstract8,abstract8,0,1,inanimate,A,State,0,0,1,"्य,य,अयो,अय,ग्य,अ","əjoː,ɡjə,əj,ə,jə","्य,य",jə,य,jə
206,अरब,अरब,əɾəb,arab,NotAppl,M,4,underived,,,0,0,inanimate,Z,Group,0,1,0,"अ,अरब,रब,ब,अर","ɾəb,əɾə,b,əb,ə,əɾ",,əɾ,,əɾ
207,अरबी,अरब,əɾəb,arabic,NotAppl,M,4,underived,,,0,0,animate,Z,Person,0,1,0,"अ,अरब,रब,ब,अर","ɾəb,əɾə,b,əb,ə,əɾ",,əɾ,,əɾ
208,अरहर,अरहर,əɾɦəɾ,pigeon pea,NotAppl,F,3,underived,,,0,0,inanimate,L,Edible,0,0,0,"हर,र,अ,अरह,रहर,अर","ɦəɾ,ɾ,əɾɦ,ə,əɾ",र,"ɾ,əɾ",र,"ɾ,əɾ"
209,अराजकता,अराजक,əɾɑːd͡ʒək,anarchy,NotAppl,F,3,underived,,,0,0,inanimate,G,State,0,0,1,"अ,जक,क,अर,अरा,ाजक","k,əɾɑː,ək,d͡ʒək,ə,əɾ",,"ək,əɾ",,əɾ
210,अर्चन,अर्चन,əɾt͡ʃən̪,archaon,NotAppl,M,4,underived,,,0,0,inanimate,Z,Social,0,0,1,"्चन,अ,अर्,न,अर,चन","n̪,əɾt͡ʃ,t͡ʃən̪,ə,əɾ,ən̪",,əɾ,,əɾ
211,अर्चना,अर्चन,əɾt͡ʃən̪,archana,NotAppl,F,3,underived,,,0,0,inanimate,Z,Social,0,0,1,"्चन,अ,अर्,न,अर,चन","n̪,əɾt͡ʃ,t͡ʃən̪,ə,əɾ,ən̪",,əɾ,,əɾ
212,अर्जी,अर्ज,əɾd͡ʒ,application,NotAppl,F,1,underived,,,0,0,inanimate,Q,Artifact,0,0,0,"र्ज,अ,अर्,ज,अर,्ज","d͡ʒ,ə,ɾd͡ʒ,əɾ,əɾd͡ʒ",,əɾ,,əɾ
213,अर्थ,अर्थ,əɾt̪ʰ,meaning,neutral,F,3,underived,,,0,0,inanimate,Q,Psychological Feature,0,0,1,"र्थ,्थ,अ,अर्,अर,थ","t̪ʰ,əɾt̪ʰ,ə,əɾ,ɾt̪ʰ",,əɾ,,əɾ
214,अर्थ,अर्थ,əɾt̪ʰ,meaning,neutral,M,4,underived,,,0,0,inanimate,Q,Psychological Feature,0,0,1,"र्थ,्थ,अ,अर्,अर,थ","t̪ʰ,əɾt̪ʰ,ə,əɾ,ɾt̪ʰ",,əɾ,,əɾ
215,अर्थव्यवस्था,अर्थव्यवस्थ,əɾt̪ʰəʋjəʋəs̪t̪ʰ,economy,NotAppl,F,3,underived,,,1,0,inanimate,I,Action,0,0,0,"्थ,अ,अर्,स्थ,अर,थ","s̪t̪ʰ,əs̪t̪ʰ,t̪ʰ,əɾt̪ʰ,ə,əɾ",,əɾ,,əɾ
216,अर्थशास्त्री,अर्थशास्त्र,əɾt̪ʰəʃɑːs̪t̪ɾ,economist,NotAppl,M,4,underived,,,1,0,animate,I,Person,0,0,0,"र,अ,अर्,्र,त्र,अर","t̪ɾ,əɾt̪ʰ,ɾ,ə,əɾ,s̪t̪ɾ",र,"ɾ,əɾ",र,"ɾ,əɾ"
217,अर्थसाइन,अर्थसाइन,əɾt̪ʰəs̪ɑːɪn̪,earthsign,NotAppl,M,4,underived,,,1,0,inanimate,Z,Abstract,0,0,0,"अ,ाइन,अर्,न,इन,अर","əɾt̪ʰ,ɑːɪn̪,ɪn̪,ə,əɾ,n̪",,əɾ,,əɾ
218,अर्द्धसैनिक,अर्द्धसैनिक,əɾd̪d̪ʰəs̪əɪn̪ɪk,paramilitary,NotAppl,M,4,underived,,,1,0,inanimate,G,Relational,0,0,0,"निक,अ,अर्,िक,क,अर","k,ɪk,n̪ɪk,əɾd̪,ə,əɾ",,əɾ,,əɾ
219,अर्धशतक,अर्धशत,əɾd̪ʰəʃət̪,half century,NotAppl,M,4,agentive1,agentive1,agentive1,0,1,inanimate,T,property,0,0,0,"अ,धशत,अर्,त,शत,अर","ʃət̪,t̪,əɾd̪ʰ,ət̪,ə,əɾ",त,"t̪,əɾ",त,"t̪,əɾ"
220,अर्सा,अर्स,əɾs̪,arsa,NotAppl,M,2,underived,,,0,0,inanimate,Z,Period,0,0,0,"स,र्स,अ,अर्,्स,अर","s̪,əɾs̪,ə,əɾ,ɾs̪",,əɾ,,əɾ
221,अर्हता,अर्ह,əɾɦ,qualification,NotAppl,F,3,underived,,,0,0,inanimate,P,Quality,0,0,1,"्ह,ह,अ,अर्,र्ह,अर","ɦ,əɾɦ,ɾɦ,ə,əɾ",,əɾ,,əɾ
222,अलंकरण,अलंकर,ələ̃kəɾ,embellishments,NotAppl,M,4,abstract7,abstract7,abstract7,0,1,inanimate,O,Physical,0,0,1,"कर,र,अल,ंकर,अ,अलं","əl,ɾ,ə,kəɾ,əɾ,ələ̃","कर,र","əl,ɾ,kəɾ,əɾ","कर,र","ɾ,kəɾ,əɾ"
223,अलगाव,अलगाव,əlɡɑːʋ,isolation,NotAppl,M,4,underived,,,0,0,inanimate,A,State,0,0,0,"व,ाव,गाव,अल,अ,अलग","ʋ,əl,ɡɑːʋ,ə,ɑːʋ,əlɡ","व,ाव","ʋ,əl","व,ाव",ʋ
224,अलगाववाद,अलगाववाद,əlɡɑːʋʋɑːd̪,separatism,NotAppl,M,4,underived,,,1,0,inanimate,G,Abstract,0,0,0,"द,वाद,अल,ाद,अ,अलग","d̪,ɑːd̪,ʋɑːd̪,əl,ə,əlɡ",,əl,,
225,अलगाववादी,अलगाववाद,əlɡɑːʋʋɑːd̪,separatist,NotAppl,M,4,underived,,,1,0,inanimate,G,Qualitative,0,0,0,"द,वाद,अल,ाद,अ,अलग","d̪,ɑːd̪,ʋɑːd̪,əl,ə,əlɡ",,əl,,
226,अलगावादी,अलगावाद,əlɡɑːʋɑːd̪,separatist,NotAppl,M,4,underived,,,1,0,animate,G,Anti-social,0,0,0,"द,वाद,अल,ाद,अ,अलग","d̪,ɑːd̪,ʋɑːd̪,əl,ə,əlɡ",,əl,,
227,अलमारी,अलमार,əlmɑːɾ,wardrobe,NotAppl,F,1,underived,,,0,0,inanimate,H,Artifact,0,0,0,"र,ार,अल,अलम,मार,अ","mɑːɾ,əl,ɾ,əlm,ə,ɑːɾ","र,ार,मार","mɑːɾ,əl,ɾ,ɑːɾ",र,ɾ
228,अलर्ट,अलर्ट,ələɾʈ,alert,NotAppl,M,4,underived,,,0,0,inanimate,X,Communication,1,0,0,"ट,अलर,र्ट,अल,्ट,अ","ələ,əɾʈ,ʈ,əl,ɾʈ,ə",,əl,,
229,अलॉय,अलॉय,əlɔjə,alloy,NotAppl,M,5,underived,,,0,0,inanimate,O,Common Noun,1,0,0,"ॉय,अलॉ,अल,य,अ,लॉय","əlɔ,əl,ə,jə,ɔjə",य,"əl,jə",य,jə
230,अल्पसंख्यक,अल्पसंख्य,əlpəs̪ə̃kʰjə,minority,NotAppl,M,4,agentive1,agentive1,agentive1,0,1,inanimate,N,Group,0,0,0,"्य,अल,य,ख्य,अ,अल्","kʰjə,əl,ə,jə,əlp","्य,य","əl,jə",य,jə
231,अल्पसंख्या,अल्पसंख्य,əlpəs̪ə̃kʰjə,minority,NotAppl,F,3,underived,,,1,0,inanimate,N,Common Noun,0,0,0,"्य,अल,य,ख्य,अ,अल्","kʰjə,əl,ə,jə,əlp","्य,य","əl,jə",य,jə
232,अल्फाज़,अल्फाज़,əlpʰɑːz,alphas,NotAppl,M,4,underived,,,0,0,inanimate,W,Abstract,0,0,0,"ाज़,़,अल,अ,ज़,अल्","ɑːz,əl,pʰɑːz,ə,əlpʰ,z",़,əl,़,
233,अल्लाह,अल्लाह,əllɑːɦ,allah,NotAppl,M,0,underived,,,0,0,inanimate,Z,concept,0,1,0,"ाह,ह,अल,अ,लाह,अल्","əll,ɑːɦ,ɦ,lɑːɦ,əl,ə",ाह,"ɑːɦ,əl",,
234,अवकाश,काश,kɑːʃ,holiday,NotAppl,M,4,abstract_descent,,,0,1,inanimate,K,Period,0,0,1,"श,का,क,ाश,काश","k,kɑː,ʃ,kɑːʃ,ɑːʃ",,,,
235,अवधारणा,अवधार,əʋd̪ʰɑːɾ,concept,NotAppl,F,3,process_verb,,,0,1,inanimate,X,concept,0,0,1,"अव,धार,र,ार,अ,अवध","d̪ʰɑːɾ,əʋ,əʋd̪ʰ,ɾ,ɑːɾ,ə","र,ार","ɾ,ɑːɾ",र,ɾ
236,अवधि,धि,d̪ʰɪ,duration,neutral,F,1,abstract_descent,,,0,1,inanimate,T,Period,0,0,1,"धि,ि,ध","ɪ,d̪ʰɪ,d̪ʰ",ि,,ि,
237,अवधि,धि,d̪ʰɪ,duration,neutral,M,4,abstract_descent,,,0,1,inanimate,T,Period,0,0,1,"धि,ि,ध","ɪ,d̪ʰɪ,d̪ʰ",ि,,ि,
238,अवनति,नति,n̪ət̪ɪ,decadence,NotAppl,F,1,abstract_descent,,,0,1,inanimate,A,Action,0,0,0,"न,नत,नति,ि,ति","ət̪ɪ,n̪ə,ɪ,n̪ət̪,t̪ɪ,n̪","नत,ि",n̪ət̪,ि,
239,अवमानना,अवमान,əʋmɑːn̪,contempt,NotAppl,F,3,verbal_noun2,verbal_noun2,,0,1,inanimate,S,Anti-social,0,0,0,"ान,अव,न,अ,मान,अवम","ɑːn̪,əʋ,əʋm,ə,mɑːn̪,n̪",,,,
240,अवरोध,रोध,ɾoːd̪ʰ,obstructions,NotAppl,M,4,abstract_descent,,,0,1,inanimate,A,Action,0,0,1,"रोध,रो,र,ोध,ध","oːd̪ʰ,d̪ʰ,ɾ,ɾoː,ɾoːd̪ʰ","र,ोध","oːd̪ʰ,ɾ",र,ɾ
241,अवलोकलन,अवलोकलन,əʋloːklən̪,observation,NotAppl,M,4,underived,,,1,0,inanimate,X,Abstract,0,0,0,"अव,अवल,लन,न,अ,कलन","əʋ,ən̪,əʋl,ə,n̪,lən̪",लन,lən̪,,
242,अवशिष्ट,शिष्ट,ʃɪʂʈ,residual,NotAppl,M,4,abstract_descent,,,0,1,inanimate,N,Stative,0,0,1,"ट,श,शिष,ष्ट,्ट,शि","ɪʂʈ,ʃ,ʃɪ,ʈ,ʃɪʂ,ʂʈ",,,,
243,अवशेष,शेष,ʃeːʂ,remains,NotAppl,M,4,abstract_descent,,,0,1,inanimate,T,Object,0,0,1,"श,ष,शेष,ेष,शे","eːʂ,ʃ,ʃeː,ʃeːʂ,ʂ",ष,ʂ,,
244,अवसर,सर,s̪əɾ,opportunity,NotAppl,M,4,abstract_descent,,,0,1,inanimate,A,Period,0,0,1,"स,सर,र","s̪ə,ɾ,s̪,əɾ,s̪əɾ",र,"ɾ,əɾ",र,"ɾ,əɾ"
245,अवसाद,साद,s̪ɑːd̪,depression,NotAppl,M,4,abstract_descent,,,0,1,inanimate,E,Mental State,0,0,0,"द,स,सा,ाद,साद","d̪,ɑːd̪,s̪,s̪ɑːd̪,s̪ɑː",सा,,,
246,अवस्था,स्था,s̪t̪ʰɑː,stage,NotAppl,F,3,abstract_descent,,,0,1,inanimate,T,State,0,0,1,"स,ा,था,स्थ,स्,्था","t̪ʰɑː,s̪t̪ʰ,ɑː,s̪,s̪t̪ʰɑː",ा,,ा,
247,अवहेलना,अवहेल,əʋɦeːl,disregard,NotAppl,F,3,verbal_noun2,verbal_noun2,,0,1,inanimate,X,Anti-social,0,0,1,"ेल,अव,हेल,अ,ल,अवह","ɦeːl,əʋ,əʋɦ,ə,l,eːl",,,,
248,अवाम,अवाम,əʋɑːm,public,neutral,F,3,underived,,,0,0,inanimate,S,Group,0,1,0,"अव,वाम,म,अ,अवा,ाम","əʋ,m,ʋɑːm,əʋɑː,ə,ɑːm",,,,
249,अवाम,अवाम,əʋɑːm,public,neutral,M,4,underived,,,0,0,inanimate,S,Group,0,1,0,"अव,वाम,म,अ,अवा,ाम","əʋ,m,ʋɑːm,əʋɑː,ə,ɑːm",,,,
250,अवार्ड,अवार्ड,əʋɑːɾɖ,awards,NotAppl,M,4,underived,,,0,0,inanimate,A,Title,1,0,0,"अव,ड,र्ड,्ड,अ,अवा","ɑːɾɖ,ɾɖ,əʋ,ɖ,əʋɑː,ə",र्ड,"ɑːɾɖ,ɾɖ",,
251,अविश्वास,विश्वास,ʋɪʃʋɑːs̪,distrust,NotAppl,M,4,negation1,,,0,1,inanimate,X,Psychological Feature,0,0,1,"विश,स,व,वास,ास,वि","ʋɪ,ʋɪʃ,ɑːs̪,ʋɑːs̪,ʋ,s̪","व,ास",ʋ,व,ʋ
252,अशान्ति,शान्ति,ʃɑːn̪t̪ɪ,unrest,NotAppl,F,1,negation1,,,0,1,inanimate,E,Mental State,0,0,0,"श,शा,्ति,ति,ि,शान","ʃ,ɪ,ʃɑː,ʃɑːn̪,t̪ɪ,n̪t̪ɪ","शा,्ति,ि,शान","ʃɑː,ʃɑːn̪",ि,
253,अशिक्षा,शिक्षा,ʃɪkʂɑː,illiteracy,NotAppl,F,3,negation1,,,0,1,inanimate,Q,State,0,0,1,"षा,श,ा,्षा,शि,शिक","ʃ,ɑː,ʃɪk,ʂɑː,kʂɑː,ʃɪ","षा,ा,्षा","ʂɑː,kʂɑː",ा,
254,असंतोष,संतोष,s̪ə̃t̪oːʂ,discontent,NotAppl,M,4,negation1,,,0,1,inanimate,E,Mental State,0,0,1,"स,सं,ष,ोष,संत,तोष","s̪ə̃t̪,s̪ə̃,s̪,ʂ,t̪oːʂ,oːʂ",ष,ʂ,,
255,असफलता,असफल,əs̪pʰəl,failure,NotAppl,F,3,abstract8,abstract8,abstract8,0,1,inanimate,X,State,0,0,0,"असफ,सफल,फल,अस,अ,ल","əl,pʰəl,ə,l,əs̪pʰ,əs̪",फल,"əl,pʰəl",,
256,असमंजस,असमंजस,əs̪mə̃d͡ʒəs̪,confusion,NotAppl,M,4,underived,,,0,0,inanimate,X,State,0,0,1,"स,असम,ंजस,अस,अ,जस","d͡ʒəs̪,əs̪m,s̪,ə,əs̪",,əs̪m,,
257,असमर्थता,असमर्थ,əs̪məɾt̪ʰ,inability,NotAppl,F,3,abstract8,abstract8,abstract8,0,1,inanimate,X,Physiological  State,0,0,1,"र्थ,्थ,असम,अस,अ,थ","t̪ʰ,əs̪m,əɾt̪ʰ,ə,əs̪,ɾt̪ʰ",,əs̪m,,
258,असमानता,असमानत,əs̪mɑːn̪ət̪,inequality,NotAppl,F,3,underived,,,0,0,inanimate,A,State,0,0,1,"असम,त,नत,ानत,अस,अ","t̪,əs̪m,ət̪,n̪ət̪,ə,əs̪","त,नत,ानत","t̪,əs̪m,n̪ət̪",त,t̪
259,असर,असर,əs̪əɾ,effect,NotAppl,M,4,underived,,,0,0,inanimate,A,State,0,1,0,"र,सर,असर,अस,अ","əs̪ə,ɾ,ə,əs̪,əɾ,s̪əɾ",र,"ɾ,əɾ",र,"ɾ,əɾ"
260,असल,सल,s̪əl,real,NotAppl,M,4,negation1,,,0,1,inanimate,A,Artifact,0,1,0,"स,सल,ल","s̪ə,əl,s̪,l,s̪əl",,əl,,
261,असहमति,असहमत,əs̪əɦmət̪,disagreement,NotAppl,F,1,abstract8,abstract8,abstract8,0,1,inanimate,A,Communication,0,0,0,"मत,त,अस,अ,हमत,असह","t̪,əs̪ə,mət̪,ət̪,ə,əs̪",त,t̪,त,t̪
262,असहिष्णुता,सहिष्णुता,s̪əɦɪʂɳut̪ɑː,intolerance,NotAppl,F,3,negation1,,,0,1,inanimate,S,Mental State,0,0,0,"स,ुता,ा,ता,सहि,सह","ɑː,ut̪ɑː,s̪ə,s̪,s̪əɦ,t̪ɑː","ुता,ा",ut̪ɑː,ा,
263,असिस्टेंट,असिस्टेंट,əs̪ɪs̪ʈẽːʈ,assistant,NotAppl,M,4,underived,,,0,0,animate,S,Person,1,0,0,"ट,ेंट,ंट,अस,अ,असि","ʈ,ʈẽːʈ,ə,əs̪,əs̪ɪ,ẽːʈ","ेंट,ंट",ẽːʈ,,
264,असुविधा,सुविधा,s̪uʋɪd̪ʰɑː,inconvenience,NotAppl,F,3,negation1,,,0,1,inanimate,A,State,0,0,1,"स,ा,सु,धा,िधा,सुव","ɑː,s̪uʋ,s̪u,s̪,ɪd̪ʰɑː,d̪ʰɑː","ा,धा",d̪ʰɑː,ा,
265,असेंबली,असेंबल,əs̪ẽːbəl,assembly,neutral,F,1,underived,,,0,0,inanimate,S,Planned Event,1,0,0,"बल,ंबल,असे,अस,अ,ल","əl,bəl,əs̪ẽː,ə,l,əs̪",,əl,,
266,असेंबली,असेंबल,əs̪ẽːbəl,assembly,neutral,M,4,underived,,,0,0,inanimate,S,Planned Event,1,0,0,"बल,ंबल,असे,अस,अ,ल","əl,bəl,əs̪ẽː,ə,l,əs̪",,əl,,
267,असैनिक,असैनिक,əs̪əɪn̪ɪk,civilian,NotAppl,M,4,underived,,,0,0,animate,G,Person,0,0,0,"असै,निक,िक,क,अस,अ","k,ɪk,əs̪ə,n̪ɪk,ə,əs̪",,,,
268,अस्तित्व,अस्तित्व,əs̪t̪ɪt̪ʋə,existence,NotAppl,M,0,abstract8,abstract8,abstract8,0,1,inanimate,A,Cognition,0,0,1,"व,्व,त्व,अस्,अस,अ","ʋə,t̪ʋə,əs̪t̪,ə,əs̪","व,्व",ʋə,व,
269,अस्थिरता,अस्थिरत,əs̪t̪ʰɪɾət̪,instability,NotAppl,F,3,underived,,,0,0,inanimate,A,State,0,0,1,"िरत,रत,त,अस्,अस,अ","t̪,əs̪t̪ʰ,ət̪,ə,əs̪,ɾət̪","रत,त","t̪,ɾət̪",त,"t̪,ɾət̪"
270,अस्पताल,अस्पताल,əs̪pət̪ɑːl,hospital,NotAppl,M,4,underived,,,0,0,inanimate,B,Physical Place,1,0,0,"ाल,ताल,अस्,अस,अ,ल","t̪ɑːl,əs̪p,ə,l,əs̪,ɑːl",,,,
271,अस्वस्थता,स्वस्थता,s̪ʋəs̪t̪ʰət̪ɑː,malaise,NotAppl,F,3,negation1,,,0,1,inanimate,E,State,0,0,0,"स,ा,स्,ता,स्व,थता","s̪ʋ,ɑː,s̪,t̪ɑː,ət̪ɑː,s̪ʋə",ा,ət̪ɑː,ा,ət̪ɑː
272,अस्वीकार,स्वीकार,s̪ʋiːkɑːɾ,decline,NotAppl,M,4,negation1,,,0,1,inanimate,N,Physical,0,0,1,"स,ार,र,स्,स्व,कार","kɑːɾ,s̪ʋ,s̪ʋiː,ɾ,ɑːɾ,s̪","ार,र","ɾ,ɑːɾ",र,ɾ
273,अहमियत,हमियत,ɦəmɪjət̪,importance,NotAppl,F,3,negation1,,,0,1,inanimate,A,Quality,0,1,0,"हमि,यत,हम,ह,त,ियत","t̪,ɦ,jət̪,ət̪,ɦəm,ɦə","यत,त,ियत","t̪,jət̪","यत,त","t̪,jət̪"
274,अहसान,अहसान,əɦs̪ɑːn̪,favor,NotAppl,M,4,underived,,,0,0,inanimate,E,Action,0,0,0,"ान,अह,न,सान,अ,अहस","əɦs̪,ɑːn̪,əɦ,ə,s̪ɑːn̪,n̪",,,,
275,अहसास,अहसास,əɦs̪ɑːs̪,feeling,NotAppl,M,4,underived,,,0,0,inanimate,X,Perception,0,1,0,"स,अह,ास,अ,सास,अहस","əɦs̪,s̪ɑːs̪,əɦ,ɑːs̪,s̪,ə",ास,,,
276,अहाता,अहात,əɦɑːt̪,compound,NotAppl,M,2,underived,,,0,0,inanimate,H,Physical Place,0,1,0,"अह,त,ात,हात,अहा,अ","t̪,ɦɑːt̪,əɦ,ɑːt̪,ə,əɦɑː",त,t̪,त,t̪
277,अहिंसा,हिंसा,ɦɪ̃s̪ɑː,nonviolence,NotAppl,F,0,negation1,,,0,1,inanimate,Z,Action,0,0,1,"ा,ह,हिं,सा,हि,ंसा","ɦɪ̃s̪,ɦɪ̃,ɦ,ɑː,ɪ̃s̪ɑː,s̪ɑː","ा,सा",,ा,
278,आँकड़ा,आँकड़,ɑ̃ːkəɽ,data,NotAppl,M,2,underived,,,0,0,inanimate,X,property,0,0,0,"कड़,आ,ड़,़,आँ,आँक","ɑ̃ː,ɑ̃ːk,əɽ,ɽ,ɑ̃ːkə,kəɽ","ड़,़",ɽ,़,
280,आँख,आँख,ɑ̃ːkʰ,eye,NotAppl,F,3,underived,,,0,0,inanimate,B,Anatomical,0,1,0,"ख,आ,आँ,आँख,ँख","kʰ,ɑ̃ːkʰ,ɑ̃ː",,,,
281,आँच,आँच,ɑ̃ːt͡ʃ,heat,NotAppl,F,3,underived,,,0,0,inanimate,O,Perception,0,0,0,"आ,ँच,आँ,च,आँच","ɑ̃ːt͡ʃ,t͡ʃ,ɑ̃ː",,,,
282,आँधी,आँध,ɑ̃ːd̪ʰ,storm,NotAppl,F,1,underived,,,0,0,inanimate,W,Natural Object,0,0,0,"आ,आँ,ँध,ध,आँध","ɑ̃ːd̪ʰ,ɑ̃ː,d̪ʰ",,,,
283,आँसू,आँस,ɑ̃ːs̪,tears,NotAppl,M,4,underived,,,0,0,inanimate,B,Natural Object,0,0,0,"स,आ,आँस,आँ,ँस","ɑ̃ːs̪,s̪,ɑ̃ː",,,,
284,आंकड,आंकड,ɑ̃ːkəɖ,data,NotAppl,M,4,underived,,,0,0,inanimate,X,Measurement,0,0,0,"ड,आं,कड,आ,ंकड,आंक","ɑ̃ː,ɑ̃ːk,əɖ,ɖ,kəɖ,ɑ̃ːkə",,,,
285,आंकड़ा,आंकड़,ɑ̃ːkəɽ,figure,NotAppl,M,2,underived,,,0,0,inanimate,N,property,0,0,0,"कड़,आं,आ,ड़,़,आंक","ɑ̃ː,ɑ̃ːk,əɽ,ɽ,ɑ̃ːkə,kəɽ","ड़,़",ɽ,़,
286,आंकलन,आंकलन,ɑ̃ːklən̪,assessment,NotAppl,M,4,underived,,,0,0,inanimate,X,Action,0,0,0,"आं,आ,लन,न,आंक,कलन","n̪,ɑ̃ː,ɑ̃ːk,ɑ̃ːkl,ən̪,lən̪",लन,lən̪,,
287,आंख,आंख,ɑ̃ːkʰ,eye,NotAppl,F,3,underived,,,0,0,inanimate,B,Anatomical,0,0,0,"आं,ख,आ,ंख,आंख","kʰ,ɑ̃ːkʰ,ɑ̃ː",,,,
288,आंगन,आंगन,ɑ̃ːɡən̪,courtyard,NotAppl,M,4,underived,,,0,0,inanimate,H,Physical Place,0,0,0,"गन,आं,आ,न,आंग,ंगन","ɑ̃ː,ɑ̃ːɡə,ɡən̪,ən̪,ɑ̃ːɡ,n̪",,ɑ̃ːɡ,,
289,आंगनबाडी,आंगनबाड,ɑ̃ːɡən̪bɑːɖ,anganwadi,NotAppl,F,1,underived,,,0,0,inanimate,Z,Common Noun,0,0,0,"ाड,ड,आं,आ,आंग,बाड","bɑːɖ,ɑːɖ,ɑ̃ː,ɑ̃ːɡə,ɖ,ɑ̃ːɡ",,ɑ̃ːɡ,,
290,आंच,आंच,ɑ̃ːt͡ʃ,heat,NotAppl,F,3,underived,,,0,0,inanimate,O,Perception,0,0,0,"आं,ंच,आ,च,आंच","ɑ̃ːt͡ʃ,t͡ʃ,ɑ̃ː",,,,
291,आंत,आंत,ɑ̃ːt̪,intestine,NotAppl,F,3,underived,,,0,0,inanimate,B,Anatomical,0,0,0,"आंत,आं,आ,त,ंत","ɑ̃ːt̪,ɑ̃ː,t̪",त,t̪,त,t̪
292,आंतकवाद,आंतकवाद,ɑ̃ːt̪əkʋɑːd̪,terrorism,NotAppl,M,4,underived,,,1,0,inanimate,G,Concept,0,0,0,"आंत,द,वाद,आं,आ,ाद","d̪,ɑːd̪,ɑ̃ː,ʋɑːd̪,ɑ̃ːt̪ə,ɑ̃ːt̪",,,,
293,आंतकवादी,आंतकवाद,ɑ̃ːt̪əkʋɑːd̪,terrorist,NotAppl,M,4,underived,,,1,0,animate,G,Anti-social,0,0,0,"आंत,द,वाद,आं,आ,ाद","d̪,ɑːd̪,ɑ̃ː,ʋɑːd̪,ɑ̃ːt̪ə,ɑ̃ːt̪",,,,
294,आंतकी,आंतक,ɑ̃ːt̪ək,terrorist,NotAppl,M,4,underived,,,0,0,animate,G,Anatomical,0,0,0,"आंत,आं,आ,क,ंतक,तक","k,ɑ̃ː,t̪ək,ək,ɑ̃ːt̪ə,ɑ̃ːt̪",,ək,,
295,आंदोलन,आंदोलन,ɑ̃ːd̪oːlən̪,agitation,NotAppl,M,4,underived,,,0,0,inanimate,E,Action,0,0,1,"आं,आ,लन,न,आंद,ोलन","n̪,ɑ̃ːd̪oː,ɑ̃ː,ɑ̃ːd̪,ən̪,lən̪",लन,lən̪,,
296,आंदोलनकारी,आंदोलनकार,ɑ̃ːd̪oːlən̪kɑːɾ,agitator,NotAppl,M,4,agentive_activity1,agentive_activity1,agentive_activity1,0,1,animate,A,Person,0,0,0,"आं,ार,र,आ,कार,आंद","ɑ̃ːd̪oː,ɑ̃ː,ɑ̃ːd̪,kɑːɾ,ɾ,ɑːɾ","ार,र","ɾ,ɑːɾ",र,ɾ
297,आंनद,आंनद,ɑ̃ːn̪əd̪,anand,NotAppl,M,4,underived,,,0,0,inanimate,Z,Physical State,0,0,0,"आंन,द,आं,आ,नद,ंनद","d̪,ɑ̃ː,əd̪,ɑ̃ːn̪ə,n̪əd̪,ɑ̃ːn̪",,,,
298,आंशका,आंशक,ɑ̃ːʃək,apprehension,NotAppl,F,3,underived,,,0,0,inanimate,E,Abstract,0,0,0,"आं,आ,शक,क,आंश,ंशक","k,ʃək,ɑ̃ː,ək,ɑ̃ːʃə,ɑ̃ːʃ",,ək,,
299,आंसू,आंस,ɑ̃ːs̪,tears,NotAppl,M,4,underived,,,0,0,inanimate,B,Natural Object,0,0,0,"स,आंस,आं,ंस,आ","ɑ̃ːs̪,s̪,ɑ̃ː",,,,
300,आईआईएम,आईआईएम,ɑːiːɑːiːeːm,iim,NotAppl,M,0,underived,,,0,0,inanimate,Z,Abbreviation,1,0,0,"आई,एम,आ,आईआ,म,ईएम","ɑːiː,iːeːm,ɑː,m,eːm,ɑːiːɑː",,eːm,,
301,आईआईटी,आईआईट,ɑːiːɑːiːʈ,iit,NotAppl,M,0,underived,,,0,0,inanimate,Z,Group,1,0,0,"ट,आई,आ,आईआ,आईट,ईट","ɑːiː,ɑː,ʈ,ɑːiːʈ,iːʈ,ɑːiːɑː",,,,
302,आईएएस,आईएएस,ɑːiːeːeːs̪,ias,neutral,F,0,underived,,,0,0,inanimate,Z,Action,1,0,0,"स,आई,एएस,आ,आईए,एस","ɑːiː,ɑːiːeː,ɑː,eːs̪,eːeːs̪,s̪",,,,
303,आईएएस,आईएएस,ɑːiːeːeːs̪,ias,neutral,M,0,underived,,,0,0,inanimate,Z,Action,1,0,0,"स,आई,एएस,आ,आईए,एस","ɑːiː,ɑːiːeː,ɑː,eːs̪,eːeːs̪,s̪",,,,
304,आईएल,आईएल,ɑːiːeːl,il,NotAppl,M,0,underived,,,0,0,inanimate,Z,Abbreviation,1,0,0,"आई,आ,आईए,ईएल,ल,एल","ɑːiː,iːeːl,ɑːiːeː,ɑː,l,eːl",,,,
305,आईएसपी,आईएसप,ɑːiːeːs̪əp,isp,NotAppl,M,0,underived,,,0,0,inanimate,Z,Abbreviation,1,0,0,"एसप,आई,प,सप,आ,आईए","ɑːiː,ɑːiːeː,ɑː,s̪əp,əp,p",,,,
306,आईजी,आईज,ɑːiːd͡ʒ,ig,NotAppl,M,0,underived,,,0,0,animate,Z,Person,1,0,0,"आई,आईज,आ,ज,ईज","ɑːiː,iːd͡ʒ,ɑː,d͡ʒ,ɑːiːd͡ʒ",,,,
307,आईटी,आईट,ɑːiːʈ,it,neutral,F,0,underived,,,0,0,inanimate,Z,Cognition,1,0,0,"ट,आई,आ,आईट,ईट","ɑːiː,ɑː,ʈ,ɑːiːʈ,iːʈ",,,,
308,आईटी,आईट,ɑːiːʈ,it,neutral,M,0,underived,,,0,0,inanimate,Z,Cognition,1,0,0,"ट,आई,आ,आईट,ईट","ɑːiː,ɑː,ʈ,ɑːiːʈ,iːʈ",,,,
309,आईडी,आईड,ɑːiːɖ,id,NotAppl,M,0,underived,,,0,0,inanimate,Z,Abbreviation,1,0,0,"आई,ड,आ,ईड,आईड","ɑːiːɖ,ɑːiː,ɖ,ɑː,iːɖ",,,,
310,आईना,आईन,ɑːiːn̪,mirror,NotAppl,M,2,underived,,,0,0,inanimate,O,Artifact,0,1,0,"आई,आ,न,आईन,ईन","iːn̪,ɑːiːn̪,ɑːiː,ɑː,n̪",,,,
311,आईपी,आईप,ɑːiːp,ip,NotAppl,M,0,underived,,,0,0,inanimate,Z,Abbreviation,1,0,0,"आई,प,आ,आईप,ईप","ɑːiː,iːp,ɑː,p,ɑːiːp",,,,
312,आईपीएस,आईपीएस,ɑːiːpiːeːs̪,ips,NotAppl,M,0,underived,,,0,0,inanimate,Z,Action,1,0,0,"स,ीएस,आई,आ,आईप,एस","iːeːs̪,ɑːiː,ɑː,eːs̪,s̪,ɑːiːp",,,,
313,आईसीयू,आईसीय,ɑːiːs̪iːjə,icu,NotAppl,M,0,underived,,,0,0,inanimate,Z,Abbreviation,1,0,0,"आई,आ,य,ीय,सीय,आईस","ɑːiːs̪,ɑːiː,iːjə,ɑː,ə,jə",य,jə,य,jə
314,आउट,आउट,ɑːuʈ,out,NotAppl,M,0,underived,,,0,0,inanimate,M,State,1,0,0,"ट,आउट,आ,उट,आउ","ɑː,ʈ,ɑːuʈ,uʈ,ɑːu",,,,
315,आउटफिट,आउटफिट,ɑːuʈpʰɪʈ,outfits,NotAppl,M,4,underived,,,0,0,inanimate,O,Common Noun,1,0,0,"ट,आउट,आ,आउ,िट,फिट","ɪʈ,ɑː,ʈ,pʰɪʈ,ɑːuʈ,ɑːu",,ɪʈ,,
316,आउटफील्ड,आउटफील्ड,ɑːuʈpʰiːlɖ,outfield,NotAppl,F,4,underived,,,0,0,inanimate,Z,Common Noun,1,0,0,"ड,आउट,्ड,आ,आउ,ल्ड","iːlɖ,ɖ,ɑː,lɖ,ɑːuʈ,ɑːu",,,,
317,आउटर,आउटर,ɑːuʈəɾ,outer,NotAppl,M,4,underived,,,0,0,inanimate,M,Common Noun,1,0,0,"आउट,र,आ,आउ,उटर,टर","ɑː,ɾ,ɑːuʈ,əɾ,ʈəɾ,ɑːu","र,टर","ɾ,əɾ,ʈəɾ","र,टर","ɾ,əɾ,ʈəɾ"
318,आउटलेट,आउटलेट,ɑːuʈleːʈ,outlet,NotAppl,M,4,underived,,,0,0,inanimate,Q,Common Noun,1,0,0,"ट,आउट,आ,आउ,लेट,ेट","ɑː,eːʈ,ʈ,ɑːuʈ,leːʈ,ɑːu",,,,
319,आउटसोर्सिंग,आउटसोर्सिंग,ɑːuʈs̪oːɾs̪ɪ̃ɡ,outsourcing,NotAppl,F,0,underived,,,0,0,inanimate,I,Common Noun,1,0,0,"आउट,आ,आउ,िंग,ंग,ग","s̪ɪ̃ɡ,ɑː,ɪ̃ɡ,ɡ,ɑːuʈ,ɑːu","िंग,ंग,ग","s̪ɪ̃ɡ,ɪ̃ɡ,ɡ","िंग,ंग","ɪ̃ɡ,ɡ"
320,आए,आ,ɑː,come,NotAppl,M,0,underived,,,0,0,inanimate,M,Artifact,0,0,0,आ,ɑː,,,,
322,आकर्षण,आकर्ष,ɑːkəɾʂ,attraction,NotAppl,M,4,abstract7,abstract7,abstract7,0,1,inanimate,O,Perception,0,0,1,"्ष,र्ष,आक,आ,ष,आकर","əɾʂ,ɑː,ɑːkə,ɾʂ,ɑːk,ʂ",ष,ʂ,,
323,आकलन,कलन,kələn̪,assessment,neutral,F,3,abstract_upto,,,0,1,inanimate,X,Action,0,0,1,"लन,न,कल,क,कलन","k,n̪,kə,kəl,ən̪,lən̪",लन,lən̪,,
324,आकलन,कलन,kələn̪,assessment,neutral,M,4,abstract_upto,,,0,1,inanimate,X,Action,0,0,1,"लन,न,कल,क,कलन","k,n̪,kə,kəl,ən̪,lən̪",लन,lən̪,,
325,आका,आक,ɑːk,boss,NotAppl,M,4,underived,,,0,0,inanimate,S,Person,0,0,0,"आ,क,आक","ɑː,k,ɑːk",,,,
326,आकांक्षा,कांक्षा,kɑ̃ːkʂɑː,aspiration,NotAppl,F,3,abstract_upto,,,0,1,inanimate,X,Psychological Feature,0,0,1,"षा,ा,का,कां,क,्षा","k,ɑː,kɑ̃ː,kɑ̃ːk,ʂɑː,kʂɑː","षा,ा,्षा","ʂɑː,kʂɑː",ा,
327,आकार,कार,kɑːɾ,size,NotAppl,M,4,abstract_upto,,,0,1,inanimate,N,property,0,0,1,"ार,र,का,क,कार","k,kɑː,kɑːɾ,ɾ,ɑːɾ","ार,र","ɾ,ɑːɾ",र,ɾ
328,आकाश,काश,kɑːʃ,sky,NotAppl,M,4,abstract_upto,,,0,1,inanimate,W,Place,0,0,1,"श,का,क,ाश,काश","k,kɑː,ʃ,kɑːʃ,ɑːʃ",,,,
329,आकाशवाणी,आकाशवाण,ɑːkɑːʃʋɑːɳ,oracle,NotAppl,F,1,underived,,,1,0,inanimate,Z,Communication,0,0,0,"ण,आक,आ,वाण,आका,ाण","ɑːɳ,ɑː,ʋɑːɳ,ɑːk,ɳ,ɑːkɑː",,,,
330,आकृति,आकृ,ɑːkɾɨ,shape,NotAppl,F,1,form_result,form_result,,0,1,inanimate,O,property,0,0,1,"कृ,आक,आ,ृ,आकृ","ɑː,ɾɨ,ɨ,ɑːkɾ,ɑːk,kɾɨ",कृ,kɾɨ,,
331,आक्रमण,आक्रम,ɑːkɾəm,attack,NotAppl,M,4,abstract7,abstract7,abstract7,0,1,inanimate,E,Communication,0,0,1,"आक,आक्,आ,म,्रम,रम","əm,ɾəm,ɑː,m,ɑːkɾ,ɑːk",,,,
332,आक्रमणकारी,आक्रमणकार,ɑːkɾəməɳkɑːɾ,invader,NotAppl,M,4,agentive_activity1,agentive_activity1,agentive_activity1,0,1,animate,G,Person,0,0,0,"आक,आक्,ार,र,आ,कार","kɑːɾ,ɑː,ɾ,ɑːkɾ,ɑːɾ,ɑːk","ार,र","ɾ,ɑːɾ",र,ɾ
333,आक्रामकता,आक्रामक,ɑːkɾɑːmək,aggressiveness,NotAppl,F,3,abstract8,abstract8,abstract8,0,1,inanimate,E,State,0,0,0,"आक,आक्,ामक,आ,क,मक","k,ɑː,ək,ɑːkɾ,ɑːk,mək",,ək,,
334,आक्रोश,आक्रोश,ɑːkɾoːʃ,outrage,NotAppl,M,4,underived,,,0,0,inanimate,E,Psychological Feature,0,0,1,"ोश,श,आक,आक्,रोश,आ","ʃ,ɑː,oːʃ,ɑːkɾ,ɾoːʃ,ɑːk",,,,
335,आक्षेप,आक्षेप,ɑːkʂeːp,convulsions,NotAppl,M,4,underived,,,0,0,inanimate,B,Physical,0,0,1,"आक,आक्,ेप,प,आ,षेप","ɑː,ʂeːp,p,eːp,ɑːk,ɑːkʂ",,,,
336,आखिर,आखिर,ɑːkʰɪɾ,after all,NotAppl,M,4,underived,,,0,0,inanimate,Z,Stative,0,0,0,"आखि,र,आ,िर,आख,खिर","ɪɾ,ɑːkʰ,ɑː,ɾ,ɑːkʰɪ,kʰɪɾ",र,ɾ,र,ɾ
337,आख्यान,आख्यान,ɑːkʰjɑːn̪,narrative,NotAppl,M,4,underived,,,0,0,inanimate,Q,Communication,0,0,1,"ान,आ,यान,आख्,न,आख","ɑːkʰ,jɑːn̪,ɑːkʰj,ɑːn̪,ɑː,n̪",,,,
338,आग,आग,ɑːɡ,fire,NotAppl,F,3,underived,,,0,0,inanimate,O,Natural Object,0,0,0,"ग,आ,आग","ɑː,ɑːɡ,ɡ",ग,ɡ,,ɡ
339,आगजनी,आगजन,ɑːɡd͡ʒən̪,arson,NotAppl,F,1,underived,,,0,0,inanimate,G,Event,0,0,0,"आग,आ,गजन,न,आगज,जन","ɑːɡd͡ʒ,n̪,ɑː,ɑːɡ,d͡ʒən̪,ən̪",,,,
340,आगमन,आगमन,ɑːɡmən̪,arrival,NotAppl,M,4,underived,,,0,0,inanimate,M,Physical,0,0,1,"आग,मन,आ,गमन,न,आगम","n̪,ɑː,ɑːɡ,mən̪,ɑːɡm,ən̪",मन,mən̪,,
341,आगवानी,आगवान,ɑːɡʋɑːn̪,welcome,NotAppl,F,1,underived,,,0,0,inanimate,Q,Abstract,0,0,0,"ान,वान,आग,आ,आगव,न","ɑːn̪,ɑːɡʋ,ɑː,ʋɑːn̪,ɑːɡ,n̪",,,,
342,आगाज,आगाज,ɑːɡɑːd͡ʒ,beginning,NotAppl,M,4,underived,,,0,0,inanimate,T,Action,0,0,0,"आग,आ,ाज,ज,गाज,आगा","ɑːɡɑː,ɑːd͡ʒ,ɡɑːd͡ʒ,ɑː,d͡ʒ,ɑːɡ",,,,
343,आगाह,आगाह,ɑːɡɑːɦ,cautioned,NotAppl,M,4,underived,,,0,0,inanimate,Q,Time,0,1,0,"गाह,आग,ाह,आ,ह,आगा","ɑːɡɑː,ɑːɦ,ɦ,ɑː,ɑːɡ,ɡɑːɦ",ाह,ɑːɦ,,
344,आगे,आग,ɑːɡ,ahead,NotAppl,M,4,underived,,,0,0,inanimate,M,Part of,0,0,0,"ग,आ,आग","ɑː,ɑːɡ,ɡ",ग,ɡ,,ɡ
345,आग्रह,आग्रह,ɑːɡɾəɦ,request,NotAppl,M,4,underived,,,0,0,inanimate,Q,Action,0,0,1,"आग,आ,ह,आग्,रह,्रह","ɾəɦ,ɦ,ɑː,əɦ,ɑːɡ,ɑːɡɾ",,,,
346,आचरण,आचरण,ɑːt͡ʃɾəɳ,behaviour,NotAppl,M,4,underived,,,0,0,inanimate,S,Action,0,0,1,"रण,आ,चरण,आचर,आच,ण","əɳ,ɑːt͡ʃɾ,ɑː,ɾəɳ,ɑːt͡ʃ,ɳ",रण,"əɳ,ɾəɳ",,"əɳ,ɾəɳ"
347,आचार,आचार,ɑːt͡ʃɑːɾ,behaviour,NotAppl,M,4,underived,,,0,0,inanimate,S,Action,0,0,1,"आचा,ार,र,आ,चार,आच","ɑː,ɾ,ɑːt͡ʃɑː,ɑːt͡ʃ,ɑːɾ,t͡ʃɑːɾ","ार,र,चार","ɾ,ɑːɾ,t͡ʃɑːɾ",र,ɾ
348,आचार्य,आचार्य,ɑːt͡ʃɑːɾjə,acharya,NotAppl,M,4,underived,,,0,0,animate,Z,Person,0,0,1,"्य,आचा,आ,य,र्य,आच","ɑː,ɑːt͡ʃɑː,ɑːt͡ʃ,ə,jə,ɾjə","्य,य",jə,य,jə
349,आज,आज,ɑːd͡ʒ,today,NotAppl,M,0,underived,,,0,0,inanimate,T,Period,0,0,0,"आ,ज,आज","ɑː,d͡ʒ,ɑːd͡ʒ",,,,
350,आजकल,आजकल,ɑːd͡ʒkəl,nowadays,NotAppl,M,4,underived,,,1,0,inanimate,T,Time,0,0,0,"आ,जकल,कल,आजक,ल,आज","ɑːd͡ʒ,kəl,ɑː,əl,ɑːd͡ʒk,l",,əl,,
351,आजम,आजम,ɑːd͡ʒəm,azam,NotAppl,M,4,underived,,,0,0,inanimate,Z,Qualitative,0,0,0,"आजम,आ,म,जम,आज","ɑːd͡ʒə,əm,ɑːd͡ʒ,ɑː,m,d͡ʒəm",,,,
352,आजाद,आजाद,ɑːd͡ʒɑːd̪,azad,NotAppl,M,4,underived,,,0,0,animate,Z,Person,0,0,0,"द,जाद,आ,आजा,ाद,आज","d͡ʒɑːd̪,d̪,ɑːd̪,ɑːd͡ʒ,ɑː,ɑːd͡ʒɑː",,,,
353,आजादी,आजाद,ɑːd͡ʒɑːd̪,independence,NotAppl,F,1,underived,,,0,0,inanimate,S,State,0,0,0,"द,जाद,आ,आजा,ाद,आज","d͡ʒɑːd̪,d̪,ɑːd̪,ɑːd͡ʒ,ɑː,ɑːd͡ʒɑː",,,,
354,आजीवन,जीवन,d͡ʒiːʋən̪,lifelong,NotAppl,M,4,abstract_upto,,,0,1,inanimate,T,Time,0,0,1,"न,जीव,ज,वन,ीवन,जी","d͡ʒiː,d͡ʒ,ən̪,d͡ʒiːʋ,n̪,ʋən̪",,,,
355,आज्ञा,आज्ञ,ɑːd͡ʒɲ,permission,NotAppl,F,3,abstract_upto,,,0,1,inanimate,S,Perception,0,0,1,"्ञ,ज्ञ,आ,आज्,ञ,आज","ɑːd͡ʒ,ɲ,ɑː,ɑːd͡ʒɲ,d͡ʒɲ",,,,
356,आटोरिक्शा,आटोरिक्श,ɑːʈoːɾɪkʃ,autorickshaw,NotAppl,M,4,underived,,,0,0,inanimate,Z,Common Noun,1,0,0,"आटो,श,आ,क्श,आट,्श","ʃ,ɑːʈoː,ɑː,kʃ,ɑːʈ,ɪkʃ",,,,
357,आतंक,आतंक,ɑːt̪ə̃k,terror,NotAppl,M,4,underived,,,0,0,inanimate,E,physical State,0,0,1,"तंक,आतं,आ,आत,क,ंक","t̪ə̃k,k,ɑːt̪ə̃,ɑː,ɑːt̪,ə̃k",,,,
358,आतंकवाद,आतंकवाद,ɑːt̪ə̃kʋɑːd̪,terrorism,NotAppl,M,4,underived,,,0,0,inanimate,G,Cognition,0,0,0,"द,वाद,आतं,आ,आत,ाद","d̪,ɑːd̪,ʋɑːd̪,ɑːt̪ə̃,ɑː,ɑːt̪",,,,
359,आतंकवादी,आतंकवाद,ɑːt̪ə̃kʋɑːd̪,terrorist,NotAppl,M,4,underived,,,0,0,animate,G,Person,0,0,0,"द,वाद,आतं,आ,आत,ाद","d̪,ɑːd̪,ʋɑːd̪,ɑːt̪ə̃,ɑː,ɑːt̪",,,,
360,आतंकी,आतंक,ɑːt̪ə̃k,terrorist,NotAppl,M,4,underived,,,0,0,animate,G,Person,0,0,0,"तंक,आतं,आ,आत,क,ंक","t̪ə̃k,k,ɑːt̪ə̃,ɑː,ɑːt̪,ə̃k",,,,
361,आतिशबाजी,आतिशबाज,ɑːt̪ɪʃbɑːd͡ʒ,fireworks,NotAppl,F,1,abstract6,abstract6,abstract6,0,1,inanimate,G,Artifact,0,0,0,"आ,आत,आति,ाज,ज,बाज","bɑːd͡ʒ,ɑːd͡ʒ,ɑː,ɑːt̪,d͡ʒ,ɑːt̪ɪ",,,,
362,आतिश्बाजी,आतिश्बाज,ɑːt̪ɪʃbɑːd͡ʒ,fireworks,NotAppl,M,4,abstract6,abstract6,abstract6,0,1,inanimate,G,Action,0,0,0,"आ,आत,आति,ाज,ज,बाज","bɑːd͡ʒ,ɑːd͡ʒ,ɑː,ɑːt̪,d͡ʒ,ɑːt̪ɪ",,,,
363,आत्म,आत्म,ɑːt̪m,self,NotAppl,M,4,underived,,,0,0,inanimate,S,Relational,0,0,0,"आ,आत,त्म,म,आत्,्म","ɑː,ɑːt̪,m,t̪m,ɑːt̪m",,,,
364,आत्मकथा,आत्मकथ,ɑːt̪məkət̪ʰ,autobiography,NotAppl,F,3,underived,,,1,0,inanimate,Q,Artifact,0,0,0,"आ,आत,मकथ,आत्,थ,कथ","ɑː,ɑːt̪,t̪ʰ,ɑːt̪m,kət̪ʰ,ət̪ʰ",,ət̪ʰ,,
365,आत्मविश्वास,आत्मविश्वास,ɑːt̪məʋɪʃʋɑːs̪,self-confidence,NotAppl,M,4,underived,,,1,0,inanimate,S,Psychological Feature,0,0,0,"स,वास,आ,आत,ास,आत्","ɑː,ɑːt̪,ɑːs̪,ʋɑːs̪,s̪,ɑːt̪m",ास,,,
366,आत्मसमर्पण,आत्मसमर्पण,ɑːt̪məs̪məɾpəɳ,surrender,NotAppl,M,4,underived,,,1,0,inanimate,S,Physical,0,0,0,"आ,आत,पण,आत्,्पण,ण","əɳ,pəɳ,ɑː,ɑːt̪,ɑːt̪m,ɳ",,əɳ,,əɳ
367,आत्महत्या,आत्महत्य,ɑːt̪məɦt̪jə,suicide,NotAppl,F,3,underived,,,1,0,inanimate,L,Anti-social,0,0,0,"्य,आ,आत,त्य,य,आत्","ɑː,ɑːt̪,ə,ɑːt̪m,jə,t̪jə","्य,य",jə,य,jə
368,आत्मा,आत्म,ɑːt̪m,soul,NotAppl,F,3,underived,,,0,0,inanimate,S,Abstract,0,0,1,"आ,आत,त्म,म,आत्,्म","ɑː,ɑːt̪,m,t̪m,ɑːt̪m",,,,
369,आदत,आदत,ɑːd̪ət̪,habit,NotAppl,F,3,underived,,,0,0,inanimate,S,Action,0,1,0,"आदत,आ,त,आद,दत","d̪ət̪,ɑːd̪,t̪,ɑː,ɑːd̪ə,ət̪",त,t̪,त,t̪
370,आदमी,आदम,ɑːd̪əm,man,NotAppl,M,4,underived,,,0,0,animate,S,Person,0,1,0,"आदम,दम,आ,म,आद","əm,ɑːd̪,ɑː,ɑːd̪ə,m,d̪əm",,,,
371,आदर,आदर,ɑːd̪əɾ,respect,NotAppl,M,4,underived,,,0,0,inanimate,S,Psychological Feature,0,0,1,"दर,आदर,र,आ,आद","d̪əɾ,ɑːd̪,ɑː,ɑːd̪ə,ɾ,əɾ",र,"ɾ,əɾ",र,"ɾ,əɾ"
372,आदर्श,आदर्श,ɑːd̪əɾʃ,ideal,NotAppl,M,4,underived,,,0,0,inanimate,A,Perception,0,0,1,"श,आदर,र्श,आ,्श,आद","ɑːd̪,ʃ,ɑː,ɑːd̪ə,əɾʃ,ɾʃ",,,,
373,आदान,आदान,ɑːd̪ɑːn̪,inputs,NotAppl,M,4,underived,,,0,0,inanimate,O,Action,0,0,1,"ान,आ,न,आद,दान,आदा","ɑːd̪ɑː,ɑːd̪,ɑːn̪,d̪ɑːn̪,ɑː,n̪",दान,d̪ɑːn̪,,
374,आदि,आद,ɑːd̪,etcetera,NotAppl,M,4,underived,,,0,0,inanimate,Z,Part of,0,0,1,"द,आ,आद","ɑː,d̪,ɑːd̪",,,,
375,आदिग्रंथ,आदिग्रंथ,ɑːd̪ɪɡɾə̃t̪ʰ,adi granth,NotAppl,M,4,underived,,,1,0,inanimate,Z,Artifact,0,0,0,"आदि,आ,रंथ,ंथ,आद,थ","ə̃t̪ʰ,ɑːd̪,ɑː,t̪ʰ,ɾə̃t̪ʰ,ɑːd̪ɪ",ंथ,ə̃t̪ʰ,,
376,आदिवासी,आदिवास,ɑːd̪ɪʋɑːs̪,tribal,NotAppl,M,4,underived,,,1,0,inanimate,S,Group,0,0,0,"स,आदि,वास,आ,ास,आद","ɑːd̪,ɑː,ɑːs̪,ʋɑːs̪,s̪,ɑːd̪ɪ",ास,,,
377,आदेश,आदेश,ɑːd̪eːʃ,order,NotAppl,M,4,underived,,,0,0,inanimate,S,Physical,0,0,1,"आदे,श,आ,ेश,देश,आद","ɑːd̪,ʃ,d̪eːʃ,ɑː,eːʃ,ɑːd̪eː","ेश,देश","d̪eːʃ,eːʃ",,
378,आदेशानुसार,आदेशानुसार,ɑːd̪eːʃɑːn̪us̪ɑːɾ,as per order,NotAppl,M,4,underived,,,1,0,inanimate,Z,Adverb,0,0,0,"आदे,ार,र,आ,सार,आद","ɑːd̪,ɑː,ɑːd̪eː,ɾ,s̪ɑːɾ,ɑːɾ","ार,र,सार","ɾ,s̪ɑːɾ,ɑːɾ",र,ɾ
379,आधार,आधार,ɑːd̪ʰɑːɾ,base,NotAppl,M,4,underived,,,0,0,inanimate,M,Artifact,0,0,1,"धार,ार,र,आ,आधा,आध","d̪ʰɑːɾ,ɑː,ɾ,ɑːd̪ʰɑː,ɑːɾ,ɑːd̪ʰ","ार,र","ɾ,ɑːɾ",र,ɾ
380,आधुनिकता,आधुनिक,ɑːd̪ʰun̪ɪk,modernity,NotAppl,F,3,abstract8,abstract8,abstract8,0,1,inanimate,Z,State,0,0,1,"आ,आधु,निक,िक,क,आध","k,ɪk,ɑː,n̪ɪk,ɑːd̪ʰ,ɑːd̪ʰu",,,,
381,आधुनिकीकरण,आधुनिकी,ɑːd̪ʰun̪ɪkiː,modernization,NotAppl,M,4,process_noun,,,0,1,inanimate,T,Action,0,0,0,"िकी,की,आ,आधु,आध,ी","iː,ɪkiː,ɑː,kiː,ɑːd̪ʰ,ɑːd̪ʰu",ी,,ी,
382,आनंद,आनंद,ɑːn̪ə̃d̪,pleasure,NotAppl,M,4,underived,,,0,0,inanimate,E,Psychological Feature,0,0,1,"द,आ,ंद,आन,आनं,नंद","d̪,ɑːn̪,ɑː,n̪ə̃d̪,ɑːn̪ə̃,ə̃d̪",ंद,ə̃d̪,,
383,आनन,आनन,ɑːn̪ən̪,anan,NotAppl,M,4,underived,,,0,0,inanimate,Z,Anatomical,0,0,1,"नन,आ,आनन,न,आन","n̪,ɑːn̪,ɑː,n̪ən̪,ɑːn̪ə,ən̪",,,,
384,आनाकानी,आनाकान,ɑːn̪ɑːkɑːn̪,inattention,NotAppl,F,1,underived,,,1,0,inanimate,X,Communication,0,0,0,"ान,कान,आ,न,आन,आना","ɑːn̪,ɑː,kɑːn̪,ɑːn̪ɑː,n̪",,,,
385,आपत्ति,आपत्त,ɑːpət̪t̪,objection,NotAppl,F,1,underived,,,0,0,inanimate,E,Perception,0,0,1,"्त,त्त,आ,त,आपत,आप","ət̪t̪,ɑːp,t̪,t̪t̪,ɑː,ɑːpə","्त,त्त,त","ət̪t̪,t̪,t̪t̪","्त,त",t̪
386,आपदा,आपद,ɑːpəd̪,disaster,neutral,F,3,underived,,,0,0,inanimate,A,State,0,0,1,"द,पद,आ,आपद,आप","d̪,ɑːp,əd̪,ɑː,pəd̪,ɑːpə",,,,
387,आपदा,आपद,ɑːpəd̪,disaster,neutral,M,2,underived,,,0,0,inanimate,A,State,0,0,1,"द,पद,आ,आपद,आप","d̪,ɑːp,əd̪,ɑː,pəd̪,ɑːpə",,,,
388,आपरेटर,आपरेटर,ɑːpɾeːʈəɾ,operator,NotAppl,M,4,underived,,,0,0,animate,Q,Person,1,0,0,"ेटर,र,आ,आपर,टर,आप","ɑːp,ɑːpɾ,ɑː,ɾ,əɾ,ʈəɾ","र,टर","ɾ,əɾ,ʈəɾ","र,टर","ɾ,əɾ,ʈəɾ"
389,आपरेशन,आपरेशन,ɑːpɾeːʃən̪,operation,NotAppl,M,4,underived,,,0,0,inanimate,A,Physical,1,0,0,"शन,आ,ेशन,न,आपर,आप","n̪,ɑːp,ɑːpɾ,ɑː,ən̪,ʃən̪","शन,ेशन",ʃən̪,ेशन,
390,आपस,आपस,ɑːpəs̪,among themselves,NotAppl,M,4,underived,,,0,0,inanimate,Z,Social,0,0,0,"स,आ,पस,आपस,आप","ɑːp,ɑː,əs̪,s̪,pəs̪,ɑːpə",,,,
391,आपा,आप,ɑːp,yourself,NotAppl,M,4,state_condition1,,,0,1,inanimate,Z,Person,0,0,0,"आ,आप,प","p,ɑː,ɑːp",,,,
392,आपात,आपात,ɑːpɑːt̪,emergency,NotAppl,M,4,underived,,,0,0,inanimate,A,Action,0,0,1,"पात,आ,त,आपा,ात,आप","ɑːp,t̪,ɑː,ɑːt̪,pɑːt̪,ɑːpɑː","पात,त","t̪,pɑːt̪",त,t̪
393,आपातकाल,आपातकाल,ɑːpɑːt̪kɑːl,emergency,NotAppl,M,4,underived,,,0,0,inanimate,A,Time,0,0,0,"काल,आ,ाल,आपा,ल,आप","kɑːl,ɑːp,ɑː,ɑːpɑː,l,ɑːl",काल,kɑːl,,
394,आपूर्ति,आपूर्त,ɑːpuːɾt̪,supply,NotAppl,F,1,underived,,,0,0,inanimate,A,Action,0,0,1,"्त,आ,र्त,त,आपू,आप","ɑːp,t̪,ɾt̪,ɑː,ɑːpuː,uːɾt̪","्त,त","t̪,uːɾt̪","्त,त",t̪
395,आबंटन,आबंटन,ɑːbə̃ʈən̪,allocation,NotAppl,M,4,underived,,,0,0,inanimate,N,Physical,0,0,0,"ंटन,आब,आ,टन,आबं,न","n̪,ʈən̪,ɑː,ɑːb,ən̪,ɑːbə̃",,,,
396,आबादी,बादी,bɑːd̪iː,population,NotAppl,F,1,abstract_upto,,,0,1,inanimate,S,Group,0,1,0,"बा,ादी,बाद,दी,ब,ी","iː,ɑːd̪iː,bɑː,bɑːd̪,b,d̪iː","बा,ी",bɑː,ी,
397,आबोहवा,बोहवा,boːɦʋɑː,climate,NotAppl,F,3,abstract_upto,,,0,1,inanimate,W,State,0,0,0,"ा,बोह,वा,ब,हवा,बो","boːɦ,ɑː,ɦʋɑː,b,ʋɑː,boː",ा,,ा,
398,आभार,भार,bʰɑːɾ,gratitude,NotAppl,M,4,abstract_upto,,,0,1,inanimate,S,Action,0,0,1,"र,ार,भार,भ,भा","ɾ,ɑːɾ,bʰɑːɾ,bʰ,bʰɑː","र,ार","ɾ,ɑːɾ",र,ɾ
399,आभास,भास,bʰɑːs̪,insight,NotAppl,M,4,abstract_upto,,,0,1,inanimate,X,Perception,0,0,1,"स,ास,भ,भा,भास","bʰɑːs̪,ɑːs̪,s̪,bʰ,bʰɑː",ास,,,
400,आभूषण,भूषण,bʰuːʂəɳ,jewelry,NotAppl,M,4,abstract_upto,,,0,1,inanimate,B,Artifact,0,0,1,"ूषण,भ,भू,षण,भूष,ण","əɳ,ʂəɳ,bʰuːʂ,ɳ,bʰ,bʰuː",षण,"əɳ,ʂəɳ",,əɳ
401,आम,आम,ɑːm,mango,NotAppl,M,0,underived,,,0,0,inanimate,F,Natural Object,0,0,1,"आम,आ,म","ɑː,ɑːm,m",,,,
402,आमंत्रण,मंत्रण,mə̃t̪ɾəɳ,invitation,NotAppl,M,4,abstract_upto,,,0,1,inanimate,Q,Social,0,0,0,"्रण,रण,म,मंत,मं,ण","əɳ,m,mə̃,ɾəɳ,ɳ,mə̃t̪",रण,"əɳ,ɾəɳ",,"əɳ,ɾəɳ"
403,आमतौर,आमतौर,ɑːmt̪əuɾ,usually,NotAppl,M,4,underived,,,1,0,inanimate,A,Common Noun,0,0,0,"ौर,तौर,र,आ,आमत,आम","ɑːmt̪,ɑː,ɾ,əuɾ,ɑːm,uɾ",र,ɾ,र,ɾ
404,आमद,आमद,ɑːməd̪,inflow,NotAppl,F,3,underived,,,0,0,inanimate,M,Physical,0,1,0,"द,आ,मद,आमद,आम","d̪,əd̪,məd̪,ɑː,ɑːmə,ɑːm",,,,
405,आमदनी,आमदन,ɑːmd̪ən̪,income,NotAppl,F,1,underived,,,0,0,inanimate,I,Object,0,1,0,"दन,आ,मदन,न,आमद,आम","n̪,d̪ən̪,ɑː,ɑːmd̪,ən̪,ɑːm",,,,
406,आमने,आम,ɑːm,face to face,NotAppl,M,0,underived,,,0,0,inanimate,M,Physical State,0,0,0,"आम,आ,म","ɑː,ɑːm,m",,,,
407,आमसहमति,आमसहमत,ɑːms̪əɦmət̪,consensus,NotAppl,F,1,underived,,,1,0,inanimate,A,Abstract,0,0,0,"आ,मत,त,आमस,आम,हमत","ɑːms̪,t̪,mət̪,ɑː,ət̪,ɑːm",त,t̪,त,t̪
408,आय,आय,ɑːjə,income ,NotAppl,F,0,underived,,,0,0,inanimate,I,Object,0,0,1,"आ,आय,य","ɑːjə,ɑː,ə,ɑːj,jə",य,jə,य,jə
409,आयकर,आय,ɑːjə,income tax,NotAppl,M,4,underived,,,0,0,inanimate,G,Object,0,0,0,"आ,आय,य","ɑːjə,ɑː,ə,ɑːj,jə",य,jə,य,jə
410,आयकरदाता,आयकरदा,ɑːjkəɾd̪ɑː,income tax payers,NotAppl,M,4,abstract8,abstract8,abstract8,0,1,animate,G,Common Noun,0,0,0,"आयक,ा,आ,रदा,दा,आय","d̪ɑː,ɑː,ɑːjk,ɑːj,ɾd̪ɑː",ा,,ा,
411,आयवर्ग,आयवर्ग,ɑːjʋəɾɡ,income group,NotAppl,M,4,underived,,,1,0,inanimate,I,Abstract,0,0,0,"र्ग,आ,्ग,ग,आय,आयव","əɾɡ,ɑː,ɑːjʋ,ɡ,ɑːj,ɾɡ","र्ग,ग","ɡ,ɾɡ",,ɡ
412,आयवर्गवाला,आयवर्ग,ɑːjʋəɾɡ,income bracket,NotAppl,M,4,possessor2,,,0,1,inanimate,I,Collective Noun,0,0,0,"र्ग,आ,्ग,ग,आय,आयव","əɾɡ,ɑː,ɑːjʋ,ɡ,ɑːj,ɾɡ","र्ग,ग","ɡ,ɾɡ",,ɡ
413,आयात,आयात,ɑːjɑːt̪,import,NotAppl,M,4,underived,,,0,0,inanimate,I,Action,0,0,1,"आ,आया,त,यात,ात,आय","t̪,jɑːt̪,ɑː,ɑːjɑː,ɑːt̪,ɑːj",त,t̪,त,t̪
414,आयाम,आयाम,ɑːjɑːm,dimensions,NotAppl,M,4,underived,,,0,0,inanimate,A,Physiological  State,0,0,1,"आ,आया,म,याम,आय,ाम","ɑː,ɑːjɑː,m,jɑːm,ɑːj,ɑːm",,,,
415,आयु,आय,ɑːjə,age,NotAppl,F,0,underived,,,0,0,inanimate,T,Period,0,0,0,"आ,आय,य","ɑːjə,ɑː,ə,ɑːj,jə",य,jə,य,jə
416,आयुक्त,आयुक्त,ɑːjukt̪,commissioner,NotAppl,M,4,underived,,,0,0,animate,G,Person,0,0,1,"्त,आ,त,आयु,क्त,आय","t̪,ɑː,ukt̪,ɑːj,kt̪,ɑːju","्त,त",t̪,"्त,त",t̪
417,आयुध,आयुध,ɑːjud̪ʰ,armament,NotAppl,M,4,underived,,,0,0,inanimate,G,Artifact,0,0,1,"ुध,आ,आयु,युध,ध,आय","ud̪ʰ,ɑː,d̪ʰ,ɑːj,jud̪ʰ,ɑːju",,,,
418,आयुर्वेद,आयुर्वेद,ɑːjuɾʋeːd̪,ayurveda,NotAppl,M,4,underived,,,1,0,animate,Z,Mythological Character,0,0,0,"द,ेद,आ,वेद,आयु,आय","d̪,ɑː,ʋeːd̪,eːd̪,ɑːj,ɑːju",,,,
419,आयोग,आयोग,ɑːjoːɡ,commission,NotAppl,M,4,underived,,,0,0,inanimate,I,Group,0,0,1,"आ,ोग,योग,ग,आय,आयो","oːɡ,ɑː,joːɡ,ɡ,ɑːj,ɑːjoː","ोग,योग,ग","oːɡ,joːɡ,ɡ",,ɡ
420,आयोजक,आयोज,ɑːjoːd͡ʒ,organizer,NotAppl,M,4,agentive1,agentive1,agentive1,0,1,animate,S,Person,0,0,1,"आ,योज,ोज,ज,आय,आयो","oːd͡ʒ,ɑː,d͡ʒ,ɑːj,joːd͡ʒ,ɑːjoː",,,,
421,आयोजन,योजन,joːd͡ʒən̪,events,NotAppl,M,4,abstract_upto,,,0,1,inanimate,A,Action,0,0,1,"ोजन,योज,य,न,जन,यो","joː,j,ən̪,d͡ʒən̪,n̪,joːd͡ʒ",य,,य,
422,आयोडीन,आयोडीन,ɑːjoːɖiːn̪,iodine,NotAppl,M,4,underived,,,0,0,inanimate,O,Chemical,1,0,0,"आ,न,ीन,डीन,आय,आयो","iːn̪,ɖiːn̪,ɑː,ɑːj,n̪,ɑːjoː",,,,
423,आर.,आर.,ɑːɾə.,r.,NotAppl,M,0,underived,,,0,0,inanimate,Z,Abbreviation,1,0,0,"आर.,आर,आ,.,र.","ɾə.,.,ɑː,ə.,ɑːɾ,ɑːɾə",,ɑːɾ,,
424,आरएसएस,आरएसएस,ɑːɾəeːs̪əeːs̪,rss,NotAppl,M,0,underived,,,0,0,inanimate,Z,Abbreviation,1,0,0,"स,आर,आ,आरए,एस,सएस","ɑː,eːs̪,ɑːɾ,s̪,ɑːɾə,əeːs̪",,ɑːɾ,,
425,आरक्षण,रक्षण,ɾəkʂəɳ,reservation,NotAppl,M,4,abstract_upto,,,0,1,inanimate,A,Physical,0,0,1,"र,रक,रक्,षण,्षण,ण","əɳ,ɾə,ʂəɳ,ɾ,ɾək,ɳ","र,षण","əɳ,ʂəɳ,ɾ",र,"əɳ,ɾ"
426,आरडीएक्स,आरडीएक्स,ɑːɾɖiːeːks̪,rdx,NotAppl,M,0,underived,,,0,0,inanimate,Z,Abbreviation,1,0,0,"स,आर,आ,क्स,आरड,्स","ɑːɾɖ,ks̪,ɑː,ɑːɾ,s̪,eːks̪",क्स,"ɑːɾɖ,ks̪,ɑːɾ",,
427,आरती,आरत,ɑːɾət̪,hindu ritual of worship,NotAppl,F,1,underived,,,0,0,inanimate,Z,Action,0,0,0,"रत,आर,आ,त,आरत","t̪,ɑː,ət̪,ɑːɾ,ɑːɾə,ɾət̪","रत,त","t̪,ɑːɾ,ɾət̪",त,"t̪,ɾət̪"
428,आरपीएफ,आरपीएफ,ɑːɾpiːeːpʰ,rpf,NotAppl,M,0,underived,,,0,0,inanimate,Z,Abbreviation,1,0,0,"फ,आर,आ,ीएफ,एफ,आरप","eːpʰ,pʰ,ɑː,ɑːɾp,ɑːɾ,iːeːpʰ",,ɑːɾ,,
429,आरम्भ,रम्भ,ɾəmbʰ,beginning,NotAppl,M,0,abstract_upto,,,0,1,inanimate,T,Part of,0,0,0,"र,म्भ,रम्,भ,रम,्भ","əmbʰ,mbʰ,ɾəm,ɾə,ɾ,bʰ",र,ɾ,र,ɾ
430,आराधना,राधना,ɾɑːd̪ʰn̪ɑː,worship,NotAppl,F,3,abstract_upto,,,0,1,inanimate,S,Social,0,0,1,"ा,र,धना,ना,राध,रा","ɑː,ɾɑː,d̪ʰn̪ɑː,ɾɑːd̪ʰ,ɾ,n̪ɑː","ा,र",ɾ,"ा,र",ɾ
431,आराम,राम,ɾɑːm,rest,NotAppl,M,4,abstract_upto,,,0,1,inanimate,E,Action,0,0,1,"र,म,राम,ाम,रा","ɾɑːm,ɾɑː,m,ɾ,ɑːm",र,ɾ,र,ɾ
432,आरोप,आरोप,ɑːɾoːp,blame,NotAppl,M,4,underived,,,0,0,inanimate,Q,Communication,0,0,1,"रोप,ोप,प,आर,आ,आरो","oːp,ɑːɾoː,ɑː,ɾoːp,p,ɑːɾ",,ɑːɾ,,
433,आरोपी,रोपी,ɾoːpiː,accused,NotAppl,M,4,abstract_upto,,,0,1,animate,Q,Person,0,0,0,"रोप,रो,र,ोपी,पी,ी","iː,piː,ɾoːp,ɾ,ɾoː,oːpiː","र,ी",ɾ,"र,ी",ɾ
434,आर्कबिशप,आर्कबिशप,ɑːɾkəbɪʃəp,archbishop,NotAppl,M,4,underived,,,0,0,animate,S,Title,0,0,0,"िशप,प,आर,आ,शप,आर्","ɑː,ʃəp,əp,p,ɑːɾ,ɑːɾk",,ɑːɾ,,
435,आर्काइव,आर्काइव,ɑːɾkɑːɪʋ,archive,NotAppl,M,4,underived,,,0,0,inanimate,Q,Artifact,1,0,0,"व,आर,आ,इव,ाइव,आर्","ɑː,ʋ,ɑːɾ,ɪʋ,ɑːɪʋ,ɑːɾk",व,"ʋ,ɑːɾ",व,ʋ
436,आर्किटेक्ट,आर्किटेक्ट,ɑːɾkɪʈeːkʈ,architect,NotAppl,M,4,underived,,,0,0,animate,H,Person,1,0,0,"ट,क्ट,आर,आ,्ट,आर्","eːkʈ,ɑː,ʈ,ɑːɾ,ɑːɾk,kʈ",,ɑːɾ,,
437,आर्च,आर्च,ɑːɾt͡ʃ,arch,NotAppl,M,5,underived,,,0,0,inanimate,X,Common Noun,1,0,0,"आर,आ,्च,र्च,च,आर्","ɾt͡ʃ,t͡ʃ,ɑː,ɑːɾt͡ʃ,ɑːɾ",्च,ɑːɾ,,
438,आर्ट,आर्ट,ɑːɾʈ,art,NotAppl,F,3,underived,,,0,0,inanimate,C,Art,1,0,0,"ट,आर,आ,र्ट,्ट,आर्","ɑː,ʈ,ɾʈ,ɑːɾ,ɑːɾʈ",,ɑːɾ,,
439,आर्टिलेरी,आर्टिलेर,ɑːɾʈɪleːɾ,artillery,NotAppl,M,4,underived,,,0,0,inanimate,G,Physical Object,1,0,0,"र,आर,आ,लेर,ेर,आर्","ɑː,leːɾ,ɾ,ɑːɾ,ɑːɾʈ,eːɾ",र,"ɾ,ɑːɾ",र,ɾ
440,आर्डर,आर्डर,ɑːɾɖəɾ,order,NotAppl,M,4,underived,,,0,0,inanimate,S,State,1,0,0,"र,आर,आ,डर,आर्,्डर","ɑːɾɖ,ɑː,ɾ,ɑːɾ,əɾ,ɖəɾ","र,डर","ɑːɾɖ,ɾ,ɑːɾ,əɾ,ɖəɾ",र,"ɾ,əɾ"
441,आर्द्रता,आर्द्र,ɑːɾd̪ɾə,humidity,NotAppl,F,3,abstract8,abstract8,abstract8,0,1,inanimate,O,State,0,0,1,"र,आर,आ,्र,द्र,आर्","ɑː,ɾə,d̪ɾə,ɑːɾd̪,ɑːɾ,ə",र,ɑːɾ,र,
442,आर्म,आर्म,ɑːɾm,arm,NotAppl,F,4,underived,,,0,0,inanimate,B,Anatomical,1,0,0,"आर,आ,म,र्म,आर्,्म","ɑːɾm,ɑː,ɾm,m,ɑːɾ",,ɑːɾ,,
443,आर्मी,आर्म,ɑːɾm,army,NotAppl,F,1,underived,,,0,0,inanimate,G,Group,1,0,0,"आर,आ,म,र्म,आर्,्म","ɑːɾm,ɑː,ɾm,m,ɑːɾ",,ɑːɾ,,
444,आर्य,आर्य,ɑːɾjə,arya,NotAppl,M,0,underived,,,0,0,animate,Z,Person,0,0,1,"्य,आर,आ,य,र्य,आर्","ɑːɾj,ɑː,ɑːɾ,ə,jə,ɾjə","्य,य","ɑːɾ,jə",य,jə
445,आर्शीवाद,आर्शी,ɑːɾʃiː,blessings,NotAppl,M,4,speaker,,,0,1,inanimate,S,Abstract,0,0,0,"आर,आ,्शी,शी,ी,आर्","iː,ʃiː,ɑː,ɑːɾ,ɑːɾʃ,ɾʃiː","शी,ी","ʃiː,ɑːɾ",ी,
446,आलम,आलम,ɑːləm,alam,NotAppl,M,4,underived,,,0,0,inanimate,Z,State,0,1,0,"आ,आलम,म,आल,लम","əm,ɑː,m,ləm,ɑːlə,ɑːl",,,,
447,आलाकमान,आलाकमान,ɑːlɑːkmɑːn̪,high command,neutral,F,0,underived,,,1,0,animate,T,Person,0,0,0,"ान,आ,न,आल,मान,आला","ɑːn̪,ɑː,ɑːl,mɑːn̪,n̪,ɑːlɑː",,ɑːlɑː,,
448,आलाकमान,आलाकमान,ɑːlɑːkmɑːn̪,high command,neutral,M,4,underived,,,1,0,animate,T,Person,0,0,0,"ान,आ,न,आल,मान,आला","ɑːn̪,ɑː,ɑːl,mɑːn̪,n̪,ɑːlɑː",,ɑːlɑː,,
449,आलू,आल,ɑːl,potato,NotAppl,M,4,underived,,,0,0,inanimate,L,Edible,0,1,0,"आ,आल,ल","ɑː,ɑːl,l",,,,
450,आलेख,लेख,leːkʰ,article,NotAppl,M,4,abstract_upto,,,0,1,inanimate,Q,Artifact,0,0,1,"ेख,ख,ल,लेख,ले","eːkʰ,leːkʰ,leː,l,kʰ",,,,
451,आलोचना,लोचना,loːt͡ʃn̪ɑː,criticism,NotAppl,F,3,abstract_upto,,,0,1,inanimate,Q,Physical,0,0,1,"लो,चना,ा,ना,लोच,ल","loːt͡ʃ,ɑː,loː,l,n̪ɑː,t͡ʃn̪ɑː","चना,ा",t͡ʃn̪ɑː,ा,
452,आवंटन,वंटन,ʋə̃ʈən̪,allocation,NotAppl,M,4,abstract_upto,,,0,1,inanimate,N,Physical,0,0,1,"व,ंटन,वंट,वं,टन,न","ʋə̃,n̪,ʈən̪,ʋə̃ʈ,ʋ,ən̪",व,ʋ,व,ʋ
453,आवभगत,आवभगत,ɑːʋəbʰɡət̪,hospitality,NotAppl,F,3,underived,,,0,0,inanimate,S,Action,0,0,0,"गत,आव,आ,त,भगत,आवभ","ɡət̪,t̪,ɑː,ət̪,ɑːʋ,ɑːʋə","गत,त","ɡət̪,t̪",त,t̪
455,आवश्यकता,वश्यकता,ʋəʃjəkt̪ɑː,need,NotAppl,F,3,abstract_upto,,,0,1,inanimate,S,State,0,0,1,"व,ा,वश्,ता,कता,वश","ʋə,ʋəʃ,ɑː,ʋ,kt̪ɑː,t̪ɑː","व,ा,कता","ʋə,ʋ,kt̪ɑː","व,ा",ʋ
456,आवश्यकतानुसार,वश्यकतानुसार,ʋəʃjəkt̪ɑːn̪us̪ɑːɾ,as required,NotAppl,M,0,abstract_upto,,,0,1,inanimate,Z,Abstract,0,0,0,"व,वश्,ार,र,सार,वश","ʋə,ʋəʃ,ʋ,ɾ,s̪ɑːɾ,ɑːɾ","व,ार,र,सार","ʋə,ʋ,ɾ,s̪ɑːɾ,ɑːɾ","व,र","ʋ,ɾ"
457,आवा,आव,ɑːʋ,awaa,NotAppl,M,0,underived,,,0,0,inanimate,Z,Common Noun,1,0,0,"आ,व,आव","ʋ,ɑː,ɑːʋ",व,ʋ,व,ʋ
458,आवागमन,वागमन,ʋɑːɡmən̪,traffic,NotAppl,M,4,abstract_upto,,,0,1,inanimate,M,Action,0,0,1,"व,मन,वा,गमन,न,वाग","ʋɑːɡ,n̪,ʋ,ʋɑː,mən̪,ən̪","व,मन","ʋ,mən̪",व,ʋ
459,आवाज,आवाज,ɑːʋɑːd͡ʒ,sound,NotAppl,F,3,underived,,,0,0,inanimate,X,Abstract,0,0,0,"वाज,आव,आ,ाज,ज,आवा","ɑːʋɑː,ɑːd͡ʒ,ʋɑːd͡ʒ,ɑː,d͡ʒ,ɑːʋ",,,,
460,आवाजाही,आवाजाह,ɑːʋɑːd͡ʒɑːɦ,movement,NotAppl,F,1,underived,,,0,0,inanimate,M,Action,0,0,0,"आव,आ,ह,ाह,जाह,आवा","ɑːʋɑː,ɑːɦ,ɦ,ɑː,ɑːʋ,d͡ʒɑːɦ",ाह,ɑːɦ,,
461,आवाम,आवाम,ɑːʋɑːm,public,NotAppl,F,3,underived,,,0,0,inanimate,S,Group,0,0,0,"आव,आ,वाम,म,आवा,ाम","ɑːʋɑː,ɑː,m,ʋɑːm,ɑːʋ,ɑːm",,,,
462,आवास,आवास,ɑːʋɑːs̪,accommodation,NotAppl,M,4,underived,,,0,0,inanimate,H,Place,0,0,1,"स,आव,वास,आ,ास,आवा","ɑːʋɑː,ɑː,ɑːs̪,ʋɑːs̪,s̪,ɑːʋ",ास,,,
463,आविष्कार,विष्कार,ʋɪʂkɑːɾ,invention,NotAppl,M,4,abstract_upto,,,0,1,inanimate,X,Action,0,0,1,"व,ार,र,कार,वि,विष","ʋɪ,kɑːɾ,ʋɪʂ,ʋ,ɾ,ɑːɾ","व,ार,र","ʋ,ɾ,ɑːɾ","व,र","ʋ,ɾ"
464,आवेदक,वेदक,ʋeːd̪ək,applicant,NotAppl,M,4,abstract_upto,,,0,1,animate,Q,Person,0,0,1,"वे,व,दक,ेदक,वेद,क","k,d̪ək,ʋeː,ək,ʋ,ʋeːd̪","वे,व","ək,ʋ",व,ʋ
465,आवेदन,वेदन,ʋeːd̪ən̪,application,NotAppl,M,4,abstract_upto,,,0,1,inanimate,Q,Artifact,0,0,1,"वे,व,दन,वेद,न,ेदन","n̪,d̪ən̪,ʋeː,ʋ,ʋeːd̪,ən̪","वे,व",ʋ,व,ʋ
466,आव्रजन,व्रजन,ʋɾəd͡ʒən̪,immigration,NotAppl,M,4,abstract_upto,,,0,1,inanimate,M,Social,0,0,0,"व,रजन,न,जन,व्,व्र","d͡ʒən̪,ʋ,ən̪,ʋɾə,ʋɾ,n̪",व,ʋ,व,ʋ
467,आशंका,शंका,ʃə̃kɑː,apprehension,NotAppl,F,3,abstract_upto,,,0,1,inanimate,E,Cognition,0,0,1,"श,ा,शं,शंक,ंका,का","ə̃kɑː,kɑː,ʃ,ɑː,ʃə̃k,ʃə̃",ा,,ा,
468,आशय,शय,ʃəjə,intent,NotAppl,M,4,abstract_upto,,,0,1,inanimate,X,Psychological Feature,0,0,1,"शय,श,य","ʃ,ʃə,əjə,ʃəj,ə,jə",य,"əjə,jə",य,jə
469,आशा,शा,ʃɑː,hope,NotAppl,F,3,abstract_upto,,,0,1,inanimate,X,Psychological Feature,0,0,1,"शा,श,ा","ɑː,ʃɑː,ʃ","शा,ा",ʃɑː,ा,
470,आशीर्वाद,शीर्वाद,ʃiːɾʋɑːd̪,blessings,NotAppl,M,4,abstract_upto,,,0,1,inanimate,S,Communication,0,0,1,"द,वाद,श,शी,ाद,शीर","d̪,ʃiː,ʃ,ʃiːɾ,ɑːd̪,ʋɑːd̪",शी,ʃiː,,
471,आश्चर्य,श्चर्य,ʃt͡ʃəɾjə,wonder,NotAppl,M,4,abstract_upto,,,0,1,inanimate,X,Perception,0,0,1,"श,्य,य,श्च,र्य,श्","ʃ,ʃt͡ʃ,ʃt͡ʃə,ə,jə,ɾjə","्य,य",jə,य,jə
472,आश्रम,आश्रम,ɑːʃɾəm,ashram,NotAppl,M,4,underived,,,0,0,inanimate,Z,Physical Place,0,0,1,"आ,म,्रम,रम,आश,आश्","əm,ɾəm,ɑː,m,ɑːʃɾ,ɑːʃ",,,,
473,आश्रित,आश्रित,ɑːʃɾɪt̪,dependent,NotAppl,M,4,underived,,,0,0,animate,A,Person,0,0,1,"रित,आ,त,ित,आश,आश्","ɪt̪,t̪,ɑː,ɑːʃɾ,ɑːʃ,ɾɪt̪",त,t̪,त,t̪
474,आश्वासन,आश्वासन,ɑːʃʋɑːs̪ən̪,assurance,NotAppl,M,4,underived,,,0,0,inanimate,Q,Physical,0,0,1,"सन,आ,न,ासन,आश,आश्","n̪,ɑː,ɑːʃ,s̪ən̪,ən̪,ɑːʃʋ","सन,ासन",s̪ən̪,,
475,आस,आस,ɑːs̪,hope,neutral,F,0,underived,,,0,0,inanimate,X,Psychological Feature,0,0,0,"आ,स,आस","ɑː,ɑːs̪,s̪",,,,
476,आस,आस,ɑːs̪,hope,neutral,M,0,underived,,,0,0,inanimate,X,Psychological Feature,0,0,0,"आ,स,आस","ɑː,ɑːs̪,s̪",,,,
477,आसन,सन,s̪ən̪,posture,NotAppl,M,4,abstract_upto,,,0,1,inanimate,O,Artifact,0,0,1,"सन,स,न","n̪,s̪ə,s̪,s̪ən̪,ən̪",सन,s̪ən̪,,
478,आसमान,समान,s̪əmɑːn̪,the sky,NotAppl,M,4,abstract_upto,,,0,1,inanimate,Z,Place,0,1,0,"ान,स,समा,न,सम,मान","ɑːn̪,s̪ə,s̪əm,s̪,mɑːn̪,n̪",,,,
479,आसानी,आसान,ɑːs̪ɑːn̪,ease,NotAppl,F,1,underived,,,0,0,inanimate,A,State,0,1,0,"ान,आसा,आ,न,आस,सान","ɑːn̪,ɑː,ɑːs̪,ɑːs̪ɑː,s̪ɑːn̪,n̪",,,,
480,आसार,सार,s̪ɑːɾ,prospects,NotAppl,M,4,abstract_upto,,,0,1,inanimate,A,Psychological Feature,0,1,0,"स,सार,र,ार,सा","ɾ,s̪ɑːɾ,ɑːɾ,s̪,s̪ɑː","सार,र,ार,सा","ɾ,s̪ɑːɾ,ɑːɾ",र,ɾ
481,आस्ट्रेलियाई,आस्ट्रेलिया,ɑːs̪ʈɾeːlɪjɑː,australian,NotAppl,M,4,underived,,,0,0,inanimate,Z,Person,1,0,0,"ा,आ,िया,आस्,या,आस","ɪjɑː,ɑː,ɑːs̪ʈ,ɑːs̪,jɑː","ा,या",jɑː,ा,
482,आस्था,आस्थ,ɑːs̪t̪ʰ,faith,NotAppl,F,3,underived,,,0,0,inanimate,E,Psychological Feature,0,0,1,"्थ,आ,आस्,आस,स्थ,थ","ɑːs̪t̪ʰ,s̪t̪ʰ,ɑː,ɑːs̪,t̪ʰ",,,,
483,आहट,आहट,ɑːɦəʈ,sound,NotAppl,F,3,underived,,,0,0,inanimate,X,property,0,0,0,"ट,आ,आहट,हट,आह","əʈ,ɑːɦ,ɦəʈ,ɑː,ɑːɦə,ʈ",,"əʈ,ɑːɦ",,
484,आहार,हार,ɦɑːɾ,diet,NotAppl,M,4,abstract_upto,,,0,1,inanimate,F,Edible,0,0,1,"ार,र,ह,हा,हार","ɦɑː,ɦ,ɦɑːɾ,ɾ,ɑːɾ","ार,र","ɾ,ɑːɾ",र,ɾ
485,आह्वान,आह्वान,ɑːɦʋɑːn̪,invocation,NotAppl,M,4,agentive_endowment,,,0,1,inanimate,Q,Physical,0,0,1,"ान,वान,आ,न,आह्,आह","ɑːn̪,ɑːɦ,ɑː,ʋɑːn̪,ɑːɦʋ,n̪",,ɑːɦ,,
486,इंकार,इंकार,ɪ̃kɑːɾ,refusal,NotAppl,M,0,agentive_activity1,agentive_activity1,agentive_activity1,0,1,inanimate,Q,Physical,0,0,0,"इ,र,ार,कार,इं,इंक","kɑːɾ,ɪ̃k,ɾ,ɑːɾ,ɪ̃,ɪ̃kɑː","इ,र,ार,इं","ɾ,ɑːɾ,ɪ̃",र,ɾ
487,इंक्वायरी,इंक्वायर,ɪ̃kʋɑːjəɾ,inquiry,NotAppl,F,1,underived,,,0,0,inanimate,Q,Action,1,0,0,"इ,यर,र,ायर,इं,इंक","ɪ̃k,jəɾ,ɾ,ɪ̃,ɪ̃kʋ,əɾ","इ,र,इं","ɾ,ɪ̃,əɾ",र,"ɾ,əɾ"
488,इंच,इंच,ɪ̃t͡ʃ,inch,NotAppl,M,4,underived,,,0,0,inanimate,N,Measurement,1,0,0,"इ,ंच,इंच,च,इं","t͡ʃ,ɪ̃,ɪ̃t͡ʃ","इ,इं",ɪ̃,,
489,इंचार्ज,इंचार्ज,ɪ̃t͡ʃɑːɾd͡ʒ,incharge,NotAppl,M,4,underived,,,0,0,inanimate,Z,Occupation,1,0,0,"इ,र्ज,इंच,ज,इं,्ज","ɑːɾd͡ʒ,d͡ʒ,ɪ̃t͡ʃ,ɪ̃,ɾd͡ʒ,ɪ̃t͡ʃɑː","इ,इं",ɪ̃,,
490,इंजन,इंजन,ɪ̃d͡ʒən̪,engine,NotAppl,M,4,underived,,,0,0,inanimate,O,Artifact,1,0,0,"इ,ंजन,इंज,न,जन,इं","ɪ̃d͡ʒə,ən̪,ɪ̃,ɪ̃d͡ʒ,d͡ʒən̪,n̪","इ,इं",ɪ̃,,
491,इंजिन,इंजिन,ɪ̃d͡ʒɪn̪,engine,NotAppl,M,4,underived,,,0,0,inanimate,O,Common Noun,1,0,0,"इ,इंज,िन,जिन,न,इं","ɪ̃d͡ʒɪ,d͡ʒɪn̪,ɪn̪,ɪ̃,ɪ̃d͡ʒ,n̪","इ,इं",ɪ̃,,
492,इंजीनियर,इंजीनियर,ɪ̃d͡ʒiːn̪ɪjəɾ,engineer,NotAppl,M,4,underived,,,0,0,animate,Y,Person,1,0,0,"इ,इंज,यर,र,ियर,इं","ɪ̃d͡ʒiː,jəɾ,ɾ,ɪ̃,ɪ̃d͡ʒ,əɾ","इ,र,ियर,इं","ɾ,ɪ̃,əɾ",र,"ɾ,əɾ"
493,इंजीनियरिंग,इंजीनियरिंग,ɪ̃d͡ʒiːn̪ɪjɾɪ̃ɡ,engineering,NotAppl,F,0,underived,,,0,0,inanimate,Y,Cognition,1,0,0,"इ,इंज,िंग,ंग,इं,ग","ɪ̃d͡ʒiː,ɾɪ̃ɡ,ɪ̃ɡ,ɪ̃,ɡ,ɪ̃d͡ʒ","इ,िंग,ंग,इं,ग","ɾɪ̃ɡ,ɪ̃ɡ,ɪ̃,ɡ","िंग,ंग","ɪ̃ɡ,ɡ"
494,इंटर,इंटर,ɪ̃ʈəɾ,inter,NotAppl,M,0,underived,,,0,0,inanimate,L,Abbreviation,1,0,0,"इ,र,इंट,इं,टर,ंटर","ɪ̃ʈə,ɾ,ɪ̃ʈ,ɪ̃,əɾ,ʈəɾ","इ,र,इंट,इं,टर","ɾ,ɪ̃,əɾ,ʈəɾ","र,टर","ɾ,əɾ,ʈəɾ"
495,इंटरनेट,इंटरनेट,ɪ̃ʈəɾn̪eːʈ,internet,NotAppl,M,4,underived,,,0,0,inanimate,Z,Artifact,1,0,0,"इ,ट,नेट,इंट,ेट,इं","n̪eːʈ,ɪ̃ʈə,eːʈ,ʈ,ɪ̃ʈ,ɪ̃","इ,इंट,इं",ɪ̃,,
496,इंटरनेशनल,इंटरनेशनल,ɪ̃ʈəɾn̪eːʃn̪əl,international,NotAppl,M,4,underived,,,0,0,inanimate,M,Relational,1,0,0,"इ,शनल,नल,इंट,इं,ल","n̪əl,ɪ̃ʈə,əl,ɪ̃ʈ,ɪ̃,l","इ,नल,इंट,इं","n̪əl,əl,ɪ̃",,
497,इंटरपोल,इंटरपोल,ɪ̃ʈəɾpoːl,interpol,NotAppl,M,0,underived,,,0,0,inanimate,Z,Group,1,0,0,"इ,इंट,ोल,इं,ल,पोल","oːl,ɪ̃ʈə,ɪ̃ʈ,ɪ̃,l,poːl","इ,इंट,इं",ɪ̃,,
498,इंटरव्यू,इंटरव्य,ɪ̃ʈəɾʋjə,interview,NotAppl,M,4,underived,,,0,0,inanimate,Q,Action,1,0,0,"इ,्य,इंट,य,इं,व्य","ɪ̃ʈə,ʋjə,ɪ̃ʈ,ə,ɪ̃,jə","इ,्य,इंट,य,इं","ɪ̃,jə",य,jə
499,इंटीरियर,इंटीरियर,ɪ̃ʈiːɾɪjəɾ,interior,NotAppl,M,4,underived,,,0,0,inanimate,H,Artifact,1,0,0,"इ,यर,र,इंट,ियर,इं","jəɾ,ɾ,ɪ̃ʈ,ɪ̃,ɪ̃ʈiː,əɾ","इ,र,इंट,ियर,इं","ɾ,ɪ̃,əɾ",र,"ɾ,əɾ"
500,इंटेलीजेंस,इंटेलीजेंस,ɪ̃ʈeːliːd͡ʒẽːs̪,intelligence,NotAppl,M,4,underived,,,0,0,inanimate,X,Abstract,1,0,0,"इ,स,ेंस,ंस,इंट,इं","ẽːs̪,d͡ʒẽːs̪,ɪ̃ʈeː,ɪ̃ʈ,s̪,ɪ̃","इ,इंट,इं",ɪ̃,,
501,इंडोर,इंडोर,ɪ̃ɖoːɾ,indoor,NotAppl,M,4,underived,,,0,0,inanimate,H,Common Noun,1,0,0,"इ,डोर,ोर,र,इं,इंड","oːɾ,ɾ,ɪ̃ɖ,ɪ̃,ɖoːɾ,ɪ̃ɖoː","इ,र,इं","ɾ,ɪ̃",र,ɾ
502,इंतजाम,इंतजाम,ɪ̃t̪d͡ʒɑːm,arrangements,NotAppl,M,4,underived,,,0,0,inanimate,Q,Action,0,0,0,"इ,जाम,म,इं,ाम,इंत","ɪ̃t̪,ɪ̃t̪d͡ʒ,m,d͡ʒɑːm,ɪ̃,ɑːm","इ,इं",ɪ̃,,
503,इंतजामात,इंतजामात,ɪ̃t̪d͡ʒɑːmɑːt̪,arrangements,NotAppl,M,0,underived,,,0,0,inanimate,Q,Abstract,0,0,0,"इ,मात,त,ात,इं,इंत","ɪ̃t̪,ɪ̃t̪d͡ʒ,t̪,ɑːt̪,mɑːt̪,ɪ̃","इ,त,इं","t̪,ɪ̃",त,t̪
504,इंतजार,इंतजार,ɪ̃t̪d͡ʒɑːɾ,wait,NotAppl,M,4,underived,,,0,0,inanimate,T,Action,0,0,0,"इ,र,ार,इं,जार,इंत","ɪ̃t̪,d͡ʒɑːɾ,ɪ̃t̪d͡ʒ,ɾ,ɑːɾ,ɪ̃","इ,र,ार,इं","ɾ,ɑːɾ,ɪ̃",र,ɾ
505,इंफ्रारेड,इंफ्रारेड,ɪ̃pʰɾɑːɾeːɖ,infrared,NotAppl,F,0,underived,,,0,0,inanimate,Y,Qualitative,1,0,0,"इ,ड,इं,इंफ,ेड,रेड","eːɖ,ɖ,ɪ̃,ɾeːɖ,ɪ̃pʰɾ,ɪ̃pʰ","इ,इं",ɪ̃,,
506,इंफ्रास्ट्रक्चर,इंफ्रास्ट्रक्चर,ɪ̃pʰɾɑːs̪ʈɾəkt͡ʃəɾ,infrastructure,NotAppl,M,4,underived,,,0,0,inanimate,I,Cognition,1,0,0,"इ,चर,र,्चर,इंफ,इं","t͡ʃəɾ,ɾ,ɪ̃,əɾ,ɪ̃pʰɾ,ɪ̃pʰ","इ,र,इं","ɾ,ɪ̃,əɾ",र,"ɾ,əɾ"
507,इंश्योरेंश,इंश्योरेंश,ɪ̃ʃjoːɾẽːʃ,insurance,NotAppl,M,4,underived,,,0,0,inanimate,I,Abstract,1,0,0,"इ,श,इंश,ंश,इं,ेंश","ʃ,ɪ̃ʃj,ɪ̃,ɾẽːʃ,ɪ̃ʃ,ẽːʃ","इ,इं",ɪ̃,,
508,इंश्योरेंस,इंश्योरेंस,ɪ̃ʃjoːɾẽːs̪,insurance,NotAppl,F,3,underived,,,0,0,inanimate,I,Action,1,0,0,"इ,स,ेंस,ंस,इंश,इं","ẽːs̪,ɪ̃ʃj,s̪,ɪ̃,ɪ̃ʃ,ɾẽːs̪","इ,इं",ɪ̃,,
509,इंसपेक्टर,इंसपेक्टर,ɪ̃s̪peːkʈəɾ,inspector,NotAppl,M,4,underived,,,0,0,animate,G,Common Noun,1,0,0,"इ,इंस,र,्टर,इं,टर","ɪ̃s̪,ɾ,ɪ̃,əɾ,ʈəɾ,ɪ̃s̪p","इ,र,्टर,इं,टर","ɾ,ɪ̃,əɾ,ʈəɾ","र,्टर,टर","ɾ,əɾ,ʈəɾ"
510,इंसान,इंसान,ɪ̃s̪ɑːn̪,human being,NotAppl,M,4,underived,,,0,0,animate,S,Person,0,0,0,"इ,ान,इंस,न,सान,इं","ɑːn̪,ɪ̃,s̪ɑːn̪,ɪ̃s̪,ɪ̃s̪ɑː,n̪","इ,इं",ɪ̃,,
511,इंसाफ,इंसाफ,ɪ̃s̪ɑːpʰ,justice,NotAppl,M,4,underived,,,0,0,inanimate,G,Psychological Feature,0,0,0,"इ,इंस,फ,ाफ,साफ,इं","pʰ,ɑːpʰ,ɪ̃,s̪ɑːpʰ,ɪ̃s̪,ɪ̃s̪ɑː","इ,इं",ɪ̃,,
512,इंस्टीट्यूट,इंस्टीट्यूट,ɪ̃s̪ʈiːʈjuːʈ,institute,NotAppl,M,4,underived,,,0,0,inanimate,T,Common Noun,1,0,0,"इ,ट,इंस,ूट,यूट,इं","uːʈ,juːʈ,ʈ,ɪ̃,ɪ̃s̪ʈ,ɪ̃s̪","इ,इं",ɪ̃,,
514,इकाई,इका,ɪkɑː,unit,NotAppl,F,1,underived,,,0,0,inanimate,S,Place,0,0,0,"इ,ा,इक,का,इका","kɑː,ɪk,ɪkɑː,ɑː,ɪ","इ,ा",,ा,
515,इक्विटी,इक्विट,ɪkʋɪʈ,equity,NotAppl,F,1,underived,,,0,0,inanimate,G,Common Noun,1,0,0,"इ,ट,इक्,इक,विट,िट","ɪk,ɪʈ,ɪ,ʋɪʈ,ʈ,ɪkʋ",इ,ɪʈ,,
516,इच्छा,इच्छ,ɪt͡ʃt͡ʃʰ,desire,NotAppl,F,3,underived,,,0,0,inanimate,X,Psychological Feature,0,0,1,"इ,्छ,च्छ,इच्,इच,छ","t͡ʃʰ,ɪ,ɪt͡ʃ,ɪt͡ʃt͡ʃʰ,t͡ʃt͡ʃʰ","इ,छ",t͡ʃʰ,छ,t͡ʃʰ
517,इच्छानुसार,इच्छानुसार,ɪt͡ʃt͡ʃʰɑːn̪us̪ɑːɾ,as desired,NotAppl,F,0,underived,,,1,0,inanimate,Z,Manner,0,0,0,"इ,ार,र,सार,इच्,इच","ɪ,ɾ,s̪ɑːɾ,ɑːɾ,ɪt͡ʃ,ɪt͡ʃt͡ʃʰ","इ,ार,र,सार","ɾ,s̪ɑːɾ,ɑːɾ",र,ɾ
518,इच्छुक,इच्छुक,ɪt͡ʃt͡ʃʰuk,willing,NotAppl,M,4,underived,,,0,0,inanimate,X,Relational,0,0,1,"इ,ुक,छुक,इच्,क,इच","k,ɪ,t͡ʃʰuk,uk,ɪt͡ʃ,ɪt͡ʃt͡ʃʰ","इ,ुक",,,
519,इजहार,इजहार,ɪd͡ʒɦɑːɾ,expression,NotAppl,M,4,underived,,,0,0,inanimate,Q,Physical,0,0,0,"इ,इजह,ार,र,हार,इज","ɦɑːɾ,ɪ,ɪd͡ʒɦ,ɾ,ɑːɾ,ɪd͡ʒ","इ,ार,र","ɾ,ɑːɾ",र,ɾ
520,इज़ाफ़ा,इज़ाफ़,ɪzɑːf,enlargement,NotAppl,M,2,underived,,,0,0,inanimate,C,Action,0,0,0,"इ,ाफ़,इज़,़,फ़,इज","ɪ,zɑːf,ɑːf,ɪzɑː,ɪz,f","इ,़",,़,
523,इजाज़त,इजाज़त,ɪd͡ʒɑːzət̪,permission,NotAppl,F,3,underived,,,0,0,inanimate,S,Perception,0,0,0,"इ,इजा,़त,ज़त,त,इज","ɪd͡ʒɑː,t̪,zət̪,ɪ,ət̪,ɪd͡ʒ","इ,त",t̪,त,t̪
524,इजाफा,इजाफ,ɪd͡ʒɑːpʰ,increase,neutral,F,3,underived,,,0,0,inanimate,N,Action,0,0,0,"इ,इजा,फ,ाफ,जाफ,इज","ɪd͡ʒɑː,pʰ,ɪ,ɑːpʰ,d͡ʒɑːpʰ,ɪd͡ʒ",इ,,,
525,इजाफा,इजाफ,ɪd͡ʒɑːpʰ,increase,neutral,M,2,underived,,,0,0,inanimate,N,Action,0,0,0,"इ,इजा,फ,ाफ,जाफ,इज","ɪd͡ʒɑː,pʰ,ɪ,ɑːpʰ,d͡ʒɑːpʰ,ɪd͡ʒ",इ,,,
526,इज्तिमा,इज्तिम,ɪd͡ʒt̪ɪm,ijtima,NotAppl,M,2,underived,,,0,0,inanimate,Z,Event,0,0,0,"इ,इज्,म,तिम,इज,िम","t̪ɪm,ɪ,ɪm,m,ɪd͡ʒt̪,ɪd͡ʒ",इ,,,
527,इतिहास,इतिहास,ɪt̪ɪɦɑːs̪,history,neutral,F,3,underived,,,0,0,inanimate,T,Action,0,0,1,"इ,स,ास,इत,इति,हास","ɪt̪,ɪ,ɑːs̪,ɪt̪ɪ,ɦɑːs̪,s̪","इ,ास",,,
528,इतिहास,इतिहास,ɪt̪ɪɦɑːs̪,history,neutral,M,4,underived,,,0,0,inanimate,T,Action,0,0,1,"इ,स,ास,इत,इति,हास","ɪt̪,ɪ,ɑːs̪,ɪt̪ɪ,ɦɑːs̪,s̪","इ,ास",,,
529,इतिहासकार,इतिहासकार,ɪt̪ɪɦɑːs̪kɑːɾ,historian,NotAppl,M,4,agentive_activity1,agentive_activity1,agentive_activity1,0,1,animate,P,Person,0,0,0,"इ,ार,र,इत,इति,कार","ɪt̪,kɑːɾ,ɪ,ɪt̪ɪ,ɾ,ɑːɾ","इ,ार,र","ɾ,ɑːɾ",र,ɾ
530,इतिहासविद,इतिहासविद,ɪt̪ɪɦɑːs̪ʋɪd̪,historian,NotAppl,M,4,underived,,,1,0,animate,P,Common Noun,0,0,0,"इ,द,इत,इति,विद,िद","d̪,ɪt̪,ɪ,ɪt̪ɪ,ʋɪd̪,ɪd̪",इ,,,
531,इत्तफाक,इत्तफाक,ɪt̪t̪əpʰɑːk,coincidence,NotAppl,M,4,underived,,,0,0,inanimate,A,Event,0,0,0,"इ,फाक,इत,इत्,क,ाक","k,ɪt̪,ɪ,ɑːk,pʰɑːk,ɪt̪t̪",इ,,,
532,इत्तला,इत्तल,ɪt̪t̪əl,reported,NotAppl,F,3,underived,,,0,0,inanimate,Q,information,0,1,0,"इ,तल,इत,इत्,ल,्तल","ɪt̪,ɪ,əl,l,ɪt̪t̪,t̪əl",इ,əl,,
533,इत्तेफाक,इत्तेफाक,ɪt̪t̪eːpʰɑːk,coincidence,NotAppl,M,4,underived,,,0,0,inanimate,A,Concept,0,0,0,"इ,फाक,इत,इत्,क,ाक","k,ɪt̪,ɪ,ɑːk,pʰɑːk,ɪt̪t̪",इ,,,
534,इधर,इधर,ɪd̪ʰəɾ,here,NotAppl,M,0,underived,,,0,0,inanimate,M,Direction,0,0,0,"इ,इधर,र,इध,धर","d̪ʰəɾ,ɪd̪ʰə,ɪ,ɾ,əɾ,ɪd̪ʰ","इ,र","ɾ,əɾ",र,"ɾ,əɾ"
535,इनकार,इनकार,ɪn̪kɑːɾ,denied,NotAppl,M,4,agentive_activity1,agentive_activity1,agentive_activity1,0,1,inanimate,Q,Physical,0,1,0,"इ,इनक,ार,र,इन,कार","kɑːɾ,ɪn̪k,ɪ,ɾ,ɑːɾ,ɪn̪","इ,ार,र","ɾ,ɑːɾ",र,ɾ
536,इनसास,इनसास,ɪn̪s̪ɑːs̪,insas,NotAppl,M,0,underived,,,0,0,inanimate,Z,Social,0,0,0,"इ,स,इन,ास,इनस,सास","s̪ɑːs̪,ɪn̪s̪,ɪ,ɑːs̪,s̪,ɪn̪","इ,ास",,,
537,इनाम,इनाम,ɪn̪ɑːm,reward,NotAppl,M,4,underived,,,0,0,inanimate,S,Object,0,1,0,"इ,इना,नाम,म,इन,ाम","ɪn̪ɑː,ɪ,m,ɪn̪,n̪ɑːm,ɑːm",इ,,,
538,इन्कार,इन्कार,ɪn̪kɑːɾ,denial,NotAppl,M,0,underived,,,0,0,inanimate,Q,Physical,0,0,0,"इ,ार,र,इन,कार,इन्","kɑːɾ,ɪn̪k,ɪ,ɾ,ɑːɾ,ɪn̪","इ,ार,र","ɾ,ɑːɾ",र,ɾ
539,इन्वेंशन,इन्वेंशन,ɪn̪ʋẽːʃən̪,inventions,NotAppl,M,4,underived,,,0,0,inanimate,X,Artifact,1,0,0,"इ,शन,ंशन,न,इन,इन्","n̪,ɪ,ɪn̪ʋ,ɪn̪,ən̪,ʃən̪","इ,शन",ʃən̪,,
540,इमरजेंसी,इमरजेंस,ɪməɾd͡ʒẽːs̪,emergency,NotAppl,F,1,underived,,,0,0,inanimate,A,Time,1,0,0,"इ,स,ेंस,ंस,इम,इमर","ẽːs̪,ɪ,ɪm,ɪmə,d͡ʒẽːs̪,s̪",इ,,,
541,इमाम,इमाम,ɪmɑːm,imam,NotAppl,M,4,underived,,,0,0,animate,S,Person,0,1,0,"इ,माम,इम,म,इमा,ाम","ɪmɑː,ɪ,ɪm,m,mɑːm,ɑːm",इ,,,
542,इमारत,इमारत,ɪmɑːɾət̪,building,NotAppl,F,3,underived,,,0,0,inanimate,H,Artifact,0,1,0,"इ,ारत,रत,इम,त,इमा","t̪,ɪmɑː,ɪ,ɪm,ət̪,ɾət̪","इ,रत,त","t̪,ɾət̪",त,"t̪,ɾət̪"
543,इमिग्रेंट,इमिग्रेंट,ɪmɪɡɾẽːʈ,the emigrant,NotAppl,M,4,underived,,,0,0,animate,Z,Common Noun,1,0,0,"इ,ट,ेंट,इम,ंट,इमि","ɪ,ɪm,ʈ,ɪmɪ,ɾẽːʈ,ẽːʈ","इ,ेंट,ंट",ẽːʈ,,
544,इमिग्रेशन,इमिग्रेशन,ɪmɪɡɾeːʃən̪,immigration,NotAppl,M,4,underived,,,0,0,inanimate,M,Abstract,1,0,0,"इ,शन,इम,ेशन,न,इमि","n̪,ɪ,ɪm,ɪmɪ,ən̪,ʃən̪","इ,शन,ेशन",ʃən̪,ेशन,
545,इम्तहान,इम्तहान,ɪmt̪əɦɑːn̪,examination,NotAppl,M,4,underived,,,0,0,inanimate,P,Action,0,1,0,"इ,ान,हान,इम,न,इम्","ɑːn̪,ɪmt̪,ɪ,ɪm,ɦɑːn̪,n̪",इ,,,
546,इराकी,इराक,ɪɾɑːk,iraqi,NotAppl,M,4,underived,,,0,0,animate,Z,Person,1,0,0,"इ,राक,इरा,ाक,क,इर","ɪɾ,k,ɪ,ɾɑːk,ɪɾɑː,ɑːk",इ,,,
547,इरादा,इराद,ɪɾɑːd̪,intention,NotAppl,M,2,underived,,,0,0,inanimate,X,Abstract,0,1,0,"इ,द,इरा,राद,ाद,इर","ɪɾ,d̪,ɑːd̪,ɾɑːd̪,ɪ,ɪɾɑː",इ,,,
548,इर्द,इर्द,ɪɾd̪,ird,NotAppl,M,0,underived,,,0,0,inanimate,Z,Physical State,1,0,0,"इ,द,्द,र्द,इर,इर्","ɪɾ,ɪɾd̪,d̪,ɪ,ɾd̪",इ,,,
549,इलाका,इलाक,ɪlɑːk,area,NotAppl,M,4,underived,,,0,0,inanimate,M,Physical Place,0,0,0,"इ,इल,लाक,क,ाक,इला","k,ɪl,ɪ,ɪlɑː,lɑːk,ɑːk",इ,,,
550,इलाज,इलाज,ɪlɑːd͡ʒ,treatment,NotAppl,M,4,underived,,,0,0,inanimate,B,Physical Process,0,1,0,"इ,लाज,इल,ाज,ज,इला","ɪl,ɑːd͡ʒ,d͡ʒ,ɪ,ɪlɑː,lɑːd͡ʒ",इ,,,
551,इलेक्ट्रॅनिक्स,इलेक्ट्रॅनिक्स,ɪleːkʈɾæn̪ɪks̪,electronics,NotAppl,M,5,underived,,,0,0,inanimate,O,Common Noun,1,0,0,"इ,स,इले,इल,क्स,्स","ɪl,ks̪,ɪ,ɪleː,s̪,ɪks̪","इ,क्स",ks̪,,
552,इलेक्ट्रॉन,इलेक्ट्रॉन,ɪleːkʈɾɔn̪,electron,NotAppl,M,4,underived,,,0,0,inanimate,Y,Part of,1,0,0,"इ,इले,इल,रॉन,न,ॉन","ɪl,ɪ,ɪleː,ɔn̪,ɾɔn̪,n̪",इ,,,
553,इलेक्ट्रॉनिक,इलेक्ट्रॉनिक,ɪleːkʈɾɔn̪ɪk,electronic,NotAppl,M,4,underived,,,0,0,inanimate,O,Relational,1,0,0,"इ,इले,निक,इल,िक,क","k,ɪk,ɪl,ɪ,n̪ɪk,ɪleː",इ,,,
555,इल्जाम,इल्जाम,ɪld͡ʒɑːm,accusation,NotAppl,M,4,underived,,,0,0,inanimate,Q,Physical,0,0,0,"इ,जाम,इल,इल्,म,ाम","ɪl,ɪ,m,d͡ʒɑːm,ɪld͡ʒ,ɑːm",इ,,,
556,इशारा,इशार,ɪʃɑːɾ,signal,NotAppl,M,2,underived,,,0,0,inanimate,Q,property,0,1,0,"इ,ार,इशा,र,इश,शार","ɪ,ɾ,ɑːɾ,ɪʃɑː,ʃɑːɾ,ɪʃ","इ,ार,र","ɾ,ɑːɾ",र,ɾ
557,इश्क,इश्क,ɪʃk,love,NotAppl,M,4,underived,,,0,0,inanimate,S,Psychological Feature,0,0,0,"इ,्क,इश्,क,इश,श्क","k,ɪʃk,ɪ,ʃk,ɪʃ",इ,,,
558,इस्टीमेट,इस्टीमेट,ɪs̪ʈiːmeːʈ,estimate,NotAppl,M,4,underived,,,0,0,inanimate,X,Document,1,0,0,"इ,इस्,इस,ट,मेट,ेट","meːʈ,ɪ,ɪs̪,eːʈ,ʈ,ɪs̪ʈ",इ,,,
559,इस्टेट,इस्टेट,ɪs̪ʈeːʈ,estate,neutral,F,5,underived,,,0,0,inanimate,M,Common Noun,1,0,0,"इ,इस्,इस,ट,ेट,टेट","ɪ,ɪs̪,ʈeːʈ,eːʈ,ʈ,ɪs̪ʈ",इ,,,
560,इस्टेट,इस्टेट,ɪs̪ʈeːʈ,estate,neutral,M,4,underived,,,0,0,inanimate,M,Common Noun,1,0,0,"इ,इस्,इस,ट,ेट,टेट","ɪ,ɪs̪,ʈeːʈ,eːʈ,ʈ,ɪs̪ʈ",इ,,,
561,इस्तीफा,इस्तीफ,ɪs̪t̪iːpʰ,resign,NotAppl,M,2,underived,,,0,0,inanimate,A,Artifact,0,0,0,"इ,इस्,इस,फ,तीफ,ीफ","iːpʰ,pʰ,ɪ,ɪs̪,ɪs̪t̪,t̪iːpʰ",इ,,,
562,इस्तेमाल,इस्तेमाल,ɪs̪t̪eːmɑːl,use,NotAppl,M,4,underived,,,0,0,inanimate,A,Action,0,1,0,"इ,इस्,इस,ाल,माल,ल","mɑːl,ɪ,ɪs̪,ɪs̪t̪,l,ɑːl",इ,,,
563,इस्पात,इस्पात,ɪs̪pɑːt̪,steel,NotAppl,M,4,underived,,,0,0,inanimate,O,Artifact,0,0,0,"इ,इस्,इस,पात,त,ात","t̪,ɪs̪p,ɪ,ɪs̪,ɑːt̪,pɑːt̪","इ,पात,त","t̪,pɑːt̪",त,t̪
564,ई,ई,iː,e,neutral,F,0,underived,,,0,0,inanimate,Z,Artifact,1,0,0,ई,iː,,,,
565,ई,ई,iː,e,neutral,M,0,underived,,,0,0,inanimate,Z,Artifact,1,0,0,ई,iː,,,,
566,ई.,ई.,iː.,e.,NotAppl,F,0,underived,,,0,0,inanimate,Z,Abbreviation,1,0,0,".,ई.,ई","iː,.,iː.",,,,
567,ईंट,ईंट,ĩːʈ,brick,NotAppl,F,3,underived,,,0,0,inanimate,O,Artifact,0,0,0,"ट,ईंट,ई,ंट,ईं","ʈ,ĩː,ĩːʈ",ंट,,,
568,ईंधन,ईंधन,ĩːd̪ʰən̪,fuel,NotAppl,M,4,underived,,,0,0,inanimate,O,Object,0,0,0,"धन,ई,ईं,न,ंधन,ईंध","n̪,ĩː,ĩːd̪ʰə,d̪ʰən̪,ĩːd̪ʰ,ən̪",धन,d̪ʰən̪,,
569,ईएनटी,ईएनट,iːeːn̪əʈ,ent,NotAppl,M,0,underived,,,0,0,inanimate,I,Applied Sciences,1,0,0,"ईए,ट,एनट,ई,ईएन,नट","iː,əʈ,iːeː,n̪əʈ,ʈ,iːeːn̪",,əʈ,,
570,ईकाई,ईका,iːkɑː,unit,NotAppl,F,1,underived,,,0,0,inanimate,S,Place,0,0,0,"ा,ईक,ई,का,ईका","iː,kɑː,ɑː,iːkɑː,iːk",ा,,ा,
571,ईको,ईक,iːk,echo,NotAppl,M,0,underived,,,0,0,inanimate,X,Physical State,1,0,0,"ईक,ई,क","iː,k,iːk",,,,
572,ईजाद,ईजाद,iːd͡ʒɑːd̪,invention,NotAppl,M,4,underived,,,0,0,inanimate,X,Action,0,1,0,"द,जाद,ई,ईजा,ाद,ईज","iː,d͡ʒɑːd̪,d̪,ɑːd̪,iːd͡ʒ,iːd͡ʒɑː",,,,
573,ईडीसी,ईडीस,iːɖiːs̪,edc,NotAppl,M,0,underived,,,0,0,inanimate,Z,Abbreviation,1,0,0,"स,डीस,ई,ईडी,ईड,ीस","iː,iːs̪,iːɖ,iːɖiː,s̪,ɖiːs̪",,,,
574,ईधन,ईधन,iːd̪ʰən̪,fuel,NotAppl,M,4,underived,,,0,0,inanimate,O,Physical State,0,0,1,"धन,ईधन,ई,न,ईध","iː,iːd̪ʰə,ən̪,d̪ʰən̪,n̪,iːd̪ʰ",धन,d̪ʰən̪,,
575,ईमानदारी,ईमानदार,iːmɑːn̪d̪ɑːɾ,honesty,NotAppl,F,1,underived,,,0,0,inanimate,A,Quality,0,0,0,"ईमा,र,ार,ई,ईम,दार","iː,iːm,ɾ,ɑːɾ,d̪ɑːɾ,iːmɑː","र,ार","ɾ,ɑːɾ",र,ɾ
576,ईमेल,ईमेल,iːmeːl,email,NotAppl,F,0,underived,,,0,0,inanimate,Q,Artifact,1,0,0,"ेल,ई,ईम,मेल,ईमे,ल","iː,iːm,meːl,l,iːmeː,eːl",,,,
577,ईयर,ईयर,iːjəɾ,year,NotAppl,M,5,underived,,,0,0,inanimate,T,Group,1,0,0,"यर,र,ई,ईयर,ईय","iː,jəɾ,iːjə,iːj,ɾ,əɾ",र,"ɾ,əɾ",र,"ɾ,əɾ"
578,ईश्वर,ईश्वर,iːʃʋəɾ,god,NotAppl,M,4,underived,,,0,0,animate,Z,Cognition,0,0,1,"वर,र,ई,ईश,ईश्,्वर","iː,iːʃ,iːʃʋ,ɾ,əɾ,ʋəɾ",र,"ɾ,əɾ",र,"ɾ,əɾ"
579,ईसाई,ईसा,iːs̪ɑː,christian,neutral,F,0,underived,,,0,0,animate,Z,Person,0,1,0,"ईस,ा,ई,सा,ईसा","iː,iːs̪,ɑː,iːs̪ɑː,s̪ɑː","ा,सा",,ा,
580,ईसाई,ईसा,iːs̪ɑː,christian,neutral,M,4,underived,,,0,0,animate,Z,Person,0,1,0,"ईस,ा,ई,सा,ईसा","iː,iːs̪,ɑː,iːs̪ɑː,s̪ɑː","ा,सा",,ा,
582,उंगली,उंगल,ũɡəl,finger,neutral,F,1,underived,,,0,0,inanimate,B,Anatomical,0,0,0,"ंगल,उंग,उं,गल,उ,ल","ũɡ,əl,ũɡə,l,ɡəl,ũ",,əl,,
583,उंगली,उंगल,ũɡəl,finger,neutral,M,4,underived,,,0,0,inanimate,B,Anatomical,0,0,0,"ंगल,उंग,उं,गल,उ,ल","ũɡ,əl,ũɡə,l,ɡəl,ũ",,əl,,
584,उकसावा,उकसाव,uks̪ɑːʋ,provocation,NotAppl,M,2,underived,,,0,0,inanimate,A,State,0,0,0,"व,ाव,उकस,उ,साव,उक","u,uks̪,ʋ,s̪ɑːʋ,uk,ɑːʋ","व,ाव",ʋ,"व,ाव",ʋ
585,उक्त,उक्त,ukt̪,said,NotAppl,M,4,underived,,,0,0,inanimate,Q,Relational,0,0,1,"्त,उक्,त,क्त,उ,उक","t̪,u,uk,ukt̪,kt̪","्त,त",t̪,"्त,त",t̪
586,उक्ति,उक्त,ukt̪,quote,NotAppl,F,1,abstract6,abstract6,abstract6,0,1,inanimate,Q,property,0,0,1,"्त,उक्,त,क्त,उ,उक","t̪,u,uk,ukt̪,kt̪","्त,त",t̪,"्त,त",t̪
587,उगाही,उगाह,uɡɑːɦ,collection,NotAppl,F,1,underived,,,0,0,inanimate,A,Physical,0,0,0,"उगा,गाह,ाह,ह,उग,उ","ɑːɦ,ɦ,u,uɡɑː,ɡɑːɦ,uɡ",ाह,ɑːɦ,,
588,उग्रवाद,उग्र,uɡɾ,insurgency,NotAppl,M,4,speaker,,,0,1,animate,G,Mythological Character,0,0,0,"ग्र,र,उग,्र,उग्,उ","u,ɡɾ,ɾ,uɡ,uɡɾ","ग्र,र","ɡɾ,ɾ",र,ɾ
589,उग्रवादी,उग्रवाद,uɡɾəʋɑːd̪,militant,neutral,F,1,abstract6,abstract6,abstract6,0,1,animate,G,Person,0,0,0,"द,वाद,उग,उग्,उ,ाद","d̪,ɑːd̪,ʋɑːd̪,u,uɡ,uɡɾ",,,,
590,उग्रवादी,उग्रवाद,uɡɾəʋɑːd̪,militant,neutral,M,4,abstract6,abstract6,abstract6,0,1,animate,G,Person,0,0,0,"द,वाद,उग,उग्,उ,ाद","d̪,ɑːd̪,ʋɑːd̪,u,uɡ,uɡɾ",,,,
591,उच्चाधिकार,उच्चाधि,ut͡ʃt͡ʃɑːd̪ʰɪ,high authority,NotAppl,M,4,agentive_activity1,agentive_activity1,agentive_activity1,0,1,inanimate,N,Stative,0,0,0,"उच,ाधि,उच्,ि,उ,धि","u,ɪ,ut͡ʃ,d̪ʰɪ,ut͡ʃt͡ʃ,ɑːd̪ʰɪ",ि,,ि,
592,उच्चाधिकारी,उच्चाधिकार,ut͡ʃt͡ʃɑːd̪ʰɪkɑːɾ,senior officer,NotAppl,M,4,agentive_activity1,agentive_activity1,agentive_activity1,0,1,animate,S,Person,0,0,0,"उच,ार,र,उच्,उ,कार","kɑːɾ,u,ut͡ʃ,ɾ,ɑːɾ,ut͡ʃt͡ʃ","ार,र","ɾ,ɑːɾ",र,ɾ
593,उच्चायुक्त,उच्चायुक्त,ut͡ʃt͡ʃɑːjukt̪,high commissioner,neutral,F,3,underived,,,1,0,animate,N,Person,0,0,0,"्त,उच,उच्,त,क्त,उ","t̪,u,ut͡ʃ,ukt̪,kt̪,ut͡ʃt͡ʃ","्त,त",t̪,"्त,त",t̪
594,उच्चायुक्त,उच्चायुक्त,ut͡ʃt͡ʃɑːjukt̪,high commissioner,neutral,M,4,underived,,,1,0,animate,N,Person,0,0,0,"्त,उच,उच्,त,क्त,उ","t̪,u,ut͡ʃ,ukt̪,kt̪,ut͡ʃt͡ʃ","्त,त",t̪,"्त,त",t̪
595,उच्चायोग,उच्चायोग,ut͡ʃt͡ʃɑːjoːɡ,high commission,NotAppl,M,4,underived,,,1,0,inanimate,Z,Group,0,0,0,"उच,योग,ोग,उच्,उ,ग","oːɡ,u,joːɡ,ut͡ʃ,ɡ,ut͡ʃt͡ʃ","योग,ोग,ग","oːɡ,joːɡ,ɡ",,ɡ
596,उछाल,उछाल,ut͡ʃʰɑːl,bounce,neutral,F,3,underived,,,0,0,inanimate,M,State,0,1,0,"उछा,ाल,उ,छाल,उछ,ल","u,ut͡ʃʰ,ut͡ʃʰɑː,l,t͡ʃʰɑːl,ɑːl",,,,
597,उछाल,उछाल,ut͡ʃʰɑːl,bounce,neutral,M,4,underived,,,0,0,inanimate,M,State,0,1,0,"उछा,ाल,उ,छाल,उछ,ल","u,ut͡ʃʰ,ut͡ʃʰɑː,l,t͡ʃʰɑːl,ɑːl",,,,
598,उजागर,उजागर,ud͡ʒɑːɡəɾ,exposed,NotAppl,M,0,underived,,,0,0,inanimate,A,Stative,0,0,0,"र,उज,गर,उ,उजा,ागर","ud͡ʒɑː,u,ɾ,əɾ,ud͡ʒ,ɡəɾ",र,"ɾ,əɾ",र,"ɾ,əɾ"
599,उड़ान,उड़ान,uɽɑːn̪,flight,NotAppl,F,3,underived,,,0,0,inanimate,M,Action,0,0,0,"ान,़ान,न,उ,उड़,उड","ɑːn̪,u,uɽ,ɽɑːn̪,n̪,uɽɑː",,,,
601,उड्डयन,उड्डयन,uɖɖəjən̪,aviation,NotAppl,M,4,underived,,,0,0,inanimate,M,Action,0,0,1,"उड्,डयन,यन,न,उ,उड","uɖ,u,jən̪,ən̪,uɖɖ,n̪",,,,
602,उतार,उतार,ut̪ɑːɾ,ebb,NotAppl,M,4,underived,,,0,0,inanimate,W,Physical Place,0,0,0,"तार,र,ार,उत,उ,उता","ut̪,u,ut̪ɑː,ɾ,ɑːɾ,t̪ɑːɾ","र,ार","ut̪ɑː,ɾ,ɑːɾ",र,ɾ
603,उत्कर्ष,उत्कर्ष,ut̪kəɾʂ,flourishing,NotAppl,M,4,underived,,,0,0,inanimate,X,State,0,0,1,"्ष,र्ष,ष,उत,उत्,उ","ut̪,əɾʂ,u,ut̪k,ɾʂ,ʂ",ष,ʂ,,
604,उत्कृष्टता,उत्कृष्ट,ut̪kɾɨʂʈ,excellence,NotAppl,F,3,abstract8,abstract8,abstract8,0,1,inanimate,A,State,0,0,1,"ट,ष्ट,उत,उत्,्ट,उ","ut̪,u,ɨʂʈ,ʈ,ut̪k,ʂʈ",,,,
605,उत्तर,उत्तर,ut̪t̪əɾ,answer,NotAppl,M,4,underived,,,0,0,inanimate,Q,Communication,0,0,1,"तर,र,उत,उत्,उ,्तर","ut̪,u,ut̪t̪,ɾ,t̪əɾ,əɾ",र,"ɾ,əɾ",र,"ɾ,əɾ"
606,उत्तराधिकारी,उत्तराधिकार,ut̪t̪əɾɑːd̪ʰɪkɑːɾ,successor,NotAppl,M,4,agentive_activity1,agentive_activity1,agentive_activity1,0,1,animate,N,Person,0,0,0,"ार,र,उत,उत्,उ,कार","ut̪,kɑːɾ,u,ut̪t̪,ɾ,ɑːɾ","ार,र","ɾ,ɑːɾ",र,ɾ
607,उत्तरायण,उत्तरायण,ut̪t̪əɾɑːjəɳ,uttarayan,NotAppl,M,4,underived,,,0,0,inanimate,Z,Action,0,0,0,"ायण,ण,उत,उत्,उ,यण","ut̪,jəɳ,əɳ,u,ut̪t̪,ɳ",,əɳ,,əɳ
608,उत्तरार्द्घ,उत्तरार्द्घ,ut̪t̪əɾɑːɾd̪ɡʰ,answer,NotAppl,M,4,underived,,,1,0,inanimate,Q,Abstract,0,0,0,"द्घ,्घ,उत,उत्,उ,घ","ut̪,d̪ɡʰ,u,ɡʰ,ut̪t̪,ɾd̪ɡʰ",,,,
609,उत्तेजना,उत्तेज,ut̪t̪eːd͡ʒ,excitement,NotAppl,F,3,verbal_noun2,verbal_noun2,,0,1,inanimate,X,Mental State,0,0,1,"तेज,उत,उत्,ज,उ,ेज","ut̪,eːd͡ʒ,u,d͡ʒ,ut̪t̪,t̪eːd͡ʒ",,,,
610,उत्थान,उत्थान,ut̪t̪ʰɑːn̪,regeneration,NotAppl,M,4,underived,,,0,0,inanimate,T,State,0,0,1,"ान,न,उत,उत्,उ,थान","ut̪,ɑːn̪,u,ut̪t̪ʰ,t̪ʰɑːn̪,n̪",,,,
611,उत्पत्ति,उत्पत्त,ut̪pət̪t̪,produce,NotAppl,F,1,underived,,,0,0,inanimate,A,Action,0,0,0,"्त,त्त,त,उत,उत्,उ","ut̪,ət̪t̪,t̪,u,t̪t̪,ut̪p","्त,त्त,त","ət̪t̪,t̪,t̪t̪","्त,त",t̪
612,उत्पात,उत्पात,ut̪pɑːt̪,uproar,NotAppl,M,4,underived,,,0,0,inanimate,X,Event,0,0,1,"पात,त,उत,उत्,ात,उ","ut̪,t̪,u,ɑːt̪,pɑːt̪,ut̪p","पात,त","t̪,pɑːt̪",त,t̪
613,उत्पाद,उत्पाद,ut̪pɑːd̪,product,NotAppl,M,4,underived,,,0,0,inanimate,O,Artifact,0,0,1,"द,पाद,उत,उत्,उ,ाद","d̪,ut̪,ɑːd̪,u,pɑːd̪,ut̪p",,,,
614,उत्पादक,उत्पादक,ut̪pɑːd̪ək,manufacturer,NotAppl,M,4,abstract6,abstract6,abstract6,0,1,inanimate,A,Noun,0,0,1,"दक,ादक,उत,उत्,उ,क","k,ut̪,d̪ək,u,ək,ut̪p",,ək,,
615,उत्पादन,उत्पाद,ut̪pɑːd̪,production,NotAppl,M,4,abstract_noun,abstract_noun,abstract_noun,0,1,inanimate,A,Action,0,0,1,"द,पाद,उत,उत्,उ,ाद","d̪,ut̪,ɑːd̪,u,pɑːd̪,ut̪p",,,,
617,उत्पीड़न,उत्पीड़,ut̪piːɽ,persecution,NotAppl,M,4,abstract_noun,abstract_noun,abstract_noun,0,1,inanimate,E,Anti-social,0,0,0,"़,ड़,उत,उत्,उ,ीड़","ut̪,iːɽ,u,piːɽ,ɽ,ut̪p","़,ड़",ɽ,़,
618,उत्सर्जन,उत्सर्ज,ut̪s̪əɾd͡ʒ,emission,NotAppl,M,4,abstract_noun,abstract_noun,abstract_noun,0,1,inanimate,A,Natural Process,0,0,0,"र्ज,उत,उत्,ज,उ,्ज","ut̪,u,d͡ʒ,ɾd͡ʒ,əɾd͡ʒ,ut̪s̪",,,,
619,उत्सव,उत्सव,ut̪s̪əʋ,celebration,NotAppl,M,4,underived,,,0,0,inanimate,E,Planned Event,0,0,1,"व,्सव,सव,उत,उत्,उ","ut̪,əʋ,u,ʋ,s̪əʋ,ut̪s̪",व,ʋ,व,ʋ
620,उत्साह,उत्साह,ut̪s̪ɑːɦ,excitement,NotAppl,M,0,underived,,,0,0,inanimate,X,Psychological Feature,0,0,1,"ाह,ह,साह,उत,उत्,उ","ut̪,s̪ɑːɦ,ɑːɦ,ɦ,u,ut̪s̪",ाह,ɑːɦ,,
621,उत्सुकता,उत्सुक,ut̪s̪uk,curiosity,NotAppl,F,3,abstract8,abstract8,abstract8,0,1,inanimate,X,Perception,0,0,1,"ुक,सुक,उत,उत्,उ,क","k,ut̪,s̪uk,u,uk,ut̪s̪",ुक,,,
622,उथल,उथल,ut̪ʰəl,shallow,NotAppl,F,3,underived,,,0,0,inanimate,N,Common Noun,0,0,0,"उथ,उथल,उ,ल,थल","ut̪ʰə,ut̪ʰ,u,əl,t̪ʰəl,l",,əl,,
623,उदघाटन,उदघाट,ud̪ɡʰɑːʈ,inauguration,NotAppl,M,4,abstract_noun,abstract_noun,abstract_noun,0,1,inanimate,T,Event,0,0,0,"ट,उद,ाट,उ,घाट,उदघ","ɡʰɑːʈ,u,ʈ,ud̪,ud̪ɡʰ,ɑːʈ",,,,
624,उदारवाद,उदार,ud̪ɑːɾ,liberalism,NotAppl,M,4,speaker,,,0,1,inanimate,G,Perception,0,0,0,"ार,उदा,र,उद,उ,दार","ud̪ɑː,u,ɾ,ud̪,ɑːɾ,d̪ɑːɾ","ार,र","ɾ,ɑːɾ",र,ɾ
625,उदारीकरण,उदारीकरण,ud̪ɑːɾiːkɾəɳ,liberalisation,NotAppl,M,4,abstract_noun,abstract_noun,abstract_noun,0,1,inanimate,A,Action,0,0,0,"करण,रण,उदा,उद,उ,ण","ud̪ɑː,əɳ,u,ɾəɳ,ud̪,ɳ",रण,"əɳ,ɾəɳ",,"əɳ,ɾəɳ"
626,उदासीनता,उदासीन,ud̪ɑːs̪iːn̪,indifference,NotAppl,F,3,abstract8,abstract8,abstract8,0,1,inanimate,X,Mental State,0,0,1,"उदा,उद,न,ीन,उ,सीन","iːn̪,ud̪ɑː,s̪iːn̪,u,ud̪,n̪",,,,
627,उदाहरण,उदाहरण,ud̪ɑːɦɾəɳ,example,NotAppl,M,4,underived,,,0,0,inanimate,A,Psychological Feature,0,0,1,"रण,उदा,उद,उ,हरण,ण","ud̪ɑː,əɳ,u,ɾəɳ,ud̪,ɳ",रण,"əɳ,ɾəɳ",,"əɳ,ɾəɳ"
628,उद्घाटन,घाटन,ɡʰɑːʈən̪,inauguration,NotAppl,M,4,upward,,,0,1,inanimate,T,Action,0,0,1,"घा,टन,न,ाटन,घ,घाट","ɡʰɑːʈ,n̪,ʈən̪,ɡʰ,ən̪,ɡʰɑː",,,,
629,उद्देश्य,देश्य,d̪eːʃjə,objective,NotAppl,M,4,upward,,,0,1,inanimate,X,Abstract,0,0,1,"द,्य,देश,य,दे,श्य","d̪,ʃjə,d̪eːʃ,d̪eː,ə,jə","्य,देश,य","d̪eːʃ,jə",य,jə
630,उद्धरण,धरण,d̪ʰəɾəɳ,citation,NotAppl,M,4,upward,,,0,1,inanimate,S,Communication,0,0,1,"रण,धरण,ध,धर,ण","d̪ʰəɾ,əɳ,d̪ʰ,ɾəɳ,ɳ,d̪ʰə",रण,"əɳ,ɾəɳ",,"əɳ,ɾəɳ"
631,उद्भव,भव,bʰəʋ,emergence,NotAppl,M,4,upward,,,0,1,inanimate,M,Action,0,0,1,"व,भव,भ","bʰəʋ,əʋ,ʋ,bʰə,bʰ",व,ʋ,व,ʋ
632,उद्यम,उद्यम,ud̪jəm,enterprise,NotAppl,M,4,underived,,,0,0,inanimate,I,Action,0,0,1,"उद,म,उद्,उ,यम,्यम","ud̪j,əm,u,m,ud̪,jəm",यम,jəm,,
633,उद्यमी,उद्यम,ud̪jəm,entrepreneur,NotAppl,M,4,underived,,,0,0,animate,I,Group,0,0,1,"उद,म,उद्,उ,यम,्यम","ud̪j,əm,u,m,ud̪,jəm",यम,jəm,,
634,उद्यान,उद्यान,ud̪jɑːn̪,garden,NotAppl,M,4,underived,,,0,0,inanimate,L,Physical Place,0,0,1,"ान,यान,उद,न,उद्,उ","ud̪j,jɑːn̪,ɑːn̪,u,ud̪,n̪",,,,
635,उद्योग,उद्योग,ud̪joːɡ,industry,NotAppl,M,4,underived,,,0,0,inanimate,I,Group,0,0,1,"योग,ोग,उद,उद्,उ,ग","oːɡ,ud̪j,u,joːɡ,ud̪,ɡ","योग,ोग,ग","oːɡ,joːɡ,ɡ",,ɡ
636,उद्योगपति,उद्योग,ud̪joːɡ,industrialist,NotAppl,M,4,agentive5,,,0,1,animate,I,Person,0,0,0,"योग,ोग,उद,उद्,उ,ग","oːɡ,ud̪j,u,joːɡ,ud̪,ɡ","योग,ोग,ग","oːɡ,joːɡ,ɡ",,ɡ
637,उधम,उधम,ud̪ʰəm,hustle,NotAppl,M,4,underived,,,0,0,inanimate,M,Common Noun,0,0,0,"धम,उधम,म,उध,उ","əm,ud̪ʰə,ud̪ʰ,u,m,d̪ʰəm",,,,
638,उधारी,उधार,ud̪ʰɑːɾ,borrowing,NotAppl,F,1,underived,,,0,0,inanimate,A,Physical,0,0,0,"धार,ार,र,उध,उ,उधा","ud̪ʰ,d̪ʰɑːɾ,u,ɾ,ɑːɾ,ud̪ʰɑː","ार,र","ɾ,ɑːɾ",र,ɾ
639,उधेड़बुन,उधेड़बुन,ud̪ʰeːɽbun̪,confusion,NotAppl,F,3,underived,,,0,0,inanimate,X,State,0,0,0,"बुन,न,उध,उ,उधे,ुन","ud̪ʰ,u,bun̪,ud̪ʰeː,n̪,un̪",,,,
640,उन्नति,उन्नत,un̪n̪ət̪,development,NotAppl,F,1,underived,,,0,0,inanimate,A,State,0,0,1,"्नत,त,नत,उ,उन,उन्","t̪,u,ət̪,n̪ət̪,un̪n̪,un̪","त,नत","t̪,n̪ət̪",त,t̪
641,उन्मादी,उन्माद,un̪mɑːd̪,frenzied,NotAppl,M,4,underived,,,0,0,inanimate,A,Abstract,0,0,1,"द,उ,ाद,उन,उन्,माद","d̪,ɑːd̪,mɑːd̪,u,un̪m,un̪",,,,
642,उन्मूलन,उन्मूलन,un̪muːlən̪,elimination,NotAppl,M,4,underived,,,0,0,inanimate,A,Action,0,0,1,"लन,न,उ,उन,उन्,ूलन","u,un̪m,ən̪,n̪,un̪,lən̪",लन,lən̪,,
643,उप,उप,up,deputy,NotAppl,M,0,underived,,,0,0,animate,S,Common Noun,0,0,0,"उ,प,उप","u,p,up",,,,
644,उपकर,कर,kəɾ,cess,NotAppl,M,4,subsidiary,subsidiary,subsidiary,0,1,inanimate,Z,Common Noun,0,0,0,"क,कर,र","k,kə,ɾ,kəɾ,əɾ","कर,र","ɾ,kəɾ,əɾ","कर,र","ɾ,kəɾ,əɾ"
645,उपकरण,उपकर,upkəɾ,equipment,NotAppl,M,4,abstract7,abstract7,abstract7,0,1,inanimate,O,Artifact,0,0,1,"कर,र,पकर,उप,उपक,उ","upk,u,up,ɾ,kəɾ,əɾ","कर,र","ɾ,kəɾ,əɾ","कर,र","ɾ,kəɾ,əɾ"
646,उपकार्यधिकारी,उपकार्यधिकार,upkɑːɾjəd̪ʰɪkɑːɾ,deputy executive officer,NotAppl,M,4,underived,,,1,0,animate,S,Abstract,0,0,0,"र,ार,उप,उपक,उ,कार","kɑːɾ,upk,u,up,ɾ,ɑːɾ","र,ार","ɾ,ɑːɾ",र,ɾ
647,उपकुलपति,उपकुल,upkul,vice chancellor,NotAppl,M,4,agentive5,,,0,1,animate,T,Person,0,0,0,"ुल,उप,उपक,उ,ल,कुल","ul,upk,u,up,l,kul",,,,
648,उपकेंद्र,केंद्र,kẽːd̪ɾə,substation,NotAppl,M,4,subsidiary,subsidiary,subsidiary,0,1,inanimate,Z,Common Noun,0,0,0,"र,कें,्र,के,क,द्र","kẽː,k,ɾə,d̪ɾə,ə,kẽːd̪","र,के",,र,
649,उपक्रम,क्रम,kɾəm,undertaking,NotAppl,M,4,subsidiary,subsidiary,subsidiary,0,1,inanimate,A,Social,0,0,1,"क्र,क्,म,क,्रम,रम","əm,k,ɾəm,m,kɾ,kɾə",,,,
650,उपक्षेत्र,क्षेत्र,kʂeːt̪ɾ,subregions,NotAppl,M,4,subsidiary,subsidiary,subsidiary,0,1,inanimate,Z,Physical Place,0,0,0,"र,क्ष,क्,्र,त्र,क","kʂeː,k,eːt̪ɾ,kʂ,ɾ,t̪ɾ",र,ɾ,र,ɾ
651,उपग्रह,ग्रह,ɡɾəɦ,satellite,NotAppl,M,4,subsidiary,subsidiary,subsidiary,0,1,inanimate,W,Natural Object,0,0,1,"ग्र,ह,रह,ग्,ग,्रह","ɦ,əɦ,ɡɾ,ɡ,ɡɾə,ɾəɦ","ग्र,ग्,ग","ɡɾ,ɡ",,ɡ
652,उपचार,चार,t͡ʃɑːɾ,treatment,NotAppl,M,4,subsidiary,subsidiary,subsidiary,0,1,inanimate,B,Physical Process,0,0,1,"ार,र,चार,चा,च","t͡ʃ,t͡ʃɑː,ɾ,ɑːɾ,t͡ʃɑːɾ","ार,र,चार","ɾ,ɑːɾ,t͡ʃɑːɾ",र,ɾ
653,उपचुनाव,चुनाव,t͡ʃun̪ɑːʋ,by-elections,NotAppl,M,4,subsidiary,subsidiary,subsidiary,0,1,inanimate,Z,Social,0,0,0,"व,ाव,नाव,च,चुन,चु","t͡ʃ,n̪ɑːʋ,t͡ʃun̪,ʋ,ɑːʋ,t͡ʃu","व,ाव",ʋ,"व,ाव",ʋ
654,उपदेश,देश,d̪eːʃ,sermon,NotAppl,M,4,subsidiary,subsidiary,subsidiary,0,1,inanimate,S,Communication,0,0,1,"द,श,ेश,देश,दे","d̪,ʃ,d̪eːʃ,d̪eː,eːʃ","ेश,देश","d̪eːʃ,eːʃ",,
655,उपदेशक,उपदेशक,upd̪eːʃək,preacher,NotAppl,M,4,agentive1,agentive1,agentive1,0,1,animate,S,Person,0,0,1,"ेशक,उपद,शक,उप,उ,क","k,ʃək,u,ək,up,upd̪",,ək,,
656,उपद्रवी,द्रवी,d̪ɾəʋiː,rowdy,NotAppl,M,4,subsidiary,subsidiary,subsidiary,0,1,animate,E,Person,0,0,1,"द,रवी,वी,द्र,ी,द्","iː,d̪,d̪ɾə,əʋiː,ʋiː,d̪ɾ",ी,,ी,
657,उपनगर,नगर,n̪əɡəɾ,suburbs,NotAppl,M,4,subsidiary,subsidiary,subsidiary,0,1,inanimate,H,Physical Place,0,0,1,"नगर,र,न,गर,नग","n̪ə,n̪əɡ,ɾ,əɾ,n̪,ɡəɾ",र,"ɾ,əɾ",र,"ɾ,əɾ"
658,उपनेता,नेता,n̪eːt̪ɑː,deputy leader,NotAppl,M,4,subsidiary,subsidiary,subsidiary,0,1,animate,S,Person,0,0,0,"ने,ा,नेत,न,ता,ेता","n̪eː,ɑː,eːt̪ɑː,n̪eːt̪,t̪ɑː,n̪",ा,,ा,
659,उपन्यास,न्यास,n̪jɑːs̪,novel,NotAppl,M,4,subsidiary,subsidiary,subsidiary,0,1,inanimate,Q,Artifact,0,0,1,"स,यास,न्,ास,न्य,न","n̪j,n̪jɑː,ɑːs̪,s̪,jɑːs̪,n̪",ास,,,
660,उपप्रधान,प्रधान,pɾəd̪ʰɑːn̪,deputy head,NotAppl,M,4,subsidiary,subsidiary,subsidiary,0,1,animate,P,Person,0,0,0,"प्,ान,धान,प,प्र,न","pɾ,ɑːn̪,pɾə,d̪ʰɑːn̪,p,n̪",,,,
661,उपबंध,बंध,bə̃d̪ʰ,provisions,NotAppl,M,4,subsidiary,subsidiary,subsidiary,0,1,inanimate,O,Abstract,0,0,1,"बं,ब,ध,ंध,बंध","ə̃d̪ʰ,d̪ʰ,b,bə̃,bə̃d̪ʰ",बंध,bə̃d̪ʰ,,
662,उपभोक्ता,भोक्ता,bʰoːkt̪ɑː,consumer,NotAppl,M,4,subsidiary,subsidiary,subsidiary,0,1,animate,I,Person,0,0,1,"ा,ता,भ,भो,्ता,भोक","ɑː,bʰoːk,kt̪ɑː,t̪ɑː,bʰoː,bʰ","ा,भो","kt̪ɑː,bʰoː",ा,
663,उपभोग,भोग,bʰoːɡ,consumption,NotAppl,M,4,subsidiary,subsidiary,subsidiary,0,1,inanimate,A,Action,0,0,1,"ोग,ग,भोग,भ,भो","oːɡ,bʰoːɡ,ɡ,bʰoː,bʰ","ोग,ग,भो","oːɡ,ɡ,bʰoː",,ɡ
664,उपमंडल,मंडल,mə̃ɖəl,subdivisions,NotAppl,M,4,subsidiary,subsidiary,subsidiary,0,1,inanimate,N,Physical Place,0,0,0,"मंड,डल,म,ंडल,ल,मं","mə̃ɖ,m,mə̃,əl,l,ɖəl",,əl,,
665,उपमा,उपम,upəm,simile,neutral,F,3,underived,,,0,0,inanimate,Q,Communication,0,0,1,"म,उप,उ,उपम,पम","əm,u,up,m,pəm,upə",,,,
666,उपमा,उपम,upəm,simile,neutral,M,4,underived,,,0,0,inanimate,Q,Communication,0,0,1,"म,उप,उ,उपम,पम","əm,u,up,m,pəm,upə",,,,
667,उपयोग,उपयोग,upjoːɡ,use,NotAppl,M,4,subsidiary,subsidiary,subsidiary,0,1,inanimate,A,Action,0,0,1,"योग,ोग,उपय,उप,उ,ग","oːɡ,u,upj,up,joːɡ,ɡ","योग,ोग,ग","oːɡ,joːɡ,ɡ",,ɡ
668,उपयोगिता,उपयोगि,upjoːɡɪ,utility,NotAppl,F,3,abstract8,abstract8,abstract8,0,1,inanimate,A,Quality,0,0,1,"गि,ोगि,उपय,उप,ि,उ","ɡɪ,u,ɪ,upj,up,oːɡɪ",ि,,ि,
669,उपलक्ष्य,लक्ष्य,ləkʂjə,occasion,NotAppl,M,4,subsidiary,subsidiary,subsidiary,0,1,inanimate,T,Abstract,0,0,1,"लक्,्य,ष्य,लक,य,ल","lək,lə,ə,l,ʂjə,jə","्य,य","ʂjə,jə",य,jə
670,उपलब्धता,उपलब्ध,upləbd̪ʰ,availability,NotAppl,F,3,abstract8,abstract8,abstract8,0,1,inanimate,A,State,0,0,0,"उपल,्ध,उप,ब्ध,उ,ध","u,upl,up,əbd̪ʰ,d̪ʰ,bd̪ʰ",,,,
671,उपलब्धि,लब्धि,ləbd̪ʰɪ,achievement,NotAppl,F,1,subsidiary,subsidiary,subsidiary,0,1,inanimate,X,possession,0,0,1,"्धि,ि,ल,धि,लब,लब्","ləb,ɪ,lə,d̪ʰɪ,l,bd̪ʰɪ",ि,,ि,
672,उपविजेता,उपविजे,upʋɪd͡ʒeː,runners-up,NotAppl,F,3,abstract8,abstract8,abstract8,0,1,inanimate,M,Common Noun,0,0,0,"े,उप,उपव,िजे,उ,जे","u,up,eː,upʋ,ɪd͡ʒeː,d͡ʒeː",,eː,,
673,उपस्तंभ,स्तंभ,s̪t̪ə̃bʰ,subcolumn,NotAppl,M,4,subsidiary,subsidiary,subsidiary,0,1,inanimate,Z,Natural Object,0,0,0,"स,ंभ,स्त,स्,भ,तंभ","ə̃bʰ,t̪ə̃bʰ,s̪,s̪t̪,s̪t̪ə̃,bʰ",,,,
674,उपस्थिति,स्थिति,s̪t̪ʰɪt̪ɪ,appearance,NotAppl,F,1,subsidiary,subsidiary,subsidiary,0,1,inanimate,A,State,0,0,1,"स,स्थ,स्,ति,ि,िति","s̪t̪ʰ,ɪ,t̪ɪ,ɪt̪ɪ,s̪t̪ʰɪ,s̪",ि,,ि,
675,उपहार,हार,ɦɑːɾ,gift,NotAppl,M,4,subsidiary,subsidiary,subsidiary,0,1,inanimate,A,Object,0,0,1,"ार,र,ह,हा,हार","ɦɑː,ɦ,ɦɑːɾ,ɾ,ɑːɾ","ार,र","ɾ,ɑːɾ",र,ɾ
676,उपाधि,उपाध,upɑːd̪ʰ,degree,NotAppl,F,1,underived,,,0,0,inanimate,A,Title,0,0,1,"उपा,पाध,उप,उ,ध,ाध","upɑː,u,up,d̪ʰ,ɑːd̪ʰ,pɑːd̪ʰ",,,,
677,उपाधीक्षक,उपाधीक्ष,upɑːd̪ʰiːkʂ,deputy superintendent,NotAppl,M,4,agentive1,agentive1,agentive1,0,1,animate,S,Title,0,0,0,"्ष,उपा,ष,क्ष,उप,उ","upɑː,u,kʂ,up,iːkʂ,ʂ",ष,ʂ,,
678,उपाध्यक्ष,अध्यक्ष ,əd̪ʰjəkʂə ,vice president,NotAppl,M,4,subsidiary,subsidiary,subsidiary,0,1,animate,S,Person,0,0,0,"अध्,्ष ,ष ,अध, ,अ","əd̪ʰj,ʂə ,ə ,əd̪ʰ, ,ə",,,,
679,उपाय,उपाय,upɑːjə,remedy,NotAppl,M,4,underived,,,0,0,inanimate,X,Physical,0,0,1,"उपा,ाय,य,उप,पाय,उ","upɑː,u,ɑːjə,up,ə,jə",य,jə,य,jə
680,उपायुक्त,युक्त,jukt̪,deputy commissioner,neutral,F,3,subsidiary,subsidiary,subsidiary,0,1,animate,S,Person,0,0,0,"्त,युक,यु,त,य,क्त","t̪,j,kt̪,ukt̪,ju,juk","्त,त,य",t̪,"्त,त,य",t̪
681,उपायुक्त,युक्त,jukt̪,deputy commissioner,neutral,M,4,subsidiary,subsidiary,subsidiary,0,1,animate,S,Person,0,0,0,"्त,युक,यु,त,य,क्त","t̪,j,kt̪,ukt̪,ju,juk","्त,त,य",t̪,"्त,त,य",t̪
682,उपासक,उपास,upɑːs̪,worshipers,NotAppl,M,4,agentive1,agentive1,agentive1,0,1,animate,Z,Person,0,0,1,"उपा,स,पास,उप,ास,उ","pɑːs̪,upɑː,u,ɑːs̪,up,s̪",ास,,,
683,उपेक्षा,उपेक्ष,upeːkʂ,ignore,NotAppl,F,3,underived,,,0,0,inanimate,X,Action,0,0,1,"्ष,ष,क्ष,उप,उ,उपे","eːkʂ,u,kʂ,up,upeː,ʂ",ष,ʂ,,
684,उफान,उफान,upʰɑːn̪,boom,NotAppl,M,4,underived,,,0,0,inanimate,N,Action,0,0,0,"ान,न,उ,फान,उफ,उफा","ɑːn̪,pʰɑːn̪,u,upʰɑː,upʰ,n̪",,,,
685,उबाल,उबाल,ubɑːl,boil,NotAppl,M,4,underived,,,0,0,inanimate,O,Action,0,0,0,"बाल,उब,ाल,उबा,उ,ल","ub,ubɑː,u,l,bɑːl,ɑːl",,,,
686,उमस,उमस,uməs̪,humidity,NotAppl,F,3,underived,,,0,0,inanimate,O,Natural State,0,0,0,"स,उमस,मस,उ,उम","um,u,əs̪,s̪,məs̪,umə",उम,um,,
687,उम्मीद,उम्मीद,ummiːd̪,hope,NotAppl,F,3,underived,,,0,0,inanimate,X,Psychological Feature,0,1,0,"द,ीद,उम्,उ,उम,मीद","d̪,miːd̪,u,iːd̪,umm,um","उम्,उम",um,,
688,उम्मीदवार,उम्मीद,ummiːd̪,candidates,neutral,F,3,person_rep,,,0,1,animate,G,Person,0,1,0,"द,ीद,उम्,उ,उम,मीद","d̪,miːd̪,u,iːd̪,umm,um","उम्,उम",um,,
689,उम्मीदवार,उम्मीद,ummiːd̪,candidates,neutral,M,4,person_rep,,,0,1,animate,G,Person,0,1,0,"द,ीद,उम्,उ,उम,मीद","d̪,miːd̪,u,iːd̪,umm,um","उम्,उम",um,,
690,उम्मीदवारी,उम्मीदवार,ummiːd̪ʋɑːɾ,candidacy,NotAppl,F,1,abstract6,abstract6,abstract6,0,1,inanimate,G,Common Noun,0,1,0,"ार,र,उम्,उ,उम,वार","ʋɑːɾ,u,ɾ,ɑːɾ,umm,um","ार,र,उम्,उम","ɾ,ɑːɾ,um",र,ɾ
691,उम्र,उम्र,umɾ,age,NotAppl,F,3,underived,,,0,0,inanimate,T,Period,0,1,0,"र,उम्,्र,उ,म्र,उम","u,mɾ,ɾ,umɾ,um","र,उम्,उम","ɾ,um",र,ɾ
692,उर्वरक,उर्वरक,uɾʋəɾək,fertilizer,NotAppl,M,4,underived,,,0,0,inanimate,F,Artifact,0,0,0,"वरक,उर्,उर,उ,रक,क","k,u,ək,ɾək,uɾʋ,uɾ",,ək,,
693,उर्वरा,उर्वर,uɾʋəɾ,fertile,NotAppl,M,4,underived,,,0,0,inanimate,O,Physical Place,0,0,1,"वर,र,उर्,उर,उ,्वर","u,ɾ,əɾ,uɾʋ,ʋəɾ,uɾ",र,"ɾ,əɾ",र,"ɾ,əɾ"
694,उर्स,उर्स,uɾs̪,urs,NotAppl,M,0,underived,,,0,0,inanimate,Q,Social,1,0,0,"स,र्स,उर्,उर,्स,उ","u,uɾs̪,s̪,ɾs̪,uɾ",,,,
695,उलझन,उलझन,uld͡ʒʰən̪,confusion,NotAppl,F,3,underived,,,0,0,inanimate,X,State,0,1,0,"लझन,उल,न,झन,उ,उलझ","ul,d͡ʒʰən̪,u,ən̪,uld͡ʒʰ,n̪",,,,
696,उलटफेर,उलटफेर,uləʈpʰeːɾ,vicissitudes,NotAppl,M,4,underived,,,0,0,inanimate,Z,Physiological  State,0,0,0,"र,उल,उ,फेर,ेर,उलट","ul,u,pʰeːɾ,ɾ,ulə,eːɾ",र,ɾ,र,ɾ
697,उलमा,उलम,uləm,ulama,NotAppl,M,0,underived,,,0,0,inanimate,Z,Religion,0,1,0,"उल,म,उलम,लम,उ","əm,ul,u,m,ləm,ulə",,,,
698,उलेमा,उलेम,uleːm,ulema,NotAppl,M,0,underived,,,0,0,inanimate,Z,Collective Noun,0,0,0,"उल,म,उ,उले,ेम,लेम","leːm,ul,u,uleː,m,eːm",,eːm,,
699,उल्टी,उल्ट,ulʈ,vomit,NotAppl,F,1,underived,,,0,0,inanimate,B,Physical Process,0,0,0,"ट,ल्ट,उल,्ट,उ,उल्","ul,u,ʈ,lʈ,ulʈ",,,,
700,उल्लंघन,उल्लंघन,ullə̃ɡʰən̪,violation,NotAppl,M,4,underived,,,0,0,inanimate,G,Physical,0,0,1,"उल,घन,न,उ,ंघन,उल्","ul,u,ən̪,ull,ɡʰən̪,n̪",,,,
701,उल्लंधन,उल्लंधन,ullə̃d̪ʰən̪,violation,NotAppl,M,4,underived,,,0,0,inanimate,G,Abstract,0,0,0,"धन,उल,न,ंधन,उ,उल्","ul,u,ən̪,ull,d̪ʰən̪,n̪",धन,d̪ʰən̪,,
702,उल्लेख,उल्लेख,ulleːkʰ,mention,NotAppl,M,4,underived,,,0,0,inanimate,Q,Action,0,0,1,"ेख,ख,उल,लेख,उ,उल्","ul,eːkʰ,leːkʰ,u,ull,kʰ",,,,
703,उवर्रक,उवर्रक,uʋəɾɾək,fertilizer,NotAppl,M,4,underived,,,0,0,inanimate,F,Physical State,0,0,0,"उवर,उव,रक,उ,क,्रक","uʋ,k,u,ək,uʋə,ɾək",,ək,,
704,उवर्रता,उवर्र,uʋəɾɾ,fertility,NotAppl,F,3,underived,,,0,0,inanimate,B,Abstract,0,0,0,"उवर,र,उव,्र,उ,र्र","uʋ,u,uʋə,əɾɾ,ɾ,ɾɾ",र,ɾ,र,ɾ
705,उस्ताद,उस्ताद,us̪t̪ɑːd̪,maestro,NotAppl,M,4,abstract8,abstract8,abstract8,0,1,animate,Z,Person,0,1,0,"द,उस,ताद,उ,ाद,उस्","d̪,ɑːd̪,us̪t̪,u,us̪,t̪ɑːd̪",,,,
706,ऊँचाई,ऊँचा,ũːt͡ʃɑː,height,NotAppl,F,1,underived,,,0,0,inanimate,N,Measurement,0,0,0,"ँचा,ऊ,ा,ऊँ,चा,ऊँच","ũː,ũːt͡ʃɑː,ɑː,t͡ʃɑː,ũːt͡ʃ",ा,,ा,
707,ऊँट,ऊँट,ũːʈ,camel,NotAppl,M,4,underived,,,0,0,animate,L,Mammal,0,0,0,"ट,ऊ,ऊँ,ऊँट,ँट","ũː,ũːʈ,ʈ",,,,
710,ऊपर,ऊपर,uːpəɾ,above,NotAppl,M,0,underived,,,0,0,inanimate,M,Direction,0,0,0,"ऊ,पर,र,ऊपर,ऊप","pəɾ,ɾ,uːp,uːpə,uː,əɾ",र,"ɾ,əɾ",र,"ɾ,əɾ"
711,ऊर्जा,ऊर्ज,uːɾd͡ʒ,energy,NotAppl,F,3,underived,,,0,0,inanimate,X,Abstract,0,0,1,"ऊ,र्ज,ऊर्,ज,ऊर,्ज","uːɾd͡ʒ,d͡ʒ,uːɾ,ɾd͡ʒ,uː",,,,
712,ऋण,ऋण,ɾɨɳ,loan,NotAppl,M,4,underived,,,0,0,inanimate,I,Artifact,0,0,1,"ऋ,ऋण,ण","ɨɳ,ɾɨ,ɾ,ɳ,ɾɨɳ",,ɾ,,ɾ
713,ऋषि,ऋष,ɾɨʂ,sage,NotAppl,M,4,underived,,,0,0,animate,F,Person,0,0,1,"ऋ,ष,ऋष","ɾɨ,ɾɨʂ,ɾ,ʂ,ɨʂ",ष,"ɾ,ʂ",,ɾ
714,ए,ए,eː,a,NotAppl,M,0,underived,,,0,0,inanimate,Z,property,1,0,0,ए,eː,ए,eː,,
715,ए.,ए.,eː.,a.,NotAppl,M,0,underived,,,0,0,inanimate,Z,Abbreviation,1,0,0,".,ए,ए.",".,eː.,eː",ए,eː,,
716,एंकात,एंकात,ẽːkɑːt̪,enakat,NotAppl,M,4,underived,,,0,0,inanimate,Z,Abstract,0,0,0,"कात,एं,ए,त,ात,एंक","t̪,ɑːt̪,ẽːkɑː,ẽːk,kɑːt̪,ẽː","ए,त",t̪,त,t̪
717,एंक्लोजर,एंक्लोजर,ẽːkloːd͡ʒəɾ,enclosures,NotAppl,M,4,underived,,,0,0,inanimate,Q,Abstract,1,0,0,"एं,ए,र,जर,एंक,ोजर","ẽːkl,d͡ʒəɾ,ẽːk,ɾ,əɾ,ẽː","ए,र","ɾ,əɾ",र,"ɾ,əɾ"
718,एंटरटेनमेंट,एंटरटेनमेंट,ẽːʈəɾʈeːn̪mẽːʈ,entertainment,NotAppl,M,4,underived,,,0,0,inanimate,K,Physical,1,0,0,"ट,एं,ए,ेंट,ंट,एंट","mẽːʈ,ʈ,ẽːʈə,ẽːʈ,ẽː","ए,ेंट,ंट",ẽːʈ,,
719,एंटीबॉयोटिक,एंटीबॉयोटिक,ẽːʈiːbɔjoːʈɪk,antibiotic,NotAppl,F,3,underived,,,0,0,inanimate,B,Biological State,1,0,0,"एं,ए,एंट,िक,क,टिक","k,ɪk,ʈɪk,ẽːʈiː,ẽːʈ,ẽː",ए,ẽːʈ,,
720,एंबेसडर,एंबेसडर,ẽːbeːs̪ɖəɾ,ambassadors,NotAppl,M,4,underived,,,0,0,animate,G,Common Noun,1,0,0,"एं,ए,सडर,र,डर,एंब","ẽːb,ẽːbeː,ɾ,ɖəɾ,əɾ,ẽː","ए,र,डर","ɾ,ɖəɾ,əɾ",र,"ɾ,əɾ"
721,एअर,एअर,eːəɾ,air,NotAppl,M,0,underived,,,0,0,inanimate,O,Common Noun,1,0,0,"ए,र,एअर,अर,एअ","eː,ɾ,eːə,əɾ,eːəɾ","ए,र","eː,ɾ,əɾ",र,"ɾ,əɾ"
722,एअरपोर्ट,एअरपोर्ट,eːəɾpoːɾʈ,airport,NotAppl,M,4,underived,,,0,0,inanimate,M,Common Noun,1,0,0,"ट,ए,र्ट,एअर,्ट,एअ","oːɾʈ,eː,ʈ,ɾʈ,eːə,eːəɾ",ए,eː,,
723,एआईसीईटी,एआईसीईट,eːɑːiːs̪iːiːʈ,aicet,NotAppl,M,0,underived,,,0,0,inanimate,Z,Abbreviation,1,0,0,"ट,ए,ीईट,एआई,ईट,एआ","iːiːʈ,eːɑːiː,eː,ʈ,eːɑː,iːʈ",ए,eː,,
724,एएसए,एएस,eːeːs̪,asa,NotAppl,M,0,underived,,,0,0,inanimate,Z,Physical Place,1,0,0,"स,ए,एएस,एस,एए","eːeː,eːs̪,eːeːs̪,eː,s̪",ए,eː,,
725,एएसजी,एएसज,eːeːs̪əd͡ʒ,asg,NotAppl,M,0,underived,,,0,0,inanimate,Z,Abbreviation,1,0,0,"ए,एएस,एसज,ज,सज,एए","eːeː,əd͡ʒ,d͡ʒ,eːeːs̪,eː,s̪əd͡ʒ",ए,"əd͡ʒ,eː",,əd͡ʒ
726,एक,एक,eːk,one,NotAppl,M,0,underived,,,0,0,inanimate,N,Measurement,0,1,0,"ए,क,एक","k,eːk,eː","ए,एक","eːk,eː",,
727,एकड,एकड,eːkəɖ,acre,NotAppl,M,4,underived,,,0,0,inanimate,N,Common Noun,1,0,0,"ए,ड,कड,एकड,एक","eːkə,əɖ,ɖ,kəɖ,eːk,eː","ए,एक","eːk,eː",,
728,एकता,एक,eːk,unity,NotAppl,F,3,abstract8,abstract8,abstract8,0,1,inanimate,S,State,0,0,1,"ए,क,एक","k,eːk,eː","ए,एक","eːk,eː",,
729,एकाउंट,एकाउंट,eːkɑːũʈ,account,NotAppl,M,4,underived,,,0,0,inanimate,Q,Artifact,1,0,0,"ट,उंट,ए,एक,ंट,एका","eːkɑː,eːk,eː,ʈ,ũʈ,ɑːũʈ","ए,एक,ंट","eːk,eː",,
730,एकाउंटेंट,एकाउंटेंट,eːkɑːũʈẽːʈ,accountant,NotAppl,M,4,underived,,,0,0,inanimate,I,Occupation,1,0,0,"ट,ए,ेंट,एक,ंट,एका","eːkɑː,eːk,eː,ʈ,ʈẽːʈ,ẽːʈ","ए,ेंट,एक,ंट","eːk,eː,ẽːʈ",,
731,एकाधिकार,एकाधि,eːkɑːd̪ʰɪ,monopoly,NotAppl,M,4,agentive_activity1,agentive_activity1,agentive_activity1,0,1,inanimate,S,possession,0,0,0,"ए,ाधि,एक,एका,ि,धि","eːkɑː,ɪ,eːk,eː,d̪ʰɪ,ɑːd̪ʰɪ","ए,एक,ि","eːk,eː",ि,
732,एकीकरण,एकी,eːkiː,integration,NotAppl,M,4,process_noun,,,0,1,inanimate,A,Action,0,0,1,"ए,एकी,की,एक,ी","iː,kiː,eːk,eː,eːkiː","ए,एक,ी","eːk,eː",ी,
733,एके,एक,eːk,ak,NotAppl,M,4,underived,,,0,0,inanimate,Z,Abbreviation,1,0,0,"ए,क,एक","k,eːk,eː","ए,एक","eːk,eː",,
734,एक्जिक्यूटिव,एक्जिक्यूटिव,eːkd͡ʒɪkjuːʈɪʋ,executive,NotAppl,M,4,underived,,,0,0,animate,S,Occupation,1,0,0,"व,ए,एक,एक्,िव,टिव","eːkd͡ʒ,ʈɪʋ,eːk,ʋ,eː,ɪʋ","व,ए,एक","eːk,ʋ,eː",व,ʋ
735,एक्ट,एक्ट,eːkʈ,act,NotAppl,M,4,underived,,,0,0,inanimate,A,Abstract,1,0,0,"ट,ए,क्ट,एक,एक्,्ट","eːkʈ,eːk,eː,ʈ,kʈ","ए,एक","eːk,eː",,
736,एक्टीवेशन,एक्टीवेशन,eːkʈiːʋeːʃən̪,activation,NotAppl,M,4,underived,,,0,0,inanimate,T,Action,1,0,0,"ए,शन,एक,एक्,ेशन,न","n̪,eːkʈ,eːk,eː,ən̪,ʃən̪","ए,शन,एक,ेशन","eːk,eː,ʃən̪",ेशन,
737,एक्यूरेटर,एक्यूरेटर,eːkjuːɾeːʈəɾ,accurator,NotAppl,M,4,underived,,,0,0,inanimate,Z,Applied Sciences,1,0,0,"ए,ेटर,र,एक,एक्,टर","eːkj,eːk,eː,ɾ,əɾ,ʈəɾ","ए,र,एक,टर","eːk,eː,ɾ,əɾ,ʈəɾ","र,टर","ɾ,əɾ,ʈəɾ"
738,एक्वेरियम,एक्वेरियम,eːkʋeːɾɪjəm,aquarium,NotAppl,M,4,underived,,,0,0,inanimate,L,Common Noun,1,0,0,"ए,एक,एक्,म,ियम,यम","əm,eːkʋ,m,eːk,eː,jəm","ए,एक,ियम,यम","eːk,eː,jəm",,
739,एक्शन,एक्शन,eːkʃən̪,action,NotAppl,M,4,underived,,,0,0,inanimate,A,Action,1,0,0,"ए,शन,एक,एक्,न,्शन","eːk,eː,eːkʃ,ən̪,n̪,ʃən̪","ए,शन,एक","eːk,eː,ʃən̪",,
740,एक्सटेंशन,एक्सटेंशन,eːks̪əʈẽːʃən̪,extension,NotAppl,M,4,underived,,,0,0,inanimate,H,Abstract,1,0,0,"ए,शन,एक,एक्,ंशन,न","n̪,eːk,eː,eːks̪,ən̪,ʃən̪","ए,शन,एक","eːk,eː,ʃən̪",,
741,एक्सपर्ट,एक्सपर्ट,eːks̪əpəɾʈ,expert,NotAppl,M,4,underived,,,0,0,animate,X,Person,1,0,0,"ट,ए,र्ट,एक,एक्,्ट","əɾʈ,eːk,eː,ʈ,ɾʈ,eːks̪","ए,एक","eːk,eː",,
742,एक्सप्रेस,एक्सप्रेस,eːks̪əpɾeːs̪,express,NotAppl,F,0,underived,,,0,0,inanimate,Q,Artifact,1,0,0,"स,ए,एक,एक्,ेस,रेस","ɾeːs̪,eːk,eːs̪,eː,eːks̪,s̪","ए,एक","eːk,eː",,
743,एक्साइज,एक्साइज,eːks̪ɑːɪd͡ʒ,excise,NotAppl,M,0,underived,,,0,0,inanimate,G,Action,1,0,0,"ए,एक,एक्,ाइज,ज,इज","d͡ʒ,eːk,eː,ɑːɪd͡ʒ,eːks̪,ɪd͡ʒ","ए,एक","eːk,eː",,
744,एक्स्टर्नल,एक्स्टर्नल,eːks̪ʈəɾn̪əl,external,NotAppl,M,0,underived,,,0,0,inanimate,M,Abstract,1,0,0,"ए,नल,एक,एक्,्नल,ल","n̪əl,eːk,eː,əl,eːks̪,l","ए,नल,एक","n̪əl,eːk,eː,əl",,
745,एग्जिबिशन,एग्जिबिशन,eːɡd͡ʒɪbɪʃən̪,exhibition,NotAppl,F,3,underived,,,0,0,inanimate,A,Artifact,1,0,0,"िशन,एग,ए,शन,न,एग्","eːɡd͡ʒ,eː,ən̪,n̪,eːɡ,ʃən̪","ए,शन","eː,ʃən̪",,
746,एजंसी,एजंस,eːd͡ʒə̃s̪,agency,NotAppl,F,1,underived,,,0,0,inanimate,I,Abstract,1,0,0,"स,ए,ंस,एज,जंस,एजं","eːd͡ʒə̃,eːd͡ʒ,eː,ə̃s̪,s̪,d͡ʒə̃s̪",ए,eː,,
747,एजुकेशनल,एजुकेशनल,eːd͡ʒukeːʃn̪əl,educational,NotAppl,M,4,underived,,,0,0,inanimate,P,Common Noun,1,0,0,"ए,नल,एजु,एज,शनल,ल","eːd͡ʒ,n̪əl,eː,əl,l,eːd͡ʒu","ए,नल","n̪əl,eː,əl",,
748,एजेंट,एजेंट,eːd͡ʒẽːʈ,agent,NotAppl,M,4,underived,,,0,0,animate,I,Person,1,0,0,"ट,ए,एजे,ेंट,ंट,एज","eːd͡ʒ,d͡ʒẽːʈ,eː,ʈ,eːd͡ʒẽː,ẽːʈ","ए,ेंट,ंट","eː,ẽːʈ",,
749,एजेंडा,एजेंड,eːd͡ʒẽːɖ,agenda,NotAppl,M,2,underived,,,0,0,inanimate,Q,Group,1,0,0,"ेंड,ए,ड,एजे,एज,ंड","d͡ʒẽːɖ,eːd͡ʒ,ɖ,eː,ẽːɖ,eːd͡ʒẽː",ए,eː,,
750,एजेंसी,एजेंस,eːd͡ʒẽːs̪,agency,neutral,F,1,underived,,,0,0,inanimate,I,Physical Place,1,0,0,"स,ए,एजे,ंस,ेंस,एज","ẽːs̪,eːd͡ʒ,d͡ʒẽːs̪,eː,s̪,eːd͡ʒẽː",ए,eː,,
751,एजेंसी,एजेंस,eːd͡ʒẽːs̪,agency,neutral,M,4,underived,,,0,0,inanimate,I,Physical Place,1,0,0,"स,ए,एजे,ंस,ेंस,एज","ẽːs̪,eːd͡ʒ,d͡ʒẽːs̪,eː,s̪,eːd͡ʒẽː",ए,eː,,
752,एटीएस,एटीएस,eːʈiːeːs̪,ats,neutral,F,0,underived,,,0,0,inanimate,Z,Abbreviation,1,0,0,"स,ीएस,ए,एटी,एट,एस","iːeːs̪,eːʈiː,eːs̪,eːʈ,eː,s̪",ए,eː,,
753,एटीएस,एटीएस,eːʈiːeːs̪,ats,neutral,M,0,underived,,,0,0,inanimate,Z,Abbreviation,1,0,0,"स,ीएस,ए,एटी,एट,एस","iːeːs̪,eːʈiː,eːs̪,eːʈ,eː,s̪",ए,eː,,
754,एड,एड,eːɖ,ed,NotAppl,F,0,underived,,,0,0,inanimate,Z,Abbreviation,1,0,0,"एड,ए,ड","ɖ,eːɖ,eː",ए,eː,,
755,एडमिट,एडमिट,eːɖmɪʈ,admit,NotAppl,M,0,underived,,,0,0,inanimate,Q,Common Noun,1,0,0,"ट,ए,मिट,एडम,िट,एड","eːɖ,ɪʈ,mɪʈ,eː,ʈ,eːɖm",ए,"ɪʈ,eː",,
756,एडमिरल,एडमिरल,eːɖmɪɾəl,admiral,NotAppl,M,4,underived,,,0,0,animate,G,Common Noun,1,0,0,"ए,रल,िरल,ल,एडम,एड","eːɖ,ɾəl,eː,əl,l,eːɖm",ए,"eː,əl",,
757,एडवांस,एडवांस,eːɖʋɑ̃ːs̪,advance,NotAppl,M,4,underived,,,0,0,inanimate,M,Abstract,1,0,0,"स,ए,ंस,एडव,ांस,एड","eːɖ,ɑ̃ːs̪,ʋɑ̃ːs̪,eː,s̪,eːɖʋ",ए,eː,,
758,एडवोकेट,एडवोकेट,eːɖʋoːkeːʈ,advocate,NotAppl,M,4,underived,,,0,0,animate,Q,Person,1,0,0,"ट,ए,ेट,एडव,केट,एड","eːɖ,eːʈ,ʈ,eː,keːʈ,eːɖʋ",ए,eː,,
759,एड़ी,एड़,eːɽ,heel,NotAppl,F,1,underived,,,0,0,inanimate,B,Anatomical,0,0,0,"ए,एड़,़,ड़,एड","ɽ,eːɽ,eː","ए,़,ड़","ɽ,eː",़,
761,एडीजीपी,एडीजीप,eːɖiːd͡ʒiːp,adgp,NotAppl,M,0,underived,,,0,0,animate,Z,Person,1,0,0,"एडी,ए,प,ीप,एड,जीप","eːɖ,eːɖiː,d͡ʒiːp,eː,p,iːp",ए,eː,,
762,एतराज,एतराज,eːt̪ɾɑːd͡ʒ,objection,NotAppl,M,4,underived,,,0,0,inanimate,E,Perception,0,0,0,"ए,एतर,एत,राज,ाज,ज","ɑːd͡ʒ,eːt̪ɾ,d͡ʒ,eːt̪,eː,ɾɑːd͡ʒ","ए,राज","eː,ɾɑːd͡ʒ",,
763,एनकाउंटर,एनकाउंटर,eːn̪kɑːũʈəɾ,encounter,NotAppl,M,4,underived,,,0,0,inanimate,S,Action,1,0,0,"एनक,ए,र,टर,ंटर,एन","eː,ɾ,eːn̪,eːn̪k,əɾ,ʈəɾ","ए,र,टर","eː,ɾ,əɾ,ʈəɾ","र,टर","ɾ,əɾ,ʈəɾ"
764,एनसीपी,एनसीप,eːn̪s̪iːp,ncp,NotAppl,F,0,underived,,,0,0,inanimate,Z,Group,1,0,0,"ए,सीप,प,ीप,एनस,एन","eːn̪s̪,eː,p,s̪iːp,eːn̪,iːp",ए,eː,,
765,एनीमेशन,एनीमेशन,eːn̪iːmeːʃən̪,animation,NotAppl,M,4,underived,,,0,0,inanimate,Q,Physical State,1,0,0,"ए,एनी,शन,ेशन,न,एन","n̪,eː,eːn̪,eːn̪iː,ən̪,ʃən̪","ए,शन,ेशन","eː,ʃən̪",ेशन,
766,एनेक्सी,एनेक्स,eːn̪eːks̪,annexe,NotAppl,M,0,underived,,,0,0,inanimate,H,Abstract,1,0,0,"स,ए,क्स,्स,एने,एन","ks̪,eː,eːks̪,s̪,eːn̪,eːn̪eː","ए,क्स","ks̪,eː",,
767,एप्लीकेशन,एप्लीकेशन,eːpliːkeːʃən̪,application,NotAppl,M,4,underived,,,0,0,inanimate,Q,Common Noun,1,0,0,"ए,शन,एप्,ेशन,न,एप","n̪,eːpl,eː,eːp,ən̪,ʃən̪","ए,शन,ेशन","eː,ʃən̪",ेशन,
768,एफ,एफ,eːpʰ,f,NotAppl,M,0,underived,,,0,0,inanimate,Z,Abbreviation,1,0,0,"फ,ए,एफ","pʰ,eːpʰ,eː",ए,eː,,
769,एफआईआर,एफआईआर,eːpʰəɑːiːɑːɾ,fir,NotAppl,F,3,underived,,,0,0,inanimate,L,Artifact,1,0,0,"ईआर,ए,र,आर,एफआ,एफ","eːpʰ,eːpʰə,eː,ɾ,ɑːɾ,iːɑːɾ","ए,र","eː,ɾ,ɑːɾ",र,ɾ
770,एम.,एम.,eːmə.,m.,NotAppl,M,0,underived,,,0,0,inanimate,Z,Abbreviation,1,0,0,"ए,एम,.,एम.,म.",".,ə.,eːmə,eːm,eː,mə.",ए,"eːm,eː",,
771,एमआई,एम,eːm,mi,NotAppl,M,0,underived,,,0,0,inanimate,Z,Physical Place,1,0,0,"म,ए,एम","eːm,m,eː",ए,"eːm,eː",,
772,एमएम,एमएम,eːməeːm,mm,NotAppl,M,0,underived,,,0,0,inanimate,Z,Abbreviation,1,0,0,"ए,एम,म,एमए,मएम","m,eːmə,eːm,eː,əeːm",ए,"eːm,eː",,
773,एमकेआई,एमके,eːmkeː,mk.i,NotAppl,M,0,underived,,,0,0,inanimate,Z,Abbreviation,1,0,0,"ए,एम,े,के,एमक,मके","mkeː,keː,eːm,eː,eːmk","ए,के","keː,eːm,eː",,
774,एमडी,एमड,eːməɖ,md,NotAppl,M,0,underived,,,0,0,animate,Z,Person,1,0,0,"ए,ड,मड,एम,एमड","əɖ,ɖ,eːmə,eːm,eː,məɖ",ए,"eːm,eː",,
775,एमपी,एमप,eːməp,mp,NotAppl,M,0,underived,,,0,0,animate,Z,Person,1,0,0,"मप,ए,प,एम,एमप","eːmə,eːm,p,əp,eː,məp",ए,"eːm,eː",,
776,एम्ब्रायडरी,एम्ब्रायडर,eːmbɾɑːjɖəɾ,embroidery,NotAppl,F,1,underived,,,0,0,inanimate,Z,Physical State,1,0,0,"ए,र,एम,डर,एम्,यडर","eːmb,eːm,eː,ɾ,əɾ,ɖəɾ","ए,र,डर","eːm,eː,ɾ,əɾ,ɖəɾ",र,"ɾ,əɾ"
777,एयर,एयर,eːjəɾ,air,neutral,F,0,underived,,,0,0,inanimate,O,Common Noun,1,0,0,"ए,यर,र,एयर,एय","jəɾ,eːjə,eː,ɾ,əɾ,eːj","ए,र","eː,ɾ,əɾ",र,"ɾ,əɾ"
778,एयर,एयर,eːjəɾ,air,neutral,M,0,underived,,,0,0,inanimate,O,Physical State,1,0,0,"ए,यर,र,एयर,एय","jəɾ,eːjə,eː,ɾ,əɾ,eːj","ए,र","eː,ɾ,əɾ",र,"ɾ,əɾ"
779,एयरजोन,एयरजोन,eːjəɾd͡ʒoːn̪,airzone,neutral,F,3,underived,,,0,0,inanimate,Z,Common Noun,1,0,0,"ए,जोन,न,ोन,एयर,एय","n̪,d͡ʒoːn̪,eːjə,eː,eːj,oːn̪",ए,eː,,
780,एयरजोन,एयरजोन,eːjəɾd͡ʒoːn̪,airzone,neutral,M,4,underived,,,0,0,inanimate,Z,Common Noun,1,0,0,"ए,जोन,न,ोन,एयर,एय","n̪,d͡ʒoːn̪,eːjə,eː,eːj,oːn̪",ए,eː,,
781,एयरपोर्ट,एयरपोर्ट,eːjəɾpoːɾʈ,airport,NotAppl,M,0,underived,,,0,0,inanimate,M,Physical Place,1,0,0,"ट,ए,र्ट,्ट,एयर,एय","eːjə,oːɾʈ,eː,ʈ,ɾʈ,eːj",ए,eː,,
782,एयरबैग,एयरबैग,eːjəɾbəɪɡ,airbag,NotAppl,M,4,underived,,,0,0,inanimate,O,Common Noun,1,0,0,"ए,ैग,बैग,एयर,एय,ग","eːjə,eː,əɪɡ,ɡ,eːj,ɪɡ","ए,ग","eː,ɡ",,ɡ
783,एयरलाइंस,एयरलाइंस,eːjəɾlɑːɪ̃s̪,airlines,NotAppl,F,3,underived,,,0,0,inanimate,M,Common Noun,1,0,0,"स,ए,इंस,ंस,एयर,एय","ɑːɪ̃s̪,eːjə,eː,s̪,ɪ̃s̪,eːj",ए,eː,,
784,एयरलाइन,एयरलाइन,eːjəɾlɑːɪn̪,airline,NotAppl,F,5,underived,,,0,0,inanimate,M,Action,1,0,0,"ए,ाइन,न,इन,एयर,एय","n̪,eːjə,ɑːɪn̪,eː,ɪn̪,eːj",ए,eː,,
785,एराइवल,एराइवल,eːɾɑːɪʋəl,arrival,NotAppl,M,4,underived,,,0,0,inanimate,M,Common Noun,1,0,0,"ए,एरा,एर,वल,इवल,ल","eːɾɑː,eː,əl,l,ʋəl,eːɾ",ए,"eː,əl",,
786,एरियर,एरियर,eːɾɪjəɾ,array,NotAppl,M,4,underived,,,0,0,inanimate,M,Physical State,1,0,0,"ए,यर,र,ियर,एरि,एर","eːɾɪ,jəɾ,eː,ɾ,əɾ,eːɾ","ए,र,ियर","eː,ɾ,əɾ",र,"ɾ,əɾ"
787,एरिया,एरिय,eːɾɪjə,area,NotAppl,M,4,underived,,,0,0,inanimate,M,Psychological Feature,1,0,0,"ए,िय,य,एरि,एर,रिय","eːɾɪ,eː,ɪjə,ə,jə,eːɾ","ए,य","eː,jə",य,jə
788,एलपीजी,एलपीज,eːlpiːd͡ʒ,lpg,NotAppl,F,1,underived,,,0,0,inanimate,Z,Natural Object,1,0,0,"ए,ज,ीज,पीज,एलप,एल","iːd͡ʒ,d͡ʒ,piːd͡ʒ,eː,eːl,eːlp",ए,eː,,
789,एलसीए,एलसी,eːls̪iː,lca,NotAppl,M,0,underived,,,0,0,inanimate,Z,Abbreviation,1,0,0,"ए,सी,एल,लसी,एलस,ी","iː,ls̪iː,eːls̪,s̪iː,eː,eːl","ए,ी",eː,ी,
790,एलायंस,एलायंस,eːlɑːjə̃s̪,alliance,NotAppl,M,4,underived,,,0,0,inanimate,S,Common Noun,1,0,0,"स,ए,ंस,एला,यंस,एल","eːlɑː,eː,ə̃s̪,s̪,jə̃s̪,eːl",ए,eː,,
791,एल्युमीनियम,एल्युमीनियम,eːljumiːn̪ɪjəm,aluminium,NotAppl,M,4,underived,,,0,0,inanimate,O,Applied Sciences,1,0,0,"ए,एल,म,ियम,यम,एल्","əm,m,eː,eːlj,jəm,eːl","ए,ियम,यम","eː,jəm",,
792,एस,एस,eːs̪,s,NotAppl,M,0,underived,,,0,0,inanimate,Z,Abbreviation,1,0,0,"एस,स,ए","s̪,eːs̪,eː",ए,eː,,
793,एसईजेड,एसईजेड,eːs̪əiːd͡ʒeːɖ,sez,NotAppl,M,0,underived,,,0,0,inanimate,Z,Abbreviation,1,0,0,"एसई,ए,ड,ेड,एस,जेड","eːɖ,ɖ,d͡ʒeːɖ,eːs̪,eː,eːs̪ə",ए,eː,,
794,एसएचओ,एसएच,eːs̪əeːt͡ʃ,sho,NotAppl,M,0,underived,,,0,0,inanimate,Z,Abbreviation,1,0,0,"ए,सएच,च,एच,एस,एसए","t͡ʃ,əeːt͡ʃ,eːs̪,eː,eːs̪ə,eːt͡ʃ",ए,eː,,
795,एसएमएस,एसएमएस,eːs̪əeːməeːs̪,sms,NotAppl,M,0,underived,,,0,0,inanimate,Z,Abbreviation,1,0,0,"स,ए,एस,एसए,मएस","eːs̪ə,eːs̪,eː,s̪,əeːs̪",ए,eː,,
796,एसएसपी,एसएसप,eːs̪əeːs̪əp,ssp,NotAppl,M,0,underived,,,0,0,animate,Z,Person,1,0,0,"एसप,ए,प,सप,एस,एसए","s̪əp,eːs̪,əp,p,eː,eːs̪ə",ए,eː,,
797,एसडीएम,एसडीएम,eːs̪ɖiːeːm,sdm,NotAppl,M,0,underived,,,0,0,inanimate,Z,Abbreviation,1,0,0,"ए,एम,म,एसड,एस,ीएम","iːeːm,eːs̪,m,eːm,eː,eːs̪ɖ",ए,"eːm,eː",,
798,एसडीओ,एसडी,eːs̪ɖiː,sdo,NotAppl,M,0,underived,,,0,0,animate,Z,Person,1,0,0,"ए,सडी,एसड,एस,डी,ी","iː,s̪ɖiː,eːs̪,eː,eːs̪ɖ,ɖiː","ए,डी,ी","eː,ɖiː",ी,
799,एसपी,एसप,eːs̪əp,sp,NotAppl,M,0,underived,,,0,0,inanimate,Z,Person,1,0,0,"एसप,ए,प,सप,एस","s̪əp,eːs̪,əp,p,eː,eːs̪ə",ए,eː,,
800,एसपीओ,एसपी,eːs̪piː,spo,NotAppl,M,0,underived,,,0,0,inanimate,Z,Person,1,0,0,"एसप,ए,सपी,एस,पी,ी","iː,piː,eːs̪,eːs̪p,eː,s̪piː","ए,ी",eː,ी,
801,एसीपी,एसीप,eːs̪iːp,acp,NotAppl,M,0,underived,,,0,0,inanimate,Z,Abbreviation,1,0,0,"ए,सीप,प,ीप,एसी,एस","eːs̪iː,eːs̪,eː,p,s̪iːp,iːp",ए,eː,,
802,एसोसिएशन,एसोसिएशन,eːs̪oːs̪ɪeːʃən̪,association,neutral,F,3,underived,,,0,0,inanimate,S,Group,1,0,0,"ए,एसो,शन,न,एस,एशन","n̪,eːs̪,eː,eːs̪oː,ən̪,ʃən̪","ए,शन","eː,ʃən̪",,
803,एसोसिएशन,एसोसिएशन,eːs̪oːs̪ɪeːʃən̪,association,neutral,M,4,underived,,,0,0,inanimate,S,Group,1,0,0,"ए,एसो,शन,न,एस,एशन","n̪,eːs̪,eː,eːs̪oː,ən̪,ʃən̪","ए,शन","eː,ʃən̪",,
804,एस्कार्ट,एस्कार्ट,eːs̪kɑːɾʈ,escort,neutral,F,3,underived,,,0,0,animate,S,Abstract,1,0,0,"ट,ए,र्ट,्ट,एस,एस्","eːs̪,eː,ʈ,ɾʈ,ɑːɾʈ,eːs̪k",ए,eː,,
805,एस्कार्ट,एस्कार्ट,eːs̪kɑːɾʈ,escort,neutral,M,4,underived,,,0,0,animate,S,Physical State,1,0,0,"ट,ए,र्ट,्ट,एस,एस्","eːs̪,eː,ʈ,ɾʈ,ɑːɾʈ,eːs̪k",ए,eː,,
807,एहतियात,एहतियात,eːɦt̪ɪjɑːt̪,precaution,neutral,F,3,underived,,,0,0,inanimate,A,State,0,1,0,"ए,एह,त,यात,एहत,ात","t̪,jɑːt̪,ɑːt̪,eːɦt̪,eːɦ,eː","ए,त","t̪,eː",त,t̪
808,एहतियात,एहतियात,eːɦt̪ɪjɑːt̪,precaution,neutral,M,4,underived,,,0,0,inanimate,A,State,0,1,0,"ए,एह,त,यात,एहत,ात","t̪,jɑːt̪,ɑːt̪,eːɦt̪,eːɦ,eː","ए,त","t̪,eː",त,t̪
809,एहमियत,एहमियत,eːɦmɪjət̪,importance,NotAppl,M,4,abstract_state,,,0,1,inanimate,A,Concept,0,0,0,"ए,एह,यत,त,एहम,ियत","t̪,jət̪,eːɦ,ət̪,eː,eːɦm","ए,यत,त,ियत","t̪,jət̪,eː","यत,त","t̪,jət̪"
810,ऐक्टिंग,ऐक्टिंग,əɪkʈɪ̃ɡ,acting,NotAppl,F,3,underived,,,0,0,inanimate,A,Occupation,1,0,0,"ऐक्,ऐ,ऐक,िंग,ंग,ग","əɪk,əɪ,ɪ̃ɡ,ə,ɡ,ʈɪ̃ɡ","िंग,ंग,ग","ɪ̃ɡ,ɡ,ʈɪ̃ɡ","िंग,ंग","ɪ̃ɡ,ɡ"
811,ऐड्रस,ऐड्रस,əɪɖɾəs̪,addrus,NotAppl,M,4,underived,,,0,0,inanimate,Z,Anatomical,1,0,0,"स,ऐड्,ऐ,रस,ऐड,्रस","ɾəs̪,əɪɖ,əɪ,s̪,ə,əs̪",,,,
812,ऐतराज,ऐतराज,əɪt̪ɾɑːd͡ʒ,objection,NotAppl,M,4,underived,,,0,0,inanimate,E,Perception,0,0,0,"ऐ,ऐत,ऐतर,राज,ाज,ज","ɑːd͡ʒ,d͡ʒ,əɪ,ə,ɾɑːd͡ʒ,əɪt̪",राज,ɾɑːd͡ʒ,,
813,ऐय्याशी,ऐय्याश,əɪjjɑːʃ,debauchery,NotAppl,F,1,underived,,,0,0,inanimate,G,Social,0,0,0,"श,ऐय,ऐ,ऐय्,याश,ाश","jɑːʃ,ʃ,əɪj,əɪ,ɑːʃ,ə",,,,
814,ऐलान,ऐलान,əɪlɑːn̪,announcement,NotAppl,M,4,underived,,,0,0,inanimate,Q,Physical,0,0,0,"ऐला,ान,ऐ,ऐल,न,लान","əɪl,ɑːn̪,əɪ,ə,n̪,lɑːn̪",,,,
815,ऑटो,ऑट,ɔʈ,auto,NotAppl,M,0,underived,,,0,0,inanimate,M,Artifact,1,0,0,"ट,ऑट,ऑ","ʈ,ɔ,ɔʈ",,,,
816,ऑडिट,ऑडिट,ɔɖɪʈ,audit,NotAppl,M,4,underived,,,0,0,inanimate,I,Action,1,0,0,"ऑडि,ट,ऑ,िट,डिट,ऑड","ɔɖ,ɪʈ,ɖɪʈ,ʈ,ɔ,ɔɖɪ",,ɪʈ,,
817,ऑडिटोरियम,ऑडिटोरियम,ɔɖɪʈoːɾɪjəm,auditorium,NotAppl,M,4,underived,,,0,0,inanimate,K,Physical Place,1,0,0,"ऑडि,म,ऑ,ियम,यम,ऑड","əm,ɔɖ,m,ɔ,jəm,ɔɖɪ","ियम,यम",jəm,,
818,ऑनर,ऑनर,ɔn̪əɾ,honour,NotAppl,M,4,underived,,,0,0,inanimate,S,Concept,1,0,0,"नर,र,ऑन,ऑ,ऑनर","ɔn̪ə,ɔ,ɾ,ɔn̪,n̪əɾ,əɾ",र,"ɾ,əɾ",र,"ɾ,əɾ"
819,ऑनलाइन,ऑनलाइन,ɔn̪lɑːɪn̪,online,neutral,F,3,underived,,,0,0,inanimate,Y,Relational,1,0,0,"ऑन,ाइन,न,इन,ऑ,ऑनल","ɑːɪn̪,ɔn̪l,ɔ,ɪn̪,ɔn̪,n̪",,,,
820,ऑनलाइन,ऑनलाइन,ɔn̪lɑːɪn̪,online,neutral,M,4,underived,,,0,0,inanimate,Y,Relational,1,0,0,"ऑन,ाइन,न,इन,ऑ,ऑनल","ɑːɪn̪,ɔn̪l,ɔ,ɪn̪,ɔn̪,n̪",,,,
821,ऑपरेटर,ऑपरेटर,ɔpɾeːʈəɾ,operator,NotAppl,M,4,underived,,,0,0,animate,Q,Person,1,0,0,"ेटर,र,ऑपर,ऑ,ऑप,टर","ɔpɾ,ɔp,ɔ,ɾ,əɾ,ʈəɾ","र,टर","ɾ,əɾ,ʈəɾ","र,टर","ɾ,əɾ,ʈəɾ"
822,ऑपरेशन,ऑपरेशन,ɔpɾeːʃən̪,operation,NotAppl,M,5,underived,,,0,0,inanimate,A,Physical,1,0,0,"शन,ऑपर,ेशन,न,ऑ,ऑप","ɔpɾ,ɔp,ən̪,ɔ,n̪,ʃən̪","शन,ेशन",ʃən̪,ेशन,
823,ऑफ,ऑफ,ɔpʰ,off,NotAppl,M,0,underived,,,0,0,inanimate,Z,Common Noun,1,0,0,"ऑफ,फ,ऑ","pʰ,ɔ,ɔpʰ",,,,
824,ऑफर,ऑफर,ɔpʰəɾ,offers,NotAppl,M,4,underived,,,0,0,inanimate,A,Abstract,1,0,0,"र,ऑ,ऑफर,फर,ऑफ","ɔpʰ,ɔpʰə,ɔ,ɾ,pʰəɾ,əɾ",र,"ɾ,əɾ",र,"ɾ,əɾ"
825,ऑफिस,ऑफिस,ɔpʰɪs̪,office,NotAppl,M,4,underived,,,0,0,inanimate,I,Physical Place,1,0,0,"स,िस,फिस,ऑ,ऑफ,ऑफि","ɔpʰ,ɪs̪,ɔ,s̪,pʰɪs̪,ɔpʰɪ",,,,
826,ऑफिसर,ऑफिसर,ɔpʰɪs̪əɾ,officer,neutral,F,3,underived,,,0,0,animate,G,Person,1,0,0,"र,सर,िसर,ऑ,ऑफ,ऑफि","ɔpʰ,ɔ,ɾ,əɾ,ɔpʰɪ,s̪əɾ",र,"ɾ,əɾ",र,"ɾ,əɾ"
827,ऑफिसर,ऑफिसर,ɔpʰɪs̪əɾ,officer,neutral,M,4,underived,,,0,0,animate,G,Person,1,0,0,"र,सर,िसर,ऑ,ऑफ,ऑफि","ɔpʰ,ɔ,ɾ,əɾ,ɔpʰɪ,s̪əɾ",र,"ɾ,əɾ",र,"ɾ,əɾ"
828,ऑयल,ऑयल,ɔjəl,oil,neutral,F,3,underived,,,0,0,inanimate,O,Natural Object,1,0,0,"ऑय,ऑयल,यल,ऑ,ल","ɔj,ɔ,əl,jəl,l,ɔjə",,əl,,
829,ऑयल,ऑयल,ɔjəl,oil,neutral,M,4,underived,,,0,0,inanimate,O,Natural Object,1,0,0,"ऑय,ऑयल,यल,ऑ,ल","ɔj,ɔ,əl,jəl,l,ɔjə",,əl,,
830,ऑर्गनाइजर,ऑर्गनाइजर,ɔɾɡən̪ɑːɪd͡ʒəɾ,organiser,NotAppl,M,4,underived,,,0,0,animate,S,Applied Sciences,1,0,0,"ऑर,इजर,र,ऑर्,ऑ,जर","ɔɾɡ,d͡ʒəɾ,ɔ,ɾ,əɾ,ɔɾ",र,"ɾ,əɾ",र,"ɾ,əɾ"
831,ऑर्ट,ऑर्ट,ɔɾʈ,ort,NotAppl,M,4,underived,,,0,0,inanimate,Z,Art,1,0,0,"ऑर,ट,र्ट,ऑर्,ऑ,्ट","ʈ,ɔ,ɾʈ,ɔɾʈ,ɔɾ",,,,
832,ऑर्डर,ऑर्डर,ɔɾɖəɾ,order,NotAppl,M,4,underived,,,0,0,inanimate,S,State,1,0,0,"ऑर,र,ऑर्,डर,ऑ,्डर","ɔ,ɾ,əɾ,ɔɾ,ɔɾɖ,ɖəɾ","र,डर","ɾ,əɾ,ɖəɾ",र,"ɾ,əɾ"
833,ऑर्डिनेंस,ऑर्डिनेंस,ɔɾɖɪn̪ẽːs̪,ordinances,NotAppl,M,4,underived,,,0,0,inanimate,G,Abstract,1,0,0,"ऑर,स,ेंस,ंस,ऑर्,ऑ","ẽːs̪,ɔ,s̪,n̪ẽːs̪,ɔɾ,ɔɾɖ",,,,
834,ओझा,ओझ,oːd͡ʒʰ,the exorcist,NotAppl,M,0,underived,,,0,0,animate,Z,Person,0,0,0,"झ,ओ,ओझ","oːd͡ʒʰ,oː,d͡ʒʰ",ओ,,,
835,ओडीबल,ओडीबल,oːɖiːbəl,odible,NotAppl,M,5,underived,,,0,0,inanimate,Z,Abbreviation,1,0,0,"ओडी,बल,ीबल,ओ,ओड,ल","oːɖiː,oː,əl,bəl,l,oːɖ",ओ,əl,,
836,ओपनर,ओपनर,oːpn̪əɾ,opener,NotAppl,M,0,underived,,,0,0,animate,O,Person,1,0,0,"नर,ओपन,र,ओ,पनर,ओप","oːpn̪,oːp,oː,ɾ,n̪əɾ,əɾ","र,ओ","ɾ,əɾ",र,"ɾ,əɾ"
837,ओरिएंटेशन,ओरिएंटेशन,oːɾɪẽːʈeːʃən̪,orientation,NotAppl,M,4,underived,,,0,0,inanimate,M,Abstract,1,0,0,"शन,ओ,ेशन,न,ओरि,ओर","n̪,oː,oːɾ,oːɾɪ,ən̪,ʃən̪","शन,ओ,ेशन",ʃən̪,ेशन,
838,ओला,ओल,oːl,hailstone,NotAppl,M,2,underived,,,0,0,inanimate,Z,Natural Object,0,0,0,"ल,ओल,ओ","oːl,oː,l",ओ,,,
839,ओवर,ओवर,oːʋəɾ,over,NotAppl,M,4,underived,,,0,0,inanimate,N,Group,1,0,0,"वर,र,ओवर,ओव,ओ","oːʋə,oː,oːʋ,ɾ,əɾ,ʋəɾ","र,ओ","ɾ,əɾ",र,"ɾ,əɾ"
840,ओवरकोट,ओवरकोट,oːʋəɾkoːʈ,overcoat,NotAppl,M,4,underived,,,0,0,inanimate,B,Common Noun,1,0,0,"ट,ोट,ओवर,ओव,ओ,कोट","oːʋə,oːʈ,oː,koːʈ,ʈ,oːʋ",ओ,,,
841,ओवरब्रिज,ओवरब्रिज,oːʋɾəbɾɪd͡ʒ,overbridge,NotAppl,M,4,underived,,,0,0,inanimate,Z,Physical Object,1,0,0,"ओवर,ओव,ओ,रिज,ज,िज","oːʋɾ,oː,d͡ʒ,oːʋ,ɾɪd͡ʒ,ɪd͡ʒ",ओ,,,
842,ओवरहॉल,ओवरहॉल,oːʋəɾɦɔl,overhaul,NotAppl,M,4,underived,,,0,0,inanimate,A,Artifact,1,0,0,"ॉल,ओवर,ओव,ओ,ल,हॉल","oːʋə,ɦɔl,oː,ɔl,oːʋ,l",ओ,,,
843,ओहदा,ओहद,oːɦəd̪,rank,NotAppl,M,2,underived,,,0,0,inanimate,S,Abstract,0,0,0,"द,ओहद,हद,ओ,ओह","d̪,əd̪,oː,oːɦ,oːɦə,ɦəd̪",ओ,oːɦ,,
844,औचित्य,औचित्य,əut͡ʃɪt̪jə,justification,NotAppl,M,4,abstract3,,,0,1,inanimate,G,State,0,0,1,"औ,्य,त्य,य,औचि,औच","əut͡ʃ,əu,ə,jə,t̪jə","्य,य",jə,य,jə
845,औपचारिकता,औपचारिक,əupt͡ʃɑːɾɪk,formality,NotAppl,F,3,abstract8,abstract8,abstract8,0,1,inanimate,A,Physical,0,0,0,"औ,औपच,रिक,िक,क,औप","k,ɾɪk,ɪk,əup,əu,ə",,,,
846,औपचारिकताएं,औपचारिक,əupt͡ʃɑːɾɪk,formalities,NotAppl,M,4,abstract8,abstract8,abstract8,0,1,inanimate,A,Concept,0,0,0,"औ,औपच,रिक,िक,क,औप","k,ɾɪk,ɪk,əup,əu,ə",,,,
847,और,और,əuɾ,and,NotAppl,M,4,underived,,,0,0,inanimate,Z,Numeral,0,0,0,"औ,और,र","ɾ,əu,ə,əuɾ,uɾ",र,ɾ,र,ɾ
848,औषधि,औषध,əuʂəd̪ʰ,medicine,NotAppl,F,1,underived,,,0,0,inanimate,B,Artifact,0,0,1,"औ,औषध,ध,षध,औष","d̪ʰ,əd̪ʰ,əu,ʂəd̪ʰ,ə,əuʂ",,,,
849,औसत,औसत,əus̪ət̪,average,NotAppl,M,4,underived,,,0,0,inanimate,A,property,0,1,0,"औ,सत,त,औस,औसत","t̪,əus̪,s̪ət̪,ət̪,əu,ə","सत,त","t̪,s̪ət̪",त,t̪
850,कंकाल,कंकाल,kə̃kɑːl,skeleton,NotAppl,M,4,underived,,,0,0,inanimate,B,Anatomical,0,0,0,"काल,कं,ाल,क,कंक,ल","k,kɑːl,kə̃,l,ɑːl,kə̃k",काल,kɑːl,,
851,कंक्रीट,कंक्रीट,kə̃kɾiːʈ,concrete,NotAppl,M,4,underived,,,0,0,inanimate,O,Artifact,1,0,0,"ट,कं,रीट,क,कंक,ीट","k,kə̃,ʈ,iːʈ,ɾiːʈ,kə̃k",,,,
852,कंटेनर,कंटेनर,kə̃ʈeːn̪əɾ,container,NotAppl,M,4,underived,,,0,0,inanimate,O,Artifact,1,0,0,"नर,र,कं,कंट,क,ेनर","k,kə̃,ɾ,n̪əɾ,əɾ,kə̃ʈ",र,"ɾ,əɾ",र,"ɾ,əɾ"
853,कंट्रोल,कंट्रोल,kə̃ʈɾoːl,control,NotAppl,M,0,underived,,,0,0,inanimate,S,Action,1,0,0,"कं,ोल,रोल,कंट,क,ल","k,oːl,kə̃,ɾoːl,l,kə̃ʈ",,,,
854,कंट्रोलर,कंट्रोलर,kə̃ʈɾoːləɾ,controller,NotAppl,M,4,underived,,,0,0,inanimate,S,Common Noun,1,0,0,"र,ोलर,कं,कंट,क,लर","k,kə̃,ɾ,əɾ,kə̃ʈ,ləɾ",र,"ɾ,əɾ",र,"ɾ,əɾ"
855,कंडिश्नर,कंडिश्नर,kə̃ɖɪʃn̪əɾ,conditioner,NotAppl,M,4,underived,,,0,0,inanimate,B,Applied Sciences,1,0,0,"नर,र,कं,्नर,क,कंड","k,n̪əɾ,kə̃,ɾ,kə̃ɖ,əɾ",र,"ɾ,əɾ",र,"ɾ,əɾ"
856,कंडोम,कंडोम,kə̃ɖoːm,condom,NotAppl,M,4,underived,,,0,0,inanimate,B,Artifact,1,0,0,"कं,म,क,डोम,ोम,कंड","k,ɖoːm,m,kə̃,kə̃ɖ,oːm",,,,
857,कंधा,कंध,kə̃d̪ʰ,shoulder,NotAppl,M,2,underived,,,0,0,inanimate,B,Natural Object,0,0,0,"कं,क,ध,कंध,ंध","k,kə̃d̪ʰ,ə̃d̪ʰ,d̪ʰ,kə̃",,,,
858,कंपन,कंपन,kə̃pən̪,vibrations,NotAppl,M,4,underived,,,0,0,inanimate,M,Physical,0,0,1,"कंप,कं,न,ंपन,क,पन","k,n̪,kə̃p,kə̃,pən̪,ən̪",,,,
859,कंपनी,कंपन,kə̃pən̪,company,neutral,F,1,underived,,,0,0,inanimate,I,Group,1,0,0,"कंप,कं,न,ंपन,क,पन","k,n̪,kə̃p,kə̃,pən̪,ən̪",,,,
860,कंपनी,कंपन,kə̃pən̪,company,neutral,M,1,underived,,,0,0,inanimate,I,Group,1,0,0,"कंप,कं,न,ंपन,क,पन","k,n̪,kə̃p,kə̃,pən̪,ən̪",,,,
861,कंपार्टमेंट,कंपार्टमेंट,kə̃pɑːɾʈəmẽːʈ,compartment,NotAppl,F,3,underived,,,0,0,inanimate,O,Physical State,1,0,0,"ट,ेंट,कंप,ंट,कं,क","k,mẽːʈ,kə̃p,kə̃,ʈ,ẽːʈ","ेंट,ंट",ẽːʈ,,
862,कंप्यूटर,कंप्यूटर,kə̃pjuːʈəɾ,computer,NotAppl,M,4,underived,,,0,0,inanimate,Y,Artifact,1,0,0,"ूटर,र,कंप,कं,क,टर","k,kə̃p,kə̃,ɾ,əɾ,ʈəɾ","र,टर","ɾ,əɾ,ʈəɾ","र,टर","ɾ,əɾ,ʈəɾ"
863,कंप्यूटरिंग,कंप्यूटरिंग,kə̃pjuːʈɾɪ̃ɡ,computing,NotAppl,F,0,underived,,,0,0,inanimate,Y,Common Noun,1,0,0,"कंप,कं,िंग,क,ंग,ग","k,kə̃p,ɾɪ̃ɡ,kə̃,ɪ̃ɡ,ɡ","िंग,ंग,ग","ɾɪ̃ɡ,ɪ̃ɡ,ɡ","िंग,ंग","ɪ̃ɡ,ɡ"
864,कंबल,कंबल,kə̃bəl,blanket,NotAppl,M,4,underived,,,0,0,inanimate,H,Artifact,0,0,0,"बल,ंबल,कं,कंब,क,ल","k,kə̃,əl,bəl,kə̃b,l",,əl,,
865,कंवजेस,कंवजेस,kə̃ʋd͡ʒeːs̪,convex,NotAppl,M,4,underived,,,0,0,inanimate,Z,Common Noun,1,0,0,"स,कंव,जेस,ेस,कं,क","k,eːs̪,kə̃,kə̃ʋ,s̪,d͡ʒeːs̪",,,,
866,कंवेंशन,कंवेंशन,kə̃ʋẽːʃən̪,convention,NotAppl,M,4,underived,,,0,0,inanimate,A,Applied Sciences,1,0,0,"कंव,शन,ंशन,कं,न,क","k,n̪,kə̃,kə̃ʋ,ən̪,ʃən̪",शन,ʃən̪,,
867,कंसलटेंट,कंसलटेंट,kə̃s̪əlʈẽːʈ,consultant,NotAppl,M,4,underived,,,0,0,animate,B,Person,1,0,0,"ट,ेंट,ंट,कंस,कं,क","k,kə̃,ʈ,ʈẽːʈ,kə̃s̪,ẽːʈ","ेंट,ंट",ẽːʈ,,
868,कक्ष,कक्ष,kəkʂ,room,NotAppl,M,4,underived,,,0,0,inanimate,H,Physical Place,0,0,1,"्ष,कक्,ष,क्ष,क,कक","k,kə,kʂ,kək,əkʂ,ʂ",ष,ʂ,,
869,कक्षा,कक्ष,kəkʂ,class,homophones,F,3,underived,,,0,0,inanimate,P,Cognition,0,0,1,"्ष,कक्,ष,क्ष,क,कक","k,kə,kʂ,kək,əkʂ,ʂ",ष,ʂ,,
870,कक्षा,कक्ष,kəkʂ,class,homophones,M,4,underived,,,0,0,inanimate,P,Cognition,0,0,1,"्ष,कक्,ष,क्ष,क,कक","k,kə,kʂ,kək,əkʂ,ʂ",ष,ʂ,,
871,कगार,कगार,kəɡɑːɾ,verge,NotAppl,F,3,underived,,,0,0,inanimate,A,Physical Place,0,0,0,"र,ार,कगा,क,कग,गार","k,kə,ɡɑːɾ,kəɡ,ɾ,ɑːɾ","र,ार","ɾ,ɑːɾ",र,ɾ
872,कचरा,कचर,kət͡ʃəɾ,trash,NotAppl,M,2,underived,,,0,0,inanimate,O,Object,0,0,0,"चर,र,क,कचर,कच","k,kət͡ʃ,kə,t͡ʃəɾ,ɾ,əɾ",र,"ɾ,əɾ",र,"ɾ,əɾ"
873,कछुआ,कछु,kət͡ʃʰu,tortoise,NotAppl,M,2,underived,,,0,0,animate,L,Reptile,0,0,0,"छु,ु,क,कछु,कछ","kət͡ʃʰ,k,kə,u,t͡ʃʰu,ət͡ʃʰu",छु,t͡ʃʰu,,
874,कजा,कज,kəd͡ʒ,kaza,NotAppl,M,2,underived,,,0,0,inanimate,Z,Common Noun,0,0,0,"ज,कज,क","k,kə,əd͡ʒ,d͡ʒ,kəd͡ʒ",,əd͡ʒ,,əd͡ʒ
875,कटघरा,कटघर,kəʈɡʰəɾ,balustrade,NotAppl,M,2,underived,,,1,0,inanimate,H,Artifact,0,0,0,"र,कटघ,घर,टघर,क,कट","ɡʰəɾ,k,kə,ɾ,əɾ,kəʈ","र,घर","ɡʰəɾ,ɾ,əɾ",र,"ɾ,əɾ"
876,कटर,कटर,kəʈəɾ,cutter,NotAppl,M,4,underived,,,0,0,inanimate,I,Common Noun,1,0,0,"र,कटर,क,टर,कट","k,kə,ɾ,əɾ,kəʈ,ʈəɾ","र,टर","ɾ,əɾ,ʈəɾ","र,टर","ɾ,əɾ,ʈəɾ"
877,कटहल,कटहल,kəʈɦəl,jackfruit,NotAppl,M,4,underived,,,0,0,inanimate,Z,Natural Object,0,0,0,"टहल,हल,क,कटह,ल,कट","k,kə,əl,l,kəʈ,ɦəl",,əl,,
878,कटाव,कटाव,kəʈɑːʋ,erosion,NotAppl,M,4,result_nouns,,,0,1,inanimate,A,Physical Place,0,0,0,"व,ाव,टाव,क,कट,कटा","ʈɑːʋ,k,kə,ʋ,ɑːʋ,kəʈ","व,ाव",ʋ,"व,ाव",ʋ
879,कटोरा,कटोर,kəʈoːɾ,bowl,NotAppl,M,2,underived,,,0,0,inanimate,K,Artifact,0,0,0,"कटो,ोर,र,टोर,क,कट","k,kə,oːɾ,ʈoːɾ,ɾ,kəʈ",र,ɾ,र,ɾ
880,कटौती,कटौत,kəʈəut̪,cuts,NotAppl,F,1,underived,,,0,0,inanimate,A,Action,0,0,0,"कटौ,ौत,त,क,टौत,कट","əut̪,k,ut̪,kə,t̪,kəʈ",त,t̪,त,t̪
881,कट्टरपंथ,कट्टरपंथ,kəʈʈəɾpə̃t̪ʰ,radicalism,NotAppl,M,4,underived,,,0,0,inanimate,G,Perception,0,0,0,"पंथ,ंथ,क,कट,कट्,थ","k,ə̃t̪ʰ,kə,t̪ʰ,kəʈ,pə̃t̪ʰ",ंथ,ə̃t̪ʰ,,
882,कट्टरपंथी,कट्टरपंथ,kəʈʈəɾpə̃t̪ʰ,radical,NotAppl,M,4,underived,,,0,0,animate,N,Person,0,0,0,"पंथ,ंथ,क,कट,कट्,थ","k,ə̃t̪ʰ,kə,t̪ʰ,kəʈ,pə̃t̪ʰ",ंथ,ə̃t̪ʰ,,
883,कट्टरवाद,कट्टर,kəʈʈəɾ,fundamentalism,NotAppl,M,4,speaker,,,0,1,inanimate,S,Perception,0,0,0,"र,्टर,क,टर,कट,कट्","k,kə,ɾ,əɾ,kəʈ,ʈəɾ","र,्टर,टर","ɾ,əɾ,ʈəɾ","र,्टर,टर","ɾ,əɾ,ʈəɾ"
884,कट्टा,कट्ट,kəʈʈ,katta,NotAppl,M,4,underived,,,0,0,inanimate,Z,Artifact,0,0,0,"ट,ट्ट,्ट,क,कट,कट्","k,əʈʈ,kə,ʈʈ,ʈ,kəʈ",ट्ट,ʈʈ,,
885,कठघरे,कठघर,kəʈʰɡʰəɾ,courtroom,NotAppl,M,2,underived,,,0,0,inanimate,G,Physical Place,0,0,0,"ठघर,र,कठ,घर,क,कठघ","ɡʰəɾ,k,kəʈʰ,kə,ɾ,əɾ","र,घर","ɡʰəɾ,ɾ,əɾ",र,"ɾ,əɾ"
886,कठपुतली,कठपुतल,kəʈʰput̪əl,puppet,NotAppl,F,1,underived,,,0,0,inanimate,K,Artifact,0,0,0,"तल,ुतल,कठ,कठप,क,ल","k,kəʈʰ,kə,əl,l,t̪əl",,əl,,
887,कठिनाई,कठिना,kəʈʰɪn̪ɑː,difficulty,NotAppl,F,1,underived,,,0,0,inanimate,A,State,0,0,0,"िना,ा,कठ,ना,क,कठि","k,kəʈʰ,kə,ɪn̪ɑː,ɑː,n̪ɑː",ा,,ा,
888,कड़वाहट,कड़वा,kəɽʋɑː,bitterness,NotAppl,F,3,abstract_indicator,,,0,1,inanimate,X,Psychological Feature,0,0,0,"कड़,ा,कड,वा,क,़वा","k,kə,ɑː,ʋɑː,kəɽ,ɽʋɑː",ा,,ा,
889,कड़ाई,कड़ा,kəɽɑː,strictness,NotAppl,F,0,underived,,,0,0,inanimate,S,Physical,0,0,0,"़ा,कड़,ा,कड,ड़ा,क","k,kə,ɽɑː,ɑː,kəɽ,əɽɑː","़ा,ा",,ा,
890,कड़ाके,कड़ाक,kəɽɑːk,fiercely,NotAppl,M,0,underived,,,0,0,inanimate,A,Physical State,0,0,0,"कड़,़ाक,कड,ाक,क","k,ɽɑːk,kə,ɑːk,kəɽ",,,,
891,कड़ाह,कड़ाह,kəɽɑːɦ,cauldron,NotAppl,M,4,underived,,,0,0,inanimate,O,Artifact,0,0,0,"कड़,कड,ाह,ह,क,़ाह","k,kə,ɑːɦ,ɦ,kəɽ,ɽɑːɦ",ाह,ɑːɦ,,
892,कड़ी,कड़,kəɽ,link,NotAppl,F,1,underived,,,0,0,inanimate,A,Artifact,0,0,0,"कड़,कड,़,ड़,क","k,kə,əɽ,ɽ,kəɽ","़,ड़",ɽ,़,
894,कढ़ाई,कढ़ा,kəɽʰɑː,embroidery,NotAppl,F,1,underived,,,0,0,inanimate,Z,Artifact,0,0,0,"़ा,ा,कढ,ढ़ा,क,कढ़","ɽʰɑː,k,kə,ɑː,kəɽʰ,əɽʰɑː","़ा,ा",,ा,
896,कण,कण,kəɳ,particle,NotAppl,M,4,underived,,,0,0,inanimate,O,Object,0,0,1,"कण,क,ण","ɳ,k,kə,əɳ,kəɳ",,əɳ,,əɳ
897,कतरन,कतरन,kət̪ɾən̪,scrap,NotAppl,F,3,underived,,,0,0,inanimate,O,Artifact,0,0,0,"रन,कत,न,क,तरन,कतर","k,n̪,kə,ən̪,kət̪,ɾən̪",कत,kət̪,,
898,कतरा,कतर,kət̪əɾ,strand,NotAppl,M,2,underived,,,0,0,inanimate,S,Object,0,0,0,"तर,र,कत,क,कतर","k,kə,ɾ,t̪əɾ,əɾ,kət̪","र,कत","ɾ,əɾ,kət̪",र,"ɾ,əɾ"
899,कतार,कतार,kət̪ɑːɾ,queue,NotAppl,F,3,underived,,,0,0,inanimate,N,physical State,0,0,0,"तार,ार,र,कत,क,कता","k,kə,ɾ,ɑːɾ,kət̪,t̪ɑːɾ","ार,र,कत,कता","ɾ,ɑːɾ,kət̪",र,ɾ
900,कत्ल,कत्ल,kət̪l,murder,NotAppl,M,4,underived,,,0,0,inanimate,L,Anti-social,0,0,0,"त्ल,कत्,्ल,कत,क,ल","k,kə,l,t̪l,ət̪l,kət̪",कत,kət̪,,
901,कथन,कथन,kət̪ʰən̪,statement,NotAppl,M,4,underived,,,0,0,inanimate,Q,property,0,0,1,"थन,न,कथन,क,कथ","k,n̪,t̪ʰən̪,kə,ən̪,kət̪ʰ",,,,
902,कथा,कथ,kət̪ʰ,story,NotAppl,F,3,underived,,,0,0,inanimate,Q,Cognition,0,0,1,"क,कथ,थ","k,kə,t̪ʰ,kət̪ʰ,ət̪ʰ",,ət̪ʰ,,
903,कथाकार,कथाकार,kət̪ʰɑːkɑːɾ,storyteller,NotAppl,M,4,agentive_activity1,agentive_activity1,agentive_activity1,0,1,animate,Z,Person,0,0,0,"ार,र,क,कार,कथा,कथ","k,kə,kɑːɾ,ɾ,ɑːɾ,kət̪ʰ","ार,र","ɾ,ɑːɾ",र,ɾ
904,कद,कद,kəd̪,stature,NotAppl,M,4,underived,,,0,0,inanimate,N,Measurement,0,1,0,"द,क,कद","d̪,k,əd̪,kə,kəd̪",,,,
905,कदम,कदम,kəd̪əm,step,NotAppl,M,4,underived,,,0,0,inanimate,M,Measurement,0,0,0,"दम,म,क,कद,कदम","əm,k,kə,kəd̪,m,d̪əm",,,,
906,कदमी,कदम,kəd̪əm,kadmi,NotAppl,F,1,underived,,,0,0,inanimate,Z,Action,0,0,0,"दम,म,क,कद,कदम","əm,k,kə,kəd̪,m,d̪əm",,,,
907,कदर,कदर,kəd̪əɾ,respect,neutral,F,3,underived,,,0,0,inanimate,S,Psychological Feature,0,0,0,"दर,र,कदर,क,कद","k,d̪əɾ,kə,kəd̪,ɾ,əɾ",र,"ɾ,əɾ",र,"ɾ,əɾ"
908,कदर,कदर,kəd̪əɾ,respect,neutral,M,4,underived,,,0,0,inanimate,S,Psychological Feature,0,0,0,"दर,र,कदर,क,कद","k,d̪əɾ,kə,kəd̪,ɾ,əɾ",र,"ɾ,əɾ",र,"ɾ,əɾ"
909,कद्दार,कद्दार,kəd̪d̪ɑːɾ,kaddar,NotAppl,M,4,agentive3,,,0,1,inanimate,Z,Common Noun,0,0,0,"र,ार,क,कद्,दार,कद","k,kə,kəd̪,ɾ,ɑːɾ,d̪ɑːɾ","र,ार","ɾ,ɑːɾ",र,ɾ
910,कद्दू,कद्द,kəd̪d̪,pumpkin,NotAppl,M,4,underived,,,0,0,inanimate,L,Natural Object,0,1,0,"द,्द,द्द,क,कद्,कद","d̪,k,kə,kəd̪,əd̪d̪,d̪d̪",,,,
911,कनस्तर,कनस्तर,kən̪əs̪t̪əɾ,canister,NotAppl,M,4,underived,,,0,0,inanimate,O,Artifact,1,0,0,"तर,कनस,र,कन,क,्तर","k,kə,ɾ,t̪əɾ,kən̪,əɾ",र,"ɾ,əɾ",र,"ɾ,əɾ"
912,कनेक्टिविटी,कनेक्टिविट,kən̪eːkʈɪʋɪʈ,connectivity,NotAppl,F,1,underived,,,0,0,inanimate,Y,Abstract,0,0,0,"ट,विट,कन,िट,कने,क","k,kə,ɪʈ,ʋɪʈ,ʈ,kən̪",,ɪʈ,,
913,कनेक्शन,कनेक्शन,kən̪eːkʃən̪,connection,NotAppl,M,4,underived,,,0,0,inanimate,A,Physical Process,1,0,0,"शन,कन,न,कने,क,्शन","k,n̪,kə,kən̪,ən̪,ʃən̪",शन,ʃən̪,,
914,कन्या,कन्य,kən̪jə,virgo,NotAppl,F,3,underived,,,0,0,inanimate,Z,Person,0,0,1,"्य,कन,य,न्य,कन्,क","k,kə,ə,kən̪,jə,n̪jə","्य,य",jə,य,jə
915,कन्वेंशन,कन्वेंशन,kən̪ʋẽːʃən̪,convention,NotAppl,M,4,underived,,,0,0,inanimate,A,Common Noun,1,0,0,"शन,कन,ंशन,न,कन्,क","k,n̪,kə,kən̪,ən̪,ʃən̪",शन,ʃən̪,,
916,कप,कप,kəp,cup,NotAppl,M,4,underived,,,0,0,inanimate,O,Artifact,1,0,0,"क,कप,प","k,kəp,kə,əp,p",,,,
917,कपड़ा,कपड़,kəpəɽ,fabric,NotAppl,M,2,underived,,,0,0,inanimate,B,Artifact,0,0,0,"़,ड़,कप,कपड,क,पड़","k,kəp,kə,əɽ,ɽ,pəɽ","़,ड़",ɽ,़,
918,कपडा,कपड,kəpəɖ,cloth,NotAppl,M,2,underived,,,0,0,inanimate,B,Common Noun,0,0,0,"ड,पड,कप,कपड,क","k,pəɖ,kəp,kə,əɖ,ɖ",,,,
919,कपल,कपल,kəpəl,couple,NotAppl,M,4,underived,,,0,0,inanimate,N,Common Noun,1,0,0,"पल,कप,क,ल,कपल","k,kəp,kə,əl,l,pəl",,əl,,
920,कपलिंग,कपलिंग,kəplɪ̃ɡ,coupling,NotAppl,M,4,underived,,,0,0,inanimate,N,Physical State,1,0,0,"कप,िंग,क,ंग,ग,कपल","k,kəp,kə,lɪ̃ɡ,ɪ̃ɡ,ɡ","िंग,ंग,ग","lɪ̃ɡ,ɪ̃ɡ,ɡ","िंग,ंग","ɪ̃ɡ,ɡ"
921,कपाट,कपाट,kəpɑːʈ,door,NotAppl,M,4,underived,,,0,0,inanimate,H,Artifact,0,0,1,"ट,पाट,कप,कपा,ाट,क","pɑːʈ,k,kəp,kə,ʈ,ɑːʈ",,,,
922,कपाटोद्घाटन,कपाटोद्घाटन,kəpɑːʈoːd̪ɡʰɑːʈən̪,opening of the valves,NotAppl,M,4,underived,,,1,0,inanimate,D,Event,0,0,0,"टन,कप,कपा,न,ाटन,क","k,ʈən̪,kəp,kə,ən̪,n̪",,,,
923,कपास,कपास,kəpɑːs̪,cotton,NotAppl,M,4,underived,,,0,0,inanimate,O,Natural Object,0,0,0,"स,पास,कप,कपा,ास,क","pɑːs̪,k,kəp,kə,ɑːs̪,s̪",ास,,,
924,कप्तान,कप्तान,kəpt̪ɑːn̪,captain,NotAppl,M,4,underived,,,0,0,animate,G,Person,1,0,0,"ान,तान,कप,न,क,कप्","t̪ɑːn̪,k,kəp,kə,ɑːn̪,n̪",,,,
925,कप्तानी,कप्तान,kəpt̪ɑːn̪,captaincy,NotAppl,F,1,underived,,,0,0,inanimate,Z,Physical,0,0,0,"ान,तान,कप,न,क,कप्","t̪ɑːn̪,k,kəp,kə,ɑːn̪,n̪",,,,
926,कफन,कफन,kəpʰən̪,coffin,NotAppl,M,4,underived,,,0,0,inanimate,O,Artifact,0,0,0,"कफ,न,कफन,क,फन","k,n̪,kə,kəpʰ,pʰən̪,ən̪",,,,
927,कबाड़,कबाड़,kəbɑːɽ,junk,NotAppl,M,4,underived,,,0,0,inanimate,O,Artifact,0,0,0,"ाड़,़,कबा,ड़,कब,क","k,kə,ɑːɽ,bɑːɽ,kəb,ɽ","ाड़,़,ड़","ɑːɽ,ɽ",़,
928,कबाब,कबाब,kəbɑːb,kebab,NotAppl,M,4,underived,,,0,0,inanimate,F,Edible,0,1,0,"कबा,ाब,कब,ब,क,बाब","k,kə,kəb,b,bɑːb,ɑːb",,,,
929,कबूतर,कबूतर,kəbuːt̪əɾ,pigeon,NotAppl,M,4,underived,,,0,0,animate,L,Birds,0,1,0,"तर,ूतर,र,कब,क,कबू","k,kə,kəb,ɾ,t̪əɾ,əɾ",र,"ɾ,əɾ",र,"ɾ,əɾ"
930,कबूल,कबूल,kəbuːl,confessions,NotAppl,M,4,underived,,,0,0,inanimate,Q,Action,0,0,0,"बूल,कब,क,ूल,ल,कबू","k,kə,uːl,buːl,kəb,l",,,,
931,कब्जा,कब्ज,kəbd͡ʒ,capture,NotAppl,M,2,underived,,,0,0,inanimate,A,possession,0,0,0,"ब्ज,कब्,ज,कब,क,्ज","k,kə,bd͡ʒ,d͡ʒ,kəb,əbd͡ʒ",,,,
932,कब्र,कब्र,kəbɾ,grave,NotAppl,F,4,underived,,,0,0,inanimate,M,Artifact,0,0,0,"र,्र,कब्,कब,क,ब्र","k,kə,kəb,ɾ,əbɾ,bɾ",र,ɾ,र,ɾ
933,कब्रगाह,कब्रगाह,kəbɾəɡɑːɦ,burial ground,NotAppl,F,3,underived,,,0,0,inanimate,L,Physical Place,0,0,0,"गाह,ाह,ह,कब्,कब,क","k,kə,ɑːɦ,ɦ,kəb,ɡɑːɦ",ाह,ɑːɦ,,
934,कम,कम,kəm,less,NotAppl,M,0,underived,,,0,0,inanimate,A,Quantitative,0,1,0,"कम,क,म","kəm,əm,k,kə,m",,,,
935,कमजोरी,कमजो,kəmd͡ʒoː,weakness,NotAppl,F,1,agent_doer,,,0,1,inanimate,S,Physiological  State,0,0,0,"कमज,कम,क,ो,मजो,जो","kəm,d͡ʒoː,k,kə,oː,md͡ʒoː",,,,
936,कमर,कमर,kəməɾ,waist,NotAppl,F,3,underived,,,0,0,inanimate,B,Anatomical,0,1,0,"र,कम,क,मर,कमर","kəm,k,kə,ɾ,əɾ,məɾ",र,"ɾ,əɾ",र,"ɾ,əɾ"
937,कमरा,कमर,kəməɾ,room,NotAppl,M,2,underived,,,0,0,inanimate,H,Physical Place,0,0,0,"र,कम,क,मर,कमर","kəm,k,kə,ɾ,əɾ,məɾ",र,"ɾ,əɾ",र,"ɾ,əɾ"
938,कमल,कमल,kəməl,lotus,NotAppl,M,4,underived,,,0,0,inanimate,L,Natural Object,0,0,1,"कम,कमल,मल,क,ल","kəm,məl,k,kə,əl,l",,əl,,
939,कमांड,कमांड,kəmɑ̃ːɖ,command,NotAppl,M,4,underived,,,0,0,inanimate,S,Artifact,1,0,0,"कमा,ड,कम,ांड,ंड,क","kəm,ɑ̃ːɖ,k,kə,mɑ̃ːɖ,ɖ",,,,
940,कमांडर,कमांडर,kəmɑ̃ːɖəɾ,commander,NotAppl,M,4,underived,,,0,0,animate,S,Person,1,0,0,"कमा,ंडर,र,कम,डर,क","kəm,k,kə,ɾ,əɾ,ɖəɾ","र,डर","ɾ,əɾ,ɖəɾ",र,"ɾ,əɾ"
941,कमांडो,कमांड,kəmɑ̃ːɖ,commando,NotAppl,M,0,underived,,,0,0,animate,G,Person,1,0,0,"कमा,ड,कम,ांड,ंड,क","kəm,ɑ̃ːɖ,k,kə,mɑ̃ːɖ,ɖ",,,,
942,कमाई,कमा,kəmɑː,earnings,NotAppl,F,1,underived,,,0,0,inanimate,I,Object,0,0,0,"मा,कमा,ा,कम,क","kəm,k,kə,ɑː,mɑː,əmɑː",ा,,ा,
943,कमान,कमान,kəmɑːn̪,command,NotAppl,F,3,underived,,,0,0,inanimate,S,Artifact,0,1,0,"ान,कमा,कम,न,क,मान","kəm,k,kə,ɑːn̪,mɑːn̪,n̪",,,,
944,कमाल,कमाल,kəmɑːl,amazing,NotAppl,M,4,underived,,,0,0,inanimate,O,Physical,0,1,0,"कमा,कम,ाल,क,माल,ल","kəm,k,mɑːl,kə,l,ɑːl",,,,
945,कमिश्नर,कमिश्नर,kəmɪʃn̪əɾ,commissioner,NotAppl,M,4,underived,,,0,0,animate,G,Person,1,0,0,"नर,र,कम,्नर,क,कमि","kəm,k,kə,ɾ,n̪əɾ,əɾ",र,"ɾ,əɾ",र,"ɾ,əɾ"
946,कमी,कम,kəm,shortage,NotAppl,F,1,underived,,,0,0,inanimate,N,State,0,1,0,"कम,क,म","kəm,əm,k,kə,m",,,,
947,कमीज,कमीज,kəmiːd͡ʒ,shirt,NotAppl,F,3,underived,,,0,0,inanimate,B,Artifact,0,0,0,"कमी,कम,ज,क,ीज,मीज","kəm,k,kə,iːd͡ʒ,d͡ʒ,miːd͡ʒ",,,,
948,कमीशन,कमीशन,kəmiːʃən̪,commission,neutral,F,3,underived,,,0,0,inanimate,I,Artifact,1,0,0,"शन,कमी,कम,न,क,ीशन","kəm,k,kə,ən̪,n̪,ʃən̪",शन,ʃən̪,,
949,कमीशन,कमीशन,kəmiːʃən̪,commission,neutral,M,4,underived,,,0,0,inanimate,I,Artifact,1,0,0,"शन,कमी,कम,न,क,ीशन","kəm,k,kə,ən̪,n̪,ʃən̪",शन,ʃən̪,,
950,कमेंटरी,कमेंटर,kəmẽːʈəɾ,commentary,NotAppl,F,1,underived,,,0,0,inanimate,Q,Abstract,1,0,0,"र,कम,क,टर,ंटर,कमे","kəm,k,kə,ɾ,əɾ,ʈəɾ","र,टर","ɾ,əɾ,ʈəɾ","र,टर","ɾ,əɾ,ʈəɾ"
951,कमेटी,कमेट,kəmeːʈ,committee,NotAppl,F,1,underived,,,0,0,inanimate,S,Group,1,0,0,"ट,कम,मेट,ेट,क,कमे","kəm,meːʈ,k,kə,eːʈ,ʈ",,,,
953,कमोवेश,कमोवेश,kəmoːʋeːʃ,more or less,NotAppl,M,4,underived,,,0,0,inanimate,A,Common Noun,0,0,0,"वेश,श,कम,ेश,कमो,क","kəm,k,ʃ,kə,eːʃ,ʋeːʃ",ेश,eːʃ,,
954,कम्प्यूटर,कम्प्यूटर,kəmpjuːʈəɾ,computer,NotAppl,M,4,underived,,,0,0,inanimate,Y,Artifact,1,0,0,"ूटर,र,कम,क,टर,कम्","kəm,k,kə,ɾ,əɾ,ʈəɾ","र,टर","ɾ,əɾ,ʈəɾ","र,टर","ɾ,əɾ,ʈəɾ"
955,कम्युनिस्ट,कम्युनिस्ट,kəmjun̪ɪs̪ʈ,communist,NotAppl,M,4,underived,,,0,0,animate,G,Person,1,0,0,"ट,कम,्ट,क,कम्,स्ट","kəm,k,kə,s̪ʈ,ʈ,ɪs̪ʈ",स्ट,s̪ʈ,,s̪ʈ
956,कयास,कयास,kəjɑːs̪,speculation,NotAppl,M,4,underived,,,0,0,inanimate,X,Psychological Feature,0,0,0,"कया,स,यास,ास,कय,क","k,kə,ɑːs̪,kəj,s̪,jɑːs̪",ास,,,
957,कर,कर,kəɾ,tax,NotAppl,M,4,underived,,,0,0,inanimate,I,Object,0,0,1,"क,कर,र","k,kə,ɾ,kəɾ,əɾ","कर,र","ɾ,kəɾ,əɾ","कर,र","ɾ,kəɾ,əɾ"
958,करंट,करंट,kəɾə̃ʈ,current,NotAppl,M,4,underived,,,0,0,inanimate,T,Physical Process,1,0,0,"ट,रंट,करं,कर,ंट,क","k,kə,ə̃ʈ,ʈ,ɾə̃ʈ,kəɾ","कर,ंट",kəɾ,कर,kəɾ
959,करतब,करतब,kəɾt̪əb,feat,NotAppl,M,4,underived,,,0,0,inanimate,A,Action,0,0,0,"करत,तब,कर,ब,क,रतब","k,kə,b,əb,t̪əb,kəɾ",कर,kəɾ,कर,kəɾ
960,करतूत,करतूत,kəɾt̪uːt̪,handiwork,NotAppl,F,3,underived,,,0,0,inanimate,A,Anti-social,0,0,0,"करत,कर,ूत,त,क,तूत","k,kə,t̪,uːt̪,kəɾ,t̪uːt̪","कर,त","t̪,kəɾ","कर,त","t̪,kəɾ"
961,करदाता,करदा,kəɾd̪ɑː,taxpayers,NotAppl,M,4,abstract8,abstract8,abstract8,0,1,animate,I,Person,0,0,0,"कर,ा,करद,रदा,दा,क","k,kə,d̪ɑː,ɑː,kəɾ,ɾd̪ɑː","कर,ा",kəɾ,"कर,ा",kəɾ
962,करार,करार,kəɾɑːɾ,agreement,NotAppl,M,4,underived,,,0,0,inanimate,A,Action,0,0,0,"करा,कर,ार,र,रार,क","k,kə,ɾɑːɾ,ɾ,ɑːɾ,kəɾ","कर,ार,र","ɾ,ɑːɾ,kəɾ","कर,र","ɾ,kəɾ"
963,करी,कर,kəɾ,curry,NotAppl,F,1,underived,,,0,0,inanimate,F,Artifact,0,0,1,"क,कर,र","k,kə,ɾ,kəɾ,əɾ","कर,र","ɾ,kəɾ,əɾ","कर,र","ɾ,kəɾ,əɾ"
964,करीबी,करीब,kəɾiːb,close,NotAppl,M,4,abstract6,abstract6,abstract6,0,1,inanimate,N,Stative,0,0,0,"ीब,कर,रीब,ब,क,करी","k,kə,ɾiːb,b,iːb,kəɾ",कर,kəɾ,कर,kəɾ
965,करोड,करोड,kəɾoːɖ,crore,NotAppl,M,4,underived,,,0,0,inanimate,Z,Numeral,1,0,0,"ड,कर,रोड,क,ोड,करो","k,kə,ɖ,ɾoːɖ,kəɾ,oːɖ",कर,kəɾ,कर,kəɾ
966,कर्ज,कर्ज,kəɾd͡ʒ,loan,NotAppl,M,4,underived,,,0,0,inanimate,I,Artifact,0,0,0,"कर,र्ज,कर्,ज,क,्ज","k,kə,d͡ʒ,kəɾ,ɾd͡ʒ,əɾd͡ʒ",कर,kəɾ,कर,kəɾ
967,कर्तव्य,कर्तव्य,kəɾt̪əʋjə,duty,NotAppl,M,4,underived,,,0,0,inanimate,S,Action,0,0,1,"कर,्य,य,कर्,क,व्य","k,kə,ʋjə,kəɾ,ə,jə","कर,्य,य","kəɾ,jə","कर,य","kəɾ,jə"
968,कर्ता,कर्त,kəɾt̪,doer,NotAppl,M,4,underived,,,0,0,inanimate,A,Cognition,0,0,1,"्त,कर,र्त,त,कर्,क","k,kə,t̪,ɾt̪,kəɾ,əɾt̪","्त,कर,त","t̪,kəɾ","्त,कर,त","t̪,kəɾ"
969,कर्नल,कर्नल,kəɾn̪əl,colonel,NotAppl,M,4,underived,,,0,0,animate,G,Person,1,0,0,"नल,कर,्नल,कर्,क,ल","k,kə,n̪əl,əl,kəɾ,l","नल,कर","n̪əl,əl,kəɾ",कर,kəɾ
970,कर्फ्यू,कर्फ्य,kəɾpʰjə,curfew,NotAppl,M,4,underived,,,0,0,inanimate,G,Action,1,0,0,"कर,्य,य,कर्,फ्य,क","k,kə,pʰjə,kəɾ,ə,jə","कर,्य,य","kəɾ,jə","कर,य","kəɾ,jə"
971,कर्मचारी,कर्मचार,kəɾmət͡ʃɑːɾ,employee,NotAppl,M,4,underived,,,0,0,animate,I,Person,0,0,1,"कर,ार,र,चार,कर्,क","k,kə,ɾ,ɑːɾ,kəɾ,t͡ʃɑːɾ","कर,ार,र,चार","ɾ,ɑːɾ,kəɾ,t͡ʃɑːɾ","कर,र","ɾ,kəɾ"
972,कर्मी,कर्म,kəɾm,workers,NotAppl,M,4,underived,,,0,0,animate,I,Person,0,0,1,"कर,कर्,म,क,र्म,्म","k,kə,ɾm,m,əɾm,kəɾ",कर,kəɾ,कर,kəɾ
973,कल,कल,kəl,tomorrow,NotAppl,M,4,underived,,,0,0,inanimate,T,Time,0,0,1,"कल,ल,क","k,kə,kəl,əl,l",,əl,,
974,कलई,कल,kəl,tinning,NotAppl,F,1,underived,,,0,0,inanimate,A,Artifact,0,0,0,"कल,ल,क","k,kə,kəl,əl,l",,əl,,
975,कलक्ट्रेट,कलक्ट्रेट,kələkʈɾeːʈ,collectorate,NotAppl,M,4,underived,,,0,0,inanimate,Z,Abstract,1,0,0,"ट,कलक,कल,ेट,क,रेट","k,kə,kəl,ɾeːʈ,eːʈ,ʈ",,,,
976,कलपुर्जा,कलपुर्ज,kəlpuɾd͡ʒ,spare parts,NotAppl,M,2,underived,,,0,0,inanimate,O,Artifact,0,0,0,"र्ज,कल,ज,क,कलप,्ज","k,kə,kəl,d͡ʒ,uɾd͡ʒ,ɾd͡ʒ",,,,
977,कलस्टर,कलस्टर,kələs̪ʈəɾ,cluster,NotAppl,M,4,underived,,,0,0,inanimate,S,Common Noun,1,0,0,"र,्टर,कल,क,टर,कलस","k,kə,kəl,ɾ,əɾ,ʈəɾ","र,्टर,टर","ɾ,əɾ,ʈəɾ","र,्टर,टर","ɾ,əɾ,ʈəɾ"
978,कलह,कलह,kələɦ,discord,neutral,F,3,underived,,,0,0,inanimate,A,Communication,0,0,1,"लह,ह,कल,क,कलह","k,kə,ɦ,kəl,əɦ,ləɦ",,,,
979,कलह,कलह,kələɦ,discord,neutral,M,4,underived,,,0,0,inanimate,A,Communication,0,0,1,"लह,ह,कल,क,कलह","k,kə,ɦ,kəl,əɦ,ləɦ",,,,
980,कला,कल,kəl,art,NotAppl,F,3,underived,,,0,0,inanimate,C,Quality,0,0,1,"कल,ल,क","k,kə,kəl,əl,l",,əl,,
981,कलाकार,कलाकार,kəlɑːkɑːɾ,artist,NotAppl,M,4,agentive_activity1,agentive_activity1,agentive_activity1,0,1,animate,C,Person,0,0,0,"ार,र,कल,क,कला,कार","k,kə,kɑːɾ,kəl,ɾ,ɑːɾ","ार,र","ɾ,ɑːɾ",र,ɾ
982,कलाकारी,कलाकार,kəlɑːkɑːɾ,artwork,NotAppl,F,1,agentive_activity1,agentive_activity1,agentive_activity1,0,1,inanimate,C,State,0,0,0,"ार,र,कल,क,कला,कार","k,kə,kɑːɾ,kəl,ɾ,ɑːɾ","ार,र","ɾ,ɑːɾ",र,ɾ
983,कलाकृति,कलाकृत,kəlɑːkɾɨt̪,artwork,NotAppl,F,1,underived,,,1,0,inanimate,C,Artifact,0,0,0,"ृत,त,कल,क,कला,कृत","k,kə,t̪,kəl,ɨt̪,ɾɨt̪","ृत,त,कृत","t̪,ɨt̪,ɾɨt̪",त,t̪
984,कलात्मकता,कलात्मक,kəlɑːt̪mək,artistry,NotAppl,F,3,abstract8,abstract8,abstract8,0,1,inanimate,X,State,0,0,0,"्मक,कल,क,कला,मक","k,kə,kəl,ək,mək",,ək,,
985,कलाप्रेमी,कलाप्रेम,kəlɑːpɾeːm,art lover,NotAppl,M,4,underived,,,1,0,animate,Z,Person,0,0,0,"म,कल,रेम,क,कला,ेम","k,ɾeːm,kə,kəl,m,eːm",,eːm,,
986,कलाम,कलाम,kəlɑːm,kalam,NotAppl,M,4,underived,,,0,0,inanimate,Z,Group,0,1,0,"म,कल,क,कला,लाम,ाम","k,kə,kəl,m,lɑːm,ɑːm",,,,
987,कलाल,कलाल,kəlɑːl,kalal,NotAppl,M,4,underived,,,0,0,animate,Z,Person,0,0,0,"ाल,लाल,कल,क,कला,ल","k,kə,kəl,lɑːl,l,ɑːl",,,,
988,कलेक्टर,कलेक्टर,kəleːkʈəɾ,collector,NotAppl,M,4,underived,,,0,0,animate,A,Person,1,0,0,"र,्टर,कले,कल,क,टर","k,kə,kəl,ɾ,əɾ,ʈəɾ","र,्टर,टर","ɾ,əɾ,ʈəɾ","र,्टर,टर","ɾ,əɾ,ʈəɾ"
989,कलेक्ट्रेट,कलेक्ट्रेट,kəleːkʈɾeːʈ,collectorate,NotAppl,M,4,underived,,,0,0,inanimate,Z,Physical Place,1,0,0,"ट,कल,ेट,क,कले,रेट","k,kə,kəl,ɾeːʈ,eːʈ,ʈ",,,,
990,कलेक्शन,कलेक्शन,kəleːkʃən̪,collection,NotAppl,M,4,underived,,,0,0,inanimate,A,Action,1,0,0,"शन,न,कल,क,कले,्शन","k,n̪,kə,kəl,ən̪,ʃən̪",शन,ʃən̪,,
991,कल्चर,कल्चर,kəlt͡ʃəɾ,culture,NotAppl,M,4,underived,,,0,0,inanimate,C,Group,1,0,0,"चर,र,्चर,कल,कल्,क","k,kə,t͡ʃəɾ,kəl,ɾ,əɾ",र,"ɾ,əɾ",र,"ɾ,əɾ"
992,कल्पना,कल्पन,kəlpən̪,imagination,NotAppl,F,3,underived,,,0,0,inanimate,X,Perception,0,0,1,"्पन,न,कल,कल्,क,पन","k,n̪,kə,kəl,pən̪,ən̪",,,,
993,कल्पवृक्ष,कल्पवृक्ष,kəlpəʋɾɨkʂ,kalpavriksha,NotAppl,M,4,underived,,,1,0,inanimate,Z,Tree,0,0,0,"्ष,ष,क्ष,कल,कल्,क","k,kə,ɨkʂ,kəl,kʂ,ʂ",ष,ʂ,,
994,कल्याण,कल्याण,kəljɑːɳ,welfare,NotAppl,M,4,underived,,,0,0,inanimate,S,Quality,0,0,1,"ण,याण,कल,कल्,क,ाण","jɑːɳ,k,ɑːɳ,kə,kəl,ɳ",,,,
995,कवच,कवच,kəʋət͡ʃ,shield,NotAppl,M,4,underived,,,0,0,inanimate,S,Artifact,0,0,1,"वच,कवच,च,क,कव","ʋət͡ʃ,k,t͡ʃ,kə,kəʋ,ət͡ʃ",,ət͡ʃ,,
996,कवर,कवर,kəʋəɾ,cover,NotAppl,M,4,underived,,,0,0,inanimate,A,Artifact,0,0,1,"वर,र,कवर,क,कव","k,kə,ɾ,kəʋ,əɾ,ʋəɾ",र,"ɾ,əɾ",र,"ɾ,əɾ"
997,कवायद,कवायद,kəʋɑːjəd̪,exercise,NotAppl,F,3,underived,,,0,0,inanimate,K,Physical,0,0,0,"द,ायद,क,यद,कवा,कव","d̪,k,əd̪,kə,jəd̪,kəʋ",,,,
998,कवि,कव,kəʋ,poet,NotAppl,M,4,underived,,,0,0,animate,Q,Person,0,0,1,"व,क,कव","k,kə,əʋ,ʋ,kəʋ",व,ʋ,व,ʋ
999,कविता,कवित,kəʋɪt̪,poem,NotAppl,F,3,underived,,,0,0,inanimate,Q,Art,0,0,1,"वित,त,क,कवि,ित,कव","ʋɪt̪,k,ɪt̪,kə,t̪,kəʋ",त,t̪,त,t̪
1000,कवियत्री,कवियत्र,kəʋɪjət̪ɾ,poetess,NotAppl,F,1,underived,,,1,0,animate,Z,Common Noun,0,0,0,"र,्र,त्र,क,कवि,कव","k,kə,ət̪ɾ,ɾ,kəʋ,t̪ɾ",र,ɾ,र,ɾ
1001,कव्वाली,कव्वाल,kəʋʋɑːl,qawwaali,NotAppl,F,1,underived,,,0,0,inanimate,Z,Artifact,0,0,0,"ाल,क,कव्,वाल,ल,कव","k,kə,ʋɑːl,l,kəʋ,ɑːl",,,,
1002,कश्मीरी,कश्मी,kəʃmiː,kashmiri,NotAppl,M,4,agent_doer,,,0,1,animate,Z,Person,0,0,0,"कश,मी,क,्मी,ी,कश्","iː,k,kə,kəʃ,ʃmiː,miː",ी,,ी,
1003,कष्ट,कष्ट,kəʂʈ,suffering,NotAppl,M,4,underived,,,0,0,inanimate,E,Psychological Feature,0,0,1,"ट,कष्,ष्ट,्ट,क,कष","k,kə,ʈ,əʂʈ,kəʂ,ʂʈ",,,,
1004,कसम,कसम,kəs̪əm,swear,NotAppl,F,3,underived,,,0,0,inanimate,Q,Abstract,0,0,0,"कस,कसम,म,क,सम","əm,k,kə,kəs̪,m,s̪əm",कस,kəs̪,,
1005,कसर,कसर,kəs̪əɾ,weakness,NotAppl,F,3,underived,,,0,0,inanimate,S,State,0,1,0,"कसर,कस,र,सर,क","k,kə,kəs̪,ɾ,əɾ,s̪əɾ","कस,र","kəs̪,ɾ,əɾ",र,"ɾ,əɾ"
1006,कसरत,कसरत,kəs̪ɾət̪,workout,NotAppl,F,3,underived,,,0,0,inanimate,K,Physical,0,1,0,"कसर,रत,कस,त,सरत,क","k,kə,t̪,kəs̪,ət̪,ɾət̪","रत,कस,त","t̪,kəs̪,ɾət̪",त,"t̪,ɾət̪"
1007,कसीदा,कसीद,kəs̪iːd̪,embroidery,NotAppl,M,2,underived,,,0,0,inanimate,Z,Artifact,0,0,0,"कसी,द,ीद,कस,सीद,क","k,d̪,kə,kəs̪,s̪iːd̪,iːd̪",कस,kəs̪,,
1008,कसौटी,कसौट,kəs̪əuʈ,criterion,NotAppl,F,1,underived,,,0,0,inanimate,X,Action,0,0,0,"ट,सौट,कस,कसौ,क,ौट","k,kə,kəs̪,ʈ,əuʈ,uʈ",कस,kəs̪,,
1009,कस्टम,कस्टम,kəs̪ʈəm,custom,neutral,F,3,underived,,,0,0,inanimate,A,Noun,1,0,0,"कस,म,टम,्टम,क,कस्","əm,k,kə,kəs̪,m,ʈəm",कस,kəs̪,,
1010,कस्टम,कस्टम,kəs̪ʈəm,custom,neutral,M,4,underived,,,0,0,inanimate,A,Noun,1,0,0,"कस,म,टम,्टम,क,कस्","əm,k,kə,kəs̪,m,ʈəm",कस,kəs̪,,
1011,कस्टोडियन,कस्टोडियन,kəs̪ʈoːɖɪjən̪,custodian,NotAppl,F,4,underived,,,0,0,animate,S,Object,1,0,0,"कस,यन,न,क,कस्,ियन","k,kə,kəs̪,jən̪,ən̪,n̪",कस,kəs̪,,
1012,कस्बा,कस्ब,kəs̪b,town,NotAppl,M,2,underived,,,0,0,inanimate,M,Physical Place,0,0,0,"कस,स्ब,ब,क,कस्,्ब","əs̪b,k,kə,kəs̪,s̪b,b",कस,kəs̪,,
1013,कस्म,कस्म,kəs̪m,oath,NotAppl,F,3,underived,,,0,0,inanimate,Q,Physical State,0,0,0,"कस,म,स्म,क,कस्,्म","k,kə,kəs̪,əs̪m,m,s̪m",कस,"kəs̪,əs̪m",,
1015,कहानी,कहान,kəɦɑːn̪,story,NotAppl,F,1,underived,,,0,0,inanimate,Q,Cognition,0,0,0,"ान,कहा,हान,कह,न,क","k,kə,ɑːn̪,ɦɑːn̪,kəɦ,n̪",,,,
1016,क़हर,क़हर,qəɦəɾ,havoc,NotAppl,M,4,underived,,,0,0,inanimate,A,Fatal Event,0,0,0,"़हर,क़ह,क़,हर,र,क","ɦəɾ,qəɦ,ɾ,qə,əɾ,q",र,"ɾ,əɾ",र,"ɾ,əɾ"
1017,क़ायदा,क़ायद,qɑːjəd̪,rule,NotAppl,M,2,underived,,,0,0,inanimate,G,property,0,0,0,"द,क़,ायद,क,यद,क़ा","d̪,qɑː,əd̪,qɑːj,jəd̪,q",,,,
1018,क़ायदेआज़म,क़ायदेआज़म,qɑːjd̪eːɑːzəm,quaid-e-azam,NotAppl,M,4,underived,,,1,0,inanimate,Z,Concept,0,0,0,"क़,ज़म,म,़म,क,क़ा","əm,zəm,qɑː,qɑːj,m,q",,,,
1019,क़ायम,क़ायम,qɑːjəm,established,NotAppl,M,4,underived,,,0,0,inanimate,T,Qualitative,0,0,0,"क़,ायम,म,क,क़ा,यम","əm,qɑː,qɑːj,m,jəm,q",यम,jəm,,
1020,का,क,k,of,neutral,F,0,underived,,,0,0,inanimate,Z,Possession,0,0,0,क,k,,,,
1021,का,क,k,of,neutral,M,2,underived,,,0,0,inanimate,Z,Possession,0,0,0,क,k,,,,
1022,काँच,काँच,kɑ̃ːt͡ʃ,glass,NotAppl,M,4,underived,,,0,0,inanimate,O,Chemical,0,0,0,"काँ,ाँच,ँच,च,का,क","k,t͡ʃ,kɑ̃ː,ɑ̃ːt͡ʃ,kɑ̃ːt͡ʃ",,,,
1023,काँस्टेबल,काँस्टेबल,kɑ̃ːs̪ʈeːbəl,constable,NotAppl,M,4,underived,,,0,0,animate,G,Person,1,0,0,"काँ,बल,ेबल,का,क,ल","k,kɑ̃ː,əl,bəl,l,kɑ̃ːs̪",,əl,,
1024,कांग्रेस,कांग्रेस,kɑ̃ːɡɾeːs̪,congress,neutral,F,4,underived,,,0,0,inanimate,Z,Group,1,0,0,"स,ेस,रेस,का,कां,क","k,kɑ̃ːɡ,kɑ̃ː,ɾeːs̪,eːs̪,s̪",,,,
1025,कांग्रेस,कांग्रेस,kɑ̃ːɡɾeːs̪,congress,neutral,M,4,underived,,,0,0,inanimate,Z,Group,1,0,0,"स,ेस,रेस,का,कां,क","k,kɑ̃ːɡ,kɑ̃ː,ɾeːs̪,eːs̪,s̪",,,,
1026,कांग्रेसी,कांग्रेस,kɑ̃ːɡɾeːs̪,congressman,NotAppl,M,4,underived,,,0,0,animate,G,Person,1,0,0,"स,ेस,रेस,का,कां,क","k,kɑ̃ːɡ,kɑ̃ː,ɾeːs̪,eːs̪,s̪",,,,
1027,कांट्रेक्टर,कांट्रेक्टर,kɑ̃ːʈɾeːkʈəɾ,contractor,NotAppl,M,4,underived,,,0,0,animate,I,Occupation,1,0,0,"र,्टर,का,कां,क,टर","kɑ̃ːʈ,k,kɑ̃ː,ɾ,əɾ,ʈəɾ","र,्टर,टर","ɾ,əɾ,ʈəɾ","र,्टर,टर","ɾ,əɾ,ʈəɾ"
1028,कांट्रैक्ट,कांट्रैक्ट,kɑ̃ːʈɾəɪkʈ,contract,NotAppl,M,4,underived,,,0,0,inanimate,I,Common Noun,1,0,0,"ट,क्ट,्ट,का,कां,क","kɑ̃ːʈ,k,kɑ̃ː,ɪkʈ,ʈ,kʈ",,,,
1029,कांड,कांड,kɑ̃ːɖ,scandal,NotAppl,M,4,underived,,,0,0,inanimate,G,Part of,0,0,1,"ड,ांड,ंड,का,कां,क","ɑ̃ːɖ,k,ɖ,kɑ̃ː,kɑ̃ːɖ",,,,
1030,कांफ्रेंस,कांफ्रेंस,kɑ̃ːpʰɾẽːs̪,conference,NotAppl,F,4,underived,,,0,0,inanimate,S,Common Noun,1,0,0,"स,ेंस,ंस,का,कां,क","k,ẽːs̪,kɑ̃ː,kɑ̃ːpʰ,s̪,ɾẽːs̪",,,,
1031,कांफ्रेंसिंग,कांफ्रेंसिंग,kɑ̃ːpʰɾẽːs̪ɪ̃ɡ,conferencing,NotAppl,F,0,underived,,,0,0,inanimate,S,Common Noun,1,0,0,"िंग,का,कां,क,ंग,ग","k,s̪ɪ̃ɡ,kɑ̃ː,ɪ̃ɡ,kɑ̃ːpʰ,ɡ","िंग,ंग,ग","s̪ɪ̃ɡ,ɪ̃ɡ,ɡ","िंग,ंग","ɪ̃ɡ,ɡ"
1032,कांवड़,कांवड़,kɑ̃ːʋəɽ,kanwar,neutral,F,0,underived,,,0,0,inanimate,Z,Common Noun,1,0,0,"़,ड़,का,कां,क,वड़","k,kɑ̃ːʋ,kɑ̃ː,əɽ,ʋəɽ,ɽ","़,ड़",ɽ,़,
1033,कांवड़,कांवड़,kɑ̃ːʋəɽ,kanwar,neutral,M,0,underived,,,0,0,inanimate,Z,Common Noun,1,0,0,"़,ड़,का,कां,क,वड़","k,kɑ̃ːʋ,kɑ̃ː,əɽ,ʋəɽ,ɽ","़,ड़",ɽ,़,
1034,कांस्टेबल,कांस्टेबल,kɑ̃ːs̪ʈeːbəl,constable,NotAppl,M,0,underived,,,0,0,animate,G,Person,1,0,0,"बल,ेबल,का,कां,क,ल","k,kɑ̃ː,əl,bəl,l,kɑ̃ːs̪",,əl,,
1035,काउंटर,काउंटर,kɑːũʈəɾ,counter,NotAppl,M,4,underived,,,0,0,inanimate,H,Physical Object,1,0,0,"र,काउ,का,क,टर,ंटर","k,kɑː,kɑːũ,ɾ,əɾ,ʈəɾ","र,टर","ɾ,əɾ,ʈəɾ","र,टर","ɾ,əɾ,ʈəɾ"
1036,काउंसलर,काउंसलर,kɑːũs̪ləɾ,counselor,NotAppl,M,4,underived,,,0,0,animate,S,Person,1,0,0,"र,काउ,का,क,सलर,लर","k,kɑː,kɑːũ,ɾ,əɾ,ləɾ",र,"ɾ,əɾ",र,"ɾ,əɾ"
1039,काउंसिलिंग,काउंसिलिंग,kɑːũs̪ɪlɪ̃ɡ,counselling,NotAppl,F,0,underived,,,0,0,inanimate,S,Communication,1,0,0,"काउ,िंग,का,क,ंग,ग","k,kɑː,kɑːũ,lɪ̃ɡ,ɪ̃ɡ,ɡ","िंग,ंग,ग","lɪ̃ɡ,ɪ̃ɡ,ɡ","िंग,ंग","ɪ̃ɡ,ɡ"
1040,कागज,कागज,kɑːɡəd͡ʒ,paper,NotAppl,M,4,underived,,,0,0,inanimate,Q,Artifact,0,0,0,"ागज,गज,काग,ज,का,क","k,kɑː,kɑːɡ,əd͡ʒ,d͡ʒ,ɡəd͡ʒ",,əd͡ʒ,,əd͡ʒ
1041,कागजात,कागजात,kɑːɡd͡ʒɑːt̪,papers,NotAppl,M,4,underived,,,0,0,inanimate,Q,Group,0,0,0,"त,काग,का,क,ात,जात","k,kɑː,kɑːɡ,t̪,d͡ʒɑːt̪,ɑːt̪",त,t̪,त,t̪
1042,काज,काज,kɑːd͡ʒ,hinge,NotAppl,M,4,underived,,,0,0,inanimate,O,Physical,0,0,0,"काज,ाज,ज,का,क","k,kɑː,ɑːd͡ʒ,kɑːd͡ʒ,d͡ʒ",,,,
1043,काजी,काज,kɑːd͡ʒ,qazi,NotAppl,M,4,underived,,,0,0,inanimate,Z,Occupation,1,0,0,"काज,ाज,ज,का,क","k,kɑː,ɑːd͡ʒ,kɑːd͡ʒ,d͡ʒ",,,,
1044,कानून,कानून,kɑːn̪uːn̪,law,NotAppl,M,4,underived,,,0,0,inanimate,G,Cognition,0,0,0,"कान,नून,ून,न,का,क","k,kɑː,n̪uːn̪,kɑːn̪,n̪,uːn̪",,,,
1045,कानूनविद,कानून,kɑːn̪uːn̪,lawmakers,NotAppl,M,4,expert_person,,,0,1,animate,Z,Person,0,0,0,"कान,नून,ून,न,का,क","k,kɑː,n̪uːn̪,kɑːn̪,n̪,uːn̪",,,,
1046,कान्फ्रेंस,कान्फ्रेंस,kɑːn̪pʰɾẽːs̪,conference,NotAppl,F,3,underived,,,0,0,inanimate,S,Common Noun,1,0,0,"स,कान,ेंस,ंस,का,क","k,ẽːs̪,kɑː,kɑːn̪,s̪,ɾẽːs̪",,,,
1047,काफिला,काफिल,kɑːpʰɪl,convoy,NotAppl,M,2,underived,,,0,0,inanimate,M,Natural Object,0,0,0,"ल,का,क,काफ,िल,फिल","pʰɪl,k,kɑː,ɪl,kɑːpʰ,l",,,,
1048,काबू,काब,kɑːb,control,NotAppl,M,4,underived,,,0,0,inanimate,S,Action,0,0,0,"ाब,का,ब,क,काब","k,kɑː,kɑːb,b,ɑːb",,,,
1049,काम,काम,kɑːm,work,NotAppl,M,4,underived,,,0,0,inanimate,I,Action,0,0,1,"काम,म,का,क,ाम","k,kɑː,kɑːm,m,ɑːm",,,,
1050,कामकाज,कामकाज,kɑːmkɑːd͡ʒ,functioning,NotAppl,M,4,underived,,,1,0,inanimate,A,Physical,0,0,0,"काज,काम,ाज,ज,का,क","k,kɑː,ɑːd͡ʒ,kɑːd͡ʒ,d͡ʒ,kɑːm",,,,
1051,कामना,कामन,kɑːmən̪,wish,NotAppl,F,3,underived,,,0,0,inanimate,X,Psychological Feature,0,0,1,"मन,काम,न,का,क,ामन","k,n̪,kɑː,kɑːm,mən̪,ən̪",मन,mən̪,,
1052,कामयाबी,कामयाब,kɑːmjɑːb,success,NotAppl,F,1,abstract6,abstract6,abstract6,0,1,inanimate,X,State,0,0,0,"काम,याब,ाब,का,क,ब","k,kɑː,jɑːb,kɑːm,b,ɑːb",,,,
1053,कायर,कायर,kɑːjəɾ,coward,NotAppl,M,4,underived,,,0,0,animate,E,Person,0,0,0,"यर,र,काय,का,क,ायर","kɑːj,k,kɑː,jəɾ,ɾ,əɾ",र,"ɾ,əɾ",र,"ɾ,əɾ"
1054,कार,कार,kɑːɾ,car,NotAppl,F,4,underived,,,0,0,inanimate,M,Artifact,1,0,0,"ार,र,का,क,कार","k,kɑː,kɑːɾ,ɾ,ɑːɾ","ार,र","ɾ,ɑːɾ",र,ɾ
1055,कारखाना,कारखान,kɑːɾkʰɑːn̪,factory,NotAppl,M,2,underived,,,1,0,inanimate,I,Physical Place,0,0,0,"ान,खान,न,का,क,कार","k,kɑː,kɑːɾ,ɑːn̪,kʰɑːn̪,n̪",,,,
1056,कारगर,कारगर,kɑːɾɡəɾ,effective,NotAppl,M,0,underived,,,1,0,inanimate,X,Qualitative,0,0,0,"र,गर,का,क,कार,रगर","k,kɑː,kɑːɾ,ɾ,əɾ,ɡəɾ",र,"ɾ,əɾ",र,"ɾ,əɾ"
1057,कारगुज़ारी,कारगुज़ार,kɑːɾɡuzɑːɾ,performance,NotAppl,F,1,underived,,,1,0,inanimate,K,State,0,0,0,"ार,र,़ार,का,क,कार","zɑːɾ,k,kɑː,kɑːɾ,ɾ,ɑːɾ","ार,र","ɾ,ɑːɾ",र,ɾ
1058,कारण,कारण,kɑːɾəɳ,reason,NotAppl,M,4,underived,,,0,0,inanimate,A,property,0,0,1,"रण,ारण,का,क,कार,ण","k,kɑː,kɑːɾ,əɳ,ɾəɳ,ɳ",रण,"əɳ,ɾəɳ",,"əɳ,ɾəɳ"
1059,कारतूस,कारतूस,kɑːɾt̪uːs̪,cartridge,NotAppl,M,4,underived,,,0,0,inanimate,O,Artifact,0,0,0,"स,का,क,कार,ूस,तूस","k,kɑː,kɑːɾ,uːs̪,s̪,t̪uːs̪",,,,
1060,कारनामा,कारनाम,kɑːɾn̪ɑːm,feat,NotAppl,M,2,underived,,,0,0,inanimate,A,Action,0,0,0,"नाम,म,का,क,कार,ाम","k,kɑː,kɑːɾ,m,n̪ɑːm,ɑːm",,,,
1061,कारपोरेट,कारपोरेट,kɑːɾpoːɾeːʈ,corporate,NotAppl,M,4,underived,,,0,0,inanimate,S,Relational,1,0,0,"ट,का,क,ेट,कार,रेट","k,kɑː,kɑːɾ,ɾeːʈ,eːʈ,ʈ",,,,
1062,कारपोरेशन,कारपोरेशन,kɑːɾpoːɾeːʃən̪,corporation,NotAppl,M,4,underived,,,0,0,inanimate,I,Common Noun,1,0,0,"शन,ेशन,न,का,क,कार","k,kɑː,kɑːɾ,ən̪,n̪,ʃən̪","शन,ेशन",ʃən̪,ेशन,
1063,कारबाइन,कारबाइन,kɑːɾbɑːɪn̪,carbine,NotAppl,F,0,underived,,,0,0,inanimate,G,Artifact,1,0,0,"ाइन,न,इन,का,क,कार","k,kɑː,kɑːɾ,ɑːɪn̪,ɪn̪,n̪",,,,
1064,कारवाई,कारवा,kɑːɾʋɑː,action,NotAppl,F,1,underived,,,0,0,inanimate,A,Action,0,0,0,"ा,वा,रवा,का,क,कार","k,kɑː,kɑːɾ,ɾʋɑː,ɑː,ʋɑː",ा,,ा,
1065,कारसेवक,कारसेवक,kɑːɾs̪eːʋək,car valet,NotAppl,M,4,underived,,,0,0,animate,M,Person,1,0,0,"वक,ेवक,का,क,कार","k,kɑː,kɑːɾ,ək,ʋək",,ək,,
1066,कारागार,कारागार,kɑːɾɑːɡɑːɾ,prison,NotAppl,M,4,underived,,,0,0,inanimate,G,Physical Place,0,0,0,"ार,र,का,क,कार,गार","k,kɑː,kɑːɾ,ɡɑːɾ,ɾ,ɑːɾ","ार,र","ɾ,ɑːɾ",र,ɾ
1067,कारावास,कारावास,kɑːɾɑːʋɑːs̪,imprisonment,NotAppl,M,4,underived,,,0,0,inanimate,G,Process,0,0,0,"स,वास,ास,का,क,कार","k,kɑː,kɑːɾ,ɑːs̪,ʋɑːs̪,s̪",ास,,,
1068,कारीगर,कारीगर,kɑːɾiːɡəɾ,artisan,NotAppl,M,4,underived,,,0,0,animate,C,Common Noun,0,1,0,"र,गर,का,क,कार,ीगर","k,kɑː,kɑːɾ,ɾ,əɾ,ɡəɾ",र,"ɾ,əɾ",र,"ɾ,əɾ"
1069,कारीगरी,कारीगर,kɑːɾiːɡəɾ,workmanship,NotAppl,F,1,abstract6,abstract6,abstract6,0,1,inanimate,X,Physical,0,1,0,"र,गर,का,क,कार,ीगर","k,kɑː,kɑːɾ,ɾ,əɾ,ɡəɾ",र,"ɾ,əɾ",र,"ɾ,əɾ"
1070,कारोबार,कारोबार,kɑːɾoːbɑːɾ,business,NotAppl,M,4,underived,,,0,0,inanimate,I,Physical,0,1,0,"ार,र,बार,का,क,कार","bɑːɾ,k,kɑː,kɑːɾ,ɾ,ɑːɾ","ार,र","ɾ,ɑːɾ",र,ɾ
1071,कारोबारी,कारोबार,kɑːɾoːbɑːɾ,businessman,neutral,F,1,underived,,,0,0,animate,I,Person,0,0,0,"ार,र,बार,का,क,कार","bɑːɾ,k,kɑː,kɑːɾ,ɾ,ɑːɾ","ार,र","ɾ,ɑːɾ",र,ɾ
1072,कारोबारी,कारोबार,kɑːɾoːbɑːɾ,businessman,neutral,M,4,underived,,,0,0,animate,I,Person,0,0,0,"ार,र,बार,का,क,कार","bɑːɾ,k,kɑː,kɑːɾ,ɾ,ɑːɾ","ार,र","ɾ,ɑːɾ",र,ɾ
1073,कार्टन,कार्टन,kɑːɾʈən̪,carton,NotAppl,M,4,underived,,,0,0,inanimate,O,Artifact,1,0,0,"टन,न,्टन,का,क,कार","k,kɑː,ʈən̪,kɑːɾ,ən̪,n̪",,,,
1074,कार्टून,कार्टून,kɑːɾʈuːn̪,cartoon,NotAppl,M,4,underived,,,0,0,inanimate,Q,Artifact,1,0,0,"ून,न,का,क,कार,टून","ʈuːn̪,k,kɑː,kɑːɾ,n̪,uːn̪",,,,
1075,कार्टूनिस्ट,कार्टूनिस्ट,kɑːɾʈuːn̪ɪs̪ʈ,cartoonist,NotAppl,M,4,underived,,,0,0,animate,C,Art,1,0,0,"ट,्ट,का,क,कार,स्ट","k,kɑː,kɑːɾ,s̪ʈ,ʈ,ɪs̪ʈ",स्ट,s̪ʈ,,s̪ʈ
1076,कार्ड,कार्ड,kɑːɾɖ,card,NotAppl,M,4,underived,,,0,0,inanimate,Q,Artifact,0,0,0,"ड,्ड,का,क,कार,र्ड","ɑːɾɖ,k,ɾɖ,kɑː,kɑːɾ,ɖ",र्ड,"ɑːɾɖ,ɾɖ",,
1077,कार्डिनल,कार्डिनल,kɑːɾɖɪn̪əl,cardinal,NotAppl,M,4,underived,,,0,0,animate,S,Common Noun,1,0,0,"नल,िनल,का,क,कार,ल","k,kɑː,kɑːɾ,n̪əl,əl,l",नल,"n̪əl,əl",,
1080,कार्बन,कार्बन,kɑːɾbən̪,carbon,NotAppl,M,4,underived,,,0,0,inanimate,O,Chemical,1,0,0,"बन,्बन,न,का,क,कार","bən̪,k,kɑː,kɑːɾ,ən̪,n̪",,,,
1081,कार्य,कार्य,kɑːɾjə,work,NotAppl,M,4,underived,,,0,0,inanimate,I,Action,0,0,1,"्य,य,का,क,र्य,कार","k,kɑː,kɑːɾ,ə,jə,ɾjə","्य,य",jə,य,jə
1082,कार्यकर्ता,कार्यकर्,kɑːɾjəkəɾ,worker,neutral,F,3,abstract8,abstract8,abstract8,0,1,animate,I,Person,0,0,0,"र्,कर्,का,क,कार,्","k,kɑː,kɑːɾ,ɾ,kəɾ,əɾ",,"ɾ,kəɾ,əɾ",,"ɾ,kəɾ,əɾ"
1083,कार्यकर्ता,कार्यकर्,kɑːɾjəkəɾ,worker,neutral,M,4,abstract8,abstract8,abstract8,0,1,animate,I,Person,0,0,0,"र्,कर्,का,क,कार,्","k,kɑː,kɑːɾ,ɾ,kəɾ,əɾ",,"ɾ,kəɾ,əɾ",,"ɾ,kəɾ,əɾ"
1084,कार्यकलाप,कार्यकलाप,kɑːɾjəklɑːp,activities,NotAppl,M,4,underived,,,1,0,inanimate,A,Action,0,0,0,"ाप,लाप,प,का,क,कार","k,kɑː,kɑːɾ,ɑːp,p,lɑːp",,,,
1085,कार्यकारिणी,कार्यकारिण,kɑːɾjəkɑːɾɪɳ,executive,NotAppl,F,1,underived,,,1,0,animate,S,Group,0,0,0,"रिण,का,क,कार,िण,ण","k,kɑː,kɑːɾ,ɾɪɳ,ɪɳ,ɳ",,,,
1086,कार्यकारी,कार्यकार,kɑːɾjəkɑːɾ,executive,neutral,F,1,agentive_activity1,agentive_activity1,agentive_activity1,0,1,animate,S,Person,0,0,0,"ार,र,का,क,कार","k,kɑː,kɑːɾ,ɾ,ɑːɾ","ार,र","ɾ,ɑːɾ",र,ɾ
1087,कार्यकारी,कार्यकार,kɑːɾjəkɑːɾ,executive,neutral,M,4,agentive_activity1,agentive_activity1,agentive_activity1,0,1,animate,S,Person,0,0,0,"ार,र,का,क,कार","k,kɑː,kɑːɾ,ɾ,ɑːɾ","ार,र","ɾ,ɑːɾ",र,ɾ
1088,कार्यकाल,कार्यकाल,kɑːɾjəkɑːl,tenure,NotAppl,M,4,underived,,,1,0,inanimate,I,Period,0,0,0,"काल,ाल,का,क,कार,ल","k,kɑː,kɑːl,kɑːɾ,l,ɑːl",काल,kɑːl,,
1089,कार्यक्रम,कार्यक्रम,kɑːɾjəkɾəm,program,NotAppl,M,4,underived,,,1,0,inanimate,Y,Action,0,0,0,"म,का,क,्रम,कार,रम","əm,k,kɑː,kɑːɾ,ɾəm,m",,,,
1090,कार्यक्षमता,कार्यक्षम,kɑːɾjəkʂəm,efficiency,NotAppl,F,3,underived,,,1,0,inanimate,X,Quality,0,0,0,"षम,्षम,म,का,क,कार","əm,k,kɑː,kɑːɾ,ʂəm,m",,,,
1091,कार्यदल,कार्यदल,kɑːɾjəd̪əl,working group,NotAppl,M,4,underived,,,1,0,inanimate,I,Collective Noun,0,0,0,"दल,का,क,कार,ल,यदल","k,kɑː,kɑːɾ,əl,l,d̪əl",,əl,,
1092,कार्यपालिका,कार्यपाल,kɑːɾjəpɑːl,executive,NotAppl,F,3,dimunitive1,dimunitive1,,0,1,animate,S,Group,0,0,0,"पाल,ाल,का,क,कार,ल","k,kɑː,kɑːɾ,pɑːl,l,ɑːl",,,,
1093,कार्यप्रणाली,कार्यप्रणाल,kɑːɾjəpɾəɳɑːl,modus operandi,NotAppl,F,1,underived,,,1,0,inanimate,T,Process,0,0,0,"ाल,णाल,का,क,कार,ल","k,kɑː,kɑːɾ,l,ɑːl,ɳɑːl",,,,
1094,कार्यबल,कार्यबल,kɑːɾjəbəl,workforce,NotAppl,M,4,underived,,,1,0,inanimate,I,Physical State,0,0,0,"बल,यबल,का,क,कार,ल","k,kɑː,kɑːɾ,əl,bəl,l",,əl,,
1095,कार्यभार,कार्यभार,kɑːɾjəbʰɑːɾ,workload,NotAppl,M,4,underived,,,1,0,inanimate,I,Action,0,0,0,"ार,र,भार,का,क,कार","k,kɑː,kɑːɾ,ɾ,ɑːɾ,bʰɑːɾ","ार,र","ɾ,ɑːɾ",र,ɾ
1096,कार्यमंत्री,कार्यमंत्र,kɑːɾjəmə̃t̪ɾ,working minister,NotAppl,M,4,underived,,,1,0,animate,I,Common Noun,0,0,0,"र,्र,त्र,का,क,कार","k,kɑː,kɑːɾ,ə̃t̪ɾ,ɾ,t̪ɾ",र,ɾ,र,ɾ
1097,कार्ययोजना,कार्ययोजन,kɑːɾjəjoːd͡ʒən̪,action plan,NotAppl,F,3,underived,,,1,0,inanimate,A,Action,0,0,0,"ोजन,न,का,क,जन,कार","k,kɑː,kɑːɾ,ən̪,d͡ʒən̪,n̪",,,,
1098,कार्यवाहक,कार्यवाहक,kɑːɾjəʋɑːɦək,caretaker,NotAppl,M,4,underived,,,1,0,animate,B,Qualitative,0,0,0,"ाहक,का,क,हक,कार","k,kɑː,kɑːɾ,ək,ɦək",,ək,,
1099,कार्यवाही,कार्यवाह,kɑːɾjəʋɑːɦ,proceeding,NotAppl,F,1,underived,,,1,0,inanimate,A,Physical,0,0,0,"ाह,ह,का,क,कार,वाह","ʋɑːɦ,k,kɑː,kɑːɾ,ɑːɦ,ɦ",ाह,ɑːɦ,,
1100,कार्यशाला,कार्यशाल,kɑːɾjəʃɑːl,workshop,NotAppl,F,3,underived,,,1,0,inanimate,I,Physical Place,0,0,0,"शाल,ाल,का,क,कार,ल","k,kɑː,kɑːɾ,ʃɑːl,l,ɑːl",,,,
1101,कार्यशैली,कार्यशैल,kɑːɾjəʃəɪl,working style,NotAppl,F,1,underived,,,1,0,inanimate,I,STY,0,0,0,"ैल,का,क,शैल,कार,ल","k,kɑː,əɪl,kɑːɾ,ɪl,l",,,,
1102,कार्यस्थल,कार्यस्थल,kɑːɾjəs̪t̪ʰəl,workplace,NotAppl,M,4,underived,,,1,0,inanimate,I,Physical Place,0,0,0,"का,क,्थल,कार,ल,थल","k,kɑː,kɑːɾ,əl,t̪ʰəl,l",,əl,,
1103,कार्याधिकारी,कार्याधिकार,kɑːɾjɑːd̪ʰɪkɑːɾ,executive officer,NotAppl,M,4,abstract6,abstract6,abstract6,0,1,animate,S,Occupation,0,0,0,"ार,र,का,क,कार","k,kɑː,kɑːɾ,ɾ,ɑːɾ","ार,र","ɾ,ɑːɾ",र,ɾ
1104,कार्यान्वयन,कार्यान्वयन,kɑːɾjɑːn̪ʋəjən̪,execution,NotAppl,M,4,underived,,,1,0,inanimate,L,Action,0,0,0,"वयन,यन,न,का,क,कार","k,kɑː,kɑːɾ,jən̪,ən̪,n̪",,,,
1105,कार्यालय,कार्यालय,kɑːɾjɑːljə,office,NotAppl,M,4,underived,,,1,0,inanimate,I,Physical Place,0,0,0,"लय,य,का,क,कार,ालय","ljə,k,kɑː,kɑːɾ,ə,jə","लय,य","ljə,jə",य,jə
1106,कार्रवाई,कार्रवा,kɑːɾɾəʋɑː,action,neutral,F,1,underived,,,1,0,inanimate,A,Physical,0,0,0,"ा,वा,रवा,का,क,कार","k,kɑː,kɑːɾ,ɑː,ʋɑː,əʋɑː",ा,,ा,
1107,कार्रवाई,कार्रवा,kɑːɾɾəʋɑː,action,neutral,M,4,underived,,,1,0,inanimate,A,Physical,0,0,0,"ा,वा,रवा,का,क,कार","k,kɑː,kɑːɾ,ɑː,ʋɑː,əʋɑː",ा,,ा,
1108,काल,काल,kɑːl,period,NotAppl,M,4,underived,,,0,0,inanimate,T,Time,0,0,0,"काल,ाल,का,क,ल","k,kɑːl,kɑː,l,ɑːl",काल,kɑːl,,
1109,कालखंड,कालखंड,kɑːlkʰə̃ɖ,period,NotAppl,M,4,underived,,,1,0,inanimate,T,Abstract,0,0,0,"काल,ड,खंड,ंड,का,क","k,kɑːl,kɑː,ə̃ɖ,ɖ,kʰə̃ɖ",काल,kɑːl,,
1110,कालर,कालर,kɑːləɾ,collar,NotAppl,M,4,underived,,,0,0,inanimate,B,Artifact,1,0,0,"ालर,काल,र,का,क,लर","k,kɑːl,kɑː,ɾ,əɾ,ləɾ","काल,र","kɑːl,ɾ,əɾ",र,"ɾ,əɾ"
1111,कालिख,कालिख,kɑːlɪkʰ,soot,NotAppl,F,3,underived,,,0,0,inanimate,O,Natural Object,0,0,0,"लिख,काल,ख,का,क,िख","k,kɑːl,kɑː,ɪkʰ,lɪkʰ,kʰ",काल,kɑːl,,
1112,कालेज,कालेज,kɑːleːd͡ʒ,college,NotAppl,M,4,underived,,,0,0,inanimate,P,Group,1,0,0,"काल,लेज,ज,का,क,ेज","k,kɑːl,kɑː,eːd͡ʒ,d͡ʒ,leːd͡ʒ",काल,kɑːl,,
1113,कालोनी,कालोन,kɑːloːn̪,colony,NotAppl,F,1,underived,,,0,0,inanimate,M,Physical Place,1,0,0,"काल,न,लोन,का,क,ोन","k,kɑːl,kɑː,n̪,oːn̪,loːn̪",काल,kɑːl,,
1114,कासल,कासल,kɑːs̪əl,castle,NotAppl,M,5,underived,,,0,0,inanimate,H,Physical State,1,0,0,"सल,ासल,का,क,ल,कास","k,kɑː,əl,l,kɑːs̪,s̪əl",,əl,,
1115,कि.मी.,कि.मी.,kɪ.miː.,km.,NotAppl,M,0,underived,,,0,0,inanimate,Z,Abbreviation,0,0,0,"मी.,.,क,ी.,कि.,कि","kɪ.,k,miː.,.,kɪ,iː.",,,,
1116,किंग,किंग,kɪ̃ɡ,king,NotAppl,M,4,underived,,,0,0,animate,S,Artifact,1,0,0,"किं,िंग,क,ंग,ग,कि","kɪ̃ɡ,k,kɪ̃,ɪ̃ɡ,ɡ","िंग,ंग,ग","ɪ̃ɡ,ɡ","िंग,ंग","ɪ̃ɡ,ɡ"
1117,किंवदंती,किंवदंत,kɪ̃ʋd̪ə̃t̪,legend,NotAppl,F,1,form_result,form_result,,0,1,inanimate,S,Communication,0,0,1,"किं,त,क,ंत,कि,दंत","kɪ̃ʋ,k,kɪ̃,t̪,ə̃t̪,d̪ə̃t̪",त,t̪,त,t̪
1118,किचन,किचन,kɪt͡ʃən̪,kitchen,NotAppl,M,4,underived,,,0,0,inanimate,F,Common Noun,1,0,0,"िचन,न,क,किच,चन,कि","k,n̪,t͡ʃən̪,kɪ,kɪt͡ʃ,ən̪",,,,
1119,किट,किट,kɪʈ,kit,neutral,F,4,underived,,,0,0,inanimate,O,Artifact,1,0,0,"ट,किट,िट,क,कि","k,ɪʈ,ʈ,kɪ,kɪʈ",,ɪʈ,,
1120,किट,किट,kɪʈ,kit,neutral,M,4,underived,,,0,0,inanimate,O,Artifact,1,0,0,"ट,किट,िट,क,कि","k,ɪʈ,ʈ,kɪ,kɪʈ",,ɪʈ,,
1121,किडनी,किडन,kɪɖən̪,kidney,NotAppl,F,1,underived,,,0,0,inanimate,B,Anatomical,1,0,0,"किड,डन,न,क,िडन,कि","k,n̪,ɖən̪,kɪɖ,kɪ,ən̪",,,,
1122,किताब,किताब,kɪt̪ɑːb,book,neutral,F,3,underived,,,0,0,inanimate,A,Artifact,0,1,0,"कित,ाब,ब,क,ताब,कि","t̪ɑːb,k,kɪt̪,b,kɪ,ɑːb",,,,
1123,किताब,किताब,kɪt̪ɑːb,book,neutral,M,4,underived,,,0,0,inanimate,A,Artifact,0,1,0,"कित,ाब,ब,क,ताब,कि","t̪ɑːb,k,kɪt̪,b,kɪ,ɑːb",,,,
1124,किनारा,किनार,kɪn̪ɑːɾ,edge,NotAppl,M,4,underived,,,0,0,inanimate,O,Part of,0,1,0,"नार,ार,र,किन,क,कि","k,ɾ,kɪ,ɑːɾ,n̪ɑːɾ,kɪn̪","ार,र","ɾ,ɑːɾ",र,ɾ
1125,किफायत,किफायत,kɪpʰɑːjət̪,economy,NotAppl,F,3,abstract4,abstract4,,0,1,inanimate,I,Action,0,0,0,"यत,ायत,त,क,कि,किफ","k,kɪpʰ,t̪,jət̪,ət̪,kɪ","यत,ायत,त","t̪,jət̪","यत,त","t̪,jət̪"
1126,किमी,किम,kɪm,km,NotAppl,M,0,underived,,,0,0,inanimate,Z,Measurement,1,0,0,"किम,म,क,कि,िम","kɪm,k,ɪm,m,kɪ",,,,
1128,किरकिरी,किरकिर,kɪɾkɪɾ,gritty,NotAppl,F,1,underived,,,0,0,inanimate,O,Part of,0,0,0,"किर,र,िर,क,कि","ɪɾ,k,ɾ,kɪ,kɪɾ",र,ɾ,र,ɾ
1129,किरण,किरण,kɪɾəɳ,ray,NotAppl,F,3,underived,,,0,0,inanimate,W,Natural Object,0,0,1,"किर,रण,क,िरण,कि,ण","k,əɳ,ɾəɳ,kɪ,ɳ,kɪɾ",रण,"əɳ,ɾəɳ",,"əɳ,ɾəɳ"
1130,किरदार,किरदार,kɪɾd̪ɑːɾ,character,NotAppl,M,4,underived,,,0,0,inanimate,S,Cognition,0,1,0,"किर,ार,र,क,कि,दार","k,ɾ,kɪ,ɑːɾ,kɪɾ,d̪ɑːɾ","ार,र","ɾ,ɑːɾ",र,ɾ
1131,किराना,किरान,kɪɾɑːn̪,grocery,NotAppl,M,2,underived,,,0,0,inanimate,F,Edible,0,0,0,"ान,किर,न,रान,क,कि","k,ɑːn̪,kɪɾ,kɪ,n̪,ɾɑːn̪",,,,
1132,किराया,किराय,kɪɾɑːjə,rent,NotAppl,M,2,underived,,,0,0,inanimate,I,Artifact,0,1,0,"किर,ाय,य,राय,क,कि","k,ɑːjə,kɪ,ə,jə,kɪɾ",य,jə,य,jə
1133,किरायेदार,किरायेदार,kɪɾɑːjeːd̪ɑːɾ,tenant,NotAppl,M,4,agentive3,,,0,1,animate,H,Person,0,0,0,"किर,ार,र,क,कि,दार","k,ɾ,kɪ,ɑːɾ,kɪɾ,d̪ɑːɾ","ार,र","ɾ,ɑːɾ",र,ɾ
1134,किला,किल,kɪl,castle,NotAppl,M,4,underived,,,0,0,inanimate,H,Physical Place,0,0,0,"ल,किल,क,कि,िल","k,ɪl,kɪ,l,kɪl",,,,
1135,किलो,किल,kɪl,kilo,NotAppl,M,4,underived,,,0,0,inanimate,N,Measurement,1,0,0,"ल,किल,क,कि,िल","k,ɪl,kɪ,l,kɪl",,,,
1136,किलोग्राम,किलोग्राम,kɪloːɡɾɑːm,kilogram,NotAppl,M,4,underived,,,0,0,inanimate,N,Measurement,1,0,0,"म,किल,राम,क,कि,ाम","ɾɑːm,k,m,kɪ,ɑːm,kɪl",,,,
1137,किलोमीटर,किलोमीटर,kɪloːmiːʈəɾ,kilometer,NotAppl,M,4,underived,,,0,0,inanimate,N,Measurement,1,0,0,"र,किल,क,ीटर,टर,कि","k,ɾ,kɪ,əɾ,ʈəɾ,kɪl","र,टर","ɾ,əɾ,ʈəɾ","र,टर","ɾ,əɾ,ʈəɾ"
1138,किलोलीटर,किलोलीटर,kɪloːliːʈəɾ,kilolitres,NotAppl,M,4,underived,,,0,0,inanimate,Z,Measurement,1,0,0,"र,किल,क,ीटर,टर,कि","k,ɾ,kɪ,əɾ,ʈəɾ,kɪl","र,टर","ɾ,əɾ,ʈəɾ","र,टर","ɾ,əɾ,ʈəɾ"
1139,किलोवॉट,किलोवॉट,kɪloːʋɔʈ,kilowatt,NotAppl,M,4,underived,,,0,0,inanimate,N,Measurement,1,0,0,"ट,वॉट,ॉट,किल,क,कि","k,ʈ,kɪ,ɔʈ,ʋɔʈ,kɪl",,,,
1140,किसान,किसान,kɪs̪ɑːn̪,farmer,NotAppl,M,4,underived,,,0,0,animate,F,Person,0,0,0,"ान,न,क,सान,कि,किस","k,ɑːn̪,kɪs̪,kɪ,s̪ɑːn̪,n̪",,,,
1141,किसानी,किसान,kɪs̪ɑːn̪,farming,NotAppl,F,0,abstract6,abstract6,abstract6,0,1,inanimate,F,Physical,0,0,0,"ान,न,क,सान,कि,किस","k,ɑːn̪,kɪs̪,kɪ,s̪ɑːn̪,n̪",,,,
1142,किस्त,किस्त,kɪs̪t̪,installment,NotAppl,M,4,underived,,,0,0,inanimate,I,Process,0,0,0,"्त,स्त,त,क,कि,किस","k,t̪,ɪs̪t̪,kɪs̪,kɪ,s̪t̪","्त,त",t̪,"्त,त",t̪
1143,किस्म,किस्म,kɪs̪m,variety,NotAppl,F,3,underived,,,0,0,inanimate,A,concept,0,0,0,"म,स्म,क,कि,्म,किस","k,m,kɪs̪,s̪m,kɪ,ɪs̪m",,,,
1144,किस्मत,किस्मत,kɪs̪mət̪,destiny,NotAppl,F,3,underived,,,0,0,inanimate,A,Perception,0,0,0,"मत,त,क,्मत,कि,किस","k,t̪,mət̪,ət̪,kɪs̪,kɪ",त,t̪,त,t̪
1145,कीचड,कीचड,kiːt͡ʃəɖ,mud,NotAppl,M,4,underived,,,0,0,inanimate,O,Physical State,0,0,0,"ड,कीच,की,चड,ीचड,क","k,əɖ,ɖ,kiː,t͡ʃəɖ,kiːt͡ʃ",,,,
1146,कीटनाशक,कीटनाशक,kiːʈn̪ɑːʃək,insecticides,NotAppl,M,4,underived,,,1,0,inanimate,Z,Chemical,0,0,0,"कीट,की,ाशक,शक,क","k,ʃək,kiː,ək,kiːʈ",,ək,,
1147,कीपर,कीपर,kiːpəɾ,keeper,NotAppl,M,4,underived,,,0,0,animate,L,Occupation,1,0,0,"पर,र,की,ीपर,क,कीप","k,pəɾ,kiː,kiːp,ɾ,əɾ",र,"ɾ,əɾ",र,"ɾ,əɾ"
1148,कीमत,कीमत,kiːmət̪,price,NotAppl,F,3,underived,,,0,0,inanimate,I,Artifact,0,0,0,"की,मत,त,कीम,क,ीमत","k,kiːm,t̪,mət̪,kiː,ət̪",त,t̪,त,t̪
1149,कीर्तन,कीर्तन,kiːɾt̪ən̪,kirtan,NotAppl,M,4,underived,,,0,0,inanimate,Z,Physical,0,0,1,"्तन,की,तन,न,क,कीर","k,kiːɾ,kiː,t̪ən̪,ən̪,n̪",,,,
1150,कुँआ,कुँ,kũ,well,NotAppl,M,2,underived,,,0,0,inanimate,A,Natural Object,0,0,0,"कु,कुँ,ुँ,क,ँ","kũ,k,ũ",,,,
1151,कुंड,कुंड,kũɖ,pool,NotAppl,M,4,underived,,,0,0,inanimate,W,Mythological Character,0,0,1,"कु,कुं,ड,ंड,ुंड,क","k,ɖ,ũɖ,kũɖ,kũ",,,,
1152,कुंडली,कुंडल,kũɖəl,horoscope,NotAppl,F,1,underived,,,0,0,inanimate,S,Tree,0,0,1,"कु,कुं,डल,क,ंडल,ल","k,kũɖ,əl,l,kũ,ɖəl",,əl,,
1153,कुंतल,कुंतल,kũt̪əl,quintal,NotAppl,M,4,underived,,,0,0,inanimate,Z,Part of,0,0,1,"ंतल,कु,कुं,तल,क,ल","k,kũt̪,əl,l,kũ,t̪əl",,əl,,
1154,कुआँ,कु,ku,well,NotAppl,M,2,underived,,,0,0,inanimate,A,Artifact,0,0,0,"कु,ु,क","u,ku,k",,,,
1155,कुत्ता,कुत्त,kut̪t̪,dog,NotAppl,M,2,underived,,,0,0,animate,L,Mammal,0,0,0,"कु,्त,त्त,त,कुत,क","k,t̪,t̪t̪,ku,ut̪t̪,kut̪","्त,त्त,त","t̪,t̪t̪","्त,त",t̪
1156,कुदरत,कुदरत,kud̪ɾət̪,nature,NotAppl,F,3,underived,,,0,0,inanimate,W,Perception,0,0,0,"कु,रत,दरत,त,क,कुद","k,t̪,kud̪,ku,ət̪,ɾət̪","रत,त","t̪,ɾət̪",त,"t̪,ɾət̪"
1157,कुपोषण,कुपोषण,kupoːʂəɳ,malnutrition,NotAppl,M,0,underived,,,0,0,inanimate,F,Action,0,0,0,"कु,कुप,क,षण,ोषण,ण","k,əɳ,ku,ʂəɳ,kup,ɳ",षण,"əɳ,ʂəɳ",,əɳ
1158,कुप्रथा,कुप्रथ,kupɾət̪ʰ,miscegenation,NotAppl,F,3,underived,,,0,0,inanimate,Z,Abstract,0,0,0,"कु,रथ,कुप,क,थ,्रथ","k,ku,t̪ʰ,kup,ət̪ʰ,ɾət̪ʰ",,ət̪ʰ,,
1159,कुबूल,कुबूल,kubuːl,accept,NotAppl,M,0,underived,,,0,0,inanimate,A,Action,0,0,0,"कु,कुब,बूल,क,ूल,ल","k,uːl,buːl,ku,kub,l",,,,
1160,कुबेर,कुबेर,kubeːɾ,kuber,NotAppl,M,4,underived,,,0,0,animate,Z,Mythological Character,0,0,0,"कु,कुब,र,क,ेर,बेर","k,ku,ɾ,kub,eːɾ,beːɾ",र,ɾ,र,ɾ
1161,कुमारी,कुमार,kumɑːɾ,miss,NotAppl,F,1,underived,,,0,0,animate,A,Person,0,0,1,"कु,ार,कुम,र,मार,क","k,mɑːɾ,ku,ɾ,ɑːɾ,kum","ार,र,मार","mɑːɾ,ɾ,ɑːɾ",र,ɾ
1162,कुम्हार,कुम्हार,kumɦɑːɾ,potter,NotAppl,M,4,underived,,,0,0,animate,C,Person,0,0,0,"कु,ार,कुम,र,क,हार","k,ku,ɦɑːɾ,ɾ,ɑːɾ,kum","ार,र","ɾ,ɑːɾ",र,ɾ
1163,कुरुक्षेत्र,कुरुक्षेत्र,kuɾukʂeːt̪ɾ,kurukshetra,NotAppl,M,4,underived,,,1,0,inanimate,Z,Place,0,0,0,"कु,कुर,र,्र,त्र,क","kuɾ,k,eːt̪ɾ,ku,ɾ,t̪ɾ",र,ɾ,र,ɾ
1164,कुर्द,कुर्द,kuɾd̪,kurds,NotAppl,M,4,underived,,,0,0,animate,Z,Common Noun,0,0,0,"द,कु,्द,कुर,क,र्द","kuɾ,k,d̪,ku,ɾd̪,uɾd̪",,,,
1165,कुर्बानी,कुर्बान,kuɾbɑːn̪,sacrifice,NotAppl,F,1,abstract6,abstract6,abstract6,0,1,inanimate,S,Physical,0,0,0,"ान,कु,कुर,न,क,बान","kuɾ,k,ɑːn̪,ku,n̪,bɑːn̪",बान,bɑːn̪,,
1166,कुर्सी,कुर्स,kuɾs̪,chair,NotAppl,F,4,underived,,,0,0,inanimate,H,Artifact,0,0,0,"कु,स,कुर,र्स,्स,क","kuɾ,k,ku,uɾs̪,s̪,ɾs̪",,,,
1167,कुलपति,कुलपत,kulpət̪,vice chancellor,NotAppl,M,4,underived,,,0,0,animate,T,Person,0,0,0,"कु,लपत,त,पत,क,कुल","k,t̪,ku,ət̪,kul,pət̪",त,t̪,त,t̪
1168,कुल्हड़,कुल्हड़,kulɦəɽ,kulhar,NotAppl,M,4,underived,,,0,0,inanimate,Z,Artifact,0,0,0,"कु,़,ड़,क,हड़,कुल","k,ku,əɽ,ɽ,ɦəɽ,kul","़,ड़",ɽ,़,
1169,कुल्हाड़ी,कुल्हाड़,kulɦɑːɽ,axe,NotAppl,F,1,underived,,,0,0,inanimate,T,Artifact,0,0,0,"कु,ाड़,़,ड़,क,कुल","k,ku,ɑːɽ,ɽ,ɦɑːɽ,kul","ाड़,़,ड़","ɑːɽ,ɽ,ɦɑːɽ",़,
1170,कुहासा,कुहास,kuɦɑːs̪,mist,NotAppl,M,2,underived,,,0,0,inanimate,W,Natural Object,0,0,0,"कु,स,कुह,ास,क,हास","k,ku,ɑːs̪,ɦɑːs̪,s̪,kuɦ",ास,,,
1171,कूच,कूच,kuːt͡ʃ,march,NotAppl,M,4,underived,,,0,0,inanimate,T,Physical,0,1,0,"कूच,च,क,कू,ूच","k,t͡ʃ,kuːt͡ʃ,uːt͡ʃ,kuː",,,,
1172,कूटनीति,कूटनीत,kuːʈn̪iːt̪,diplomacy,NotAppl,F,1,underived,,,1,0,inanimate,S,Social,0,0,0,"ीत,नीत,त,क,कू,कूट","n̪iːt̪,k,t̪,iːt̪,kuː,kuːʈ","ीत,नीत,त","n̪iːt̪,t̪,iːt̪",त,t̪
1173,कूड़ा,कूड़,kuːɽ,garbage,NotAppl,M,2,underived,,,0,0,inanimate,X,Object,0,0,0,"़,ड़,ूड़,क,कू,कूड","k,kuːɽ,ɽ,uːɽ,kuː","़,ड़",ɽ,़,
1174,कूपन,कूपन,kuːpən̪,coupon,NotAppl,M,4,underived,,,0,0,inanimate,Q,Artifact,1,0,0,"ूपन,न,कूप,क,पन,कू","k,n̪,pən̪,kuːp,kuː,ən̪",,,,
1175,कूलर,कूलर,kuːləɾ,cooler,NotAppl,M,4,underived,,,0,0,inanimate,O,Common Noun,1,0,0,"र,क,ूलर,लर,कू,कूल","k,kuːl,ɾ,kuː,əɾ,ləɾ",र,"ɾ,əɾ",र,"ɾ,əɾ"
1176,कूल्हा,कूल्ह,kuːlɦə,hip,NotAppl,M,2,underived,,,0,0,inanimate,B,Anatomical,0,0,0,"्ह,ह,क,कू,कूल,ल्ह","k,kuːl,kuː,ə,lɦə,ɦə",,,,
1177,कृति,कृत,kɾɨt̪,masterpiece,NotAppl,F,1,underived,,,0,0,inanimate,C,Action,0,0,1,"ृत,त,क,कृ,कृत","k,t̪,ɨt̪,kɾ,kɾɨ,ɾɨt̪","ृत,त,कृ,कृत","t̪,ɨt̪,kɾɨ,ɾɨt̪",त,t̪
1178,कृत्य,कृत्य,kɾɨt̪jə,act,NotAppl,M,4,underived,,,0,0,inanimate,A,Action,0,0,1,"्य,त्य,य,क,कृ,कृत","k,jə,ə,kɾ,kɾɨ,t̪jə","्य,य,कृ,कृत","jə,kɾɨ",य,jə
1179,कृपा,कृप,kɾɨp,courtesy,NotAppl,F,3,underived,,,0,0,inanimate,S,Psychological Feature,0,0,1,"प,ृप,कृप,क,कृ","k,p,ɨp,ɾɨp,kɾ,kɾɨ",कृ,kɾɨ,,
1180,कृषि,कृष,kɾɨʂ,agriculture,NotAppl,F,0,underived,,,0,0,inanimate,F,Physical,0,0,1,"ष,क,कृष,ृष,कृ","k,ɾɨʂ,kɾ,ʂ,kɾɨ,ɨʂ","ष,कृ","ʂ,kɾɨ",,
1183,केंटर,केंटर,kẽːʈəɾ,canter,NotAppl,M,0,underived,,,0,0,inanimate,M,Physical State,1,0,0,"र,कें,के,क,टर,ंटर","kẽː,k,ɾ,kẽːʈ,əɾ,ʈəɾ","र,के,टर","ɾ,əɾ,ʈəɾ","र,टर","ɾ,əɾ,ʈəɾ"
1184,केंद्र,केंद्र,kẽːd̪ɾə,center,NotAppl,M,4,underived,,,0,0,inanimate,M,Place,0,0,1,"र,कें,्र,के,क,द्र","kẽː,k,ɾə,d̪ɾə,ə,kẽːd̪","र,के",,र,
1185,केक,केक,keːk,cake,NotAppl,M,2,underived,,,0,0,inanimate,F,Edible,1,0,0,"के,ेक,क,केक","keːk,k,keː,eːk",के,"keː,eːk",,
1186,केबल,केबल,keːbəl,cable,NotAppl,M,4,underived,,,0,0,inanimate,O,Artifact,1,0,0,"बल,ेबल,के,केब,क,ल","k,keː,keːb,əl,bəl,l",के,"keː,əl",,
1187,केबिन,केबिन,keːbɪn̪,cabin,NotAppl,M,4,underived,,,0,0,inanimate,H,Common Noun,1,0,0,"िन,न,के,केब,बिन,क","k,keː,keːb,ɪn̪,n̪,bɪn̪",के,keː,,
1188,केबिनेट,केबिनेट,keːbɪn̪eːʈ,cabinet,NotAppl,M,4,underived,,,0,0,inanimate,H,Common Noun,1,0,0,"ट,नेट,के,केब,ेट,क","n̪eːʈ,k,keː,eːʈ,ʈ,keːb",के,keː,,
1189,केमिकल,केमिकल,keːmɪkəl,chemical,NotAppl,M,4,underived,,,0,0,inanimate,O,Chemical,1,0,0,"िकल,के,कल,क,केम,ल","k,keːm,kəl,keː,əl,l",के,"keː,əl",,
1190,केयरटेकर,केयरटेकर,keːjəɾʈeːkəɾ,caretaker,NotAppl,M,4,underived,,,0,0,animate,B,Occupation,1,0,0,"कर,र,के,केय,क,ेकर","k,keː,ɾ,keːj,kəɾ,əɾ","कर,र,के","keː,ɾ,kəɾ,əɾ","कर,र","ɾ,kəɾ,əɾ"
1191,केरल,केरल,keːɾəl,kerala,NotAppl,M,4,underived,,,0,0,inanimate,Z,Physical Place,0,0,0,"रल,ेरल,के,केर,क,ल","k,ɾəl,keː,əl,keːɾ,l",के,"keː,əl",,
1192,केरोसिन,केरोसिन,keːɾoːs̪ɪn̪,kerosene,NotAppl,M,0,underived,,,0,0,inanimate,Z,Natural Object,1,0,0,"िन,सिन,न,के,केर,क","k,s̪ɪn̪,keː,keːɾ,ɪn̪,n̪",के,keː,,
1193,केरोसीन,केरोसीन,keːɾoːs̪iːn̪,kerosene,NotAppl,M,0,underived,,,0,0,inanimate,Z,Natural Object,1,0,0,"न,के,ीन,केर,क,सीन","k,iːn̪,s̪iːn̪,keː,keːɾ,n̪",के,keː,,
1194,केवी,केव,keːʋ,kv,NotAppl,M,0,underived,,,0,0,inanimate,Z,Abstract,0,0,0,"व,के,क,ेव,केव","k,keːʋ,eːʋ,keː,ʋ","व,के","keː,ʋ",व,ʋ
1195,केस,केस,keːs̪,case,NotAppl,M,4,underived,,,0,0,inanimate,A,Process,1,0,0,"स,केस,ेस,के,क","k,keː,eːs̪,keːs̪,s̪",के,keː,,
1196,कैंची,कैंच,kəɪ̃t͡ʃ,scissors,NotAppl,F,1,underived,,,0,0,inanimate,O,Artifact,0,0,0,"कै,ंच,कैं,च,क,ैंच","kəɪ̃,k,t͡ʃ,kə,ɪ̃t͡ʃ,əɪ̃t͡ʃ",,,,
1197,कैंट,कैंट,kəɪ̃ʈ,kent,NotAppl,M,0,underived,,,0,0,inanimate,Z,Common Noun,1,0,0,"कै,ट,कैं,ंट,ैंट,क","kəɪ̃,k,kə,ʈ,əɪ̃ʈ,ɪ̃ʈ",ंट,,,
1198,कैंटीन,कैंटीन,kəɪ̃ʈiːn̪,canteen,NotAppl,F,4,underived,,,0,0,inanimate,F,Physical Place,1,0,0,"कै,कैं,टीन,न,ीन,क","kəɪ̃,k,iːn̪,kə,n̪,ʈiːn̪",,,,
1199,कैंप,कैंप,kəɪ̃p,camp,NotAppl,M,4,underived,,,0,0,inanimate,M,Physical,1,0,0,"कै,ैंप,प,कैं,क,ंप","kəɪ̃,k,kə,ɪ̃p,əɪ̃p,p",,,,
1200,कैंपस,कैंपस,kəɪ̃pəs̪,campus,NotAppl,M,4,underived,,,0,0,inanimate,M,Abstract,1,0,0,"कै,स,ंपस,कैं,पस,क","kəɪ̃,k,kə,s̪,əs̪,pəs̪",,,,
1201,कैंसिलेशन,कैंसिलेशन,kəɪ̃s̪ɪleːʃən̪,cancellation,NotAppl,M,0,underived,,,0,0,inanimate,T,Physical State,1,0,0,"कै,शन,कैं,ेशन,न,क","kəɪ̃,k,kə,ən̪,n̪,ʃən̪","शन,ेशन",ʃən̪,ेशन,
1202,कैच,कैच,kəɪt͡ʃ,catch,NotAppl,M,4,underived,,,0,0,inanimate,A,Physical,1,0,0,"कै,ैच,कैच,च,क","kəɪ,k,t͡ʃ,kə,əɪt͡ʃ,ɪt͡ʃ",,,,
1203,कैचप,कैचप,kəɪt͡ʃəp,ketchup,NotAppl,M,0,underived,,,0,0,inanimate,F,Drinkable,1,0,0,"कै,प,कैच,ैचप,चप,क","kəɪ,k,kə,əp,p,t͡ʃəp",,,,
1204,कैटरर,कैटरर,kəɪʈɾəɾ,caterer,NotAppl,M,5,underived,,,0,0,animate,F,Artifact,1,0,0,"कै,टरर,र,कैट,क,रर","kəɪ,k,kə,ɾ,əɾ,ɾəɾ",र,"ɾ,əɾ",र,"ɾ,əɾ"
1205,कैडर,कैडर,kəɪɖəɾ,cadre,NotAppl,M,4,underived,,,0,0,inanimate,S,Occupation,1,0,0,"कै,र,कैड,डर,क,ैडर","kəɪ,k,kə,ɾ,əɾ,ɖəɾ","र,डर","ɾ,əɾ,ɖəɾ",र,"ɾ,əɾ"
1206,कैडेट,कैडेट,kəɪɖeːʈ,cadet,NotAppl,M,5,underived,,,0,0,animate,G,Person,1,0,0,"कै,ट,कैड,ेट,क,डेट","kəɪ,k,kə,eːʈ,ʈ,ɖeːʈ",,,,
1207,कैथोलिक,कैथोलिक,kəɪt̪ʰoːlɪk,catholic,NotAppl,M,5,underived,,,0,0,animate,S,Person,1,0,0,"कै,कैथ,लिक,िक,क","kəɪ,k,ɪk,kə,lɪk",,,,
1208,कैद,कैद,kəɪd̪,imprisonment,neutral,F,0,underived,,,0,0,inanimate,G,Process,0,0,0,"कै,द,कैद,क,ैद","kəɪ,k,d̪,kə,əɪd̪,ɪd̪",,,,
1209,कैद,कैद,kəɪd̪,imprisonment,neutral,M,4,underived,,,0,0,inanimate,G,Process,0,0,0,"कै,द,कैद,क,ैद","kəɪ,k,d̪,kə,əɪd̪,ɪd̪",,,,
1210,कैदी,कैद,kəɪd̪,prisoner,NotAppl,M,4,abstract6,abstract6,abstract6,0,1,animate,G,Person,0,0,0,"कै,द,कैद,क,ैद","kəɪ,k,d̪,kə,əɪd̪,ɪd̪",,,,
1211,कैप,कैप,kəɪp,cap,NotAppl,F,3,underived,,,0,0,inanimate,B,Artifact,1,0,0,"कै,प,ैप,कैप,क","kəɪ,əɪp,k,kə,p,ɪp",,,,
1212,कैप्टन,कैप्टन,kəɪpʈən̪,captain,NotAppl,M,4,underived,,,0,0,animate,G,Person,1,0,0,"कै,टन,न,कैप,्टन,क","kəɪ,k,ʈən̪,kə,ən̪,n̪",,,,
1213,कैप्टिव,कैप्टिव,kəɪpʈɪʋ,captive,NotAppl,M,4,underived,,,0,0,animate,A,Common Noun,1,0,0,"कै,व,कैप,िव,क,टिव","kəɪ,k,kə,ʈɪʋ,ʋ,ɪʋ",व,ʋ,व,ʋ
1214,कैप्सूल,कैप्सूल,kəɪps̪uːl,capsules,NotAppl,M,5,underived,,,0,0,inanimate,B,Artifact,1,0,0,"कै,सूल,कैप,क,ूल,ल","kəɪ,k,kə,uːl,l,s̪uːl",,,,
1215,कैफे,कैफ,kəɪpʰ,cafe,NotAppl,M,0,underived,,,0,0,inanimate,F,Physical Place,1,0,0,"कै,कैफ,फ,क,ैफ","kəɪ,ɪpʰ,k,əɪpʰ,kə,pʰ",,,,
1216,कैफेटेरिया,कैफेटेरिय,kəɪpʰeːʈeːɾɪjə,cafeteria,NotAppl,M,2,underived,,,0,0,inanimate,F,Common Noun,1,0,0,"कै,कैफ,िय,य,रिय,क","kəɪ,k,kə,ɪjə,ə,jə",य,jə,य,jə
1217,कैबिनेट,कैबिनेट,kəɪbɪn̪eːʈ,cabinet,neutral,F,3,underived,,,0,0,inanimate,H,Group,1,0,0,"कै,ट,नेट,कैब,ेट,क","kəɪ,n̪eːʈ,k,kə,eːʈ,ʈ",,,,
1218,कैबिनेट,कैबिनेट,kəɪbɪn̪eːʈ,cabinet,neutral,M,4,underived,,,0,0,inanimate,H,Group,1,0,0,"कै,ट,नेट,कैब,ेट,क","kəɪ,n̪eːʈ,k,kə,eːʈ,ʈ",,,,
1219,कैमरा,कैमर,kəɪməɾ,camera,NotAppl,M,2,underived,,,0,0,inanimate,C,Artifact,1,0,0,"कै,र,क,ैमर,मर,कैम","kəɪ,k,kə,ɾ,əɾ,məɾ",र,"ɾ,əɾ",र,"ɾ,əɾ"
1220,कैमरामैन,कैमरामैन,kəɪmɾɑːməɪn̪,cameraman,NotAppl,M,4,underived,,,0,0,animate,Q,Occupation,1,0,0,"कै,मैन,ैन,न,क,कैम","kəɪ,əɪn̪,k,kə,ɪn̪,n̪",,,,
1221,कैरक्टर,कैरक्टर,kəɪɾəkʈəɾ,character,NotAppl,M,4,underived,,,0,0,inanimate,S,Person,1,0,0,"कै,र,्टर,कैर,क,टर","kəɪ,k,kə,ɾ,əɾ,ʈəɾ","र,्टर,टर","ɾ,əɾ,ʈəɾ","र,्टर,टर","ɾ,əɾ,ʈəɾ"
1222,कैरियर,कैरियर,kəɪɾɪjəɾ,career,NotAppl,M,4,underived,,,0,0,inanimate,I,Physical,1,0,0,"कै,यर,र,ियर,कैर,क","kəɪ,k,kə,jəɾ,ɾ,əɾ","र,ियर","ɾ,əɾ",र,"ɾ,əɾ"
1223,कैश,कैश,kəɪʃ,cash,NotAppl,M,0,underived,,,0,0,inanimate,I,Artifact,1,0,0,"कै,श,कैश,क,ैश","kəɪ,k,ʃ,kə,əɪʃ,ɪʃ",,,,
1224,कैसेट,कैसेट,kəɪs̪eːʈ,cassette,neutral,F,3,underived,,,0,0,inanimate,K,Artifact,1,0,0,"कै,ट,सेट,कैस,ेट,क","kəɪ,k,kə,eːʈ,ʈ,s̪eːʈ",,,,
1225,कैसेट,कैसेट,kəɪs̪eːʈ,cassette,neutral,M,4,underived,,,0,0,inanimate,K,Artifact,1,0,0,"कै,ट,सेट,कैस,ेट,क","kəɪ,k,kə,eːʈ,ʈ,s̪eːʈ",,,,
1226,कॉन्ट्रैक्ट,कॉन्ट्रैक्ट,kɔn̪ʈɾəɪkʈ,contract,NotAppl,M,4,underived,,,0,0,inanimate,I,Action,1,0,0,"ट,कॉन,क्ट,्ट,क,कॉ","k,kɔ,ɪkʈ,ʈ,kɔn̪,kʈ",,,,
1227,कॉन्सलेट,कॉन्सलेट,kɔn̪s̪əleːʈ,consulate,NotAppl,M,4,underived,,,0,0,inanimate,G,Common Noun,1,0,0,"ट,कॉन,लेट,ेट,क,कॉ","k,kɔ,eːʈ,ʈ,kɔn̪,leːʈ",,,,
1228,कॉपी,कॉप,kɔp,copy,NotAppl,F,1,underived,,,0,0,inanimate,A,Artifact,1,0,0,"ॉप,प,कॉ,क,कॉप","k,kɔ,ɔp,p,kɔp",,,,
1229,कॉपीराइट,कॉपीराइट,kɔpiːɾɑːɪʈ,copyright,NotAppl,M,4,underived,,,0,0,inanimate,G,Property,1,0,0,"ट,इट,कॉ,क,कॉप,ाइट","k,kɔ,ɪʈ,ʈ,ɑːɪʈ,kɔp","इट,ाइट","ɪʈ,ɑːɪʈ",,
1230,कॉफी,कॉफ,kɔpʰ,coffee,NotAppl,F,1,underived,,,0,0,inanimate,F,Artifact,1,0,0,"फ,ॉफ,कॉफ,क,कॉ","ɔpʰ,k,kɔ,pʰ,kɔpʰ",,,,
1231,कॉम्पलैक्स,कॉम्पलैक्स,kɔmpələɪks̪,complex,NotAppl,M,0,underived,,,0,0,inanimate,H,Abstract,1,0,0,"स,क्स,कॉम,्स,क,कॉ","k,kɔ,ks̪,kɔm,s̪,ɪks̪",क्स,ks̪,,
1232,कॉरपोरेट,कॉरपोरेट,kɔɾpoːɾeːʈ,corporate,neutral,F,4,underived,,,0,0,inanimate,S,Relational,1,0,0,"ट,ेट,क,कॉ,रेट,कॉर","k,kɔ,ɾeːʈ,eːʈ,ʈ,kɔɾ",,,,
1233,कॉरपोरेट,कॉरपोरेट,kɔɾpoːɾeːʈ,corporate,neutral,M,0,underived,,,0,0,inanimate,S,Relational,1,0,0,"ट,ेट,क,कॉ,रेट,कॉर","k,kɔ,ɾeːʈ,eːʈ,ʈ,kɔɾ",,,,
1234,कॉरपोरेशन,कॉरपोरेशन,kɔɾpoːɾeːʃən̪,corporation,NotAppl,M,4,underived,,,0,0,inanimate,I,Common Noun,1,0,0,"शन,ेशन,न,क,कॉ,कॉर","k,n̪,kɔ,ən̪,kɔɾ,ʃən̪","शन,ेशन",ʃən̪,ेशन,
1235,कॉरीडोर,कॉरीडोर,kɔɾiːɖoːɾ,corridor,NotAppl,M,4,underived,,,0,0,inanimate,H,Common Noun,1,0,0,"डोर,ोर,र,क,कॉ,कॉर","k,kɔ,oːɾ,ɾ,ɖoːɾ,kɔɾ",र,ɾ,र,ɾ
1236,कॉर्डिनल,कॉर्डिनल,kɔɾɖɪn̪əl,cordinal,NotAppl,M,5,underived,,,0,0,animate,Z,Abstract,1,0,0,"नल,िनल,क,कॉ,ल,कॉर","k,kɔ,n̪əl,əl,l,kɔɾ",नल,"n̪əl,əl",,
1237,कॉर्पोरेट,कॉर्पोरेट,kɔɾpoːɾeːʈ,corporate,NotAppl,M,0,underived,,,0,0,inanimate,S,Relational,1,0,0,"ट,ेट,क,कॉ,रेट,कॉर","k,kɔ,ɾeːʈ,eːʈ,ʈ,kɔɾ",,,,
1238,कॉल,कॉल,kɔl,call,neutral,F,4,underived,,,0,0,inanimate,Q,Common Noun,1,0,0,"ॉल,कॉल,क,कॉ,ल","k,kɔl,kɔ,ɔl,l",,,,
1239,कॉल,कॉल,kɔl,call,neutral,M,4,underived,,,0,0,inanimate,Q,Common Noun,1,0,0,"ॉल,कॉल,क,कॉ,ल","k,kɔl,kɔ,ɔl,l",,,,
1240,कॉलम,कॉलम,kɔləm,column,NotAppl,M,4,underived,,,0,0,inanimate,O,Artifact,1,0,0,"कॉल,ॉलम,म,लम,क,कॉ","əm,k,kɔl,kɔ,m,ləm",,,,
1241,कॉलेज,कॉलेज,kɔleːd͡ʒ,college,NotAppl,M,4,underived,,,0,0,inanimate,P,Group,1,0,0,"कॉल,लेज,ज,क,कॉ,ेज","k,kɔl,kɔ,eːd͡ʒ,d͡ʒ,leːd͡ʒ",,,,
1242,कॉलोनी,कॉलोन,kɔloːn̪,colony,neutral,F,1,underived,,,0,0,inanimate,M,Physical Place,1,0,0,"कॉल,न,लोन,ोन,क,कॉ","k,kɔl,kɔ,n̪,oːn̪,loːn̪",,,,
1243,कॉलोनी,कॉलोन,kɔloːn̪,colony,neutral,M,4,underived,,,0,0,inanimate,M,Physical Place,1,0,0,"कॉल,न,लोन,ोन,क,कॉ","k,kɔl,kɔ,n̪,oːn̪,loːn̪",,,,
1244,कॉल्स,कॉल्स,kɔls̪,calls,NotAppl,M,5,underived,,,0,0,inanimate,Q,Anatomical,1,0,0,"स,कॉल,्स,ल्स,क,कॉ","k,kɔl,ls̪,kɔ,ɔls̪,s̪",,,,
1245,कॉस्ट्यूम,कॉस्ट्यूम,kɔs̪ʈjuːm,costume,NotAppl,M,4,underived,,,0,0,inanimate,B,Artifact,1,0,0,"यूम,ूम,कॉ,म,क,कॉस","k,juːm,kɔ,m,uːm,kɔs̪",,,,
1246,कोऑर्डिनेटर,कोऑर्डिनेटर,koːɔɾɖɪn̪eːʈəɾ,coordinator,NotAppl,M,4,underived,,,0,0,animate,S,Occupation,1,0,0,"ेटर,र,कोऑ,को,क,टर","k,koːɔ,koː,ɾ,əɾ,ʈəɾ","र,टर","ɾ,əɾ,ʈəɾ","र,टर","ɾ,əɾ,ʈəɾ"
1247,कोकिला,कोकिल,koːkɪl,nightingale,NotAppl,F,3,underived,,,0,0,animate,L,Birds,0,0,1,"किल,को,क,कोक,ल,िल","koːk,k,ɪl,koː,l,kɪl",,,,
1248,कोच,कोच,koːt͡ʃ,coach,NotAppl,M,4,underived,,,0,0,inanimate,K,Artifact,1,0,0,"कोच,को,च,क,ोच","k,t͡ʃ,koː,koːt͡ʃ,oːt͡ʃ",,,,
1249,कोटा,कोट,koːʈ,quota,NotAppl,M,2,underived,,,0,0,inanimate,N,Physical Place,1,0,0,"ट,ोट,कोट,को,क","k,oːʈ,koːʈ,koː,ʈ",,,,
1250,कोड,कोड,koːɖ,code,NotAppl,M,4,underived,,,0,0,inanimate,G,property,1,0,0,"ड,कोड,को,क,ोड","k,koːɖ,ɖ,koː,oːɖ",,,,
1251,कोण,कोण,koːɳ,angle,NotAppl,M,4,underived,,,0,0,inanimate,O,Cognition,0,0,1,"कोण,को,क,ोण,ण","k,koː,koːɳ,ɳ,oːɳ",,,,
1252,कोतवाली,कोत,koːt̪,police station,NotAppl,F,1,possessor1,,,0,1,inanimate,G,Physical Place,0,1,0,"त,ोत,को,कोत,क","k,t̪,koː,oːt̪,koːt̪",त,t̪,त,t̪
1253,कोताही,कोताह,koːt̪ɑːɦ,negligence,NotAppl,F,1,underived,,,0,0,inanimate,A,Abstract,0,1,0,"ाह,ह,ताह,को,कोत,क","k,ɑːɦ,ɦ,koː,t̪ɑːɦ,koːt̪",ाह,ɑːɦ,,
1254,कोना,कोन,koːn̪,corner,NotAppl,M,2,underived,,,0,0,inanimate,O,Place,0,0,0,"न,को,ोन,क,कोन","k,koː,koːn̪,n̪,oːn̪",,,,
1255,कोप,कोप,koːp,wrath,NotAppl,M,4,underived,,,0,0,inanimate,E,Psychological Feature,0,0,1,"ोप,प,कोप,को,क","k,oːp,koː,p,koːp",,,,
1256,कोयला,कोयल,koːjəl,coal,NotAppl,M,2,underived,,,0,0,inanimate,O,Natural Object,0,0,0,"यल,ोयल,कोय,को,क,ल","k,koːj,koː,əl,jəl,l",,əl,,
1257,कोर,कोर,koːɾ,corner,NotAppl,M,4,underived,,,0,0,inanimate,O,Part of,0,0,1,"ोर,र,कोर,को,क","koːɾ,k,oːɾ,koː,ɾ",र,ɾ,र,ɾ
1258,कोरियोग्रॉफी,कोरियोग्रॉफ,koːɾɪjoːɡɾɔpʰ,choreography,NotAppl,F,1,underived,,,0,0,inanimate,K,Applied Sciences,1,0,0,"फ,कोर,ॉफ,को,क,रॉफ","koːɾ,k,ɔpʰ,pʰ,koː,ɾɔpʰ",,,,
1259,कोर्ट,कोर्ट,koːɾʈ,court,neutral,F,3,underived,,,0,0,inanimate,G,Physical Place,1,0,0,"ट,र्ट,कोर,को,्ट,क","koːɾ,k,oːɾʈ,koː,ʈ,ɾʈ",,,,
1260,कोर्ट,कोर्ट,koːɾʈ,court,neutral,M,4,underived,,,0,0,inanimate,G,Physical Place,1,0,0,"ट,र्ट,कोर,को,्ट,क","koːɾ,k,oːɾʈ,koː,ʈ,ɾʈ",,,,
1261,कोर्टमार्शल,कोर्टमार्शल,koːɾʈəmɑːɾʃəl,court martial,NotAppl,M,4,underived,,,0,0,animate,T,Abstract,1,0,0,"शल,कोर,्शल,को,क,ल","koːɾ,k,koː,əl,ʃəl,l",,əl,,
1262,कोर्स,कोर्स,koːɾs̪,course,NotAppl,M,4,underived,,,0,0,inanimate,M,information,1,0,0,"स,र्स,कोर,को,्स,क","koːɾ,k,oːɾs̪,koː,s̪,ɾs̪",,,,
1263,कोलकातावासी,कोलकाता,koːlkɑːt̪ɑː,kolkatans,NotAppl,M,4,resident,,,0,1,animate,Z,Common Noun,0,0,0,"कोल,ा,ाता,ता,को,क","k,ɑː,koː,koːl,t̪ɑː,ɑːt̪ɑː",ा,,ा,
1264,कोला,कोल,koːl,cola,NotAppl,M,0,underived,,,0,0,inanimate,F,Drinkable,1,0,0,"कोल,ोल,को,क,ल","k,oːl,koː,koːl,l",,,,
1265,कोशिका,कोशिक,koːʃɪk,cell,NotAppl,F,3,underived,,,0,0,inanimate,B,Anatomical,0,0,1,"कोश,िक,को,क,शिक","k,ɪk,ʃɪk,koː,koːʃ",,,,
1266,कोशिश,कोशिश,koːʃɪʃ,effort,NotAppl,F,3,underived,,,0,0,inanimate,X,Action,0,1,0,"िश,श,शिश,कोश,को,क","k,ʃ,koː,ʃɪʃ,koːʃ,ɪʃ",िश,,,
1267,कोष,कोष,koːʂ,fund,NotAppl,M,4,underived,,,0,0,inanimate,I,Natural Object,0,0,1,"कोष,ष,ोष,को,क","k,koːʂ,koː,ʂ,oːʂ",ष,ʂ,,
1268,कोषाध्यक्ष,कोषाध्यक्ष,koːʂɑːd̪ʰjəkʂ,treasurer,NotAppl,M,4,underived,,,1,0,inanimate,I,Person,0,0,0,"्ष,कोष,ष,क्ष,को,क","k,kʂ,əkʂ,koːʂ,koː,ʂ",ष,ʂ,,
1269,कोष्ठक,कोष्ठक,koːʂʈʰək,brackets,NotAppl,M,4,agentive1,agentive1,agentive1,0,1,inanimate,O,property,0,0,1,"कोष,को,क,ठक,्ठक","k,ək,koːʂ,koː,ʈʰək",,ək,,
1270,कोहड़ा,कोहड़,koːɦəɽ,kohra,NotAppl,M,2,underived,,,0,0,inanimate,Z,Natural Object,0,0,0,"कोह,़,ड़,को,क,हड़","k,koːɦ,əɽ,koː,ɽ,ɦəɽ","़,ड़",ɽ,़,
1271,कोहनी,कोहन,koːɦən̪,elbow,NotAppl,F,1,underived,,,0,0,inanimate,B,Anatomical,0,0,0,"कोह,न,को,क,ोहन,हन","k,koːɦ,n̪,koː,ɦən̪,ən̪",,,,
1272,कोहरा,कोहर,koːɦəɾ,fog,NotAppl,M,2,underived,,,0,0,inanimate,W,Natural Object,0,0,0,"कोह,हर,र,को,क,ोहर","k,koːɦ,ɦəɾ,koː,ɾ,əɾ",र,"ɾ,əɾ",र,"ɾ,əɾ"
1273,कौंध,कौंध,kəũd̪ʰ,flash,NotAppl,F,3,underived,,,0,0,inanimate,O,Event,0,0,0,"कौ,कौं,क,ध,ौंध,ंध","kəũ,k,kə,d̪ʰ,əũd̪ʰ,ũd̪ʰ",,,,
1274,कौतुहल,कौतुहल,kəut̪uɦəl,curiosity,NotAppl,M,4,underived,,,0,0,inanimate,X,Common Noun,0,0,0,"कौ,हल,कौत,क,ल,ुहल","k,kə,əl,l,kəu,ɦəl",,əl,,
1275,कौशल,कौशल,kəuʃəl,skill,NotAppl,M,4,underived,,,0,0,inanimate,X,Quality,0,0,1,"कौ,शल,ौशल,क,ल,कौश","k,kə,əl,ʃəl,l,kəu",,əl,,
1276,क्रम,क्रम,kɾəm,order,NotAppl,M,4,underived,,,0,0,inanimate,S,State,0,0,1,"क्र,क्,म,क,्रम,रम","əm,k,ɾəm,m,kɾ,kɾə",,,,
1277,क्रय,क्रय,kɾəjə,purchase,NotAppl,M,4,underived,,,0,0,inanimate,I,Physical,0,0,1,"क्र,क्,य,क,्रय,रय","k,jə,əjə,ə,kɾ,kɾə",य,"jə,əjə",य,jə
1278,क्रांति,क्रांत,kɾɑ̃ːt̪,revolution,NotAppl,F,1,underived,,,0,0,inanimate,G,Historical Event,0,0,1,"क्र,ांत,क्,त,क,ंत","k,t̪,kɾɑ̃ː,kɾ,ɾɑ̃ːt̪,ɑ̃ːt̪",त,t̪,त,t̪
1279,क्रांतिकारी,क्रांति,kɾɑ̃ːt̪ɪ,revolutionary,NotAppl,M,4,agentive_doer,,,0,1,animate,T,Person,0,0,0,"क्र,क्,ंति,ति,ि,क","k,ɪ,ɑ̃ːt̪ɪ,t̪ɪ,kɾɑ̃ː,kɾ",ि,,ि,
1280,क्राइम,क्राइम,kɾɑːɪm,crime,NotAppl,M,4,underived,,,0,0,inanimate,G,Anti-social,1,0,0,"क्र,इम,क्,म,ाइम,क","k,kɾɑː,ɪm,ɑːɪm,m,kɾ",,,,
1281,क्राउन,क्राउन,kɾɑːun̪,crown,NotAppl,M,4,underived,,,0,0,inanimate,S,Abstract,1,0,0,"क्र,ाउन,क्,न,क,उन","k,kɾɑː,ɑːun̪,kɾ,n̪,un̪",,,,
1282,क्रासिंग,क्रासिंग,kɾɑːs̪ɪ̃ɡ,crossing,NotAppl,F,3,underived,,,0,0,inanimate,M,Abstract,1,0,0,"क्र,क्,िंग,क,ंग,ग","k,s̪ɪ̃ɡ,kɾɑː,ɪ̃ɡ,ɡ,kɾ","िंग,ंग,ग","s̪ɪ̃ɡ,ɪ̃ɡ,ɡ","िंग,ंग","ɪ̃ɡ,ɡ"
1283,क्रिकेट,क्रिकेट,kɾɪkeːʈ,cricket,NotAppl,M,4,underived,,,0,0,inanimate,K,Physical,1,0,0,"ट,क्र,क्,ेट,क,केट","k,eːʈ,ʈ,keːʈ,kɾɪ,kɾ",,,,
1284,क्रिकेटर,क्रिकेटर,kɾɪkeːʈəɾ,cricketer,NotAppl,M,4,underived,,,0,0,animate,K,Person,1,0,0,"ेटर,क्र,र,क्,क,टर","k,əɾ,ɾ,kɾɪ,kɾ,ʈəɾ","र,टर","əɾ,ɾ,ʈəɾ","र,टर","əɾ,ɾ,ʈəɾ"
1285,क्रियान्वयन,क्रियान्वयन,kɾɪjɑːn̪ʋəjən̪,implementation,NotAppl,M,4,underived,,,1,0,inanimate,A,Action,0,0,0,"क्र,क्,वयन,यन,न,क","k,jən̪,ən̪,kɾɪ,kɾ,n̪",,,,
1286,क्रिस्टल,क्रिस्टल,kɾɪs̪ʈəl,crystal,NotAppl,M,4,underived,,,0,0,inanimate,O,Natural Object,1,0,0,"टल,क्र,क्,्टल,क,ल","k,ʈəl,əl,l,kɾɪ,kɾ",,əl,,
1287,क्रू,क्र,kɾ,crew,NotAppl,M,0,underived,,,0,0,inanimate,M,Group,1,0,0,"क्र,र,क्,्र,क","kɾ,k,ɾ",र,ɾ,र,ɾ
1288,क्रूज,क्रूज,kɾuːd͡ʒ,cruise,NotAppl,M,4,underived,,,0,0,inanimate,M,Action,1,0,0,"क्र,ूज,क्,ज,क,रूज","k,uːd͡ʒ,d͡ʒ,ɾuːd͡ʒ,kɾuː,kɾ",,,,
1289,क्रूरता,क्रूर,kɾuːɾ,cruelty,NotAppl,M,4,abstract8,abstract8,abstract8,0,1,inanimate,E,Mental State,0,0,1,"क्र,र,क्,ूर,क,रूर","k,kɾuː,uːɾ,ɾ,kɾ,ɾuːɾ",र,ɾ,र,ɾ
1290,क्रेडिट,क्रेडिट,kɾeːɖɪʈ,credit,NotAppl,M,4,underived,,,0,0,inanimate,I,Common Noun,1,0,0,"ट,क्र,क्,िट,क,डिट","k,ɪʈ,ɖɪʈ,ʈ,kɾeː,kɾ",,ɪʈ,,
1291,क्रेन,क्रेन,kɾeːn̪,crane,NotAppl,F,3,underived,,,0,0,inanimate,O,Artifact,1,0,0,"क्र,ेन,क्,न,क,रेन","k,ɾeːn̪,kɾeː,eːn̪,kɾ,n̪",,,,
1292,क्रैचिंग,क्रैचिंग,kɾəɪt͡ʃɪ̃ɡ,craching,NotAppl,F,5,underived,,,0,0,inanimate,Z,Common Noun,1,0,0,"क्र,क्,िंग,क,ंग,ग","k,t͡ʃɪ̃ɡ,ɪ̃ɡ,ɡ,kɾ,kɾə","िंग,ंग,ग","ɪ̃ɡ,ɡ","िंग,ंग","ɪ̃ɡ,ɡ"
1293,क्रॉस,क्रॉस,kɾɔs̪,cross,NotAppl,M,4,underived,,,0,0,inanimate,M,Anatomical,1,0,0,"स,क्र,क्,रॉस,ॉस,क","k,ɔs̪,ɾɔs̪,s̪,kɾ,kɾɔ",,,,
1294,क्रोध,क्रोध,kɾoːd̪ʰ,anger,NotAppl,M,4,underived,,,0,0,inanimate,E,Psychological Feature,0,0,1,"रोध,क्र,क्,ोध,क,ध","k,d̪ʰ,oːd̪ʰ,kɾoː,kɾ,ɾoːd̪ʰ",ोध,oːd̪ʰ,,
1295,क्लब,क्लब,kləb,club,NotAppl,M,4,underived,,,0,0,inanimate,S,Group,1,0,0,"क्,्लब,ब,क,क्ल,लब","ləb,k,klə,b,əb,kl",,,,
1296,क्लर्क,क्लर्क,kləɾk,clerk,NotAppl,M,4,underived,,,0,0,animate,B,Person,1,0,0,"र्क,्क,क्,क,क्ल","k,klə,ɾk,əɾk,kl",र्क,"ɾk,əɾk",,
1297,क्लास,क्लास,klɑːs̪,class,neutral,F,3,underived,,,0,0,inanimate,P,Cognition,1,0,0,"स,क्,ास,क,क्ल,लास","k,klɑː,ɑːs̪,s̪,lɑːs̪,kl",ास,,,
1298,क्लास,क्लास,klɑːs̪,class,neutral,M,4,underived,,,0,0,inanimate,P,Cognition,1,0,0,"स,क्,ास,क,क्ल,लास","k,klɑː,ɑːs̪,s̪,lɑːs̪,kl",ास,,,
1299,क्लिप,क्लिप,klɪp,clip,NotAppl,M,0,underived,,,0,0,inanimate,A,Artifact,1,0,0,"प,क्,लिप,क,क्ल,िप","k,lɪp,p,klɪ,kl,ɪp",,,,
1300,क्लीनचिट,क्लीनचिट,kliːn̪t͡ʃɪʈ,clean chit,NotAppl,F,3,underived,,,0,0,inanimate,Z,Concept,1,0,0,"ट,क्,िट,क,क्ल,चिट","k,t͡ʃɪʈ,ɪʈ,kliː,ʈ,kl",,ɪʈ,,
1301,क्लीनिक,क्लीनिक,kliːn̪ɪk,clinics,NotAppl,M,4,underived,,,0,0,inanimate,B,Physical Place,1,0,0,"निक,क्,िक,क,क्ल","k,ɪk,kliː,n̪ɪk,kl",,,,
1302,क्लेक्शन,क्लेक्शन,kleːkʃən̪,collection,NotAppl,M,4,underived,,,0,0,inanimate,A,Common Noun,1,0,0,"शन,क्,न,क,क्ल,्शन","k,n̪,kleː,ən̪,kl,ʃən̪",शन,ʃən̪,,
1303,क्लेम,क्लेम,kleːm,claim,NotAppl,M,4,underived,,,0,0,inanimate,Q,Action,1,0,0,"क्,म,क,क्ल,ेम,लेम","leːm,k,kleː,m,eːm,kl",,eːm,,
1304,क्लॉट,क्लॉट,klɔʈ,clot,NotAppl,M,4,underived,,,0,0,inanimate,B,Anatomical,1,0,0,"ट,क्,ॉट,क,लॉट,क्ल","k,lɔʈ,ʈ,klɔ,ɔʈ,kl",,,,
1305,क्लोजर,क्लोजर,kloːd͡ʒəɾ,closure,NotAppl,M,0,underived,,,0,0,inanimate,A,Common Noun,1,0,0,"र,क्,ोजर,क,जर,क्ल","k,d͡ʒəɾ,kloː,ɾ,əɾ,kl",र,"ɾ,əɾ",र,"ɾ,əɾ"
1306,क्वार्टर,क्वार्टर,kʋɑːɾʈəɾ,quarters,NotAppl,M,4,underived,,,0,0,inanimate,N,Physical Place,1,0,0,"र,्टर,क्,क्व,क,टर","k,kʋɑː,kʋ,ɾ,əɾ,ʈəɾ","र,्टर,टर","ɾ,əɾ,ʈəɾ","र,्टर,टर","ɾ,əɾ,ʈəɾ"
1307,क्वालिस,क्वालिस,kʋɑːlɪs̪,qualis,NotAppl,F,0,underived,,,0,0,inanimate,Z,Abstract,1,0,0,"स,िस,क्,क्व,क,लिस","k,kʋɑː,kʋ,ɪs̪,lɪs̪,s̪",लिस,lɪs̪,,
1308,क्विंटल,क्विंटल,kʋɪ̃ʈəl,quintal,NotAppl,M,0,underived,,,0,0,inanimate,Z,Measurement,1,0,0,"टल,क्,क्व,क,ंटल,ल","k,ʈəl,kʋ,kʋɪ̃,əl,l",,əl,,
1309,क्षति,क्षत,kʂət̪,damage,neutral,F,1,underived,,,0,0,inanimate,A,Event,0,0,1,"षत,क्ष,क्,त,्षत,क","k,kʂə,t̪,kʂ,ət̪,ʂət̪",त,"kʂə,t̪",त,t̪
1310,क्षति,क्षत,kʂət̪,damage,neutral,M,4,underived,,,0,0,inanimate,A,Event,0,0,1,"षत,क्ष,क्,त,्षत,क","k,kʂə,t̪,kʂ,ət̪,ʂət̪",त,"kʂə,t̪",त,t̪
1311,क्षतिपूर्ति,क्षतिपूर्त,kʂət̪ɪpuːɾt̪,compensation,NotAppl,F,1,underived,,,1,0,inanimate,S,Artifact,0,0,0,"्त,क्ष,क्,र्त,त,क","k,kʂə,t̪,ɾt̪,kʂ,uːɾt̪","्त,त","kʂə,t̪,uːɾt̪","्त,त",t̪
1312,क्षत्राणी,क्षत्राण,kʂət̪ɾɑːɳ,kshatrani,NotAppl,F,1,abstract6,abstract6,abstract6,0,1,animate,Z,Person,0,0,0,"ण,क्ष,क्,राण,क,ाण","k,ɑːɳ,kʂə,kʂ,ɾɑːɳ,ɳ",,kʂə,,
1313,क्षत्रिय,क्षत्रिय,kʂət̪ɾɪjə,kshatriya,NotAppl,M,4,underived,,,0,0,animate,Z,Group,0,0,1,"िय,क्ष,क्,य,रिय,क","k,kʂə,kʂ,ɪjə,ə,jə",य,"kʂə,jə",य,jə
1314,क्षमता,क्षम,kʂəm,capacity,NotAppl,F,3,abstract8,abstract8,abstract8,0,1,inanimate,N,Quality,0,0,1,"षम,्षम,क्ष,क्,म,क","əm,k,kʂə,ʂəm,kʂ,m",,kʂə,,
1315,क्षमा,क्षम,kʂəm,forgiveness,NotAppl,F,3,underived,,,0,0,inanimate,G,Mental State,0,0,1,"षम,्षम,क्ष,क्,म,क","əm,k,kʂə,ʂəm,kʂ,m",,kʂə,,
1316,क्षेत्र,क्षेत्र,kʂeːt̪ɾ,area,NotAppl,M,4,underived,,,0,0,inanimate,M,Physical Place,0,0,1,"र,क्ष,क्,्र,त्र,क","kʂeː,k,eːt̪ɾ,kʂ,ɾ,t̪ɾ",र,ɾ,र,ɾ
1317,क्षेत्राधिकारी,क्षेत्राधिकार,kʂeːt̪ɾɑːd̪ʰɪkɑːɾ,area officer,NotAppl,M,4,underived,,,1,0,animate,M,Common Noun,0,0,0,"ार,र,क्ष,क्,क,कार","kʂeː,k,kɑːɾ,kʂ,ɾ,ɑːɾ","ार,र","ɾ,ɑːɾ",र,ɾ
1318,क्‍यारी,क्‍यार,kjɑːɾ,kyary,NotAppl,F,1,underived,,,0,0,inanimate,Z,Common Noun,0,0,0,"ार,र,क्,क्‍,क,यार","k,kj,jɑːɾ,kjɑː,ɾ,ɑːɾ","ार,र","ɾ,ɑːɾ",र,ɾ
1319,खंडन,खंडन,kʰə̃ɖən̪,rebuttal,NotAppl,M,4,underived,,,0,0,inanimate,Z,Communication,0,0,1,"ख,डन,न,खंड,ंडन,खं","ɖən̪,kʰə̃ɖ,ən̪,kʰə̃,kʰ,n̪",,,,
1320,खंडपीठ,खंडपीठ,kʰə̃ɖpiːʈʰ,bench,NotAppl,F,3,underived,,,0,0,inanimate,H,Group,0,0,0,"ीठ,ख,खंड,ठ,खं,पीठ","ʈʰ,piːʈʰ,kʰə̃ɖ,iːʈʰ,kʰə̃,kʰ","ीठ,पीठ","piːʈʰ,iːʈʰ",,
1321,खंडहर,खंडहर,kʰə̃ɖɦəɾ,ruins,NotAppl,M,4,underived,,,0,0,inanimate,A,Object,0,0,0,"हर,र,ख,खंड,डहर,खं","ɦəɾ,kʰə̃ɖ,ɾ,kʰə̃,əɾ,kʰ",र,"ɾ,əɾ",र,"ɾ,əɾ"
1322,खंभा,खंभ,kʰə̃bʰ,pillar,NotAppl,M,2,underived,,,0,0,inanimate,H,Artifact,0,0,0,"ख,खंभ,ंभ,भ,खं","ə̃bʰ,kʰə̃bʰ,bʰ,kʰə̃,kʰ",,,,
1323,खगोल,खगोल,kʰəɡoːl,astronomy,NotAppl,M,4,underived,,,0,0,inanimate,Y,Imaginary Place,0,0,1,"ख,ल,ोल,खग,गोल,खगो","ɡoːl,oːl,kʰəɡ,l,kʰ,kʰə",,,,
1324,खगोलशास्त्री,खगोलशास्त्र,kʰəɡoːlʃɑːs̪t̪ɾ,astronomer,NotAppl,M,4,underived,,,1,0,animate,P,Person,0,0,0,"र,ख,्र,त्र,खग,खगो","kʰəɡ,ɾ,t̪ɾ,kʰ,kʰə,s̪t̪ɾ",र,ɾ,र,ɾ
1325,खजाना,खजान,kʰəd͡ʒɑːn̪,treasure,NotAppl,M,2,underived,,,0,0,inanimate,I,Group,0,0,0,"ान,जान,खज,ख,न,खजा","ɑːn̪,kʰəd͡ʒ,d͡ʒɑːn̪,kʰ,n̪,kʰə",,,,
1326,खटाई,खटा,kʰəʈɑː,sour,NotAppl,F,1,underived,,,0,0,inanimate,X,Quality,0,0,0,"खट,ा,खटा,ख,टा","ɑː,ʈɑː,kʰəʈ,kʰ,əʈɑː,kʰə",ा,,ा,
1327,खटाल,खटाल,kʰəʈɑːl,khatal,NotAppl,M,4,underived,,,0,0,inanimate,Z,Common Noun,0,0,0,"खट,खटा,ख,ाल,टाल,ल","ʈɑːl,kʰəʈ,l,kʰ,ɑːl,kʰə",,,,
1328,खटास,खटास,kʰəʈɑːs̪,sour,NotAppl,F,0,underived,,,0,0,inanimate,X,Quality,0,0,0,"खट,स,खटा,ख,ास,टास","ɑːs̪,kʰəʈ,ʈɑːs̪,s̪,kʰ,kʰə",ास,,,
1329,खटिया,खटिय,kʰəʈɪjə,bed,NotAppl,F,3,underived,,,0,0,inanimate,H,Artifact,0,0,0,"खट,िय,ख,टिय,य,खटि","kʰəʈ,ɪjə,ə,jə,kʰ,kʰə",य,jə,य,jə
1330,खत,खत,kʰət̪,letter,NotAppl,M,4,underived,,,0,0,inanimate,Q,Artifact,0,0,0,"ख,खत,त","t̪,kʰət̪,ət̪,kʰ,kʰə",त,t̪,त,t̪
1331,खतरा,खतर,kʰət̪əɾ,hazard,NotAppl,M,2,underived,,,0,0,inanimate,A,State,0,0,0,"तर,खत,र,ख,खतर","kʰət̪,ɾ,t̪əɾ,əɾ,kʰ,kʰə",र,"ɾ,əɾ",र,"ɾ,əɾ"
1332,खनन,खनन,kʰən̪ən̪,mining,NotAppl,M,0,underived,,,0,0,inanimate,I,Action,0,0,1,"खनन,नन,ख,न,खन","n̪,kʰən̪,n̪ən̪,kʰ,ən̪,kʰə",,,,
1333,खपत,खपत,kʰəpət̪,consumption,NotAppl,F,3,underived,,,0,0,inanimate,A,Action,0,0,0,"ख,त,पत,खपत,खप","t̪,kʰəp,ət̪,kʰ,kʰə,pət̪",त,t̪,त,t̪
1334,खबर,खबर,kʰəbəɾ,news,NotAppl,F,3,underived,,,0,0,inanimate,X,information,0,0,0,"खब,र,ख,बर,खबर","ɾ,bəɾ,kʰəb,əɾ,kʰ,kʰə",र,"ɾ,əɾ",र,"ɾ,əɾ"
1335,खयानत,खयानत,kʰəjɑːn̪ət̪,treachery,NotAppl,F,3,underived,,,0,0,inanimate,G,Mental State,0,0,0,"ख,त,नत,ानत,खया,खय","t̪,ət̪,n̪ət̪,kʰəj,kʰ,kʰə","त,नत,ानत","t̪,n̪ət̪",त,t̪
1336,खराब,खराब,kʰəɾɑːb,bad,NotAppl,M,0,underived,,,0,0,inanimate,A,Qualitative,0,0,0,"ख,ाब,ब,खरा,खर,राब","kʰəɾ,b,ɾɑːb,ɑːb,kʰ,kʰə",,,,
1337,खराबी,खराब,kʰəɾɑːb,malfunction,NotAppl,F,1,abstract6,abstract6,abstract6,0,1,inanimate,A,State,0,0,0,"ख,ाब,ब,खरा,खर,राब","kʰəɾ,b,ɾɑːb,ɑːb,kʰ,kʰə",,,,
1338,खरीद,खरीद,kʰəɾiːd̪,purchase,NotAppl,F,3,underived,,,0,0,inanimate,I,Physical,0,0,0,"द,ीद,ख,खर,रीद,खरी","ɾiːd̪,d̪,kʰəɾ,kʰ,iːd̪,kʰə",खरी,,,
1339,खरीददार,खरीददार,kʰəɾiːd̪d̪ɑːɾ,buyer,NotAppl,M,4,agentive3,,,0,1,animate,I,Person,0,0,0,"ार,ख,र,खर,खरी,दार","kʰəɾ,ɾ,ɑːɾ,kʰ,d̪ɑːɾ,kʰə","ार,र,खरी","ɾ,ɑːɾ",र,ɾ
1340,खरीददारी,खरीददार,kʰəɾiːd̪d̪ɑːɾ,shopping,NotAppl,F,1,agentive3,,,0,1,inanimate,I,Physical,0,0,0,"ार,ख,र,खर,खरी,दार","kʰəɾ,ɾ,ɑːɾ,kʰ,d̪ɑːɾ,kʰə","ार,र,खरी","ɾ,ɑːɾ",र,ɾ
1341,खरीदारी,खरीदार,kʰəɾiːd̪ɑːɾ,shopping,NotAppl,F,1,agentive3,,,0,1,inanimate,I,Physical,0,0,0,"ार,ख,र,खर,खरी,दार","kʰəɾ,ɾ,ɑːɾ,kʰ,d̪ɑːɾ,kʰə","ार,र,खरी","ɾ,ɑːɾ",र,ɾ
1342,खरीदी,खरीद,kʰəɾiːd̪,purchased,NotAppl,F,1,abstract6,abstract6,abstract6,0,1,inanimate,I,Physical,0,0,0,"द,ीद,ख,खर,रीद,खरी","ɾiːd̪,d̪,kʰəɾ,kʰ,iːd̪,kʰə",खरी,,,
1343,खरीफ,खरीफ,kʰəɾiːpʰ,kharif,neutral,F,3,underived,,,0,0,animate,Z,Flora,0,0,0,"फ,ख,रीफ,खर,खरी,ीफ","iːpʰ,kʰəɾ,pʰ,ɾiːpʰ,kʰ,kʰə",खरी,,,
1344,खरीफ,खरीफ,kʰəɾiːpʰ,kharif,neutral,M,4,underived,,,0,0,animate,Z,Flora,0,0,0,"फ,ख,रीफ,खर,खरी,ीफ","iːpʰ,kʰəɾ,pʰ,ɾiːpʰ,kʰ,kʰə",खरी,,,
1345,खर्च,खर्च,kʰəɾt͡ʃ,expenditure,NotAppl,M,4,underived,,,0,0,inanimate,I,Action,0,0,0,"खर्,ख,्च,र्च,च,खर","ɾt͡ʃ,t͡ʃ,kʰəɾ,əɾt͡ʃ,kʰ,kʰə",्च,,,
1346,खर्चा,खर्च,kʰəɾt͡ʃ,cost,NotAppl,M,2,underived,,,1,0,inanimate,I,Action,0,0,0,"खर्,ख,्च,र्च,च,खर","ɾt͡ʃ,t͡ʃ,kʰəɾ,əɾt͡ʃ,kʰ,kʰə",्च,,,
1347,खर्चीलापन,खर्चीला,kʰəɾt͡ʃiːlɑː,extravagance,NotAppl,M,4,state_condition2,state_condition2,,0,1,inanimate,N,Quality,0,0,0,"खर्,ा,ला,ख,खर,ीला","kʰəɾ,ɑː,lɑː,kʰ,iːlɑː,kʰə","ा,ला",lɑː,"ा,ला",lɑː
1348,खलल,खलल,kʰələl,disturbance,NotAppl,M,4,underived,,,0,0,inanimate,E,Event,0,0,0,"ख,खलल,खल,ल,लल","əl,l,kʰəl,kʰ,ləl,kʰə",,əl,,
1349,खलीफा,खलीफ,kʰəliːpʰ,caliph,NotAppl,M,0,underived,,,0,0,animate,Z,Person,1,0,0,"लीफ,फ,ख,खल,खली,ीफ","iːpʰ,pʰ,liːpʰ,kʰəl,kʰ,kʰə",,,,
1350,खांडसारी,खांडसार,kʰɑ̃ːɖs̪ɑːɾ,khandsari,NotAppl,M,4,underived,,,1,0,inanimate,Z,Common Noun,0,0,0,"ार,ख,र,सार,खा,खां","kʰɑ̃ːɖ,ɾ,s̪ɑːɾ,ɑːɾ,kʰ,kʰɑ̃ː","ार,र,सार","ɾ,s̪ɑːɾ,ɑːɾ",र,ɾ
1351,खांमी,खांम,kʰɑ̃ːm,drawback,NotAppl,F,1,underived,,,0,0,inanimate,S,Physical State,0,0,0,"ख,ांम,म,खा,ंम,खां","ɑ̃ːm,m,kʰɑ̃ːm,kʰ,kʰɑ̃ː",,,,
1352,खाई,खा,kʰɑː,chasm,NotAppl,F,1,underived,,,0,0,inanimate,W,Physical Place,0,0,0,"ख,खा,ा","ɑː,kʰ,kʰɑː",ा,,ा,
1353,खाक,खाक,kʰɑːk,dust,NotAppl,F,3,underived,,,0,0,inanimate,O,Natural Object,0,0,0,"ख,खाक,खा,क,ाक","k,kʰɑː,kʰɑːk,ɑːk,kʰ",,,,
1354,खाका,खाक,kʰɑːk,outline,NotAppl,M,2,underived,,,0,0,inanimate,Q,Artifact,0,0,0,"ख,खाक,खा,क,ाक","k,kʰɑː,kʰɑːk,ɑːk,kʰ",,,,
1358,खाता,खात,kʰɑːt̪,account,NotAppl,M,2,underived,,,0,0,inanimate,Q,Artifact,0,0,0,"ख,त,खा,खात,ात","t̪,ɑːt̪,kʰɑː,kʰɑːt̪,kʰ",त,t̪,त,t̪
1360,खाद,खाद,kʰɑːd̪,fertilizer,NotAppl,F,3,underived,,,0,0,inanimate,F,Object,0,0,0,"द,ख,खाद,खा,ाद","d̪,ɑːd̪,kʰɑːd̪,kʰɑː,kʰ",,,,
1361,खादिम,खादिम,kʰɑːd̪ɪm,khadim,NotAppl,M,4,underived,,,0,0,animate,Z,Person,0,0,0,"ख,म,खाद,दिम,खा,िम","kʰɑːd̪,kʰɑː,ɪm,m,kʰ,d̪ɪm",,,,
1362,खाद्य,खाद्य,kʰɑːd̪jə,food,NotAppl,M,4,underived,,,0,0,inanimate,F,Edible,0,0,1,"्य,ख,य,खाद,खा,द्य","kʰɑːd̪,d̪jə,kʰɑː,ə,jə,kʰ","्य,य",jə,य,jə
1363,खाद्यान्न,खाद्यान्न,kʰɑːd̪jɑːn̪n̪,food grains,NotAppl,M,4,underived,,,0,0,inanimate,F,Edible,0,0,0,"ख,न्न,न,खाद,खा,्न","kʰɑːd̪,kʰɑː,ɑːn̪n̪,n̪n̪,kʰ,n̪",,,,
1364,खान,खान,kʰɑːn̪,mine,NotAppl,M,4,underived,,,0,0,inanimate,I,Physical Place,0,0,0,"ान,खान,ख,न,खा","ɑːn̪,kʰɑː,kʰɑːn̪,kʰ,n̪",,,,
1365,खानदान,खानदान,kʰɑːn̪d̪ɑːn̪,family tree,NotAppl,M,4,underived,,,0,0,inanimate,S,Group,0,0,0,"ान,खान,ख,न,खा,दान","ɑːn̪,d̪ɑːn̪,kʰɑː,kʰɑːn̪,kʰ,n̪",दान,d̪ɑːn̪,,
1366,खाना,खान,kʰɑːn̪,eat,NotAppl,M,4,underived,,,0,0,inanimate,F,Edible,0,0,0,"ान,खान,ख,न,खा","ɑːn̪,kʰɑː,kʰɑːn̪,kʰ,n̪",,,,
1367,खाप,खाप,kʰɑːp,khap,NotAppl,M,4,underived,,,0,0,inanimate,Z,Abstract,0,0,0,"ाप,प,ख,खाप,खा","kʰɑːp,ɑːp,kʰɑː,p,kʰ",,,,
1368,खामियाजा,खामियाज,kʰɑːmɪjɑːd͡ʒ,the consequences,NotAppl,M,4,underived,,,1,0,inanimate,Z,Action,0,0,0,"खाम,ख,याज,ाज,खा,ज","jɑːd͡ʒ,kʰɑːm,ɑːd͡ʒ,d͡ʒ,kʰɑː,kʰ",,,,
1369,खामी,खाम,kʰɑːm,drawback,NotAppl,F,1,underived,,,0,0,inanimate,S,Quality,0,0,0,"खाम,ख,म,खा,ाम","kʰɑːm,kʰɑː,m,kʰ,ɑːm",,,,
1370,खामोशी,खामोश,kʰɑːmoːʃ,silence,NotAppl,F,1,underived,,,0,0,inanimate,X,Action,0,0,0,"ोश,श,खाम,ख,खा,मोश","kʰɑːm,ʃ,kʰɑː,oːʃ,moːʃ,kʰ",,,,
1371,खारेपन,खारे,kʰɑːɾeː,salinity,NotAppl,M,4,state_condition2,state_condition2,,0,1,inanimate,O,Physical State,0,0,0,"ख,ारे,े,रे,खा,खार","ɑːɾeː,kʰɑːɾ,kʰɑː,eː,ɾeː,kʰ",,eː,,
1372,खासतौर,खासतौर,kʰɑːs̪t̪əuɾ,especially,NotAppl,M,0,underived,,,1,0,inanimate,A,Abstract,0,0,0,"ौर,तौर,र,ख,खा,खास","kʰ,kʰɑː,ɾ,əuɾ,kʰɑːs̪,uɾ",र,ɾ,र,ɾ
1373,खासियत,खासियत,kʰɑːs̪ɪjət̪,specialty,NotAppl,F,3,abstract_state,,,0,1,inanimate,A,Quality,0,0,0,"ख,यत,त,खा,खास,ियत","t̪,jət̪,kʰ,kʰɑː,ət̪,kʰɑːs̪","यत,त,ियत","t̪,jət̪","यत,त","t̪,jət̪"
1374,खिँचाई,खिँचा,kʰɪ̃t͡ʃɑː,stretching,NotAppl,F,1,abstract1,abstract1,abstract1,0,1,inanimate,N,Act,0,0,0,"ँचा,ा,खि,ख,चा,खिँ","kʰɪ̃,ɑː,t͡ʃɑː,ɪ̃t͡ʃɑː,kʰɪ̃t͡ʃ,kʰ",ा,,ा,
1375,खिचाव,खिचाव,kʰɪt͡ʃɑːʋ,stretch,NotAppl,M,4,result_nouns,,,0,1,inanimate,N,Food,0,0,0,"व,खि,ाव,ख,खिच,चाव","kʰɪt͡ʃ,t͡ʃɑːʋ,ʋ,ɑːʋ,kʰɪ,kʰ","व,ाव",ʋ,"व,ाव",ʋ
1378,खिताब,खिताब,kʰɪt̪ɑːb,titles,NotAppl,M,4,underived,,,0,0,inanimate,Q,Title,0,0,0,"खि,ख,ाब,ब,ताब,खित","kʰɪt̪,t̪ɑːb,ɑːb,b,kʰɪ,kʰ",,,,
1379,खिदमत,खिदमत,kʰɪd̪mət̪,service,NotAppl,F,3,underived,,,0,0,inanimate,S,Action,0,0,0,"खिद,खि,ख,मत,त,दमत","t̪,mət̪,ət̪,kʰɪd̪,kʰɪ,kʰ",त,t̪,त,t̪
1380,खिन्नता,खिन्न,kʰɪn̪n̪,sadness,NotAppl,F,3,abstract8,abstract8,abstract8,0,1,inanimate,E,Mental State,0,0,1,"खि,ख,न्न,न,खिन,्न","n̪n̪,kʰɪn̪,ɪn̪n̪,kʰɪ,kʰ,n̪",,,,
1381,खिलवाड,खिलवाड,kʰɪlʋɑːɖ,messing around,NotAppl,M,4,underived,,,0,0,inanimate,A,Action,0,0,0,"ाड,ड,खि,ख,खिल,वाड","ɑːɖ,ɖ,kʰɪl,kʰɪ,kʰ,ʋɑːɖ",,,,
1382,खिलाड़ी,खिलाड़,kʰɪlɑːɽ,player,NotAppl,M,4,underived,,,0,0,animate,K,Person,0,0,0,"ाड़,खि,ख,़,ड़,खिल","lɑːɽ,ɑːɽ,kʰɪl,ɽ,kʰɪ,kʰ","ाड़,़,ड़","ɑːɽ,ɽ",़,
1383,खिलाडी,खिलाड,kʰɪlɑːɖ,players,NotAppl,M,4,underived,,,0,0,animate,K,Common Noun,0,0,0,"ाड,ड,खि,ख,लाड,खिल","ɑːɖ,ɖ,kʰɪl,lɑːɖ,kʰɪ,kʰ",,,,
1384,खिलाफत,खिलाफत,kʰɪlɑːpʰət̪,caliphate,NotAppl,M,4,underived,,,0,0,inanimate,Z,Action,0,0,0,"खि,ख,त,खिल,फत,ाफत","t̪,kʰɪl,ət̪,pʰət̪,kʰɪ,kʰ",त,t̪,त,t̪
1385,खिलाफी,खिलाफ,kʰɪlɑːpʰ,khilafi,NotAppl,F,1,abstract6,abstract6,abstract6,0,1,inanimate,Z,Social,0,0,0,"खि,फ,ख,खिल,ाफ,लाफ","pʰ,kʰɪl,ɑːpʰ,lɑːpʰ,kʰɪ,kʰ",,,,
1386,खिलौना,खिलौन,kʰɪləun̪,toy,NotAppl,M,2,underived,,,0,0,inanimate,K,Artifact,0,0,0,"ौन,लौन,खि,ख,न,खिल","əun̪,kʰɪl,kʰɪ,kʰ,n̪,un̪",,,,
1387,खिल्ली,खिल्ल,kʰɪll,teasingly,NotAppl,F,1,underived,,,0,0,inanimate,Z,Physical,0,0,0,"खि,ख,्ल,खिल,ल्ल,ल","ll,kʰɪl,ɪll,l,kʰɪ,kʰ",,,,
1388,खींचतान,खींचतान,kʰĩːt͡ʃt̪ɑːn̪,tussle,NotAppl,F,3,underived,,,0,0,inanimate,E,Physical,0,0,0,"खी,ान,तान,ख,न,खीं","t̪ɑːn̪,ɑːn̪,kʰĩːt͡ʃ,kʰĩː,kʰ,n̪",,,,
1389,खुदकुशी,खुदकुश,kʰud̪kuʃ,suicide,NotAppl,F,1,underived,,,1,0,inanimate,L,Anti-social,0,0,0,"श,ख,खु,ुश,खुद,कुश","kʰu,ʃ,kʰud̪,kuʃ,kʰ,uʃ",,,,
1390,खुदा,खुद,kʰud̪,god,NotAppl,M,0,underived,,,0,0,inanimate,Z,concept,0,0,0,"द,ख,खु,खुद,ुद","kʰu,d̪,kʰud̪,ud̪,kʰ",,,,
1391,खुदाई,खुदा,kʰud̪ɑː,excavation,NotAppl,F,1,abstract1,abstract1,abstract1,0,1,inanimate,A,Action,0,0,0,"ा,ख,खु,दा,ुदा,खुद","kʰu,ud̪ɑː,d̪ɑː,ɑː,kʰud̪,kʰ",ा,,ा,
1392,खुफिया,खुफिय,kʰupʰɪjə,intelligence,NotAppl,M,0,underived,,,0,0,inanimate,X,Qualitative,0,0,0,"फिय,िय,ख,य,खु,खुफ","kʰu,ɪjə,ə,jə,kʰ,kʰupʰ",य,jə,य,jə
1393,खुलापन,खुलापन,kʰulɑːpən̪,openness,NotAppl,M,4,underived,,,0,0,inanimate,A,State,0,0,0,"ख,ापन,न,खु,पन,खुल","kʰu,kʰul,ən̪,pən̪,kʰ,n̪",,,,
1394,खुलासा,खुलास,kʰulɑːs̪,exposure,NotAppl,M,2,underived,,,0,0,inanimate,A,Communication,0,0,0,"स,ख,खु,ास,लास,खुल","kʰu,ɑːs̪,kʰul,s̪,kʰ,lɑːs̪",ास,,,
1395,खुशबू,खुशब,kʰuʃəb,fragrance,NotAppl,F,4,underived,,,0,0,inanimate,X,Cognition,0,0,0,"ख,ुशब,खु,ब,शब,खुश","kʰu,ʃəb,b,əb,kʰuʃ,kʰ",,,,
1396,खुशी,खुश,kʰuʃ,happiness,NotAppl,F,1,underived,,,0,0,inanimate,E,Psychological Feature,0,0,0,"श,ख,खु,ुश,खुश","kʰu,ʃ,kʰuʃ,kʰ,uʃ",,,,
1397,खून,खून,kʰuːn̪,blood,NotAppl,M,4,underived,,,0,0,inanimate,B,Anatomical,0,0,0,"खून,खू,ख,ून,न","kʰuːn̪,kʰuː,kʰ,n̪,uːn̪",,,,
1398,खूनखराबा,खूनखराब,kʰuːn̪əkʰɾɑːb,bloodshed,NotAppl,M,2,underived,,,1,0,inanimate,E,Physical,0,0,0,"खून,खू,ख,ाब,ब,राब","kʰuːn̪,kʰuː,b,ɾɑːb,ɑːb,kʰ",,,,
1399,खूबसूरती,खूबसूर,kʰuːbs̪uːɾ,beauty,NotAppl,F,1,abstract6,abstract6,abstract6,0,1,inanimate,O,Quality,0,0,0,"खू,र,ख,ूर,सूर,खूब","s̪uːɾ,kʰuː,uːɾ,ɾ,kʰ,kʰuːb",र,ɾ,र,ɾ
1400,खूबी,खूब,kʰuːb,quality,NotAppl,F,1,underived,,,0,0,inanimate,A,Quality,0,0,0,"ूब,खू,ख,ब,खूब","uːb,kʰuː,b,kʰ,kʰuːb",,,,
1401,खेत,खेत,kʰeːt̪,farm,NotAppl,M,4,underived,,,0,0,inanimate,F,Physical Place,0,0,0,"खे,खेत,ख,त,ेत","t̪,eːt̪,kʰeːt̪,kʰeː,kʰ",त,t̪,त,t̪
1402,खेती,खेत,kʰeːt̪,farming,NotAppl,F,1,abstract6,abstract6,abstract6,0,1,inanimate,F,Physical,0,0,0,"खे,खेत,ख,त,ेत","t̪,eːt̪,kʰeːt̪,kʰeː,kʰ",त,t̪,त,t̪
1403,खेद,खेद,kʰeːd̪,regret,NotAppl,M,4,underived,,,0,0,inanimate,E,Mental State,0,0,1,"द,खे,ेद,ख,खेद","d̪,kʰeːd̪,eːd̪,kʰeː,kʰ",,,,
1404,खेप,खेप,kʰeːp,consignment,NotAppl,F,3,underived,,,0,0,inanimate,N,Object,0,0,0,"खे,ेप,ख,प,खेप","kʰeːp,p,eːp,kʰeː,kʰ",,,,
1405,खेमा,खेम,kʰeːm,camp,NotAppl,M,2,underived,,,0,0,inanimate,M,Artifact,0,0,0,"खे,ख,म,खेम,ेम","kʰeːm,m,eːm,kʰeː,kʰ",,eːm,,
1406,खेमेबंदी,खेमेबंद,kʰeːmeːbə̃d̪,factionalism,NotAppl,F,1,abstract6,abstract6,abstract6,0,1,inanimate,S,Abstract,0,0,0,"द,खे,ख,ंद,बंद,खेम","d̪,kʰeːm,bə̃d̪,kʰeː,ə̃d̪,kʰ","ंद,बंद","bə̃d̪,ə̃d̪",,
1407,खेल,खेल,kʰeːl,game,NotAppl,M,4,underived,,,0,0,inanimate,K,Action,0,0,0,"ेल,खे,ख,ल,खेल","kʰeːl,kʰeː,eːl,l,kʰ",,,,
1408,खोखलापन,खोखलापन,kʰoːkʰlɑːpən̪,hollowness,NotAppl,M,4,underived,,,1,0,inanimate,N,State,0,0,0,"ख,खोख,खो,न,ापन,पन","n̪,kʰoː,kʰoːkʰ,pən̪,kʰ,ən̪",,,,
1409,खोज,खोज,kʰoːd͡ʒ,search,NotAppl,F,3,underived,,,0,0,inanimate,X,Physical,0,0,0,"ख,खोज,ोज,खो,ज","oːd͡ʒ,kʰoːd͡ʒ,d͡ʒ,kʰoː,kʰ",,,,
1410,खोजबीन,खोजबीन,kʰoːd͡ʒbiːn̪,search,NotAppl,F,0,underived,,,1,0,inanimate,X,Physical,0,0,0,"ख,खोज,खो,न,ीन,बीन","biːn̪,kʰoːd͡ʒ,iːn̪,kʰoː,kʰ,n̪",,,,
1411,खौफ,खौफ,kʰəupʰ,fear,NotAppl,M,4,underived,,,0,0,inanimate,E,Psychological Feature,0,0,0,"खौफ,खौ,फ,ख,ौफ","kʰəu,pʰ,əupʰ,upʰ,kʰ,kʰə",,,,
1412,ख्याति,ख्यात,kʰjɑːt̪,fame,NotAppl,F,1,abstract6,abstract6,abstract6,0,1,inanimate,X,State,0,0,1,"ख्,ख,त,ख्य,यात,ात","t̪,jɑːt̪,ɑːt̪,kʰ,kʰjɑː,kʰj",त,t̪,त,t̪
1413,ख्याल,ख्याल,kʰjɑːl,care,NotAppl,M,4,underived,,,0,0,inanimate,E,Perception,0,0,0,"ख्,याल,ख,ख्य,ाल,ल","jɑːl,kʰ,kʰjɑː,l,kʰj,ɑːl",,,,
1414,ख्वाब,ख्वाब,kʰʋɑːb,dreams,NotAppl,M,4,underived,,,0,0,inanimate,X,Psychological Feature,0,0,0,"ख्,वाब,ख,ख्व,ाब,ब","b,ʋɑːb,ɑːb,kʰ,kʰʋ,kʰʋɑː",,,,
1415,गंड़ासा,गंड़ास,ɡə̃ɽɑːs̪,chopper,NotAppl,M,2,underived,,,0,0,inanimate,M,Artifact,0,0,0,"स,गंड,ास,गं,ग,़ास","ɽɑːs̪,ɑːs̪,ɡə̃,s̪,ɡ,ɡə̃ɽ","ास,ग",ɡ,,ɡ
1416,गंतव्य,गंतव्य,ɡə̃t̪ʋjə,destination,NotAppl,M,4,underived,,,0,0,inanimate,M,Cognition,0,0,1,"्य,य,गंत,गं,ग,व्य","ɡə̃t̪,ʋjə,ɡə̃,ə,ɡ,jə","्य,य,ग","ɡ,jə",य,"ɡ,jə"
1417,गंदगी,गंदग,ɡə̃d̪əɡ,dirt,NotAppl,F,1,abstract6,abstract6,abstract6,0,1,inanimate,O,Natural Object,0,1,0,"गंद,दग,ंदग,ग,गं","ɡə̃d̪,əɡ,d̪əɡ,ɡə̃,ɡ","दग,ग","əɡ,d̪əɡ,ɡ",,ɡ
1418,गंभीरता,गंभीर,ɡə̃bʰiːɾ,seriousness,NotAppl,F,3,abstract8,abstract8,abstract8,0,1,inanimate,A,Mental State,0,0,1,"ीर,र,भीर,गंभ,गं,ग","bʰiːɾ,ɡə̃bʰ,ɾ,ɡə̃,iːɾ,ɡ","र,ग","ɾ,ɡ",र,"ɾ,ɡ"
1419,गज,गज,ɡəd͡ʒ,yard,NotAppl,M,4,underived,,,0,0,inanimate,H,Mammal,0,0,1,"ग,ज,गज","əd͡ʒ,d͡ʒ,ɡ,ɡəd͡ʒ,ɡə",ग,"əd͡ʒ,ɡ",,"əd͡ʒ,ɡ"
1420,गजट,गजट,ɡəd͡ʒəʈ,gazette,NotAppl,M,4,underived,,,0,0,inanimate,Q,Artifact,1,0,0,"ट,गजट,जट,गज,ग","əʈ,d͡ʒəʈ,ʈ,ɡ,ɡəd͡ʒ,ɡə",ग,"əʈ,ɡ",,ɡ
1421,गजब,गजब,ɡəd͡ʒəb,amazing,NotAppl,M,0,underived,,,0,0,inanimate,O,Physical,0,0,0,"जब,गज,ब,ग,गजब","d͡ʒəb,b,əb,ɡ,ɡəd͡ʒ,ɡə",ग,ɡ,,ɡ
1422,गजल,गजल,ɡəd͡ʒəl,ghazal,NotAppl,F,3,underived,,,0,0,inanimate,Z,Artifact,0,0,0,"गज,जल,गजल,ग,ल","əl,l,ɡ,ɡəd͡ʒ,d͡ʒəl,ɡə",ग,"əl,ɡ",,ɡ
1423,गठजोड़,गठजोड़,ɡəʈʰd͡ʒoːɽ,alliances,NotAppl,M,4,underived,,,1,0,inanimate,S,Action,0,0,0,"ोड़,़,ड़,गठ,गठज,ग","oːɽ,d͡ʒoːɽ,ɡəʈʰ,ɽ,ɡ,ɡə","़,ड़,ग","ɽ,ɡ",़,ɡ
1424,गठन,गठन,ɡəʈʰən̪,formation,NotAppl,M,4,underived,,,0,0,inanimate,A,Physical,0,0,1,"ठन,गठ,न,गठन,ग","ʈʰən̪,n̪,ɡəʈʰ,ɡ,ən̪,ɡə",ग,ɡ,,ɡ
1425,गठबंधन,गठबंधन,ɡəʈʰbə̃d̪ʰən̪,alliance,NotAppl,M,4,underived,,,1,0,inanimate,S,Action,0,0,0,"धन,गठ,न,ंधन,ग,गठब","n̪,ɡəʈʰ,ɡ,d̪ʰən̪,ən̪,ɡə","धन,ग","ɡ,d̪ʰən̪",,ɡ
1426,गठिया,गठिय,ɡəʈʰɪjə,arthritis,NotAppl,F,3,underived,,,0,0,inanimate,B,Physical State,0,0,0,"िय,गठ,य,गठि,ग,ठिय","ɡəʈʰ,ɪjə,ə,ɡ,jə,ɡə","य,ग","ɡ,jə",य,"ɡ,jə"
1427,गडगडाहट,गडगडा,ɡəɖəɡɖɑː,rumbling,NotAppl,F,3,abstract_indicator,,,0,1,inanimate,X,Physical State,0,0,0,"डा,गडा,ा,गडग,ग,गड","ɑː,ɡ,ɡɖɑː,ɖɑː,ɡəɖ,ɡə","ा,ग",ɡ,ा,ɡ
1428,गडबड,गडबड,ɡəɖbəɖ,mess,NotAppl,F,3,underived,,,0,0,inanimate,O,Abstract,0,0,0,"ड,गडब,डबड,बड,ग,गड","bəɖ,əɖ,ɖ,ɡ,ɡəɖ,ɡə",ग,ɡ,,ɡ
1431,गड्ढा,गड्ढ,ɡəɖɖʰ,ditch,NotAppl,M,2,underived,,,0,0,inanimate,M,Physical Place,0,0,0,"्ढ,गड्,ड्ढ,ढ,ग,गड","əɖɖʰ,ɖɖʰ,ɖʰ,ɡ,ɡəɖ,ɡə",ग,ɡ,,ɡ
1434,गण,गण,ɡəɳ,order,NotAppl,M,4,underived,,,0,0,inanimate,S,Person,0,0,1,"ग,गण,ण","əɳ,ɡəɳ,ɡ,ɳ,ɡə",ग,"əɳ,ɡ",,"əɳ,ɡ"
1435,गणतंत्र,गणतंत्र,ɡəɳt̪ə̃t̪ɾ,republic,NotAppl,M,4,underived,,,1,0,inanimate,G,Social State,0,0,0,"गण,र,्र,त्र,गणत,ग","ə̃t̪ɾ,ɾ,ɡəɳ,ɡ,t̪ɾ,ɡə","र,ग","ɾ,ɡ",र,"ɾ,ɡ"
1436,गणना,गणन,ɡəɳən̪,calculations,NotAppl,F,3,underived,,,0,0,inanimate,N,Physical,0,0,1,"गणन,गण,णन,न,ग","ɳən̪,n̪,ɡəɳ,ɡ,ən̪,ɡə",ग,ɡ,,ɡ
1437,गति,गत,ɡət̪,motion,NotAppl,F,1,underived,,,0,0,inanimate,M,Cognition,0,0,1,"ग,गत,त","ɡət̪,t̪,ət̪,ɡ,ɡə","ग,गत,त","ɡət̪,t̪,ɡ",त,"t̪,ɡ"
1438,गतिरोध,गतिरोध,ɡət̪ɪɾoːd̪ʰ,deadlock,NotAppl,M,4,underived,,,1,0,inanimate,S,State,0,0,0,"रोध,गत,ोध,ध,ग,गति","ɡət̪,oːd̪ʰ,d̪ʰ,ɡ,ɾoːd̪ʰ,ɡə","गत,ोध,ग","ɡət̪,oːd̪ʰ,ɡ",,ɡ
1439,गतिविधि,गतिविध,ɡət̪ɪʋɪd̪ʰ,action,neutral,F,1,underived,,,1,0,inanimate,A,Action,0,0,0,"गत,विध,िध,ध,ग,गति","ɡət̪,d̪ʰ,ɡ,ʋɪd̪ʰ,ɪd̪ʰ,ɡə","गत,विध,ग","ɡət̪,ɡ,ʋɪd̪ʰ",,ɡ
1440,गतिविधि,गतिविध,ɡət̪ɪʋɪd̪ʰ,action,neutral,M,4,underived,,,1,0,inanimate,A,Action,0,0,0,"गत,विध,िध,ध,ग,गति","ɡət̪,d̪ʰ,ɡ,ʋɪd̪ʰ,ɪd̪ʰ,ɡə","गत,विध,ग","ɡət̪,ɡ,ʋɪd̪ʰ",,ɡ
1441,गद्दी,गद्द,ɡəd̪d̪,throne,NotAppl,F,1,underived,,,0,0,inanimate,H,Artifact,0,0,0,"द,गद्,्द,द्द,गद,ग","d̪,əd̪d̪,ɡəd̪,ɡ,ɡə,d̪d̪",ग,ɡ,,ɡ
1442,गन,गन,ɡən̪,gun,NotAppl,F,3,underived,,,0,0,inanimate,G,Common Noun,1,0,0,"ग,गन,न","n̪,ɡən̪,ɡ,ən̪,ɡə",ग,ɡ,,ɡ
1443,गनर,गनर,ɡən̪əɾ,gunner,NotAppl,M,4,underived,,,0,0,animate,G,Occupation,1,0,0,"नर,गनर,गन,र,ग","ɾ,ɡ,n̪əɾ,əɾ,ɡən̪,ɡə","र,ग","ɾ,ɡ,əɾ",र,"ɾ,ɡ,əɾ"
1444,गन्ना,गन्न,ɡən̪n̪,sugarcane,NotAppl,M,2,underived,,,0,0,inanimate,Z,Flora,0,0,0,"गन,न्न,न,गन्,ग,्न","ən̪n̪,n̪,n̪n̪,ɡ,ɡən̪,ɡə",ग,ɡ,,ɡ
1445,गफलत,गफलत,ɡəpʰlət̪,negligence,NotAppl,F,3,underived,,,0,0,inanimate,A,Mental State,0,0,0,"लत,त,फलत,गफ,ग,गफल","t̪,lət̪,ət̪,ɡəpʰ,ɡ,ɡə","लत,त,ग","t̪,lət̪,ɡ",त,"t̪,ɡ"
1446,गबन,गबन,ɡəbən̪,embezzlement,NotAppl,M,4,underived,,,0,0,inanimate,A,Anti-social,0,0,0,"बन,न,गबन,गब,ग","bən̪,n̪,ɡəb,ɡ,ən̪,ɡə",ग,ɡ,,ɡ
1447,गम,गम,ɡəm,gum,NotAppl,M,4,underived,,,0,0,inanimate,O,Mental State,1,0,0,"ग,गम,म","əm,ɡə,m,ɡ,ɡəm",ग,ɡ,,ɡ
1448,गरज,गरज,ɡəɾəd͡ʒ,thunder,NotAppl,M,4,underived,,,0,0,inanimate,W,Communication,0,0,0,"रज,गर,ज,ग,गरज","əd͡ʒ,d͡ʒ,ɾəd͡ʒ,ɡ,ɡə,ɡəɾ",ग,"əd͡ʒ,ɡ",,"əd͡ʒ,ɡ"
1449,गरमपंथी,गरमपंथ,ɡəɾəmpə̃t̪ʰ,extremist,NotAppl,M,4,underived,,,1,0,animate,G,Social,0,0,0,"गर,ंथ,ग,पंथ,थ,गरम","ə̃t̪ʰ,t̪ʰ,ɡ,pə̃t̪ʰ,ɡə,ɡəɾ","ंथ,ग","ə̃t̪ʰ,ɡ",,ɡ
1450,गरमाहट,गरमा,ɡəɾmɑː,warmth,NotAppl,F,0,abstract_indicator,,,0,1,inanimate,O,Perception,0,0,0,"मा,ा,रमा,गर,ग,गरम","ɑː,ɾmɑː,mɑː,ɡ,ɡə,ɡəɾ","ा,ग",ɡ,ा,ɡ
1452,गरिमा,गरिम,ɡəɾɪm,dignity,NotAppl,F,3,abstract6,abstract6,abstract6,0,1,inanimate,S,Psychological Feature,0,0,1,"रिम,म,गर,ग,गरि,िम","ɪm,m,ɾɪm,ɡ,ɡə,ɡəɾ",ग,ɡ,,ɡ
1453,गरीब,गरीब,ɡəɾiːb,poor,NotAppl,M,4,underived,,,0,0,animate,I,Person,0,0,0,"ीब,रीब,गर,ब,ग,गरी","ɾiːb,b,iːb,ɡ,ɡə,ɡəɾ",ग,ɡ,,ɡ
1454,गरीबी,गरीब,ɡəɾiːb,poverty,NotAppl,F,1,abstract6,abstract6,abstract6,0,1,inanimate,I,State,0,0,0,"ीब,रीब,गर,ब,ग,गरी","ɾiːb,b,iːb,ɡ,ɡə,ɡəɾ",ग,ɡ,,ɡ
1455,गर्जना,गर्ज,ɡəɾd͡ʒ,roar,NotAppl,F,0,verbal_noun2,verbal_noun2,,0,1,inanimate,X,Communication,0,0,0,"र्ज,गर,ज,गर्,ग,्ज","d͡ʒ,ɾd͡ʒ,ɡ,əɾd͡ʒ,ɡə,ɡəɾ",ग,ɡ,,ɡ
1456,गर्त,गर्त,ɡəɾt̪,trough,NotAppl,M,4,underived,,,0,0,inanimate,O,Physical Place,0,0,1,"्त,र्त,त,गर,गर्,ग","t̪,ɾt̪,ɡ,əɾt̪,ɡə,ɡəɾ","्त,त,ग","t̪,ɡ","्त,त","t̪,ɡ"
1457,गर्दन,गर्दन,ɡəɾd̪ən̪,neck,NotAppl,F,3,underived,,,0,0,inanimate,B,Anatomical,0,0,0,"दन,न,गर,गर्,ग,्दन","n̪,d̪ən̪,ɡ,ən̪,ɡə,ɡəɾ",ग,ɡ,,ɡ
1458,गर्भ,गर्भ,ɡəɾbʰ,pregnancy,NotAppl,M,4,underived,,,0,0,inanimate,B,Anatomical,0,0,1,"र्भ,गर,्भ,गर्,भ,ग","əɾbʰ,ɾbʰ,ɡ,bʰ,ɡə,ɡəɾ",ग,ɡ,,ɡ
1459,गर्भगृह,गर्भगृह,ɡəɾbʰəɡɾɨɦ,sanctum sanctorum,NotAppl,M,4,underived,,,1,0,inanimate,Z,Physical Place,0,0,0,"गृह,ह,गर,गर्,ृह,ग","ɾɨɦ,ɦ,ɨɦ,ɡ,ɡə,ɡəɾ",ग,ɡ,,ɡ
1460,गर्भावस्था,गर्भावस्थ,ɡəɾbʰɑːʋəs̪t̪ʰ,pregnancy,NotAppl,M,4,underived,,,1,0,inanimate,B,Biological State,0,0,0,"्थ,स्थ,गर,गर्,ग,थ","s̪t̪ʰ,əs̪t̪ʰ,t̪ʰ,ɡ,ɡə,ɡəɾ",ग,ɡ,,ɡ
1461,गर्मजोशी,गर्मजोश,ɡəɾməd͡ʒoːʃ,warmth,NotAppl,F,1,abstract6,abstract6,abstract6,0,1,inanimate,O,Psychological Feature,0,0,0,"जोश,ोश,श,गर,गर्,ग","ʃ,oːʃ,d͡ʒoːʃ,ɡ,ɡə,ɡəɾ",ग,ɡ,,ɡ
1463,गर्ल,गर्ल,ɡəɾl,girl,NotAppl,F,5,underived,,,0,0,animate,S,Person,1,0,0,"्ल,गर,गर्,ग,ल,र्ल","əɾl,l,ɾl,ɡ,ɡə,ɡəɾ",ग,ɡ,,ɡ
1464,गर्व,गर्व,ɡəɾʋ,proud,NotAppl,M,0,underived,,,0,0,inanimate,E,emotion,0,0,1,"व,्व,गर,गर्,र्व,ग","əɾʋ,ʋ,ɾʋ,ɡ,ɡə,ɡəɾ","व,्व,र्व,ग","ʋ,ɾʋ,ɡ",व,"ʋ,ɡ"
1466,गर्विनिंग,गर्विनिंग,ɡəɾʋɪn̪ɪ̃ɡ,garvining,NotAppl,F,0,underived,,,0,0,inanimate,Z,Abstract,1,0,0,"िंग,गर,गर्,ंग,ग","ɪ̃ɡ,ɡ,n̪ɪ̃ɡ,ɡə,ɡəɾ","िंग,ंग,ग","ɪ̃ɡ,ɡ","िंग,ंग","ɪ̃ɡ,ɡ"
1467,गलतफहमी,गलतफहम,ɡəlt̪əpʰɦəm,misunderstanding,NotAppl,F,1,underived,,,1,0,inanimate,X,Psychological Feature,0,0,0,"गलत,हम,फहम,म,गल,ग","əm,m,ɦəm,ɡ,ɡəl,ɡə",ग,ɡ,,ɡ
1468,गलती,गल,ɡəl,mistake,NotAppl,F,1,abstract6,abstract6,abstract6,0,1,inanimate,A,Physical,0,0,0,"ग,ल,गल","əl,l,ɡ,ɡəl,ɡə",ग,"əl,ɡ",,ɡ
1469,गला,गल,ɡəl,throat,NotAppl,M,2,underived,,,0,0,inanimate,B,Anatomical,0,0,0,"ग,ल,गल","əl,l,ɡ,ɡəl,ɡə",ग,"əl,ɡ",,ɡ
1470,गलियारा,गलियार,ɡəlɪjɑːɾ,aisle,NotAppl,M,2,underived,,,0,0,inanimate,H,Artifact,0,0,0,"ार,र,गलि,गल,ग,यार","jɑːɾ,ɾ,ɑːɾ,ɡ,ɡəl,ɡə","ार,र,ग","ɾ,ɑːɾ,ɡ",र,"ɾ,ɡ"
1471,गली,गल,ɡəl,street,NotAppl,F,1,underived,,,0,0,inanimate,M,Artifact,0,0,0,"ग,ल,गल","əl,l,ɡ,ɡəl,ɡə",ग,"əl,ɡ",,ɡ
1472,गलौज,गलौज,ɡələud͡ʒ,slang,NotAppl,F,3,underived,,,0,0,inanimate,Q,Anatomical,0,0,0,"लौज,ज,गल,गलौ,ग,ौज","d͡ʒ,ɡ,ud͡ʒ,ɡəl,ɡə,əud͡ʒ",ग,ɡ,,ɡ
1473,गल्फस्ट्रीम,गल्फस्ट्रीम,ɡəlpʰəs̪ʈɾiːm,gulf stream,NotAppl,M,4,underived,,,0,0,inanimate,Z,Common Noun,1,0,0,"गल्,म,रीम,गल,ग,ीम","iːm,m,ɾiːm,ɡ,ɡəl,ɡə",ग,ɡ,,ɡ
1474,गवर्नमेंट,गवर्नमेंट,ɡəʋəɾn̪əmẽːʈ,government,NotAppl,F,3,underived,,,0,0,inanimate,G,Group,1,0,0,"ट,गव,ेंट,गवर,ंट,ग","mẽːʈ,ɡəʋ,ʈ,ɡ,ɡə,ẽːʈ","ेंट,ंट,ग","ɡ,ẽːʈ",,ɡ
1476,गवाह,गवाह,ɡəʋɑːɦ,witness,NotAppl,M,4,underived,,,0,0,animate,G,Person,0,1,0,"गव,ाह,ह,वाह,गवा,ग","ʋɑːɦ,ɑːɦ,ɦ,ɡəʋ,ɡ,ɡə","ाह,ग","ɑːɦ,ɡ",,ɡ
1477,गवाही,गवाह,ɡəʋɑːɦ,testimony,NotAppl,F,1,abstract6,abstract6,abstract6,0,1,inanimate,G,Communication,0,1,0,"गव,ाह,ह,वाह,गवा,ग","ʋɑːɦ,ɑːɦ,ɦ,ɡəʋ,ɡ,ɡə","ाह,ग","ɑːɦ,ɡ",,ɡ
1478,गश्त,गश्त,ɡəʃt̪,patrol,neutral,F,3,underived,,,0,0,inanimate,X,Physical,0,1,0,"्त,श्त,गश,त,गश्,ग","ʃt̪,t̪,əʃt̪,ɡ,ɡə,ɡəʃ","्त,त,ग","t̪,ɡ","्त,त","t̪,ɡ"
1479,गश्त,गश्त,ɡəʃt̪,patrol,neutral,M,4,underived,,,0,0,inanimate,X,Physical,0,1,0,"्त,श्त,गश,त,गश्,ग","ʃt̪,t̪,əʃt̪,ɡ,ɡə,ɡəʃ","्त,त,ग","t̪,ɡ","्त,त","t̪,ɡ"
1480,गहनता,गहन,ɡəɦən̪,intensification,NotAppl,F,3,abstract8,abstract8,abstract8,0,1,inanimate,N,Quality,0,0,1,"गह,न,ग,गहन,हन","n̪,ɦən̪,ɡəɦ,ɡ,ən̪,ɡə",ग,ɡ,,ɡ
1481,गहना,गहन,ɡəɦən̪,jewel,NotAppl,M,2,underived,,,0,0,inanimate,B,Artifact,0,0,0,"गह,न,ग,गहन,हन","n̪,ɦən̪,ɡəɦ,ɡ,ən̪,ɡə",ग,ɡ,,ɡ
1482,गहमा,गहम,ɡəɦəm,hustle and bustle,NotAppl,M,2,underived,,,0,0,inanimate,A,Abstract,0,0,0,"गह,हम,म,गहम,ग","əm,m,ɡəɦ,ɦəm,ɡ,ɡə",ग,ɡ,,ɡ
1483,गहमी,गहम,ɡəɦəm,commotion,NotAppl,F,1,underived,,,0,0,inanimate,E,Physical State,0,0,0,"गह,हम,म,गहम,ग","əm,m,ɡəɦ,ɦəm,ɡ,ɡə",ग,ɡ,,ɡ
1484,गहरा,गहर,ɡəɦəɾ,deep,NotAppl,M,2,underived,,,0,0,inanimate,N,Verb of State,0,0,0,"गह,हर,र,गहर,ग","ɦəɾ,ɾ,ɡəɦ,ɡ,əɾ,ɡə","र,ग","ɾ,ɡ,əɾ",र,"ɾ,ɡ,əɾ"
1485,गहराई,गहरा,ɡəɦɾɑː,depth,NotAppl,F,1,abstract1,abstract1,abstract1,0,1,inanimate,N,Physiological  State,0,0,0,"गह,ा,गहर,ग,हरा,रा","ɦɾɑː,ɑː,ɾɑː,ɡəɦ,ɡ,ɡə","ा,ग",ɡ,ा,ɡ
1486,गाँव,गाँव,ɡɑ̃ːʋ,village,NotAppl,M,4,underived,,,0,0,inanimate,M,Physical Place,0,0,0,"व,ाँव,ँव,ग,गाँ,गा","ɑ̃ːʋ,ɡɑ̃ː,ʋ,ɡɑ̃ːʋ,ɡ","व,ग","ʋ,ɡ",व,"ʋ,ɡ"
1487,गांधी,गांध,ɡɑ̃ːd̪ʰ,gandhi,NotAppl,M,0,underived,,,0,0,animate,Z,Person,0,0,0,"गां,ध,ग,ंध,ांध,गा","ɡɑ̃ː,d̪ʰ,ɑ̃ːd̪ʰ,ɡ,ɡɑ̃ːd̪ʰ",ग,ɡ,,ɡ
1489,गांववाला,गांव,ɡɑ̃ːʋ,villager,NotAppl,M,2,possessor2,,,0,1,animate,M,Physical Place,0,0,0,"गां,व,ंव,ग,ांव,गा","ɑ̃ːʋ,ɡɑ̃ː,ʋ,ɡɑ̃ːʋ,ɡ","व,ग","ʋ,ɡ",व,"ʋ,ɡ"
1490,गाइड,गाइड,ɡɑːɪɖ,guide,NotAppl,M,4,underived,,,0,0,animate,S,Person,1,0,0,"ड,इड,ाइड,गाइ,ग,गा","ɡɑː,ɖ,ɑːɪɖ,ɪɖ,ɡ,ɡɑːɪ",ग,ɡ,,ɡ
1491,गाज,गाज,ɡɑːd͡ʒ,gaz,NotAppl,F,3,underived,,,0,0,inanimate,Z,Natural Event,0,0,0,"ाज,ज,गाज,ग,गा","ɡɑː,ɑːd͡ʒ,ɡɑːd͡ʒ,d͡ʒ,ɡ",ग,ɡ,,ɡ
1492,गाड़ी,गाड़,ɡɑːɽ,vehicle,NotAppl,F,1,underived,,,0,0,inanimate,M,Artifact,0,0,0,"गाड,ाड़,़,ड़,ग,गा","ɡɑː,ɡɑːɽ,ɑːɽ,ɽ,ɡ","ाड़,़,ड़,ग","ɑːɽ,ɽ,ɡ",़,ɡ
1493,गाडी,गाड,ɡɑːɖ,car,NotAppl,F,1,underived,,,0,0,inanimate,M,Artifact,0,0,0,"गाड,ाड,ड,ग,गा","ɑːɖ,ɡɑː,ɖ,ɡ,ɡɑːɖ",ग,ɡ,,ɡ
1494,गाद,गाद,ɡɑːd̪,silt,NotAppl,F,3,underived,,,0,0,inanimate,A,Common Noun,0,0,0,"द,गाद,ाद,ग,गा","d̪,ɑːd̪,ɡɑː,ɡ,ɡɑːd̪",ग,ɡ,,ɡ
1495,गान,गान,ɡɑːn̪,anthem,NotAppl,M,4,underived,,,0,0,inanimate,K,property,0,0,0,"ान,गान,न,ग,गा","ɡɑː,ɑːn̪,ɡɑːn̪,ɡ,n̪",ग,ɡ,,ɡ
1496,गाना,गान,ɡɑːn̪,song,NotAppl,M,2,underived,,,0,0,inanimate,K,property,0,0,0,"ान,गान,न,ग,गा","ɡɑː,ɑːn̪,ɡɑːn̪,ɡ,n̪",ग,ɡ,,ɡ
1497,गाय,गाय,ɡɑːjə,cow,NotAppl,F,3,underived,,,0,0,animate,L,Mammal,0,0,0,"ाय,य,ग,गाय,गा","ɡɑː,ɑːjə,ɡɑːj,ə,ɡ,jə","य,ग","ɡ,jə",य,"ɡ,jə"
1498,गायक,गायक,ɡɑːjək,singer,NotAppl,M,4,agentive1,agentive1,agentive1,0,1,animate,K,Person,0,0,1,"ायक,यक,क,ग,गाय,गा","k,ɡɑː,ək,ɡɑːj,ɡ,jək",ग,"ək,ɡ",,ɡ
1499,गायन,गायन,ɡɑːjən̪,singing,NotAppl,M,4,abstract_noun,abstract_noun,abstract_noun,0,1,inanimate,O,Communication,0,0,1,"यन,न,ायन,ग,गाय,गा","ɡɑː,jən̪,ɡɑːj,ən̪,ɡ,n̪",ग,ɡ,,ɡ
1500,गायिका,गाय,ɡɑːjə,singer,NotAppl,F,3,dimunitive1,dimunitive1,,0,1,animate,K,Person,0,0,1,"ाय,य,ग,गाय,गा","ɡɑː,ɑːjə,ɡɑːj,ə,ɡ,jə","य,ग","ɡ,jə",य,"ɡ,jə"
1501,गारंटर,गारंटर,ɡɑːɾə̃ʈəɾ,guarantor,NotAppl,M,4,underived,,,0,0,animate,A,Person,1,0,0,"र,गार,टर,ग,ंटर,गा","ɡɑː,ɡɑːɾ,ɾ,ɡ,əɾ,ʈəɾ","र,टर,ग","ɾ,ɡ,əɾ,ʈəɾ","र,टर","ɾ,ɡ,əɾ,ʈəɾ"
1502,गारंटी,गारंट,ɡɑːɾə̃ʈ,guarantee,NotAppl,F,1,underived,,,0,0,inanimate,A,Action,1,0,0,"ट,रंट,ंट,गार,ग,गा","ɡɑː,ə̃ʈ,ɡɑːɾ,ʈ,ɾə̃ʈ,ɡ","ंट,ग",ɡ,,ɡ
1503,गारमेंट,गारमेंट,ɡɑːɾmẽːʈ,garment,NotAppl,M,4,underived,,,0,0,inanimate,B,Common Noun,1,0,0,"ट,ेंट,ंट,गार,ग,गा","mẽːʈ,ɡɑː,ɡɑːɾ,ʈ,ɡ,ẽːʈ","ेंट,ंट,ग","ɡ,ẽːʈ",,ɡ
1504,गार्ड,गार्ड,ɡɑːɾɖ,guard,NotAppl,M,5,underived,,,0,0,animate,A,Person,1,0,0,"ड,र्ड,्ड,गार,ग,गा","ɑːɾɖ,ɾɖ,ɡɑː,ɖ,ɡɑːɾ,ɡ","र्ड,ग","ɑːɾɖ,ɾɖ,ɡ",,ɡ
1505,गार्डन,गार्डन,ɡɑːɾɖən̪,garden,NotAppl,M,4,underived,,,0,0,inanimate,L,Common Noun,1,0,0,"डन,न,गार,्डन,ग,गा","ɡɑː,ɖən̪,ɡɑːɾ,ən̪,ɡ,n̪",ग,ɡ,,ɡ
1506,गाली,गाल,ɡɑːl,abuse,NotAppl,F,1,underived,,,0,0,inanimate,E,Communication,0,0,0,"ल,ाल,ग,गाल,गा","ɡɑː,ɡɑːl,l,ɡ,ɑːl",ग,ɡ,,ɡ
1507,गिद्ध,गिद्ध,ɡɪd̪d̪ʰ,vulture,NotAppl,M,4,underived,,,0,0,animate,L,Birds,0,0,0,"गि,्ध,गिद,ध,ग,द्ध","d̪d̪ʰ,ɡɪ,ɡɪd̪,d̪ʰ,ɡ,ɪd̪d̪ʰ",ग,ɡ,,ɡ
1508,गिनती,गिन,ɡɪn̪,counting,NotAppl,F,1,underived,,,0,0,inanimate,N,Action,0,0,0,"गि,िन,न,ग,गिन","ɡɪn̪,ɡɪ,ɪn̪,ɡ,n̪",ग,ɡ,,ɡ
1509,गियर,गियर,ɡɪjəɾ,gear,NotAppl,M,4,underived,,,0,0,inanimate,O,Artifact,1,0,0,"गिय,गि,यर,र,ियर,ग","ɡɪ,jəɾ,ɾ,ɡ,ɡɪj,əɾ","र,ियर,ग","ɾ,ɡ,əɾ",र,"ɾ,ɡ,əɾ"
1510,गिरफ्त,गिरफ्त,ɡɪɾəpʰt̪,arrest,NotAppl,F,3,underived,,,0,0,inanimate,G,Physical,0,0,0,"गि,्त,त,गिर,फ्त,ग","ɡɪɾ,ɡɪ,t̪,əpʰt̪,ɡ,pʰt̪","्त,त,ग","t̪,ɡ","्त,त","t̪,ɡ"
1511,गिरफ्तारी,गिरफ्ता,ɡɪɾəpʰt̪ɑː,arrest,NotAppl,F,1,agent_doer,,,0,1,inanimate,G,Physical,0,0,0,"गि,ा,गिर,ता,ग,्ता","ɡɪɾ,ɡɪ,ɑː,t̪ɑː,ɡ,pʰt̪ɑː","ा,ग",ɡ,ा,ɡ
1512,गिरवी,गिरव,ɡɪɾəʋ,mortgage,NotAppl,F,1,underived,,,0,0,inanimate,I,Action,0,1,0,"गि,व,गिर,रव,ग,िरव","ɡɪɾ,ɡɪ,əʋ,ʋ,ɡ,ɾəʋ","व,ग","ʋ,ɡ",व,"ʋ,ɡ"
1513,गिरावट,गिरावट,ɡɪɾɑːʋəʈ,decline,neutral,F,3,underived,,,0,0,inanimate,N,Action,0,0,0,"गि,ट,वट,गिर,ग,ावट","əʈ,ɡɪɾ,ɡɪ,ʈ,ʋəʈ,ɡ","वट,ग,ावट","əʈ,ʋəʈ,ɡ",,ɡ
1514,गिरावट,गिरावट,ɡɪɾɑːʋəʈ,decline,neutral,M,4,underived,,,0,0,inanimate,N,Action,0,0,0,"गि,ट,वट,गिर,ग,ावट","əʈ,ɡɪɾ,ɡɪ,ʈ,ʋəʈ,ɡ","वट,ग,ावट","əʈ,ʋəʈ,ɡ",,ɡ
1515,गिरिजाघर,गिरिजाघर,ɡɪɾɪd͡ʒɑːɡʰəɾ,church,NotAppl,M,4,underived,,,0,0,inanimate,S,Physical Place,0,0,0,"गि,ाघर,र,घर,गिर,ग","ɡʰəɾ,ɡɪɾ,ɡɪ,ɾ,ɡ,əɾ","र,घर,ग","ɡʰəɾ,ɾ,ɡ,əɾ",र,"ɾ,ɡ,əɾ"
1516,गिरोह,गिरोह,ɡɪɾoːɦ,gang,NotAppl,M,0,underived,,,0,0,inanimate,S,Group,0,1,0,"गि,ह,ोह,रोह,गिर,ग","ɡɪɾ,ɡɪ,ɦ,ɾoːɦ,ɡ,oːɦ","ोह,ग","ɡ,oːɦ",,ɡ
1517,गिलास,गिलास,ɡɪlɑːs̪,glass,NotAppl,M,4,underived,,,0,0,inanimate,O,Artifact,1,0,0,"गि,स,ास,लास,ग,गिल","ɡɪ,ɑːs̪,ɡɪl,s̪,ɡ,lɑːs̪","ास,ग",ɡ,,ɡ
1518,गीगा,गीग,ɡiːɡ,giga,NotAppl,M,0,underived,,,0,0,inanimate,Z,Abstract,1,0,0,"ग,ीग,गीग,गी","iːɡ,ɡiː,ɡiːɡ,ɡ",ग,ɡ,,ɡ
1519,गीज़र,गीज़र,ɡiːzəɾ,geyser,NotAppl,M,4,underived,,,0,0,inanimate,W,Common Noun,0,0,0,"र,़र,गीज,ग,गी,ज़र","zəɾ,ɡiː,ɾ,ɡ,əɾ,ɡiːz","र,ग","ɾ,ɡ,əɾ",र,"ɾ,ɡ,əɾ"
1520,गीत,गीत,ɡiːt̪,song,NotAppl,M,4,underived,,,0,0,inanimate,K,property,0,0,1,"ीत,त,ग,गी,गीत","t̪,iːt̪,ɡ,ɡiː,ɡiːt̪","ीत,त,ग","t̪,iːt̪,ɡ",त,"t̪,ɡ"
1521,गीतकार,गीतकार,ɡiːt̪kɑːɾ,lyricist,NotAppl,M,4,agentive_activity1,agentive_activity1,agentive_activity1,0,1,animate,Q,Person,0,0,0,"र,ार,कार,ग,गी,गीत","kɑːɾ,ɾ,ɑːɾ,ɡ,ɡiː,ɡiːt̪","र,ार,ग","ɾ,ɑːɾ,ɡ",र,"ɾ,ɡ"
1522,गुंजाइश,गुंजाइश,ɡũd͡ʒɑːɪʃ,scope,NotAppl,F,3,underived,,,0,0,inanimate,A,State,0,1,0,"ाइश,श,इश,गु,ग,गुं","ʃ,ɡũd͡ʒ,ɡ,ɡũ,ɪʃ,ɑːɪʃ",ग,ɡ,,ɡ
1523,गुंडा,गुंड,ɡũɖ,goon,NotAppl,M,2,underived,,,0,0,animate,Z,Person,0,0,0,"ड,ंड,ुंड,गु,ग,गुं","ɖ,ũɖ,ɡũɖ,ɡ,ɡũ",ग,ɡ,,ɡ
1524,गुंबद,गुंबद,ɡũbəd̪,dome,NotAppl,M,4,underived,,,0,0,inanimate,H,Artifact,0,1,0,"द,बद,गु,ग,ंबद,गुं","d̪,əd̪,ɡũb,ɡ,bəd̪,ɡũ",ग,ɡ,,ɡ
1525,गुजारा,गुजार,ɡud͡ʒɑːɾ,alimony,NotAppl,M,2,underived,,,0,0,inanimate,I,Physical,0,0,0,"ार,र,गु,ग,जार,गुज","d͡ʒɑːɾ,ɡu,ɡud͡ʒ,ɾ,ɑːɾ,ɡ","ार,र,ग","ɾ,ɑːɾ,ɡ",र,"ɾ,ɡ"
1526,गुजारिश,गुजारिश,ɡud͡ʒɑːɾɪʃ,request,NotAppl,F,3,underived,,,0,0,inanimate,Q,Action,0,0,0,"िश,श,गु,रिश,ग,गुज","ʃ,ɡu,ɡud͡ʒ,ɡ,ɪʃ,ɾɪʃ","िश,रिश,ग","ɡ,ɾɪʃ",,ɡ
1527,गुट,गुट,ɡuʈ,factions,NotAppl,M,4,underived,,,0,0,inanimate,S,Group,0,0,0,"ट,ुट,गुट,गु,ग","ɡu,ʈ,ɡ,ɡuʈ,uʈ",ग,ɡ,,ɡ
1528,गुटनिरपेक्ष,गुटनिरपेक्ष,ɡuʈn̪ɪɾpeːkʂ,non-aligned,NotAppl,M,4,underived,,,1,0,inanimate,Z,Common Noun,0,0,0,"्ष,ष,क्ष,गुट,गु,ग","ʂ,eːkʂ,ɡu,kʂ,ɡ,ɡuʈ","ष,ग","ʂ,ɡ",,ɡ
1529,गुटबाजी,गुटबाज,ɡuʈbɑːd͡ʒ,factionalism,NotAppl,F,1,abstract6,abstract6,abstract6,0,1,inanimate,S,Physical,0,0,0,"गुट,ज,गु,ाज,बाज,ग","bɑːd͡ʒ,ɑːd͡ʒ,ɡu,d͡ʒ,ɡ,ɡuʈ",ग,ɡ,,ɡ
1530,गुड़,गुड़,ɡuɽ,jaggery,NotAppl,M,0,underived,,,0,0,inanimate,Z,Edible,0,0,0,"ुड़,़,ड़,गु,ग,गुड","ɡu,uɽ,ɽ,ɡ,ɡuɽ","़,ड़,ग","ɽ,ɡ",़,ɡ
1531,गुण,गुण,ɡuɳ,property,NotAppl,M,4,underived,,,0,0,inanimate,A,Quality,0,0,1,"ुण,गु,ग,गुण,ण","ɡuɳ,ɡu,ɡ,ɳ,uɳ",ग,ɡ,,ɡ
1532,गुणज,गुणज,ɡuɳəd͡ʒ,multiples,NotAppl,M,4,underived,,,0,0,inanimate,N,Abstract,0,0,0,"णज,ज,गु,ुणज,ग,गुण","ɡuɳ,ɡu,əd͡ʒ,d͡ʒ,ɡ,ɳəd͡ʒ",ग,"əd͡ʒ,ɡ",,"əd͡ʒ,ɡ"
1533,गुणवत्ता,गुणवत्त,ɡuɳʋət̪t̪,quality,NotAppl,F,3,underived,,,1,0,inanimate,A,property,0,0,0,"्त,त्त,त,गु,ग,गुण","ɡuɳ,ət̪t̪,t̪,ɡu,t̪t̪,ɡ","्त,त्त,त,ग","ət̪t̪,t̪,t̪t̪,ɡ","्त,त","t̪,ɡ"
1534,गुणांक,गुणांक,ɡuɳɑ̃ːk,coefficient,NotAppl,M,4,underived,,,0,0,inanimate,N,property,0,0,0,"गु,क,ग,गुण,ंक,ांक","k,ɡuɳ,ɑ̃ːk,ɡu,ɳɑ̃ːk,ɡ",ग,ɡ,,ɡ
1535,गुत्थी,गुत्थ,ɡut̪t̪ʰ,kink,NotAppl,F,1,underived,,,0,0,inanimate,O,Communication,0,0,0,"गुत,्थ,गु,त्थ,ग,थ","ɡu,t̪t̪ʰ,ɡut̪,t̪ʰ,ɡ,ut̪t̪ʰ",ग,ɡ,,ɡ
1536,गुनाह,गुनाह,ɡun̪ɑːɦ,sin,NotAppl,M,4,underived,,,0,0,inanimate,G,Anti-social,0,1,0,"ाह,गुन,ह,गु,ग,नाह","ɡun̪,ɑːɦ,ɦ,ɡu,ɡ,n̪ɑːɦ","ाह,ग","ɑːɦ,ɡ",,ɡ
1537,गुनी,गुन,ɡun̪,gunny,NotAppl,M,4,underived,,,0,0,inanimate,Z,property,0,0,0,"गुन,न,गु,ग,ुन","ɡun̪,ɡu,ɡ,n̪,un̪",ग,ɡ,,ɡ
1538,गुप्तचर,गुप्तचर,ɡupt̪ət͡ʃəɾ,spy,NotAppl,M,4,underived,,,0,0,animate,G,Person,0,0,0,"गुप,तचर,चर,र,गु,ग","ɡup,t͡ʃəɾ,ɡu,ɾ,ɡ,əɾ","र,ग","ɾ,ɡ,əɾ",र,"ɾ,ɡ,əɾ"
1539,गुप्ता,गुप्त,ɡupt̪,gupta,NotAppl,M,0,underived,,,0,0,inanimate,Z,Common Noun,0,0,0,"गुप,्त,त,गु,प्त,ग","ɡup,pt̪,t̪,ɡu,upt̪,ɡ","्त,त,ग","t̪,ɡ","्त,त","t̪,ɡ"
1540,गुफा,गुफ,ɡupʰ,cave,NotAppl,F,3,underived,,,0,0,inanimate,K,Physical Place,0,0,0,"फ,गुफ,गु,ुफ,ग","ɡu,pʰ,ɡupʰ,ɡ,upʰ",ग,ɡ,,ɡ
1541,गुमनामी,गुमनाम,ɡumn̪ɑːm,oblivion,NotAppl,F,1,abstract6,abstract6,abstract6,0,1,inanimate,A,State,0,0,0,"गुम,नाम,म,गु,ग,ाम","ɡum,ɡu,m,ɡ,n̪ɑːm,ɑːm",ग,ɡ,,ɡ
1542,गुमशुदगी,गुमशुद,ɡumʃud̪,disappearance,NotAppl,F,1,state,,,0,1,inanimate,A,Social State,0,0,0,"द,गुम,गु,ग,शुद,ुद","d̪,ʃud̪,ɡum,ɡu,ud̪,ɡ",ग,ɡ,,ɡ
1543,गुरिल्ला,गुरिल्ल,ɡuɾɪll,guerrilla,NotAppl,M,4,underived,,,0,0,animate,L,Mammal,1,0,0,"्ल,ल्ल,गु,गुर,ग,ल","ɡuɾ,ll,ɡu,ɪll,l,ɡ",ग,ɡ,,ɡ
1545,गुरुकुल,गुरुकुल,ɡuɾukul,gurukul,NotAppl,M,4,underived,,,0,0,inanimate,Z,Physical Place,0,0,0,"ुल,गु,गुर,ग,ल,कुल","ul,ɡuɾ,ɡu,l,ɡ,kul",ग,ɡ,,ɡ
1548,गुरूजी,गुरूज,ɡuɾuːd͡ʒ,guruji,NotAppl,M,4,underived,,,0,0,animate,Z,Person,0,0,0,"ूज,ज,गु,गुर,ग,रूज","ɡuɾ,uːd͡ʒ,ɡu,d͡ʒ,ɾuːd͡ʒ,ɡ",ग,ɡ,,ɡ
1552,गुल,गुल,ɡul,gul,NotAppl,M,0,underived,,,0,0,inanimate,Z,Person,0,1,0,"ुल,गु,ग,ल,गुल","ul,ɡul,ɡu,l,ɡ",ग,ɡ,,ɡ
1553,गुस्सा,गुस्स,ɡus̪s̪,anger,neutral,F,2,underived,,,0,0,inanimate,E,Psychological Feature,0,0,0,"स,स्स,्स,गु,गुस,ग","us̪s̪,ɡu,s̪s̪,s̪,ɡus̪,ɡ",ग,ɡ,,ɡ
1554,गुस्सा,गुस्स,ɡus̪s̪,anger,neutral,M,2,underived,,,0,0,inanimate,E,Psychological Feature,0,0,0,"स,स्स,्स,गु,गुस,ग","us̪s̪,ɡu,s̪s̪,s̪,ɡus̪,ɡ",ग,ɡ,,ɡ
1555,गुहार,गुहार,ɡuɦɑːɾ,appeal,NotAppl,F,3,underived,,,0,0,inanimate,Q,Action,0,0,0,"ार,र,गु,गुह,हार,ग","ɡu,ɦɑːɾ,ɾ,ɡuɦ,ɑːɾ,ɡ","ार,र,ग","ɾ,ɑːɾ,ɡ",र,"ɾ,ɡ"
1556,गूंज,गूंज,ɡũːd͡ʒ,echo,NotAppl,F,3,underived,,,0,0,inanimate,X,property,0,0,0,"गूं,ज,ूंज,ंज,गू,ग","ɡũːd͡ʒ,ɡũː,d͡ʒ,ɡ,ũːd͡ʒ",ग,ɡ,,ɡ
1557,गृह,गृह,ɡɾɨɦ,home,NotAppl,M,4,underived,,,0,0,inanimate,H,Physical Place,0,0,1,"गृह,ह,गृ,ृह,ग","ɾɨɦ,ɦ,ɨɦ,ɡɾ,ɡ,ɡɾɨ",ग,"ɡɾ,ɡ",,ɡ
1558,गृहनगर,गृहनगर,ɡɾɨɦən̪ɡəɾ,hometown,NotAppl,M,4,underived,,,1,0,inanimate,Z,Physical Place,0,0,0,"नगर,गृह,र,गृ,गर,ग","ɡɾ,ɾ,ɡ,əɾ,ɡɾɨ,ɡəɾ","र,ग","ɡɾ,ɾ,ɡ,əɾ",र,"ɾ,ɡ,əɾ"
1559,गृहसचिव,गृहसचिव,ɡɾɨɦəs̪t͡ʃɪʋ,home secretary,NotAppl,M,4,underived,,,1,0,animate,H,Person,0,0,0,"व,चिव,गृह,गृ,िव,ग","t͡ʃɪʋ,ɡɾ,ʋ,ɪʋ,ɡ,ɡɾɨ","व,ग","ɡɾ,ʋ,ɡ",व,"ʋ,ɡ"
1560,गेँदबाज,गेँद,ɡẽːd̪,bowler,NotAppl,M,4,agentive4,,,0,1,animate,K,Physical State,0,0,0,"द,गे,ँद,ेँद,ग,गेँ","d̪,ɡẽːd̪,ẽːd̪,ɡẽː,ɡ",ग,ɡ,,ɡ
1561,गेँदबाजी,गेँदबाज,ɡẽːd̪bɑːd͡ʒ,bowling,NotAppl,F,1,abstract6,abstract6,abstract6,0,1,inanimate,K,Action,0,0,0,"गे,ाज,ज,बाज,ग,गेँ","bɑːd͡ʒ,ɡẽːd̪,ɑːd͡ʒ,d͡ʒ,ɡẽː,ɡ",ग,ɡ,,ɡ
1562,गेंद,गेंद,ɡẽːd̪,ball,NotAppl,F,3,underived,,,0,0,inanimate,O,Artifact,0,1,0,"द,गें,ेंद,गे,ंद,ग","d̪,ɡẽːd̪,ẽːd̪,ɡẽː,ɡ","ंद,ग",ɡ,,ɡ
1563,गेंदबाज,गेंद,ɡẽːd̪,bowler,NotAppl,M,4,agentive4,,,0,1,animate,K,Person,0,0,0,"द,गें,ेंद,गे,ंद,ग","d̪,ɡẽːd̪,ẽːd̪,ɡẽː,ɡ","ंद,ग",ɡ,,ɡ
1565,गेट,गेट,ɡeːʈ,gate,NotAppl,M,4,underived,,,0,0,inanimate,H,Common Noun,1,0,0,"ट,गे,गेट,ेट,ग","eːʈ,ʈ,ɡeːʈ,ɡ,ɡeː",ग,ɡ,,ɡ
1566,गेटकीपर,गेटकीपर,ɡeːʈkiːpəɾ,gatekeeper,NotAppl,M,4,underived,,,0,0,animate,I,Occupation,1,0,0,"पर,र,ीपर,गे,गेट,ग","pəɾ,ɾ,ɡeːʈ,ɡ,ɡeː,əɾ","र,ग","ɾ,ɡ,əɾ",र,"ɾ,ɡ,əɾ"
1567,गेम,गेम,ɡeːm,game,NotAppl,M,4,underived,,,0,0,inanimate,K,Artifact,1,0,0,"गे,गेम,म,ग,ेम","ɡeːm,m,eːm,ɡ,ɡeː",ग,"eːm,ɡ",,ɡ
1568,गेस्ट,गेस्ट,ɡeːs̪ʈ,guest,NotAppl,M,4,underived,,,0,0,animate,H,Common Noun,1,0,0,"ट,गे,्ट,ग,स्ट,गेस","eːs̪ʈ,ʈ,ɡeːs̪,s̪ʈ,ɡ,ɡeː","ग,स्ट","s̪ʈ,ɡ",,"s̪ʈ,ɡ"
1570,गैंग,गैंग,ɡəɪ̃ɡ,gang,NotAppl,M,4,underived,,,0,0,inanimate,S,Group,1,0,0,"गैं,ैंग,ंग,ग,गै","əɪ̃ɡ,ɡəɪ̃,ɪ̃ɡ,ɡ,ɡə","ंग,ग","ɪ̃ɡ,ɡ",ंग,"ɪ̃ɡ,ɡ"
1571,गैंगवार,गैंगवार,ɡəɪ̃ɡʋɑːɾ,gang war,NotAppl,M,4,underived,,,0,0,inanimate,S,Physical,1,0,0,"ार,र,गैं,ग,गै,वार","ɡəɪ̃,ɾ,ɑːɾ,ɡ,ɡə,ʋɑːɾ","ार,र,ग","ɾ,ɑːɾ,ɡ",र,"ɾ,ɡ"
1572,गैंगस्टर,गैंगस्टर,ɡəɪ̃ɡəs̪ʈəɾ,gangster,NotAppl,M,4,underived,,,0,0,animate,G,Person,1,0,0,"र,्टर,गैं,टर,ग,गै","ɡəɪ̃,ʈəɾ,ɾ,ɡ,əɾ,ɡə","र,्टर,टर,ग","ʈəɾ,ɾ,ɡ,əɾ","र,्टर,टर","ʈəɾ,ɾ,ɡ,əɾ"
1573,गैंबलिंग,गैंबलिंग,ɡəɪ̃blɪ̃ɡ,gambling,NotAppl,F,0,underived,,,0,0,inanimate,A,Anti-social,1,0,0,"गैं,िंग,ंग,ग,गै","ɡəɪ̃,lɪ̃ɡ,ɪ̃ɡ,ɡ,ɡə","िंग,ंग,ग","lɪ̃ɡ,ɪ̃ɡ,ɡ","िंग,ंग","ɪ̃ɡ,ɡ"
1574,गैरहाजिरी,गैरहाजिर,ɡəɪɾɦɑːd͡ʒɪɾ,absence,NotAppl,F,1,underived,,,1,0,inanimate,S,State,0,0,0,"र,जिर,िर,गैर,ग,गै","ɪɾ,d͡ʒɪɾ,ɡəɪ,ɾ,ɡ,ɡə","र,ग","ɾ,ɡ",र,"ɾ,ɡ"
1575,गैलरी,गैलर,ɡəɪləɾ,gallery,NotAppl,F,1,underived,,,0,0,inanimate,C,Physical Place,1,0,0,"र,ैलर,गै,गैल,ग,लर","ɡəɪ,ɾ,ɡ,əɾ,ɡə,ləɾ","र,ग","ɾ,ɡ,əɾ",र,"ɾ,ɡ,əɾ"
1576,गैस,गैस,ɡəɪs̪,gas,neutral,F,3,underived,,,0,0,inanimate,O,Chemical,1,0,0,"स,ैस,ग,गै,गैस","ɪs̪,ɡəɪ,s̪,ɡ,ɡə,əɪs̪",ग,ɡ,,ɡ
1577,गैस,गैस,ɡəɪs̪,gas,neutral,M,4,underived,,,0,0,inanimate,O,Chemical,1,0,0,"स,ैस,ग,गै,गैस","ɪs̪,ɡəɪ,s̪,ɡ,ɡə,əɪs̪",ग,ɡ,,ɡ
1578,गॉडफादर,गॉडफादर,ɡɔɖpʰɑːd̪əɾ,the godfather,NotAppl,M,4,underived,,,0,0,animate,Z,Common Noun,1,0,0,"गॉ,दर,र,ादर,ग,गॉड","d̪əɾ,ɾ,ɡɔ,ɡ,əɾ,ɡɔɖ","र,ग","ɾ,ɡ,əɾ",र,"ɾ,ɡ,əɾ"
1579,गोचर,गोचर,ɡoːt͡ʃəɾ,transit,NotAppl,M,4,underived,,,0,0,inanimate,M,Physical Place,0,0,0,"ोचर,गो,चर,र,ग,गोच","ɡoː,t͡ʃəɾ,ɾ,ɡ,ɡoːt͡ʃ,əɾ","र,ग","ɾ,ɡ,əɾ",र,"ɾ,ɡ,əɾ"
1580,गोत्र,गोत्र,ɡoːt̪ɾ,gotra,NotAppl,M,4,underived,,,0,0,inanimate,Z,property,0,0,1,"गो,गोत,र,्र,त्र,ग","ɡoː,ɾ,ɡ,ɡoːt̪,t̪ɾ,oːt̪ɾ","र,ग","ɾ,ɡ",र,"ɾ,ɡ"
1581,गोद,गोद,ɡoːd̪,lap,NotAppl,F,3,underived,,,0,0,inanimate,B,Part of,0,0,0,"द,गो,ोद,ग,गोद","d̪,ɡoː,oːd̪,ɡoːd̪,ɡ",ग,ɡ,,ɡ
1582,गोदाम,गोदाम,ɡoːd̪ɑːm,warehouse,NotAppl,M,4,underived,,,0,0,inanimate,A,Physical Place,0,0,1,"गो,म,दाम,ग,ाम,गोद","d̪ɑːm,ɡoː,m,ɡoːd̪,ɡ,ɑːm",ग,ɡ,,ɡ
1583,गोदी,गोद,ɡoːd̪,dockyard,NotAppl,F,1,underived,,,0,0,inanimate,M,Part of,0,0,0,"द,गो,ोद,ग,गोद","d̪,ɡoː,oːd̪,ɡoːd̪,ɡ",ग,ɡ,,ɡ
1584,गोपनीयता,गोपनीय,ɡoːpn̪iːjə,privacy,NotAppl,F,3,abstract8,abstract8,abstract8,0,1,inanimate,A,State,0,0,0,"गोप,गो,य,ीय,ग,नीय","ɡoː,ɡoːp,iːjə,ə,ɡ,jə","य,ग","ɡ,jə",य,"ɡ,jə"
1585,गोबर,गोबर,ɡoːbəɾ,cow dung,NotAppl,M,4,underived,,,0,0,inanimate,L,Natural Object,0,0,0,"गो,र,बर,गोब,ोबर,ग","ɡoː,ɾ,ɡoːb,ɡ,bəɾ,əɾ","र,ग","ɾ,ɡ,əɾ",र,"ɾ,ɡ,əɾ"
1586,गोभी,गोभ,ɡoːbʰ,cauliflower,NotAppl,M,4,underived,,,0,0,inanimate,F,Edible,0,0,0,"गो,गोभ,ोभ,भ,ग","ɡoː,ɡoːbʰ,ɡ,bʰ,oːbʰ",ग,ɡ,,ɡ
1587,गोरखधंधा,गोरखधंध,ɡoːɾəkʰd̪ʰə̃d̪ʰ,racketeering,NotAppl,M,2,underived,,,0,0,inanimate,G,Abstract,0,0,0,"गो,धंध,ध,ग,ंध,गोर","ɡoːɾ,ɡoː,d̪ʰə̃d̪ʰ,ə̃d̪ʰ,d̪ʰ,ɡ",ग,ɡ,,ɡ
1588,गोरखा,गोरख,ɡoːɾəkʰ,gurkha,NotAppl,M,2,underived,,,0,0,inanimate,Z,Mythological Place,0,0,0,"गो,ख,रख,ग,ोरख,गोर","ɡoːɾ,ɡoː,ɾəkʰ,əkʰ,ɡ,kʰ",ग,ɡ,,ɡ
1589,गोल,गोल,ɡoːl,round,NotAppl,M,4,underived,,,0,0,inanimate,O,Abstract,1,0,0,"गो,ोल,ग,ल,गोल","ɡoː,ɡoːl,oːl,l,ɡ",ग,ɡ,,ɡ
1590,गोलची,गोलच,ɡoːlət͡ʃ,gouge,NotAppl,M,4,underived,,,0,0,animate,A,Person,0,1,0,"लच,गो,च,ग,गोल,ोलच","t͡ʃ,ɡoː,ɡoːl,ɡ,lət͡ʃ,ət͡ʃ",ग,"ɡ,ət͡ʃ",,ɡ
1591,गोलबंदी,गोलबंद,ɡoːlbə̃d̪,mobilization,NotAppl,F,1,underived,,,1,0,inanimate,A,Abstract,0,0,0,"द,गो,ंद,बंद,ग,गोल","d̪,ɡoː,ɡoːl,bə̃d̪,ɡ,ə̃d̪","ंद,बंद,ग","bə̃d̪,ɡ,ə̃d̪",,ɡ
1592,गोलमेज,गोलमेज,ɡoːlmeːd͡ʒ,round table,NotAppl,F,3,underived,,,1,0,inanimate,S,Common Noun,0,0,0,"गो,मेज,ज,ग,ेज,गोल","ɡoː,eːd͡ʒ,ɡoːl,d͡ʒ,ɡ,meːd͡ʒ",ग,ɡ,,ɡ
1593,गोला,गोल,ɡoːl,circle,NotAppl,M,2,underived,,,0,0,inanimate,M,Object,0,0,0,"गो,ोल,ग,ल,गोल","ɡoː,ɡoːl,oːl,l,ɡ",ग,ɡ,,ɡ
1594,गोलाबारूद,गोलाबारूद,ɡoːlɑːbɑːɾuːd̪,ammunition,NotAppl,M,4,underived,,,1,0,inanimate,G,Common Noun,0,0,0,"द,गो,रूद,ूद,ग,गोल","d̪,uːd̪,ɡoː,ɡoːl,ɾuːd̪,ɡ",ग,ɡ,,ɡ
1595,गोली,गोल,ɡoːl,gun shot,NotAppl,F,1,underived,,,0,0,inanimate,G,Artifact,0,0,0,"गो,ोल,ग,ल,गोल","ɡoː,ɡoːl,oːl,l,ɡ",ग,ɡ,,ɡ
1596,गोलीबारी,गोलीबार,ɡoːliːbɑːɾ,shootout,NotAppl,F,1,abstract6,abstract6,abstract6,0,1,inanimate,Z,Physical,0,0,0,"गो,र,ार,बार,ग,गोल","bɑːɾ,ɡoː,ɡoːl,ɾ,ɑːɾ,ɡ","र,ार,ग","ɾ,ɑːɾ,ɡ",र,"ɾ,ɡ"
1597,गोल्फ,गोल्फ,ɡoːlpʰ,golf,NotAppl,M,0,underived,,,0,0,inanimate,K,Physical,1,0,0,"गो,फ,ल्फ,ग,्फ,गोल","ɡoː,ɡoːl,pʰ,ɡ,oːlpʰ,lpʰ",ग,ɡ,,ɡ
1598,गोश्त,गोश्त,ɡoːʃt̪,meat,NotAppl,M,4,underived,,,0,0,inanimate,F,Edible,0,1,0,"गो,गोश,्त,श्त,त,ग","ʃt̪,ɡoː,t̪,ɡoːʃ,oːʃt̪,ɡ","्त,त,ग","t̪,ɡ","्त,त","t̪,ɡ"
1599,गोष्ठी,गोष्ठ,ɡoːʂʈʰ,seminar,NotAppl,F,1,abstract6,abstract6,abstract6,0,1,inanimate,P,Group,0,0,1,"गो,गोष,्ठ,ष्ठ,ग,ठ","ʂʈʰ,ʈʰ,ɡoːʂ,oːʂʈʰ,ɡoː,ɡ",ग,ɡ,,ɡ
1600,गोहत्या,गोहत्य,ɡoːɦt̪jə,cow slaughter,NotAppl,F,3,underived,,,0,0,inanimate,L,Anti-social,0,0,0,"गो,गोह,्य,त्य,य,ग","ɡoː,ə,ɡ,jə,ɡoːɦ,t̪jə","्य,य,ग","ɡ,jə",य,"ɡ,jə"
1601,गौर,गौर,ɡəuɾ,consider,NotAppl,M,0,underived,,,0,0,inanimate,X,Physical,0,0,1,"ौर,र,गौर,ग,गौ","ɡəu,ɾ,ɡ,əuɾ,ɡə,uɾ","र,ग","ɾ,ɡ",र,"ɾ,ɡ"
1602,गौरव,गौरव,ɡəuɾəʋ,pride,NotAppl,M,4,underived,,,0,0,inanimate,E,Psychological Feature,0,0,1,"व,गौर,ौरव,रव,ग,गौ","əʋ,ʋ,ɡəu,ɡ,ɾəʋ,ɡə","व,ग","ʋ,ɡ",व,"ʋ,ɡ"
1603,ग्यारहवां,ग्यारहव,ɡjɑːɾɦəʋ,eleventh,NotAppl,F,0,numeric,,,0,1,inanimate,N,Abstract,0,0,0,"व,रहव,हव,ग्य,ग्,ग","ɦəʋ,əʋ,ʋ,ɡ,ɡjɑː,ɡj","व,ग्,ग","ʋ,ɡ",व,"ʋ,ɡ"
1604,ग्रंथ,ग्रंथ,ɡɾə̃t̪ʰ,texts,NotAppl,M,4,underived,,,0,0,inanimate,Q,Artifact,0,0,1,"ग्र,रंथ,ंथ,ग्,ग,थ","ə̃t̪ʰ,ɡɾə̃,t̪ʰ,ɡɾ,ɡ,ɾə̃t̪ʰ","ग्र,ंथ,ग्,ग","ə̃t̪ʰ,ɡɾ,ɡ",,ɡ
1605,ग्रह,ग्रह,ɡɾəɦ,planet,NotAppl,M,4,underived,,,0,0,inanimate,W,Natural Object,0,0,1,"ग्र,ह,रह,ग्,ग,्रह","ɦ,əɦ,ɡɾ,ɡ,ɡɾə,ɾəɦ","ग्र,ग्,ग","ɡɾ,ɡ",,ɡ
1606,ग्रहण,ग्रहण,ɡɾəɦəɳ,eclipse,NotAppl,M,4,underived,,,0,0,inanimate,A,Action,0,0,1,"हण,ग्र,ग्,ग,रहण,ण","əɳ,ɡɾ,ɦəɳ,ɡ,ɳ,ɡɾə","ग्र,ग्,ग","əɳ,ɡɾ,ɡ",,"əɳ,ɡ"
1607,ग्रांट,ग्रांट,ɡɾɑ̃ːʈ,grant,NotAppl,F,3,underived,,,0,0,inanimate,I,Common Noun,1,0,0,"ट,ांट,ग्र,ंट,ग्,ग","ɾɑ̃ːʈ,ɡɾɑ̃ː,ɡɾ,ʈ,ɑ̃ːʈ,ɡ","ग्र,ंट,ग्,ग","ɡɾ,ɡ",,ɡ
1608,ग्राउंड,ग्राउंड,ɡɾɑːũɖ,ground,NotAppl,M,4,underived,,,0,0,inanimate,M,Common Noun,1,0,0,"उंड,ड,ग्र,ंड,ग्,ग","ɑːũɖ,ɖ,ɡɾɑː,ũɖ,ɡɾ,ɡ","ग्र,ग्,ग","ɡɾɑː,ɡɾ,ɡ",,ɡ
1609,ग्राडंड,ग्राडंड,ɡɾɑːɖə̃ɖ,groundhog,NotAppl,M,0,underived,,,0,0,inanimate,Z,Common Noun,1,0,0,"ड,ग्र,ंड,ग्,डंड,ग","ə̃ɖ,ɖ,ɡɾɑː,ɡɾ,ɡ,ɖə̃ɖ","ग्र,ग्,ग","ɡɾɑː,ɡɾ,ɡ",,ɡ
1610,ग्राम,ग्राम,ɡɾɑːm,gram,NotAppl,M,0,underived,,,0,0,inanimate,N,Measurement,1,0,0,"ग्र,म,राम,ग्,ग,ाम","ɾɑːm,ɡɾɑː,ɡɾ,m,ɡ,ɑːm","ग्र,ग्,ग","ɡɾɑː,ɡɾ,ɡ",,ɡ
1611,ग्रामस्वराज,ग्रामस्वराज,ɡɾɑːməs̪ʋəɾɑːd͡ʒ,rule of villagers to some extent,NotAppl,M,4,underived,,,1,0,inanimate,G,Social,0,0,0,"ग्र,राज,ाज,ज,ग्,ग","ɑːd͡ʒ,ɡɾɑː,d͡ʒ,ɡɾ,ɡ,ɾɑːd͡ʒ","ग्र,राज,ग्,ग","ɡɾɑː,ɡɾ,ɡ,ɾɑːd͡ʒ",,ɡ
1612,ग्रामीण,ग्रामीण,ɡɾɑːmiːɳ,rural,NotAppl,M,4,underived,,,0,0,animate,F,Person,0,0,1,"ग्र,ीण,मीण,ग्,ग,ण","miːɳ,iːɳ,ɡɾɑː,ɡɾ,ɡ,ɳ","ग्र,ग्,ग","ɡɾɑː,ɡɾ,ɡ",,ɡ
1613,ग्रास,ग्रास,ɡɾɑːs̪,grass,NotAppl,M,4,underived,,,0,0,inanimate,L,Natural Event,1,0,0,"स,ग्र,रास,ास,ग्,ग","ɡɾɑː,ɑːs̪,ɡɾ,s̪,ɡ,ɾɑːs̪","ग्र,ास,ग्,ग","ɡɾɑː,ɡɾ,ɡ",,ɡ
1614,ग्राहक,ग्राहक,ɡɾɑːɦək,customer,NotAppl,M,4,underived,,,0,0,animate,I,Person,0,0,1,"ग्र,ाहक,क,हक,ग्,ग","k,ɡɾɑː,ək,ɡɾ,ɡ,ɦək","ग्र,ग्,ग","ɡɾɑː,ək,ɡɾ,ɡ",,ɡ
1615,ग्रिड,ग्रिड,ɡɾɪɖ,grid,neutral,F,3,underived,,,0,0,inanimate,O,Common Noun,1,0,0,"िड,ड,ग्र,रिड,ग्,ग","ɡɾɪ,ɖ,ɾɪɖ,ɡɾ,ɪɖ,ɡ","ग्र,ग्,ग","ɡɾ,ɡ",,ɡ
1616,ग्रिड,ग्रिड,ɡɾɪɖ,grid,neutral,M,4,underived,,,0,0,inanimate,O,Common Noun,1,0,0,"िड,ड,ग्र,रिड,ग्,ग","ɡɾɪ,ɖ,ɾɪɖ,ɡɾ,ɪɖ,ɡ","ग्र,ग्,ग","ɡɾ,ɡ",,ɡ
1617,ग्रीटिंग,ग्रीटिंग,ɡɾiːʈɪ̃ɡ,greeting,NotAppl,M,4,underived,,,0,0,inanimate,Q,Common Noun,1,0,0,"ग्र,िंग,ंग,ग्,ग","ɡɾ,ɡɾiː,ɪ̃ɡ,ɡ,ʈɪ̃ɡ","ग्र,िंग,ंग,ग्,ग","ɡɾ,ɪ̃ɡ,ɡ,ʈɪ̃ɡ","िंग,ंग","ɪ̃ɡ,ɡ"
1618,ग्रीष्म,ग्रीष्म,ɡɾiːʂm,summer,NotAppl,M,4,underived,,,0,0,inanimate,T,Time,0,0,1,"ग्र,ष्म,म,ग्,ग,्म","ʂm,iːʂm,ɡɾ,m,ɡɾiː,ɡ","ग्र,ग्,ग","ɡɾ,ɡ",,ɡ
1619,ग्रुप,ग्रुप,ɡɾup,group,NotAppl,M,4,underived,,,0,0,inanimate,S,Group,1,0,0,"ग्र,प,रुप,ुप,ग्,ग","ɡɾ,up,p,ɡɾu,ɡ,ɾup","ग्र,ग्,ग","ɡɾ,ɡ",,ɡ
1620,ग्रेजुएशन,ग्रेजुएशन,ɡɾeːd͡ʒueːʃən̪,graduation,NotAppl,M,4,underived,,,0,0,inanimate,P,Applied Sciences,1,0,0,"शन,ग्र,न,ग्,ग,एशन","ɡɾeː,ɡɾ,ən̪,ɡ,n̪,ʃən̪","शन,ग्र,ग्,ग","ɡɾ,ɡ,ʃən̪",,ɡ
1621,ग्रेड,ग्रेड,ɡɾeːɖ,grade,NotAppl,M,4,underived,,,0,0,inanimate,A,Common Noun,1,0,0,"ड,ग्र,ग्,ेड,ग,रेड","eːɖ,ɖ,ɡɾeː,ɡɾ,ɡ,ɾeːɖ","ग्र,ग्,ग","ɡɾ,ɡ",,ɡ
1622,ग्रेनाइट,ग्रेनाइट,ɡɾeːn̪ɑːɪʈ,granite,NotAppl,M,4,underived,,,0,0,inanimate,O,Natural Object,1,0,0,"ट,ग्र,इट,ग्,ग,ाइट","ɪʈ,ɡɾeː,ɡɾ,ʈ,ɑːɪʈ,ɡ","ग्र,इट,ग्,ग,ाइट","ɪʈ,ɡɾ,ɑːɪʈ,ɡ",,ɡ
1623,ग्रेनेड,ग्रेनेड,ɡɾeːn̪eːɖ,grenade,NotAppl,M,4,underived,,,0,0,inanimate,G,Artifact,1,0,0,"ड,ग्र,ग्,ेड,ग,नेड","eːɖ,ɖ,ɡɾeː,ɡɾ,n̪eːɖ,ɡ","ग्र,ग्,ग","ɡɾ,ɡ",,ɡ
1624,ग्रोथ,ग्रोथ,ɡɾoːt̪ʰ,growth,NotAppl,M,0,underived,,,0,0,inanimate,N,Action,1,0,0,"ग्र,रोथ,ोथ,ग्,ग,थ","ɾoːt̪ʰ,oːt̪ʰ,t̪ʰ,ɡɾ,ɡ,ɡɾoː","ग्र,ग्,ग","ɡɾ,ɡ",,ɡ
1625,ग्लाइसेरोल,ग्लाइसेरोल,ɡlɑːɪs̪eːɾoːl,glycerol,NotAppl,M,0,underived,,,0,0,inanimate,Z,Chemical,1,0,0,"ग्ल,ोल,रोल,ग्,ग,ल","ɡl,ɡlɑː,oːl,ɾoːl,l,ɡ","ग्,ग",ɡ,,ɡ
1626,ग्लेशियर,ग्लेशियर,ɡleːʃɪjəɾ,glacier,NotAppl,M,4,underived,,,0,0,inanimate,W,Natural Object,1,0,0,"यर,र,ियर,ग्ल,ग्,ग","ɡl,ɡleː,jəɾ,ɾ,ɡ,əɾ","र,ियर,ग्,ग","ɾ,ɡ,əɾ",र,"ɾ,ɡ,əɾ"
1627,ग्लोव,ग्लोव,ɡloːʋ,glove,NotAppl,M,5,underived,,,0,0,inanimate,B,Object,1,0,0,"व,ोव,ग्ल,लोव,ग्,ग","ɡloː,ɡl,ʋ,oːʋ,loːʋ,ɡ","व,ग्,ग","ʋ,ɡ",व,"ʋ,ɡ"
1628,घंटा,घंट,ɡʰə̃ʈ,hour,NotAppl,M,2,underived,,,0,0,inanimate,T,Measurement,0,0,0,"ट,घंट,ंट,घं,घ","ɡʰə̃ʈ,ə̃ʈ,ɡʰ,ʈ,ɡʰə̃",ंट,,,
1629,घंटी,घंट,ɡʰə̃ʈ,bell,NotAppl,F,1,underived,,,0,0,inanimate,O,Artifact,0,0,0,"ट,घंट,ंट,घं,घ","ɡʰə̃ʈ,ə̃ʈ,ɡʰ,ʈ,ɡʰə̃",ंट,,,
1630,घटक,घटक,ɡʰəʈək,constituent,NotAppl,M,4,underived,,,0,0,inanimate,G,Part of,0,0,1,"घटक,टक,घ,क,घट","k,ʈək,ək,ɡʰ,ɡʰə,ɡʰəʈ",,ək,,
1631,घटना,घटन,ɡʰəʈən̪,event,NotAppl,F,3,underived,,,0,0,inanimate,A,Cognition,0,0,1,"टन,न,घटन,घ,घट","ʈən̪,ɡʰ,ɡʰə,ɡʰəʈ,ən̪,n̪",,,,
1632,घटनाक्रम,घटनाक्रम,ɡʰəʈn̪ɑːkɾəm,events,neutral,F,3,underived,,,1,0,inanimate,A,State,0,0,0,"म,घटन,घ,्रम,रम,घट","əm,ɾəm,ɡʰ,m,ɡʰə,ɡʰəʈ",,,,
1633,घटनाक्रम,घटनाक्रम,ɡʰəʈn̪ɑːkɾəm,events,neutral,M,4,underived,,,1,0,inanimate,A,State,0,0,0,"म,घटन,घ,्रम,रम,घट","əm,ɾəm,ɡʰ,m,ɡʰə,ɡʰəʈ",,,,
1634,घटनाचक्र,घटनाचक्र,ɡʰəʈn̪ɑːt͡ʃəkɾ,sequence of events,NotAppl,M,4,underived,,,1,0,inanimate,N,State,0,0,0,"क्र,र,्र,घटन,घ,घट","əkɾ,ɡʰ,ɡʰə,ɡʰəʈ,ɾ,kɾ",र,ɾ,र,ɾ
1635,घटनास्थल,घटनास्थल,ɡʰəʈn̪ɑːs̪t̪ʰəl,on the spot,NotAppl,M,4,underived,,,1,0,inanimate,Z,Physical Place,0,0,0,"घटन,्थल,घ,ल,घट,थल","ɡʰ,ɡʰə,ɡʰəʈ,əl,t̪ʰəl,l",,əl,,
1637,घडा,घड,ɡʰəɖ,pitcher,NotAppl,M,2,underived,,,0,0,inanimate,O,Object,0,0,0,"ड,घ,घड","ɡʰəɖ,əɖ,ɖ,ɡʰ,ɡʰə",,,,
1639,घन,घन,ɡʰən̪,cube,NotAppl,M,4,underived,,,0,0,inanimate,O,Natural Object,0,0,0,"घन,घ,न","n̪,ɡʰ,ɡʰə,ɡʰən̪,ən̪",,,,
1640,घनमीटर,घनमीटर,ɡʰən̪miːʈəɾ,cubic meter,NotAppl,M,4,underived,,,0,0,inanimate,O,Measurement,0,0,0,"र,घन,घनम,घ,ीटर,टर","ɡʰ,ɡʰə,ɡʰən̪,ɾ,əɾ,ʈəɾ","र,टर","ɾ,əɾ,ʈəɾ","र,टर","ɾ,əɾ,ʈəɾ"
1641,घबराहट,घबरा,ɡʰəbɾɑː,nervousness,NotAppl,F,3,abstract_indicator,,,0,1,inanimate,E,Mental State,0,0,0,"ा,घब,घबर,घ,बरा,रा","bɾɑː,ɑː,ɾɑː,ɡʰ,ɡʰə,ɡʰəb",ा,,ा,
1642,घर,घर,ɡʰəɾ,home,NotAppl,M,4,underived,,,0,0,inanimate,H,Physical Place,0,0,0,"घर,घ,र","ɡʰəɾ,ɡʰ,ɡʰə,ɾ,əɾ","घर,र","ɡʰəɾ,ɾ,əɾ",र,"ɾ,əɾ"
1643,घराना,घरान,ɡʰəɾɑːn̪,gharana,NotAppl,M,2,underived,,,0,0,inanimate,Z,Group,0,0,0,"ान,घर,न,रान,घ,घरा","ɡʰəɾ,ɑːn̪,ɡʰ,ɡʰə,n̪,ɾɑːn̪",घर,ɡʰəɾ,,
1644,घरौंदा,घरौंद,ɡʰəɾəũd̪,gharonda,NotAppl,M,2,underived,,,0,0,inanimate,Z,Artifact,0,0,0,"द,घर,ंद,ौंद,घरौ,घ","ɡʰəɾ,d̪,əũd̪,ɡʰ,ɡʰə,ũd̪","घर,ंद",ɡʰəɾ,,
1645,घाट,घाट,ɡʰɑːʈ,ghats,NotAppl,M,4,underived,,,0,0,inanimate,Z,Physical Place,0,0,0,"घा,ट,ाट,घ,घाट","ɡʰɑːʈ,ɡʰ,ʈ,ɑːʈ,ɡʰɑː",,,,
1646,घाटा,घाट,ɡʰɑːʈ,loss,NotAppl,M,2,underived,,,0,0,inanimate,I,Abstract,0,0,0,"घा,ट,ाट,घ,घाट","ɡʰɑːʈ,ɡʰ,ʈ,ɑːʈ,ɡʰɑː",,,,
1647,घाटी,घाट,ɡʰɑːʈ,valley,NotAppl,F,1,underived,,,0,0,inanimate,W,Physical Place,0,0,0,"घा,ट,ाट,घ,घाट","ɡʰɑːʈ,ɡʰ,ʈ,ɑːʈ,ɡʰɑː",,,,
1648,घात,घात,ɡʰɑːt̪,ambush,NotAppl,F,3,underived,,,0,0,inanimate,G,Physical,0,0,1,"घा,त,ात,घ,घात","t̪,ɑːt̪,ɡʰɑːt̪,ɡʰ,ɡʰɑː",त,t̪,त,t̪
1649,घायल,घायल,ɡʰɑːjəl,injured,NotAppl,M,4,underived,,,0,0,animate,B,Person,0,0,0,"घा,यल,ायल,घ,घाय,ल","ɡʰ,əl,jəl,l,ɡʰɑːj,ɡʰɑː",,əl,,
1650,घायलावस्था,घायलावस्थ,ɡʰɑːjlɑːʋəs̪t̪ʰ,wounded state,NotAppl,F,3,underived,,,1,0,inanimate,B,Biological State,0,0,0,"घा,्थ,स्थ,घ,घाय,थ","s̪t̪ʰ,əs̪t̪ʰ,t̪ʰ,ɡʰ,ɡʰɑːj,ɡʰɑː",,,,
1651,घाव,घाव,ɡʰɑːʋ,wound,NotAppl,M,4,underived,,,0,0,inanimate,M,State,0,0,0,"घा,व,ाव,घाव,घ","ɡʰ,ʋ,ɡʰɑːʋ,ɑːʋ,ɡʰɑː","व,ाव",ʋ,"व,ाव",ʋ
1652,घास,घास,ɡʰɑːs̪,grass,NotAppl,F,3,underived,,,0,0,animate,L,Flora,0,0,0,"घा,स,घास,ास,घ","ɑːs̪,ɡʰɑːs̪,ɡʰ,s̪,ɡʰɑː",ास,,,
1653,घी,घ,ɡʰ,ghee,NotAppl,M,0,underived,,,0,0,inanimate,F,Edible,0,0,0,घ,ɡʰ,,,,
1654,घुटना,घुट,ɡʰuʈ,knee,NotAppl,M,2,verbal_noun2,verbal_noun2,,0,1,inanimate,B,Natural Object,0,0,0,"ट,ुट,घु,घ,घुट","ɡʰu,ɡʰ,ʈ,ɡʰuʈ,uʈ",,,,
1655,घुट्टी,घुट्ट,ɡʰuʈʈ,intestinal,NotAppl,F,1,underived,,,0,0,inanimate,B,Object,0,0,0,"ट,घु,ट्ट,्ट,घ,घुट","ɡʰu,ɡʰ,ʈʈ,ʈ,ɡʰuʈ,uʈʈ",ट्ट,ʈʈ,,
1656,घुमंतु,घुमंत,ɡʰumə̃t̪,nomad,NotAppl,M,4,underived,,,0,0,animate,Z,Common Noun,0,0,0,"घुम,त,घु,ंत,घ,मंत","ɡʰu,t̪,ə̃t̪,ɡʰ,ɡʰum,mə̃t̪",त,t̪,त,t̪
1657,घुसपैठ,घुसपैठ,ɡʰus̪pəɪʈʰ,infiltration,neutral,F,1,underived,,,0,0,inanimate,M,Action,0,0,0,"घु,घ,ैठ,घुस,पैठ,ठ","ʈʰ,ɡʰu,ɡʰ,əɪʈʰ,ɪʈʰ,ɡʰus̪",,,,
1658,घुसपैठ,घुसपैठ,ɡʰus̪pəɪʈʰ,infiltration,neutral,M,4,underived,,,0,0,inanimate,M,Action,0,0,0,"घु,घ,ैठ,घुस,पैठ,ठ","ʈʰ,ɡʰu,ɡʰ,əɪʈʰ,ɪʈʰ,ɡʰus̪",,,,
1659,घुसपैठिया,घुसपैठिय,ɡʰus̪pəɪʈʰɪjə,intruder,NotAppl,M,2,agentive_occupation1,,,0,1,animate,M,Person,0,0,0,"िय,य,घु,घ,घुस,ठिय","ɡʰu,ɡʰ,ɪjə,ə,jə,ɡʰus̪",य,jə,य,jə
1660,घुसपैठी,घुसपैठ,ɡʰus̪pəɪʈʰ,intruder,NotAppl,M,4,abstract6,abstract6,abstract6,0,1,animate,M,Social,0,0,0,"घु,घ,ैठ,घुस,पैठ,ठ","ʈʰ,ɡʰu,ɡʰ,əɪʈʰ,ɪʈʰ,ɡʰus̪",,,,
1661,घूँघट,घूँघट,ɡʰũːɡʰəʈ,veil,NotAppl,M,4,underived,,,0,0,inanimate,B,Part of,0,0,0,"ट,ँघट,घट,घूँ,घ,घू","əʈ,ɡʰ,ʈ,ɡʰəʈ,ɡʰũː,ɡʰũːɡʰ",,əʈ,,
1662,घूस,घूस,ɡʰuːs̪,bribery,NotAppl,F,3,underived,,,0,0,inanimate,G,Object,0,1,0,"स,घ,ूस,घू,घूस","ɡʰ,uːs̪,ɡʰuːs̪,s̪,ɡʰuː",,,,
1663,घृणा,घृण,ɡʰɾɨɳ,hatred,NotAppl,F,3,underived,,,0,0,inanimate,E,Psychological Feature,0,0,1,"ृण,घृ,घृण,घ,ण","ɨɳ,ɡʰɾɨ,ɡʰ,ɡʰɾ,ɳ,ɾɨɳ",,,,
1664,घृत,घृत,ɡʰɾɨt̪,ghee,NotAppl,M,4,underived,,,0,0,inanimate,F,Edible,0,0,1,"घृ,ृत,त,घृत,घ","t̪,ɡʰɾɨ,ɨt̪,ɡʰ,ɡʰɾ,ɾɨt̪","ृत,त","t̪,ɨt̪,ɾɨt̪",त,t̪
1665,घेरा,घेर,ɡʰeːɾ,circle,NotAppl,M,2,underived,,,0,0,inanimate,M,Object,0,0,0,"घे,र,घेर,घ,ेर","ɡʰeːɾ,ɡʰ,ɾ,ɡʰeː,eːɾ",र,ɾ,र,ɾ
1666,घेराबंदी,घेराबंद,ɡʰeːɾɑːbə̃d̪,the siege,NotAppl,F,1,abstract6,abstract6,abstract6,0,1,inanimate,Z,Action,0,0,0,"द,घे,ंद,घेर,बंद,घ","d̪,ɡʰeːɾ,ɡʰ,bə̃d̪,ɡʰeː,ə̃d̪","ंद,बंद","bə̃d̪,ə̃d̪",,
1667,घेराव,घेराव,ɡʰeːɾɑːʋ,encirclement,NotAppl,M,4,underived,,,0,0,inanimate,G,Action,0,0,0,"व,घे,ाव,घेर,घ,राव","ɾɑːʋ,ɡʰeːɾ,ɡʰ,ʋ,ɡʰeː,ɑːʋ","व,ाव",ʋ,"व,ाव",ʋ
1668,घोटाला,घोटाल,ɡʰoːʈɑːl,scam,NotAppl,M,2,underived,,,0,0,inanimate,G,Planned Event,0,0,0,"घोट,ाल,घ,टाल,ल,घो","ɡʰoː,ɡʰ,ʈɑːl,l,ɑːl,ɡʰoːʈ",,,,
1669,घोटालेबाज,घोटाले,ɡʰoːʈɑːleː,scammer,NotAppl,M,4,agentive4,,,0,1,animate,G,Anti-social,0,0,0,"घोट,ाले,े,घ,ले,घो","ɡʰoː,ɑːleː,leː,ɡʰ,eː,ɡʰoːʈ",,eː,,
1670,घोड़ा,घोड़,ɡʰoːɽ,horse,NotAppl,M,2,underived,,,0,0,animate,L,Mammal,0,0,0,"ोड़,़,ड़,घ,घोड,घो","oːɽ,ɡʰoː,ɡʰ,ɽ,ɡʰoːɽ","़,ड़",ɽ,़,
1671,घोषणा,घोषण,ɡʰoːʂəɳ,announcement,NotAppl,F,3,underived,,,0,0,inanimate,Q,Communication,0,0,1,"घोष,घ,षण,ोषण,ण,घो","əɳ,ɡʰoː,ɡʰ,ʂəɳ,ɡʰoːʂ,ɳ",षण,"əɳ,ʂəɳ",,əɳ
1672,चंगुल,चंगुल,t͡ʃə̃ɡul,clutches,NotAppl,M,4,underived,,,0,0,inanimate,A,Physiological  State,0,1,0,"ुल,चंग,च,ल,गुल,चं","ul,ɡul,t͡ʃ,t͡ʃə̃ɡ,l,t͡ʃə̃",,,,
1673,चंद्रमा,चंद्रम,t͡ʃə̃d̪ɾəm,moon,NotAppl,M,4,underived,,,0,0,inanimate,W,Natural Object,0,0,1,"चंद,म,च,्रम,रम,चं","əm,t͡ʃ,ɾəm,m,t͡ʃə̃,t͡ʃə̃d̪",,,,
1674,चकमा,चकम,t͡ʃəkəm,dodge,NotAppl,M,2,underived,,,0,0,inanimate,A,Quality,0,0,0,"चक,कम,म,च,चकम","kəm,əm,t͡ʃ,m,t͡ʃə,t͡ʃək",,,,
1675,चकाचौंध,चकाचौंध,t͡ʃəkɑːt͡ʃəũd̪ʰ,glare,NotAppl,F,3,underived,,,1,0,inanimate,E,Physiological  State,0,0,0,"चक,च,ध,ौंध,चका,ंध","t͡ʃ,d̪ʰ,t͡ʃə,t͡ʃək,əũd̪ʰ,ũd̪ʰ",,,,
1676,चक्कर,चक्कर,t͡ʃəkkəɾ,dizzy,NotAppl,M,4,underived,,,0,0,inanimate,B,Physiological  State,0,0,0,"कर,र,चक,च,्कर,चक्","t͡ʃ,ɾ,t͡ʃə,t͡ʃək,kəɾ,əɾ","कर,र","ɾ,kəɾ,əɾ","कर,र","ɾ,kəɾ,əɾ"
1677,चक्की,चक्क,t͡ʃəkk,grinder,NotAppl,F,1,underived,,,0,0,inanimate,O,Artifact,0,0,0,"्क,क्क,चक,च,क,चक्","kk,k,t͡ʃ,əkk,t͡ʃə,t͡ʃək",,,,
1678,चट्टान,चट्टान,t͡ʃəʈʈɑːn̪,rock,NotAppl,F,3,underived,,,0,0,inanimate,O,Part of,0,0,0,"ान,न,टान,चट,च,चट्","t͡ʃəʈ,t͡ʃ,ɑːn̪,t͡ʃə,n̪,ʈɑːn̪",,,,
1679,चढ़त,चढ़त,t͡ʃəɽʰət̪,climb,NotAppl,F,3,underived,,,0,0,inanimate,M,Action,0,0,0,"़त,चढ,त,च,चढ़,ढ़त","t͡ʃ,t̪,ɽʰət̪,ət̪,t͡ʃəɽʰ,t͡ʃə",त,t̪,त,t̪
1680,चढ़ाई,चढ़ा,t͡ʃəɽʰɑː,climb,NotAppl,F,1,abstract1,abstract1,abstract1,0,1,inanimate,M,Physical Place,0,0,0,"़ा,ा,चढ,ढ़ा,च,चढ़","ɽʰɑː,t͡ʃ,ɑː,t͡ʃəɽʰ,t͡ʃə,əɽʰɑː","़ा,ा",,ा,
1681,चढ़ाव,चढ़ाव,t͡ʃəɽʰɑːʋ,downs,NotAppl,M,4,result_nouns,,,0,1,inanimate,W,Action,0,0,0,"व,ाव,चढ,़ाव,च,चढ़","t͡ʃ,ɽʰɑːʋ,ʋ,t͡ʃəɽʰ,t͡ʃə,ɑːʋ","व,ाव",ʋ,"व,ाव",ʋ
1682,चतुराई,चतुरा,t͡ʃət̪uɾɑː,cleverness,NotAppl,F,1,abstract2,,,0,1,inanimate,X,Quality,0,0,0,"ा,च,ुरा,चतु,चत,रा","t͡ʃət̪,t͡ʃ,ɑː,uɾɑː,ɾɑː,t͡ʃə",ा,,ा,
1683,चतुर्भुज,चतुर्भुज,t͡ʃət̪uɾbʰud͡ʒ,quadrilateral,NotAppl,M,4,underived,,,1,0,inanimate,Z,Shape,0,0,0,"भुज,ज,च,चतु,चत,ुज","t͡ʃət̪,t͡ʃ,d͡ʒ,bʰud͡ʒ,t͡ʃə,ud͡ʒ",,,,
1684,चना,चन,t͡ʃən̪,gram,NotAppl,M,2,underived,,,0,0,inanimate,N,Edible,0,0,0,"न,च,चन","n̪,t͡ʃ,t͡ʃən̪,t͡ʃə,ən̪",,,,
1685,चपत,चपत,t͡ʃəpət̪,slap,NotAppl,F,3,underived,,,0,0,inanimate,E,Physical,0,0,0,"त,पत,च,चप,चपत","t͡ʃ,t̪,ət̪,t͡ʃə,t͡ʃəp,pət̪",त,t̪,त,t̪
1686,चपरासी,चपरास,t͡ʃəpɾɑːs̪,peon,NotAppl,M,4,abstract6,abstract6,abstract6,0,1,animate,Z,Person,0,0,0,"स,रास,ास,च,चप,चपर","t͡ʃ,ɑːs̪,t͡ʃə,s̪,t͡ʃəp,ɾɑːs̪",ास,,,
1687,चपेट,चपेट,t͡ʃəpeːʈ,grip,NotAppl,F,3,underived,,,0,0,inanimate,A,Physical,0,0,0,"ट,पेट,चपे,च,चप,ेट","t͡ʃ,eːʈ,ʈ,t͡ʃə,peːʈ,t͡ʃəp",,,,
1688,चप्पल,चप्पल,t͡ʃəppəl,slipper,NotAppl,F,3,underived,,,0,0,inanimate,B,Artifact,0,0,0,"पल,चप्,्पल,च,चप,ल","t͡ʃ,əl,t͡ʃə,l,pəl,t͡ʃəp",,əl,,
1689,चप्पा,चप्प,t͡ʃəpp,chappa,NotAppl,M,2,underived,,,0,0,inanimate,Z,Common Noun,0,0,0,"प्प,प,चप्,च,चप,्प","t͡ʃ,əpp,pp,p,t͡ʃə,t͡ʃəp",,,,
1690,चप्पू,चप्प,t͡ʃəpp,paddle,NotAppl,M,4,underived,,,0,0,inanimate,M,Artifact,0,0,0,"प्प,प,चप्,च,चप,्प","t͡ʃ,əpp,pp,p,t͡ʃə,t͡ʃəp",,,,
1691,चबूतरा,चबूतर,t͡ʃəbuːt̪əɾ,platform,NotAppl,M,2,underived,,,0,0,inanimate,M,Physical Place,0,0,0,"चब,तर,ूतर,र,चबू,च","t͡ʃəb,t͡ʃ,ɾ,t͡ʃə,t̪əɾ,əɾ",र,"ɾ,əɾ",र,"ɾ,əɾ"
1692,चमक,चमक,t͡ʃəmək,glow,NotAppl,F,3,underived,,,0,0,inanimate,O,Quality,0,0,0,"चम,च,क,मक,चमक","k,t͡ʃ,ək,t͡ʃəm,t͡ʃə,mək",,ək,,
1693,चमचा,चमच,t͡ʃəmət͡ʃ,spoon,NotAppl,M,2,underived,,,0,0,inanimate,O,Artifact,0,0,0,"च,चमच,चम,मच","t͡ʃ,t͡ʃəm,t͡ʃə,ət͡ʃ,mət͡ʃ",,ət͡ʃ,,
1694,चमडा,चमड,t͡ʃəməɖ,leather,NotAppl,M,2,underived,,,0,0,inanimate,O,Physical Object,0,0,0,"ड,मड,चम,च,चमड","t͡ʃ,əɖ,ɖ,t͡ʃəm,t͡ʃə,məɖ",,,,
1695,चमत्कार,चमत्कार,t͡ʃəmət̪kɑːɾ,miracle,NotAppl,M,4,agentive_activity1,agentive_activity1,agentive_activity1,0,1,inanimate,S,Physical,0,0,1,"चमत,ार,चम,र,च,कार","t͡ʃ,kɑːɾ,t͡ʃəm,t͡ʃə,ɾ,ɑːɾ","ार,र","ɾ,ɑːɾ",र,ɾ
1696,चयन,चयन,t͡ʃəjən̪,selection,NotAppl,M,4,underived,,,0,0,inanimate,X,Action,0,0,1,"चयन,चय,यन,न,च","t͡ʃəj,t͡ʃ,jən̪,ən̪,t͡ʃə,n̪",,,,
1697,चयनकर्ता,चयनकर्त,t͡ʃəjən̪kəɾt̪,selector,NotAppl,M,2,underived,,,1,0,animate,X,Person,0,0,0,"्त,चयन,र्त,चय,त,च","t͡ʃəj,t͡ʃ,t̪,ɾt̪,t͡ʃə,əɾt̪","्त,त",t̪,"्त,त",t̪
1698,चयनसमिति,चयनसमित,t͡ʃəjn̪əs̪mɪt̪,selection committee,NotAppl,F,1,underived,,,1,0,inanimate,T,Abstract,0,0,0,"चयन,चय,त,च,ित,मित","mɪt̪,t͡ʃəj,ɪt̪,t͡ʃ,t̪,t͡ʃə",त,t̪,त,t̪
1699,चरण,चरण,t͡ʃəɾəɳ,phase,NotAppl,M,4,underived,,,0,0,inanimate,T,Physical,0,0,1,"रण,चर,चरण,च,ण","t͡ʃ,t͡ʃəɾ,əɳ,t͡ʃə,ɾəɳ,ɳ",रण,"əɳ,ɾəɳ",,"əɳ,ɾəɳ"
1700,चरम,चरम,t͡ʃəɾəm,extreme,NotAppl,M,4,underived,,,0,0,inanimate,N,Stative,0,0,1,"चर,म,च,रम,चरम","əm,t͡ʃ,t͡ʃəɾ,ɾəm,m,t͡ʃə",,,,
1701,चरित्र,चरित्र,t͡ʃəɾɪt̪ɾ,character,NotAppl,M,4,underived,,,0,0,inanimate,S,property,0,0,1,"र,चर,चरि,्र,त्र,च","t͡ʃ,t͡ʃəɾ,ɪt̪ɾ,ɾ,t͡ʃə,t̪ɾ",र,ɾ,र,ɾ
1702,चर्च,चर्च,t͡ʃəɾt͡ʃ,church,neutral,F,3,underived,,,0,0,inanimate,S,Physical Place,1,0,0,"चर,्च,र्च,चर्,च","ɾt͡ʃ,t͡ʃ,t͡ʃəɾ,əɾt͡ʃ,t͡ʃə",्च,,,
1703,चर्च,चर्च,t͡ʃəɾt͡ʃ,church,neutral,M,4,underived,,,0,0,inanimate,S,Physical Place,1,0,0,"चर,्च,र्च,चर्,च","ɾt͡ʃ,t͡ʃ,t͡ʃəɾ,əɾt͡ʃ,t͡ʃə",्च,,,
1704,चर्चा,चर्च,t͡ʃəɾt͡ʃ,discussion,NotAppl,F,3,underived,,,0,0,inanimate,Q,Communication,0,0,1,"चर,्च,र्च,चर्,च","ɾt͡ʃ,t͡ʃ,t͡ʃəɾ,əɾt͡ʃ,t͡ʃə",्च,,,
1705,चलन,चलन,t͡ʃələn̪,trend,NotAppl,M,4,underived,,,0,0,inanimate,A,concept,0,0,1,"लन,न,चलन,च,चल","n̪,t͡ʃ,t͡ʃə,ən̪,t͡ʃəl,lən̪",लन,lən̪,,
1706,चश्मदीद,चश्मदीद,t͡ʃəʃməd̪iːd̪,eyewitness,NotAppl,M,4,underived,,,0,0,animate,G,Person,0,0,0,"द,ीद,दीद,चश,च,चश्","d̪,t͡ʃ,t͡ʃə,d̪iːd̪,t͡ʃəʃ,iːd̪",,,,
1707,चश्मा,चश्म,t͡ʃəʃm,glasses,NotAppl,M,2,underived,,,0,0,inanimate,O,Artifact,0,1,0,"चश,म,श्म,च,चश्,्म","t͡ʃ,m,t͡ʃə,t͡ʃəʃ,əʃm,ʃm",,,,
1708,चहल,चहल,t͡ʃəɦəl,chahal,NotAppl,M,4,underived,,,0,0,inanimate,Z,Common Noun,0,1,0,"चहल,हल,चह,च,ल","t͡ʃ,t͡ʃəɦ,əl,t͡ʃə,l,ɦəl",,əl,,
1709,चहलकदमी,चहलकदम,t͡ʃəɦləkd̪əm,stroll,NotAppl,F,1,underived,,,1,0,inanimate,M,Physical,0,0,0,"चहल,दम,म,चह,च,कदम","əm,t͡ʃ,t͡ʃəɦ,m,t͡ʃə,d̪əm",,,,
1710,चाँद,चाँद,t͡ʃɑ̃ːd̪,moon,NotAppl,M,4,underived,,,0,0,inanimate,W,Natural Object,0,0,0,"द,ाँद,चाँ,चा,ँद,च","d̪,t͡ʃ,ɑ̃ːd̪,t͡ʃɑ̃ːd̪,t͡ʃɑ̃ː",,,,
1711,चाँदनी,चाँदन,t͡ʃɑ̃ːd̪ən̪,moonlight,NotAppl,F,1,underived,,,0,0,inanimate,W,Natural Object,0,0,0,"दन,न,चाँ,चा,च,ँदन","n̪,t͡ʃ,d̪ən̪,t͡ʃɑ̃ːd̪,t͡ʃɑ̃ː,ən̪",,,,
1712,चाँदी,चाँद,t͡ʃɑ̃ːd̪,silver,NotAppl,F,3,abstract6,abstract6,abstract6,0,1,inanimate,O,Chemical,0,0,0,"द,ाँद,चाँ,चा,ँद,च","d̪,t͡ʃ,ɑ̃ːd̪,t͡ʃɑ̃ːd̪,t͡ʃɑ̃ː",,,,
1713,चांद,चांद,t͡ʃɑ̃ːd̪,moon,NotAppl,M,4,underived,,,0,0,inanimate,W,Natural Object,0,0,0,"द,ांद,ंद,चां,चा,च","d̪,t͡ʃ,ɑ̃ːd̪,t͡ʃɑ̃ːd̪,t͡ʃɑ̃ː",ंद,,,
1714,चांदी,चांद,t͡ʃɑ̃ːd̪,silver,NotAppl,F,1,underived,,,0,0,inanimate,O,Chemical,0,0,0,"द,ांद,ंद,चां,चा,च","d̪,t͡ʃ,ɑ̃ːd̪,t͡ʃɑ̃ːd̪,t͡ʃɑ̃ː",ंद,,,
1715,चांसलर,चांसलर,t͡ʃɑ̃ːs̪ləɾ,chancellor,NotAppl,M,4,underived,,,0,0,animate,S,Person,1,0,0,"र,चां,चा,च,सलर,लर","t͡ʃ,t͡ʃɑ̃ː,t͡ʃɑ̃ːs̪,ɾ,əɾ,ləɾ",र,"ɾ,əɾ",र,"ɾ,əɾ"
1716,चाकू,चाक,t͡ʃɑːk,knife,NotAppl,M,4,underived,,,0,0,inanimate,O,Artifact,0,0,0,"चा,च,ाक,चाक,क","k,t͡ʃ,t͡ʃɑː,ɑːk,t͡ʃɑːk",,,,
1717,चाचा,चाच,t͡ʃɑːt͡ʃ,uncle,NotAppl,M,2,underived,,,0,0,animate,S,Person,0,1,0,"चा,च,चाच,ाच","t͡ʃɑː,t͡ʃɑːt͡ʃ,t͡ʃ,ɑːt͡ʃ",,,,
1718,चाटुकार,चाटुकार,t͡ʃɑːʈukɑːɾ,sycophant,NotAppl,M,4,agentive_activity1,agentive_activity1,agentive_activity1,0,1,animate,Z,Person,0,0,0,"ार,र,चाट,चा,च,कार","t͡ʃ,kɑːɾ,t͡ʃɑː,t͡ʃɑːʈ,ɾ,ɑːɾ","ार,र","ɾ,ɑːɾ",र,ɾ
1719,चादर,चादर,t͡ʃɑːd̪əɾ,sheet,NotAppl,F,3,underived,,,0,0,inanimate,B,Artifact,0,1,0,"दर,र,चाद,ादर,चा,च","d̪əɾ,t͡ʃ,t͡ʃɑːd̪,t͡ʃɑː,ɾ,əɾ",र,"ɾ,əɾ",र,"ɾ,əɾ"
1720,चाप,चाप,t͡ʃɑːp,arc,NotAppl,F,3,underived,,,0,0,inanimate,O,property,0,0,0,"ाप,प,चा,च,चाप","t͡ʃ,ɑːp,t͡ʃɑː,t͡ʃɑːp,p",,,,
1721,चाबी,चाब,t͡ʃɑːb,key,NotAppl,F,1,underived,,,0,0,inanimate,A,Artifact,0,0,0,"चा,ाब,च,ब,चाब","t͡ʃ,t͡ʃɑː,b,ɑːb,t͡ʃɑːb",,,,
1722,चाय,चाय,t͡ʃɑːjə,tea,NotAppl,F,3,underived,,,0,0,inanimate,F,Edible,0,1,0,"ाय,चाय,य,चा,च","t͡ʃ,t͡ʃɑː,ɑːjə,ə,t͡ʃɑːj,jə",य,jə,य,jə
1723,चारदीवारी,चारदीवार,t͡ʃɑːɾd̪iːʋɑːɾ,boundary wall,NotAppl,F,1,abstract6,abstract6,abstract6,0,1,inanimate,M,Artifact,0,0,0,"ार,र,चार,चा,च,वार","t͡ʃ,t͡ʃɑː,ɾ,ɑːɾ,t͡ʃɑːɾ,ʋɑːɾ","ार,र,चार","ɾ,ɑːɾ,t͡ʃɑːɾ",र,ɾ
1724,चारपाई,चारपा,t͡ʃɑːɾpɑː,cot,NotAppl,F,1,underived,,,1,0,inanimate,H,Artifact,0,1,0,"ा,चार,चा,च,पा,रपा","ɾpɑː,t͡ʃ,t͡ʃɑː,ɑː,t͡ʃɑːɾ,pɑː","ा,चार",t͡ʃɑːɾ,ा,
1725,चारा,चार,t͡ʃɑːɾ,fodder,NotAppl,M,4,underived,,,0,0,inanimate,F,Edible,0,1,0,"ार,र,चार,चा,च","t͡ʃ,t͡ʃɑː,ɾ,ɑːɾ,t͡ʃɑːɾ","ार,र,चार","ɾ,ɑːɾ,t͡ʃɑːɾ",र,ɾ
1726,चार्ज,चार्ज,t͡ʃɑːɾd͡ʒ,charge,NotAppl,M,4,underived,,,0,0,inanimate,I,physical State,1,0,0,"र्ज,चार,चा,ज,च,्ज","ɑːɾd͡ʒ,t͡ʃ,t͡ʃɑː,d͡ʒ,ɾd͡ʒ,t͡ʃɑːɾ",चार,t͡ʃɑːɾ,,
1727,चार्जशीट,चार्जशीट,t͡ʃɑːɾd͡ʒəʃiːʈ,chargesheet,NotAppl,F,3,underived,,,0,0,inanimate,Z,Artifact,1,0,0,"ट,चार,शीट,चा,च,ीट","ʃiːʈ,t͡ʃ,t͡ʃɑː,ʈ,iːʈ,t͡ʃɑːɾ",चार,t͡ʃɑːɾ,,
1728,चार्टर,चार्टर,t͡ʃɑːɾʈəɾ,charter,NotAppl,M,4,underived,,,0,0,inanimate,Q,Artifact,1,0,0,"र,्टर,चार,चा,च,टर","t͡ʃ,t͡ʃɑː,ɾ,əɾ,t͡ʃɑːɾ,ʈəɾ","र,्टर,चार,टर","ɾ,əɾ,t͡ʃɑːɾ,ʈəɾ","र,्टर,टर","ɾ,əɾ,ʈəɾ"
1729,चार्ल्स,चार्ल्स,t͡ʃɑːɾls̪,charles,NotAppl,M,0,underived,,,0,0,animate,Z,Person,1,0,0,"स,चार,चा,्स,च,ल्स","t͡ʃ,ls̪,t͡ʃɑː,ɾls̪,s̪,t͡ʃɑːɾ",चार,t͡ʃɑːɾ,,
1730,चाल,चाल,t͡ʃɑːl,move,NotAppl,F,3,underived,,,0,0,inanimate,M,property,0,0,0,"चाल,ाल,चा,च,ल","t͡ʃɑːl,t͡ʃ,t͡ʃɑː,l,ɑːl",,,,
1731,चालक,चालक,t͡ʃɑːlək,driver,NotAppl,M,4,underived,,,0,0,animate,M,Person,0,0,0,"चाल,लक,चा,ालक,च,क","t͡ʃɑːl,k,lək,t͡ʃ,t͡ʃɑː,ək",,ək,,
1732,चालान,चालान,t͡ʃɑːlɑːn̪,challan,NotAppl,M,4,underived,,,0,0,inanimate,Z,Action,0,0,0,"ान,चाल,न,चा,च,लान","t͡ʃɑːl,t͡ʃ,ɑːn̪,t͡ʃɑː,n̪,lɑːn̪",,,,
1733,चाव,चाव,t͡ʃɑːʋ,passion,NotAppl,M,4,underived,,,0,0,inanimate,X,Food,0,0,0,"व,ाव,चा,च,चाव","t͡ʃ,t͡ʃɑː,ʋ,ɑːʋ,t͡ʃɑːʋ","व,ाव",ʋ,"व,ाव",ʋ
1734,चावल,चावल,t͡ʃɑːʋəl,rice,NotAppl,M,4,underived,,,0,0,inanimate,F,Natural Object,0,0,0,"चा,च,वल,चाव,ावल,ल","t͡ʃ,t͡ʃɑː,əl,l,ʋəl,t͡ʃɑːʋ",,əl,,
1735,चाहत,चाहत,t͡ʃɑːɦət̪,desire,NotAppl,F,3,underived,,,0,0,inanimate,X,Mental State,0,0,0,"चाह,त,चा,च,हत,ाहत","t͡ʃ,t̪,t͡ʃɑː,ət̪,t͡ʃɑːɦ,ɦət̪",त,t̪,त,t̪
1736,चिंगारी,चिंगार,t͡ʃɪ̃ɡɑːɾ,spark,NotAppl,F,1,underived,,,0,0,inanimate,O,Natural Object,0,0,0,"र,ार,चिं,च,चि,गार","t͡ʃɪ̃,t͡ʃ,ɡɑːɾ,ɾ,ɑːɾ,t͡ʃɪ̃ɡ","र,ार","ɾ,ɑːɾ",र,ɾ
1737,चिंतन,चिंतन,t͡ʃɪ̃t̪ən̪,contemplation,NotAppl,M,4,underived,,,0,0,inanimate,X,Action,0,0,1,"चिं,तन,न,च,चि,ंतन","t͡ʃɪ̃,n̪,t͡ʃ,t͡ʃɪ̃t̪,t̪ən̪,ən̪",,,,
1738,चिंता,चिंत,t͡ʃɪ̃t̪,worry,NotAppl,F,3,underived,,,0,0,inanimate,E,Mental State,0,0,1,"चिं,त,च,ंत,चि,िंत","ɪ̃t̪,t͡ʃɪ̃,t͡ʃ,t̪,t͡ʃɪ̃t̪",त,t̪,त,t̪
1739,चिकन,चिकन,t͡ʃɪkən̪,chicken,NotAppl,M,4,underived,,,0,0,inanimate,L,Artifact,1,0,0,"िकन,कन,न,चिक,च,चि","n̪,t͡ʃ,t͡ʃɪ,kən̪,t͡ʃɪk,ən̪",,,,
1740,चिकनाई,चिकना,t͡ʃɪkn̪ɑː,lubrication,NotAppl,F,1,abstract3,,,0,1,inanimate,O,State,0,0,0,"ा,ना,चिक,कना,च,चि","t͡ʃ,ɑː,t͡ʃɪ,n̪ɑː,kn̪ɑː,t͡ʃɪk",ा,,ा,
1741,चिकित्सक,चिकित्स,t͡ʃɪkɪt̪s̪,doctor,NotAppl,M,4,agentive1,agentive1,agentive1,0,1,animate,B,Person,0,0,0,"स,चिक,्स,च,चि,त्स","t͡ʃ,t͡ʃɪ,t̪s̪,ɪt̪s̪,s̪,t͡ʃɪk",,,,
1742,चिकित्सा,चिकित्स,t͡ʃɪkɪt̪s̪,treatment,NotAppl,F,3,underived,,,0,0,inanimate,B,Physical Process,0,0,1,"स,चिक,्स,च,चि,त्स","t͡ʃ,t͡ʃɪ,t̪s̪,ɪt̪s̪,s̪,t͡ʃɪk",,,,
1743,चिट,चिट,t͡ʃɪʈ,chit,NotAppl,F,3,underived,,,0,0,inanimate,Q,Artifact,1,0,0,"ट,िट,च,चि,चिट","t͡ʃ,t͡ʃɪʈ,ɪʈ,t͡ʃɪ,ʈ",,ɪʈ,,
1744,चिट्ठी,चिट्ठ,t͡ʃɪʈʈʰ,letter,NotAppl,F,1,underived,,,0,0,inanimate,Q,Artifact,0,0,0,"्ठ,ट्ठ,च,चि,ठ,चिट","ʈʰ,ɪʈʈʰ,t͡ʃ,t͡ʃɪʈ,t͡ʃɪ,ʈʈʰ",,,,
1745,चिड़िया,चिड़िय,t͡ʃɪɽɪjə,bird,NotAppl,F,3,underived,,,0,0,animate,L,Birds,0,0,0,"िय,य,च,चिड,़िय,चि","t͡ʃ,t͡ʃɪɽ,t͡ʃɪ,ɪjə,ə,jə",य,jə,य,jə
1746,चित्र,चित्र,t͡ʃɪt̪ɾ,picture,NotAppl,M,4,underived,,,0,0,inanimate,C,Artifact,0,0,1,"चित,र,्र,त्र,च,चि","t͡ʃ,ɪt̪ɾ,t͡ʃɪ,ɾ,t͡ʃɪt̪,t̪ɾ",र,ɾ,र,ɾ
1747,चित्रकला,चित्रकल,t͡ʃɪt̪ɾəkəl,drawing,NotAppl,F,3,underived,,,1,0,inanimate,C,Art,0,0,0,"चित,कल,च,चि,ल,रकल","t͡ʃ,kəl,t͡ʃɪ,əl,t͡ʃɪt̪,l",,əl,,
1748,चित्रकार,चित्रकार,t͡ʃɪt̪ɾəkɑːɾ,painter,NotAppl,M,4,agentive_activity1,agentive_activity1,agentive_activity1,0,1,animate,C,Person,0,0,0,"चित,ार,र,च,चि,कार","t͡ʃ,kɑːɾ,t͡ʃɪ,ɾ,ɑːɾ,t͡ʃɪt̪","ार,र","ɾ,ɑːɾ",र,ɾ
1749,चिथडा,चिथड,t͡ʃɪt̪ʰəɖ,rag,NotAppl,M,4,underived,,,0,0,inanimate,E,Physical State,0,0,0,"ड,थड,च,चि,चिथ,िथड","t͡ʃ,əɖ,ɖ,t͡ʃɪ,t̪ʰəɖ,t͡ʃɪt̪ʰ",,,,
1750,चिन्ह,चिन्ह,t͡ʃɪn̪ɦ,sign,NotAppl,M,4,underived,,,0,0,inanimate,Q,Object,0,0,0,"न्ह,्ह,ह,चिन,च,चि","t͡ʃ,ɦ,t͡ʃɪ,ɪn̪ɦ,n̪ɦ,t͡ʃɪn̪",,,,
1751,चिप,चिप,t͡ʃɪp,chip,NotAppl,M,4,underived,,,0,0,inanimate,F,Artifact,1,0,0,"प,चिप,च,चि,िप","t͡ʃɪp,t͡ʃ,t͡ʃɪ,p,ɪp",,,,
1752,चिप्स,चिप्स,t͡ʃɪps̪,chips,NotAppl,M,5,underived,,,0,0,inanimate,F,Common Noun,1,0,0,"स,चिप,्स,च,चि,प्स","t͡ʃɪp,ps̪,t͡ʃ,t͡ʃɪ,s̪,ɪps̪",,,,
1753,चिह्न,चिह्न,t͡ʃɪɦn̪,mark,NotAppl,M,4,underived,,,0,0,inanimate,O,Object,0,0,1,"ह्न,चिह,न,च,चि,्न","t͡ʃ,t͡ʃɪ,ɪɦn̪,ɦn̪,t͡ʃɪɦ,n̪",,,,
1754,चीज,चीज,t͡ʃiːd͡ʒ,thing,NotAppl,F,3,underived,,,0,0,inanimate,O,Object,0,0,0,"ची,ज,च,ीज,चीज","t͡ʃ,iːd͡ʒ,t͡ʃiːd͡ʒ,d͡ʒ,t͡ʃiː",,,,
1755,चीत,चीत,t͡ʃiːt̪,cheetah,NotAppl,F,3,underived,,,0,0,inanimate,L,Mammal,0,0,0,"ीत,ची,त,च,चीत","t͡ʃ,t̪,t͡ʃiːt̪,iːt̪,t͡ʃiː","ीत,त","t̪,iːt̪",त,t̪
1756,चीतल,चीतल,t͡ʃiːt̪əl,cheetal,NotAppl,M,4,underived,,,0,0,animate,Z,Mammal,0,0,0,"ीतल,तल,ची,च,चीत,ल","t͡ʃ,t͡ʃiːt̪,t͡ʃiː,əl,l,t̪əl",,əl,,
1757,चीनी,चीन,t͡ʃiːn̪,sugar,homophones,F,0,underived,,,0,0,inanimate,F,Edible,0,0,0,"ची,न,ीन,च,चीन","iːn̪,t͡ʃ,t͡ʃiː,t͡ʃiːn̪,n̪",,,,
1758,चीनी,चीन,t͡ʃiːn̪,sugar,homophones,M,4,underived,,,0,0,inanimate,F,Edible,0,0,0,"ची,न,ीन,च,चीन","iːn̪,t͡ʃ,t͡ʃiː,t͡ʃiːn̪,n̪",,,,
1759,चीफ,चीफ,t͡ʃiːpʰ,chief,NotAppl,M,4,underived,,,0,0,animate,S,Common Noun,1,0,0,"फ,ची,चीफ,च,ीफ","iːpʰ,t͡ʃ,pʰ,t͡ʃiː,t͡ʃiːpʰ",,,,
1760,चुंबन,चुंबन,t͡ʃũbən̪,kiss,NotAppl,M,4,underived,,,0,0,inanimate,S,Physical,0,0,1,"बन,न,च,ंबन,चुं,चु","bən̪,n̪,t͡ʃ,ən̪,t͡ʃũb,t͡ʃũ",,,,
1761,चुनाव,चुनाव,t͡ʃun̪ɑːʋ,election,NotAppl,M,4,underived,,,0,0,inanimate,G,Action,0,0,0,"व,ाव,नाव,च,चुन,चु","t͡ʃ,n̪ɑːʋ,t͡ʃun̪,ʋ,ɑːʋ,t͡ʃu","व,ाव",ʋ,"व,ाव",ʋ
1762,चुनौती,चुनौत,t͡ʃun̪əut̪,challenge,neutral,F,1,underived,,,0,0,inanimate,A,Communication,0,0,0,"ौत,त,नौत,च,चुन,चु","əut̪,ut̪,t͡ʃ,t̪,t͡ʃun̪,t͡ʃu",त,t̪,त,t̪
1763,चुनौती,चुनौत,t͡ʃun̪əut̪,challenge,neutral,M,4,underived,,,0,0,inanimate,A,Communication,0,0,0,"ौत,त,नौत,च,चुन,चु","əut̪,ut̪,t͡ʃ,t̪,t͡ʃun̪,t͡ʃu",त,t̪,त,t̪
1764,चुप्पी,चुप्प,t͡ʃupp,silence,NotAppl,F,1,underived,,,0,0,inanimate,X,Action,0,0,0,"प्प,प,चुप,च,्प,चु","t͡ʃ,pp,p,t͡ʃu,t͡ʃup,upp",,,,
1765,चुबंक,चुबंक,t͡ʃubə̃k,chubbank,NotAppl,M,4,underived,,,0,0,inanimate,Z,Common Noun,0,0,0,"बंक,च,क,चुब,चु,ंक","k,t͡ʃ,bə̃k,ə̃k,t͡ʃub,t͡ʃu",,,,
1766,चूक,चूक,t͡ʃuːk,default,NotAppl,F,3,agentive1,agentive1,agentive1,0,1,inanimate,A,Physical,0,0,0,"ूक,च,क,चूक,चू","k,t͡ʃ,uːk,t͡ʃuː,t͡ʃuːk",,,,
1767,चूड़ी,चूड़,t͡ʃuːɽ,bangle,NotAppl,F,1,underived,,,0,0,inanimate,B,Artifact,0,0,0,"चूड,़,ड़,ूड़,च,चू","t͡ʃ,t͡ʃuː,t͡ʃuːɽ,ɽ,uːɽ","़,ड़",ɽ,़,
1768,चूना,चून,t͡ʃuːn̪,lime,NotAppl,M,2,underived,,,0,0,inanimate,F,Artifact,0,0,0,"चून,ून,न,च,चू","t͡ʃ,t͡ʃuː,t͡ʃuːn̪,n̪,uːn̪",,,,
1769,चूल्हा,चूल्ह,t͡ʃuːlɦə,stove,NotAppl,M,2,underived,,,0,0,inanimate,O,Artifact,0,0,0,"्ह,ह,चूल,च,चू,ल्ह","t͡ʃ,t͡ʃuː,t͡ʃuːl,ə,lɦə,ɦə",,,,
1770,चूहा,चूह,t͡ʃuːɦ,mice,NotAppl,M,2,underived,,,0,0,animate,L,Mammal,0,0,0,"ह,च,चूह,चू,ूह","t͡ʃ,ɦ,t͡ʃuː,t͡ʃuːɦ,uːɦ",,,,
1771,चेक,चेक,t͡ʃeːk,check,NotAppl,M,4,underived,,,0,0,inanimate,X,Artifact,1,0,0,"चेक,ेक,च,क,चे","k,t͡ʃ,t͡ʃeːk,eːk,t͡ʃeː",,eːk,,
1772,चेकिंग,चेकिंग,t͡ʃeːkɪ̃ɡ,checking,NotAppl,F,0,underived,,,0,0,inanimate,X,Action,1,0,0,"चेक,िंग,च,ंग,ग,चे","kɪ̃ɡ,t͡ʃ,t͡ʃeːk,t͡ʃeː,ɪ̃ɡ,ɡ","िंग,ंग,ग","ɪ̃ɡ,ɡ","िंग,ंग","ɪ̃ɡ,ɡ"
1773,चेज,चेज,t͡ʃeːd͡ʒ,chase,NotAppl,M,4,underived,,,0,0,inanimate,M,Physical State,1,0,0,"चेज,ज,च,ेज,चे","t͡ʃ,eːd͡ʒ,d͡ʒ,t͡ʃeː,t͡ʃeːd͡ʒ",,,,
1774,चेतावनी,चेतावन,t͡ʃeːt̪ɑːʋən̪,alert,NotAppl,F,1,underived,,,0,0,inanimate,X,Communication,0,0,0,"चेत,न,च,वन,ावन,चे","n̪,t͡ʃ,t͡ʃeː,t͡ʃeːt̪,ən̪,ʋən̪",,,,
1775,चेन,चेन,t͡ʃeːn̪,chain,NotAppl,F,3,underived,,,0,0,inanimate,S,Artifact,1,0,0,"ेन,चेन,न,च,चे","t͡ʃeːn̪,t͡ʃ,t͡ʃeː,eːn̪,n̪",,,,
1776,चेयर,चेयर,t͡ʃeːjəɾ,chair,NotAppl,F,3,underived,,,0,0,inanimate,H,Common Noun,1,0,0,"यर,र,ेयर,च,चेय,चे","t͡ʃ,jəɾ,t͡ʃeː,ɾ,t͡ʃeːj,əɾ",र,"ɾ,əɾ",र,"ɾ,əɾ"
1779,चेला,चेल,t͡ʃeːl,disciple,NotAppl,M,2,underived,,,0,0,animate,P,Person,0,0,0,"ेल,चे,च,ल,चेल","t͡ʃ,t͡ʃeːl,t͡ʃeː,l,eːl",,,,
1780,चेहरा,चेहर,t͡ʃeːɦəɾ,face,NotAppl,M,2,underived,,,0,0,inanimate,M,Person,0,1,0,"हर,र,चेह,च,ेहर,चे","t͡ʃ,ɦəɾ,t͡ʃeː,ɾ,əɾ,t͡ʃeːɦ",र,"ɾ,əɾ",र,"ɾ,əɾ"
1781,चैंपियनशिप,चैंपियनशिप,t͡ʃəɪ̃pɪjən̪ʃɪp,championships,NotAppl,F,3,underived,,,0,0,inanimate,K,Action,1,0,0,"प,शिप,चैं,च,चै,िप","t͡ʃ,t͡ʃəɪ̃,p,ʃɪp,t͡ʃə,ɪp",,,,
1782,चैंबर,चैंबर,t͡ʃəɪ̃bəɾ,chamber,NotAppl,M,4,underived,,,0,0,inanimate,H,Common Noun,1,0,0,"ंबर,र,बर,चैं,च,चै","t͡ʃ,t͡ʃəɪ̃,ɾ,t͡ʃə,bəɾ,əɾ",र,"ɾ,əɾ",र,"ɾ,əɾ"
1783,चैक,चैक,t͡ʃəɪk,cheque,NotAppl,M,4,underived,,,0,0,inanimate,I,Common Noun,1,0,0,"च,क,चैक,ैक,चै","k,ɪk,t͡ʃ,əɪk,t͡ʃəɪ,t͡ʃə",,,,
1784,चैट,चैट,t͡ʃəɪʈ,chat,NotAppl,F,3,underived,,,0,0,inanimate,Q,Communication,1,0,0,"ट,चैट,च,ैट,चै","t͡ʃ,ɪʈ,t͡ʃəɪ,əɪʈ,ʈ,t͡ʃə",,ɪʈ,,
1785,चैन,चैन,t͡ʃəɪn̪,peace,NotAppl,M,4,underived,,,0,0,inanimate,E,Psychological Feature,0,0,0,"ैन,चैन,न,च,चै","əɪn̪,t͡ʃ,t͡ʃəɪ,t͡ʃə,ɪn̪,n̪",,,,
1786,चैनल,चैनल,t͡ʃəɪn̪əl,channel,NotAppl,M,4,underived,,,0,0,inanimate,W,Artifact,1,0,0,"नल,चैन,ैनल,च,ल,चै","t͡ʃ,n̪əl,t͡ʃəɪ,əl,t͡ʃə,l",नल,"n̪əl,əl",,
1788,चॉकलेट,चॉकलेट,t͡ʃɔkleːʈ,chocolate,NotAppl,F,3,underived,,,0,0,inanimate,F,Artifact,1,0,0,"ट,चॉ,लेट,ेट,च,चॉक","t͡ʃɔ,t͡ʃ,t͡ʃɔk,eːʈ,ʈ,leːʈ",,,,
1789,चोट,चोट,t͡ʃoːʈ,injury,NotAppl,F,3,underived,,,0,0,inanimate,B,State,0,0,0,"ट,ोट,चोट,च,चो","t͡ʃ,t͡ʃoː,oːʈ,ʈ,t͡ʃoːʈ",,,,
1790,चोटी,चोट,t͡ʃoːʈ,braid,NotAppl,F,1,underived,,,0,0,inanimate,B,Artifact,0,0,0,"ट,ोट,चोट,च,चो","t͡ʃ,t͡ʃoː,oːʈ,ʈ,t͡ʃoːʈ",,,,
1791,चोर,चोर,t͡ʃoːɾ,thief,NotAppl,M,4,underived,,,0,0,animate,G,Person,0,0,0,"ोर,र,च,चोर,चो","t͡ʃ,t͡ʃoː,oːɾ,ɾ,t͡ʃoːɾ",र,ɾ,र,ɾ
1792,चोरी,चोर,t͡ʃoːɾ,theft,NotAppl,F,1,abstract6,abstract6,abstract6,0,1,inanimate,G,Anti-social,0,0,0,"ोर,र,च,चोर,चो","t͡ʃ,t͡ʃoː,oːɾ,ɾ,t͡ʃoːɾ",र,ɾ,र,ɾ
1793,चौक,चौक,t͡ʃəuk,square,NotAppl,M,4,underived,,,0,0,inanimate,O,Physical Place,0,0,0,"ौक,च,क,चौ,चौक","k,t͡ʃ,t͡ʃəu,uk,t͡ʃə,əuk",,,,
1794,चौका,चौक,t͡ʃəuk,foursquare,NotAppl,M,2,underived,,,0,0,inanimate,Z,property,0,0,0,"ौक,च,क,चौ,चौक","k,t͡ʃ,t͡ʃəu,uk,t͡ʃə,əuk",,,,
1795,चौकी,चौक,t͡ʃəuk,outpost,NotAppl,F,1,abstract6,abstract6,abstract6,0,1,inanimate,M,Artifact,0,0,0,"ौक,च,क,चौ,चौक","k,t͡ʃ,t͡ʃəu,uk,t͡ʃə,əuk",,,,
1796,चौकीदार,चौकीदार,t͡ʃəukiːd̪ɑːɾ,watchman,NotAppl,M,4,agentive3,,,0,1,animate,X,Person,0,0,0,"र,ार,च,चौ,चौक,दार","t͡ʃ,t͡ʃəu,ɾ,t͡ʃə,ɑːɾ,d̪ɑːɾ","र,ार","ɾ,ɑːɾ",र,ɾ
1797,चौथा,चौथ,t͡ʃəut̪ʰ,fourth,NotAppl,M,0,underived,,,0,0,inanimate,N,Abstract,0,0,0,"चौथ,ौथ,च,चौ,थ","ut̪ʰ,t͡ʃ,t͡ʃəu,t̪ʰ,t͡ʃə,əut̪ʰ",,,,
1798,चौधरी,चौधर,t͡ʃəud̪ʰəɾ,chowdhary,NotAppl,M,0,underived,,,0,0,animate,Z,Person,0,0,0,"चौध,ौधर,र,च,चौ,धर","d̪ʰəɾ,t͡ʃ,t͡ʃəu,ɾ,t͡ʃə,əɾ",र,"ɾ,əɾ",र,"ɾ,əɾ"
1799,चौबारे,चौबार,t͡ʃəubɑːɾ,chaubare,NotAppl,M,2,underived,,,0,0,inanimate,Z,Common Noun,0,0,0,"चौब,ार,र,बार,च,चौ","bɑːɾ,t͡ʃ,t͡ʃəu,ɾ,t͡ʃə,ɑːɾ","ार,र","ɾ,ɑːɾ",र,ɾ
1800,चौराहा,चौराह,t͡ʃəuɾɑːɦ,crossroad,NotAppl,M,2,underived,,,0,0,inanimate,M,Physical Place,0,1,0,"ाह,ह,राह,च,चौ,चौर","t͡ʃ,t͡ʃəu,ɑːɦ,ɦ,t͡ʃə,ɾɑːɦ",ाह,ɑːɦ,,
1801,चौहान,चौहान,t͡ʃəuɦɑːn̪,chauhan,NotAppl,M,4,underived,,,0,0,animate,Z,Mythological Character,0,0,0,"ान,हान,चौह,न,च,चौ","t͡ʃ,t͡ʃəu,ɑːn̪,ɦɑːn̪,t͡ʃə,n̪",,,,
1802,छक्का,छक्क,t͡ʃʰəkk,six,NotAppl,M,2,underived,,,0,0,inanimate,N,property,0,0,0,"्क,छक्,छक,क्क,क,छ","kk,k,t͡ʃʰ,əkk,t͡ʃʰək,t͡ʃʰə",छ,t͡ʃʰ,छ,t͡ʃʰ
1803,छज्जा,छज्ज,t͡ʃʰəd͡ʒd͡ʒ,balcony,NotAppl,M,2,underived,,,0,0,inanimate,H,Part of,0,1,0,"छज,ज्ज,ज,छज्,छ,्ज","t͡ʃʰ,d͡ʒ,əd͡ʒd͡ʒ,d͡ʒd͡ʒ,t͡ʃʰəd͡ʒ,t͡ʃʰə",छ,t͡ʃʰ,छ,t͡ʃʰ
1804,छटा,छट,t͡ʃʰəʈ,shade,NotAppl,F,3,underived,,,0,0,inanimate,O,Quality,0,0,1,"ट,छ,छट","əʈ,t͡ʃʰ,t͡ʃʰəʈ,ʈ,t͡ʃʰə",छ,"əʈ,t͡ʃʰ",छ,t͡ʃʰ
1805,छत,छत,t͡ʃʰət̪,roof,neutral,F,3,underived,,,0,0,inanimate,H,Artifact,0,0,0,"छ,छत,त","t͡ʃʰ,t̪,ət̪,t͡ʃʰət̪,t͡ʃʰə","छ,त","t͡ʃʰ,t̪","छ,त","t͡ʃʰ,t̪"
1806,छत,छत,t͡ʃʰət̪,roof,neutral,M,4,underived,,,0,0,inanimate,H,Artifact,0,0,0,"छ,छत,त","t͡ʃʰ,t̪,ət̪,t͡ʃʰət̪,t͡ʃʰə","छ,त","t͡ʃʰ,t̪","छ,त","t͡ʃʰ,t̪"
1807,छतरी,छतर,t͡ʃʰət̪əɾ,umbrella,NotAppl,F,1,underived,,,0,0,inanimate,B,Artifact,0,0,0,"तर,र,छत,छतर,छ","t͡ʃʰ,ɾ,t̪əɾ,t͡ʃʰət̪,əɾ,t͡ʃʰə","र,छ","t͡ʃʰ,ɾ,əɾ","र,छ","t͡ʃʰ,ɾ,əɾ"
1808,छपाई,छपा,t͡ʃʰəpɑː,printing,NotAppl,F,1,underived,,,0,0,inanimate,Q,Action,0,0,0,"ा,छपा,छप,छ,पा","t͡ʃʰ,ɑː,t͡ʃʰəp,əpɑː,t͡ʃʰə,pɑː","ा,छ",t͡ʃʰ,"ा,छ",t͡ʃʰ
1809,छमाही,छमाह,t͡ʃʰəmɑːɦ,half year,NotAppl,M,4,underived,,,0,0,inanimate,T,Time,0,0,0,"माह,ाह,ह,छम,छमा,छ","t͡ʃʰ,ɑːɦ,ɦ,mɑːɦ,t͡ʃʰə,t͡ʃʰəm","ाह,छ","t͡ʃʰ,ɑːɦ",छ,t͡ʃʰ
1810,छवि,छव,t͡ʃʰəʋ,image,NotAppl,F,1,underived,,,0,0,inanimate,O,Perception,0,0,1,"व,छ,छव","t͡ʃʰ,əʋ,ʋ,t͡ʃʰəʋ,t͡ʃʰə","व,छ","t͡ʃʰ,ʋ","व,छ","t͡ʃʰ,ʋ"
1811,छाती,छ,t͡ʃʰ,chest,NotAppl,F,1,underived,,,0,0,inanimate,B,Anatomical,0,0,0,छ,t͡ʃʰ,छ,t͡ʃʰ,छ,t͡ʃʰ
1812,छात्र,छात्र,t͡ʃʰɑːt̪ɾ,student,NotAppl,M,4,underived,,,0,0,animate,P,Person,0,0,1,"छात,छा,र,्र,त्र,छ","t͡ʃʰɑːt̪,t͡ʃʰɑː,t͡ʃʰ,ɾ,t̪ɾ,ɑːt̪ɾ","छा,र,छ","t͡ʃʰɑː,t͡ʃʰ,ɾ","र,छ","t͡ʃʰ,ɾ"
1813,छात्रवृत्ति,छात्रवृत्त,t͡ʃʰɑːt̪ɾəʋɾɨt̪t̪,scholarship,NotAppl,F,1,underived,,,1,0,inanimate,I,Artifact,0,0,0,"छात,्त,त्त,छा,त,छ","t͡ʃʰɑːt̪,t͡ʃʰɑː,ɨt̪t̪,t͡ʃʰ,t̪,t̪t̪","्त,त्त,छा,त,छ","t͡ʃʰɑː,t͡ʃʰ,t̪,t̪t̪","्त,त,छ","t͡ʃʰ,t̪"
1814,छात्रा,छात्र,t͡ʃʰɑːt̪ɾ,student,NotAppl,F,3,underived,,,0,0,animate,P,Person,0,0,1,"छात,छा,र,्र,त्र,छ","t͡ʃʰɑːt̪,t͡ʃʰɑː,t͡ʃʰ,ɾ,t̪ɾ,ɑːt̪ɾ","छा,र,छ","t͡ʃʰɑː,t͡ʃʰ,ɾ","र,छ","t͡ʃʰ,ɾ"
1815,छान,छान,t͡ʃʰɑːn̪,good,NotAppl,F,3,underived,,,0,0,inanimate,A,Artifact,0,0,0,"ान,छा,न,छान,छ","t͡ʃʰɑːn̪,t͡ʃʰɑː,t͡ʃʰ,ɑːn̪,n̪","छा,छ","t͡ʃʰɑː,t͡ʃʰ",छ,t͡ʃʰ
1816,छानबीन,छानबीन,t͡ʃʰɑːn̪biːn̪,investigation,NotAppl,F,0,underived,,,1,0,inanimate,X,Action,0,0,0,"छा,न,ीन,छान,छ,बीन","t͡ʃʰɑːn̪,biːn̪,t͡ʃʰɑː,iːn̪,t͡ʃʰ,n̪","छा,छ","t͡ʃʰɑː,t͡ʃʰ",छ,t͡ʃʰ
1817,छाप,छाप,t͡ʃʰɑːp,impression,neutral,F,3,underived,,,0,0,inanimate,X,Object,0,0,0,"ाप,छाप,छा,प,छ","t͡ʃʰɑː,t͡ʃʰ,ɑːp,p,t͡ʃʰɑːp","छा,छ","t͡ʃʰɑː,t͡ʃʰ",छ,t͡ʃʰ
1818,छाप,छाप,t͡ʃʰɑːp,impression,neutral,M,2,underived,,,0,0,inanimate,X,Object,0,0,0,"ाप,छाप,छा,प,छ","t͡ʃʰɑː,t͡ʃʰ,ɑːp,p,t͡ʃʰɑːp","छा,छ","t͡ʃʰɑː,t͡ʃʰ",छ,t͡ʃʰ
1819,छापा,छाप,t͡ʃʰɑːp,raid,NotAppl,M,2,underived,,,0,0,inanimate,G,Physical,0,0,0,"ाप,छाप,छा,प,छ","t͡ʃʰɑː,t͡ʃʰ,ɑːp,p,t͡ʃʰɑːp","छा,छ","t͡ʃʰɑː,t͡ʃʰ",छ,t͡ʃʰ
1820,छापामार,छापामार,t͡ʃʰɑːpɑːmɑːɾ,guerilla,NotAppl,M,4,underived,,,1,0,animate,L,Person,0,0,0,"छाप,छा,ार,र,मार,छ","t͡ʃʰɑː,mɑːɾ,t͡ʃʰ,ɾ,t͡ʃʰɑːp,ɑːɾ","छा,ार,र,मार,छ","t͡ʃʰɑː,mɑːɾ,t͡ʃʰ,ɾ,ɑːɾ","र,छ","t͡ʃʰ,ɾ"
1821,छापामारी,छापामार,t͡ʃʰɑːpɑːmɑːɾ,raid,NotAppl,F,1,abstract6,abstract6,abstract6,0,1,inanimate,G,Physical,0,0,0,"छाप,छा,ार,र,मार,छ","t͡ʃʰɑː,mɑːɾ,t͡ʃʰ,ɾ,t͡ʃʰɑːp,ɑːɾ","छा,ार,र,मार,छ","t͡ʃʰɑː,mɑːɾ,t͡ʃʰ,ɾ,ɑːɾ","र,छ","t͡ʃʰ,ɾ"
1822,छापेमारी,छापेमार,t͡ʃʰɑːpeːmɑːɾ,raid,NotAppl,F,1,abstract6,abstract6,abstract6,0,1,inanimate,G,Physical,0,0,0,"छाप,छा,ार,र,मार,छ","t͡ʃʰɑː,mɑːɾ,t͡ʃʰ,ɾ,t͡ʃʰɑːp,ɑːɾ","छा,ार,र,मार,छ","t͡ʃʰɑː,mɑːɾ,t͡ʃʰ,ɾ,ɑːɾ","र,छ","t͡ʃʰ,ɾ"
1823,छाया,छ,t͡ʃʰ,shadow,NotAppl,F,3,underived,,,0,0,inanimate,O,Cognition,0,0,1,छ,t͡ʃʰ,छ,t͡ʃʰ,छ,t͡ʃʰ
1824,छायाकार,छायाकार,t͡ʃʰɑːjɑːkɑːɾ,cinematographer,NotAppl,M,4,agentive_activity1,agentive_activity1,agentive_activity1,0,1,animate,Z,Person,0,0,0,"छा,र,ार,कार,छ,छाय","t͡ʃʰɑː,t͡ʃʰ,kɑːɾ,t͡ʃʰɑːj,ɾ,ɑːɾ","छा,र,ार,छ","t͡ʃʰɑː,t͡ʃʰ,ɾ,ɑːɾ","र,छ","t͡ʃʰ,ɾ"
1825,छावनी,छावन,t͡ʃʰɑːʋən̪,cantonment,NotAppl,F,1,underived,,,0,0,inanimate,Z,Physical Place,0,0,0,"छा,न,वन,छाव,ावन,छ","t͡ʃʰɑː,n̪,t͡ʃʰ,t͡ʃʰɑːʋ,ən̪,ʋən̪","छा,छ","t͡ʃʰɑː,t͡ʃʰ",छ,t͡ʃʰ
1826,छिड़काव,छिड़काव,t͡ʃʰɪɽkɑːʋ,spraying,NotAppl,M,4,underived,,,0,0,inanimate,A,Action,0,0,0,"व,ाव,काव,छिड,छि,छ","t͡ʃʰɪɽ,t͡ʃʰ,ʋ,kɑːʋ,ɑːʋ,t͡ʃʰɪ","व,ाव,छ","t͡ʃʰ,ʋ","व,ाव,छ","t͡ʃʰ,ʋ"
1827,छिद्र,छिद्र,t͡ʃʰɪd̪ɾə,hole,NotAppl,M,4,underived,,,0,0,inanimate,O,Place,0,0,1,"छिद,र,्र,द्र,छि,छ","t͡ʃʰ,ɾə,d̪ɾə,t͡ʃʰɪd̪,ə,t͡ʃʰɪ","र,छ",t͡ʃʰ,"र,छ",t͡ʃʰ
1828,छीँटाकशी,छीँटाकश,t͡ʃʰĩːʈɑːkəʃ,taunting,NotAppl,F,1,underived,,,0,0,inanimate,Q,Physical State,0,0,0,"छीँ,श,कश,ाकश,छी,छ","ʃ,t͡ʃʰ,t͡ʃʰĩːʈ,kəʃ,əʃ,t͡ʃʰĩː",छ,t͡ʃʰ,छ,t͡ʃʰ
1829,छींटा,छींट,t͡ʃʰĩːʈ,splash,NotAppl,M,2,underived,,,0,0,inanimate,M,Object,0,0,0,"ट,ंट,ींट,छीं,छी,छ","t͡ʃʰ,t͡ʃʰĩːʈ,ʈ,t͡ʃʰĩː,ĩːʈ","ंट,छ",t͡ʃʰ,छ,t͡ʃʰ
1830,छीछालेदर,छीछालेदर,t͡ʃʰiːt͡ʃʰɑːleːd̪əɾ,disgrace,NotAppl,F,3,underived,,,1,0,inanimate,S,Abstract,0,0,0,"दर,र,ेदर,छीछ,छी,छ","d̪əɾ,t͡ʃʰiː,t͡ʃʰ,t͡ʃʰiːt͡ʃʰ,ɾ,əɾ","र,छ","t͡ʃʰ,ɾ,əɾ","र,छ","t͡ʃʰ,ɾ,əɾ"
1831,छुआछूत,छुआछूत,t͡ʃʰuɑːt͡ʃʰuːt̪,untouchability,NotAppl,F,0,underived,,,1,0,inanimate,Z,Psychological Feature,0,0,0,"छूत,छु,ूत,त,छुआ,छ","t͡ʃʰ,t̪,uːt̪,t͡ʃʰuːt̪,t͡ʃʰu,t͡ʃʰuɑː","छु,त,छ","t͡ʃʰ,t̪,t͡ʃʰu","त,छ","t͡ʃʰ,t̪"
1832,छुट्टी,छुट्ट,t͡ʃʰuʈʈ,holiday,NotAppl,F,1,underived,,,0,0,inanimate,K,Period,0,0,0,"ट,छु,ट्ट,्ट,छुट,छ","t͡ʃʰ,t͡ʃʰu,ʈʈ,ʈ,uʈʈ,t͡ʃʰuʈ","छु,ट्ट,छ","t͡ʃʰ,t͡ʃʰu,ʈʈ",छ,t͡ʃʰ
1833,छुरेबाजी,छुरेबाज,t͡ʃʰuɾeːbɑːd͡ʒ,stabbing,NotAppl,F,1,abstract6,abstract6,abstract6,0,1,inanimate,E,Action,0,0,0,"छु,छुर,ाज,ज,बाज,छ","bɑːd͡ʒ,ɑːd͡ʒ,t͡ʃʰ,d͡ʒ,t͡ʃʰu,t͡ʃʰuɾ","छु,छ","t͡ʃʰ,t͡ʃʰu",छ,t͡ʃʰ
1834,छूट,छूट,t͡ʃʰuːʈ,discount,NotAppl,F,3,underived,,,0,0,inanimate,I,Action,0,0,0,"छू,ट,छूट,ूट,छ","uːʈ,t͡ʃʰuːʈ,t͡ʃʰ,ʈ,t͡ʃʰuː",छ,t͡ʃʰ,छ,t͡ʃʰ
1835,छेडछाड,छेडछाड,t͡ʃʰeːɖt͡ʃʰɑːɖ,molestation,NotAppl,F,0,underived,,,1,0,inanimate,E,Action,0,0,0,"ाड,ड,छे,छाड,छेड,छ","ɑːɖ,t͡ʃʰ,ɖ,t͡ʃʰɑːɖ,t͡ʃʰeːɖ,t͡ʃʰeː",छ,t͡ʃʰ,छ,t͡ʃʰ
1838,छेद,छेद,t͡ʃʰeːd̪,hole,NotAppl,M,4,underived,,,0,0,inanimate,O,Place,0,0,0,"द,ेद,छेद,छे,छ","d̪,t͡ʃʰ,t͡ʃʰeːd̪,eːd̪,t͡ʃʰeː",छ,t͡ʃʰ,छ,t͡ʃʰ
1839,छोर,छोर,t͡ʃʰoːɾ,ends,NotAppl,M,4,underived,,,0,0,inanimate,T,Part of,0,0,0,"छोर,ोर,र,छ,छो","t͡ʃʰ,t͡ʃʰoːɾ,oːɾ,ɾ,t͡ʃʰoː","र,छ","t͡ʃʰ,ɾ","र,छ","t͡ʃʰ,ɾ"
1840,जंक्शन,जंक्शन,d͡ʒə̃kʃən̪,junction,NotAppl,M,4,underived,,,0,0,inanimate,M,Physical Place,1,0,0,"शन,जंक,न,ज,जं,्शन","n̪,d͡ʒ,d͡ʒə̃,d͡ʒə̃k,ən̪,ʃən̪",शन,ʃən̪,,
1841,जंग,जंग,d͡ʒə̃ɡ,war,NotAppl,F,3,underived,,,0,0,inanimate,G,Physical,0,1,0,"जंग,ज,ंग,जं,ग","ə̃ɡ,d͡ʒ,d͡ʒə̃,ɡ,d͡ʒə̃ɡ","ंग,ग",ɡ,ंग,ɡ
1842,जंगल,जंगल,d͡ʒə̃ɡəl,forest,NotAppl,M,4,underived,,,0,0,inanimate,W,Group,0,0,0,"ंगल,जंग,ज,गल,जं,ल","d͡ʒ,d͡ʒə̃,əl,l,ɡəl,d͡ʒə̃ɡ",,əl,,
1843,जंजाल,जंजाल,d͡ʒə̃d͡ʒɑːl,entanglement,NotAppl,M,4,underived,,,0,0,inanimate,Z,Anti-social,0,1,0,"जंज,ाल,ज,जं,ल,जाल","d͡ʒə̃d͡ʒ,d͡ʒ,d͡ʒə̃,l,d͡ʒɑːl,ɑːl",,,,
1844,जखीरा,जखीर,d͡ʒəkʰiːɾ,stock,NotAppl,M,2,underived,,,0,0,inanimate,A,Group,0,0,0,"ीर,र,जख,ज,जखी,खीर","kʰiːɾ,d͡ʒə,d͡ʒ,ɾ,iːɾ,d͡ʒəkʰ",र,ɾ,र,ɾ
1845,जख्म,जख्म,d͡ʒəkʰm,wound,NotAppl,M,4,underived,,,0,0,inanimate,M,State,0,0,0,"ख्म,जख,जख्,म,ज,्म","d͡ʒə,kʰm,d͡ʒ,m,d͡ʒəkʰ,əkʰm",,,,
1846,जगत,जगत,d͡ʒəɡət̪,universe,NotAppl,M,4,underived,,,0,0,inanimate,W,Physical Place,0,0,0,"गत,जगत,त,ज,जग","ɡət̪,d͡ʒə,d͡ʒəɡ,t̪,d͡ʒ,ət̪","गत,त","ɡət̪,t̪",त,t̪
1847,जगराता,जगरा,d͡ʒəɡɾɑː,jagrata,NotAppl,M,2,abstract8,abstract8,abstract8,0,1,inanimate,Z,Common Noun,0,0,0,"जगर,ा,ज,गरा,रा,जग","d͡ʒə,d͡ʒəɡ,ɑː,d͡ʒ,ɡɾɑː,ɾɑː",ा,ɡɾɑː,ा,
1848,जगह,जगह,d͡ʒəɡəɦ,place,neutral,F,4,underived,,,0,0,inanimate,M,Physical Place,0,1,0,"गह,ह,जगह,ज,जग","d͡ʒə,d͡ʒəɡ,ɦ,əɦ,d͡ʒ,ɡəɦ",,,,
1849,जगह,जगह,d͡ʒəɡəɦ,place,neutral,M,4,underived,,,0,0,inanimate,M,Physical Place,0,1,0,"गह,ह,जगह,ज,जग","d͡ʒə,d͡ʒəɡ,ɦ,əɦ,d͡ʒ,ɡəɦ",,,,
1850,जज,जज,d͡ʒəd͡ʒ,judge,NotAppl,M,4,underived,,,0,0,animate,G,Person,1,0,0,"ज,जज","əd͡ʒ,d͡ʒəd͡ʒ,d͡ʒ,d͡ʒə",,əd͡ʒ,,əd͡ʒ
1851,जज्बात,जज्बात,d͡ʒəd͡ʒbɑːt̪,emotion,NotAppl,M,4,underived,,,0,0,inanimate,E,Psychological Feature,0,0,0,"जज्,त,ज,ात,बात,जज","d͡ʒə,t̪,d͡ʒ,ɑːt̪,bɑːt̪,d͡ʒəd͡ʒ",त,t̪,त,t̪
1852,जटरोफा,जटरोफ,d͡ʒəʈɾoːpʰ,jatropha,NotAppl,M,2,underived,,,0,0,inanimate,Z,Biological State,0,0,0,"ोफ,फ,जटर,जट,ज,रोफ","d͡ʒə,pʰ,d͡ʒ,d͡ʒəʈ,oːpʰ,ɾoːpʰ",,,,
1853,जटिलता,जटिल,d͡ʒəʈɪl,complexity,NotAppl,F,3,underived,,,0,0,inanimate,A,State,0,0,1,"जट,जटि,ज,ल,टिल,िल","d͡ʒə,ɪl,d͡ʒ,d͡ʒəʈ,ʈɪl,l",,,,
1854,जड,जड,d͡ʒəɖ,root,NotAppl,F,3,underived,,,0,0,inanimate,L,Common Noun,0,0,0,"जड,ज,ड","d͡ʒəɖ,d͡ʒə,əɖ,ɖ,d͡ʒ",,,,
1855,जड़,जड़,d͡ʒəɽ,root,NotAppl,F,3,underived,,,0,0,inanimate,L,Natural Object,0,0,0,"़,ड़,जड,ज,जड़","d͡ʒə,d͡ʒ,əɽ,ɽ,d͡ʒəɽ","़,ड़",ɽ,़,
1856,जत्था,जत्थ,d͡ʒət̪t̪ʰ,group,NotAppl,M,2,underived,,,0,0,inanimate,S,Group,0,1,0,"्थ,ज,जत,त्थ,जत्,थ","d͡ʒə,d͡ʒ,t̪t̪ʰ,t̪ʰ,ət̪t̪ʰ,d͡ʒət̪",,,,
1857,जत्थेबंदी,जत्थेबंद,d͡ʒət̪t̪ʰeːbə̃d̪,grouping,NotAppl,M,4,abstract6,abstract6,abstract6,0,1,inanimate,S,Collective Noun,0,0,0,"द,ंद,बंद,ज,जत,जत्","d̪,d͡ʒə,d͡ʒ,bə̃d̪,d͡ʒət̪,ə̃d̪","ंद,बंद","bə̃d̪,ə̃d̪",,
1858,जद्दोजहद,जद्दोजहद,d͡ʒəd̪d̪oːd͡ʒɦəd̪,struggle,NotAppl,F,3,underived,,,1,0,inanimate,X,Action,0,0,0,"द,जद्,हद,जद,ज,जहद","d̪,d͡ʒə,əd̪,d͡ʒ,ɦəd̪,d͡ʒəd̪",,,,
1859,जन,जन,d͡ʒən̪,people,NotAppl,M,4,underived,,,0,0,animate,S,Group,0,0,0,"ज,जन,न","d͡ʒə,n̪,d͡ʒ,d͡ʒən̪,ən̪",,,,
1860,जनआंदोलन,जनआंदोलन,d͡ʒən̪əɑ̃ːd̪oːlən̪,mass movement,NotAppl,M,4,underived,,,1,0,inanimate,T,Social Event,0,0,0,"जनआ,लन,न,ज,जन,ोलन","d͡ʒə,n̪,d͡ʒ,d͡ʒən̪,ən̪,lən̪",लन,lən̪,,
1861,जनक,जनक,d͡ʒən̪ək,parent,NotAppl,M,4,agentive1,agentive1,agentive1,0,1,animate,S,Mythological Character,0,0,0,"जनक,ज,क,जन,नक","k,d͡ʒə,n̪ək,d͡ʒ,ək,d͡ʒən̪",,ək,,
1862,जनगणना,जनगणन,d͡ʒən̪əɡɳən̪,census,NotAppl,F,3,underived,,,1,0,inanimate,G,Physical,0,0,0,"गणन,णन,न,ज,जन,जनग","ɳən̪,d͡ʒə,n̪,d͡ʒ,d͡ʒən̪,ən̪",,,,
1863,जनजागरण,जनजागरण,d͡ʒən̪d͡ʒɑːɡɾəɳ,public awareness,NotAppl,M,4,underived,,,1,0,inanimate,S,Mental State,0,0,0,"रण,गरण,ज,जन,जनज,ण","ɳ,d͡ʒə,əɳ,d͡ʒ,ɾəɳ,d͡ʒən̪",रण,"əɳ,ɾəɳ",,"əɳ,ɾəɳ"
1864,जनजाति,जनजात,d͡ʒən̪d͡ʒɑːt̪,tribes,NotAppl,F,1,underived,,,1,0,inanimate,S,Group,0,0,0,"त,ज,ात,जन,जात,जनज","d͡ʒə,t̪,d͡ʒɑːt̪,d͡ʒ,ɑːt̪,d͡ʒən̪",त,t̪,त,t̪
1865,जनजीवन,जनजीवन,d͡ʒən̪d͡ʒiːʋən̪,public life,NotAppl,M,4,underived,,,1,0,inanimate,S,Biological State,0,0,0,"न,ज,वन,जन,ीवन,जनज","d͡ʒə,n̪,d͡ʒ,d͡ʒən̪,ən̪,ʋən̪",,,,
1866,जनतंत्र,जनतंत्र,d͡ʒən̪t̪ə̃t̪ɾ,democracy,NotAppl,M,4,underived,,,1,0,inanimate,G,Social State,0,0,0,"जनत,र,्र,त्र,ज,जन","d͡ʒə,t̪ɾ,d͡ʒ,ə̃t̪ɾ,ɾ,d͡ʒən̪",र,ɾ,र,ɾ
1867,जनता,जन,d͡ʒən̪,public,NotAppl,F,3,underived,,,1,0,inanimate,S,Group,0,0,1,"ज,जन,न","d͡ʒə,n̪,d͡ʒ,d͡ʒən̪,ən̪",,,,
1868,जनन,जनन,d͡ʒən̪ən̪,reproduction,NotAppl,M,4,underived,,,1,0,inanimate,A,Verb of Action,0,0,1,"नन,न,ज,जन,जनन","d͡ʒə,n̪,d͡ʒ,n̪ən̪,d͡ʒən̪,ən̪",,,,
1869,जनपद,जनपद,d͡ʒən̪pəd̪,district,NotAppl,M,4,underived,,,1,0,inanimate,M,Physical Place,0,0,0,"द,नपद,पद,जनप,ज,जन","d̪,d͡ʒə,əd̪,d͡ʒ,pəd̪,d͡ʒən̪",,,,
1870,जनभावना,जनभावन,d͡ʒən̪bʰɑːʋən̪,public sentiment,neutral,F,3,underived,,,1,0,inanimate,S,Concept,0,0,0,"जनभ,न,ज,वन,जन,ावन","d͡ʒə,n̪,d͡ʒ,d͡ʒən̪,ən̪,ʋən̪",,,,
1871,जनभावना,जनभावन,d͡ʒən̪bʰɑːʋən̪,public sentiment,neutral,M,2,underived,,,1,0,inanimate,S,Abstract,0,0,0,"जनभ,न,ज,वन,जन,ावन","d͡ʒə,n̪,d͡ʒ,d͡ʒən̪,ən̪,ʋən̪",,,,
1872,जनमत,जनमत,d͡ʒən̪mət̪,public opinion,NotAppl,M,4,underived,,,1,0,inanimate,S,Perception,0,0,0,"नमत,मत,त,ज,जन,जनम","d͡ʒə,t̪,mət̪,d͡ʒ,ət̪,d͡ʒən̪",त,t̪,त,t̪
1873,जनमतसंग्रह,जनमतसंग्रह,d͡ʒən̪mət̪s̪ə̃ɡɾəɦ,referendum,NotAppl,M,4,underived,,,1,0,inanimate,G,Collective Noun,0,0,0,"ह,ज,जन,रह,जनम,्रह","d͡ʒə,ɦ,d͡ʒ,əɦ,d͡ʒən̪,ɾəɦ",,,,
1874,जनमानस,जनमानस,d͡ʒən̪mɑːn̪əs̪,public opinion,NotAppl,M,4,underived,,,1,0,inanimate,S,Group,0,0,0,"स,ज,ानस,जन,जनम,नस","d͡ʒə,d͡ʒ,s̪,əs̪,n̪əs̪,d͡ʒən̪",,,,
1875,जनरल,जनरल,d͡ʒən̪ɾəl,general,neutral,F,3,underived,,,0,0,animate,N,Person,1,0,0,"रल,जनर,नरल,ज,जन,ल","d͡ʒə,ɾəl,d͡ʒ,əl,l,d͡ʒən̪",,əl,,
1876,जनरल,जनरल,d͡ʒən̪ɾəl,general,neutral,M,4,underived,,,0,0,animate,N,Person,1,0,0,"रल,जनर,नरल,ज,जन,ल","d͡ʒə,ɾəl,d͡ʒ,əl,l,d͡ʒən̪",,əl,,
1877,जनश्रुति,जनश्रुत,d͡ʒən̪əʃɾut̪,folklore,NotAppl,F,1,underived,,,1,0,inanimate,Q,Communication,0,0,0,"ुत,रुत,त,ज,जनश,जन","d͡ʒə,ut̪,t̪,d͡ʒ,ɾut̪,d͡ʒən̪",त,t̪,त,t̪
1878,जनसंख्या,जनसंख्य,d͡ʒən̪s̪ə̃kʰjə,population,NotAppl,F,3,underived,,,1,0,inanimate,S,Group,0,0,0,"जनस,्य,य,ख्य,ज,जन","d͡ʒən̪,d͡ʒə,kʰjə,d͡ʒ,ə,jə","्य,य",jə,य,jə
1879,जनसंपर्क,जनसंपर्क,d͡ʒən̪s̪ə̃pəɾk,public relations,NotAppl,M,4,underived,,,1,0,inanimate,I,Action,0,0,0,"र्क,्क,जनस,ज,क,जन","k,d͡ʒə,d͡ʒ,ɾk,əɾk,d͡ʒən̪",र्क,"ɾk,əɾk",,
1880,जनसंहार,जनसंहार,d͡ʒən̪s̪ə̃ɦɑːɾ,genocide,NotAppl,M,4,underived,,,1,0,inanimate,L,Anti-social,0,0,0,"जनस,र,ार,ज,जन,हार","d͡ʒə,ɦɑːɾ,d͡ʒ,ɾ,ɑːɾ,d͡ʒən̪","र,ार","ɾ,ɑːɾ",र,ɾ
1881,जनसभा,जनसभ,d͡ʒən̪s̪əbʰ,public meeting,NotAppl,F,3,underived,,,1,0,inanimate,S,Group,0,0,0,"जनस,नसभ,सभ,ज,जन,भ","əbʰ,d͡ʒə,d͡ʒ,d͡ʒən̪,bʰ,s̪əbʰ",,,,
1882,जनस्वास्थ्य,जनस्वास्थ्य,d͡ʒən̪əs̪ʋɑːs̪t̪ʰjə,public health,NotAppl,M,4,underived,,,1,0,inanimate,B,Biological State,0,0,0,"जनस,्य,य,ज,थ्य,जन","d͡ʒən̪,d͡ʒə,t̪ʰjə,d͡ʒ,ə,jə","्य,य",jə,य,jə
1883,जनहित,जनहित,d͡ʒən̪ɦɪt̪,public interest,NotAppl,M,0,underived,,,1,0,inanimate,S,Quality,0,0,0,"हित,जनह,त,ज,जन,ित","d͡ʒə,ɪt̪,t̪,d͡ʒ,ɦɪt̪,d͡ʒən̪",त,t̪,त,t̪
1884,जनादेश,जनादेश,d͡ʒən̪ɑːd̪eːʃ,mandate,NotAppl,M,4,underived,,,1,0,inanimate,S,Action,0,0,0,"श,ेश,जना,देश,ज,जन","d͡ʒə,ʃ,d̪eːʃ,d͡ʒ,eːʃ,d͡ʒən̪","ेश,देश","d̪eːʃ,eːʃ",,
1885,जनाधार,जनाधार,d͡ʒən̪ɑːd̪ʰɑːɾ,support base,NotAppl,M,4,underived,,,1,0,inanimate,S,Abstract,0,0,0,"धार,ार,र,जना,ज,जन","d͡ʒə,d̪ʰɑːɾ,d͡ʒ,ɾ,ɑːɾ,d͡ʒən̪","ार,र","ɾ,ɑːɾ",र,ɾ
1886,जनाब,जनाब,d͡ʒən̪ɑːb,sir,NotAppl,M,4,underived,,,0,0,inanimate,S,Title,0,1,0,"जना,नाब,ाब,ज,ब,जन","n̪ɑːb,d͡ʒə,ɑːb,d͡ʒ,b,d͡ʒən̪",,,,
1887,जन्नत,जन्नत,d͡ʒən̪n̪ət̪,paradise,NotAppl,M,4,underived,,,0,0,inanimate,S,Mythological Place,0,1,0,"जन्,्नत,त,नत,ज,जन","d͡ʒə,t̪,d͡ʒ,ət̪,n̪ət̪,d͡ʒən̪","त,नत","t̪,n̪ət̪",त,t̪
1888,जन्म,जन्म,d͡ʒən̪m,birth,NotAppl,M,4,underived,,,0,0,inanimate,B,Natural Event,0,0,1,"जन्,म,न्म,ज,जन,्म","ən̪m,d͡ʒə,n̪m,d͡ʒ,m,d͡ʒən̪",,,,
1889,जन्मदिन,जन्मदिन,d͡ʒən̪məd̪ɪn̪,birthday,NotAppl,M,4,underived,,,1,0,inanimate,T,Period,0,0,0,"जन्,िन,दिन,न,ज,जन","d͡ʒə,d͡ʒ,d̪ɪn̪,ɪn̪,d͡ʒən̪,n̪",,,,
1890,जन्मदिवस,जन्मदिवस,d͡ʒən̪məd̪ɪʋəs̪,birthday,NotAppl,M,4,underived,,,1,0,inanimate,T,Period,0,0,0,"स,वस,जन्,िवस,ज,जन","ʋəs̪,d͡ʒə,d͡ʒ,s̪,əs̪,d͡ʒən̪",,,,
1891,जन्मशती,जन्मश,d͡ʒən̪məʃ,birth centenary,NotAppl,F,1,underived,,,1,0,inanimate,B,Common Noun,0,0,0,"मश,जन्,श,ज,जन,्मश","d͡ʒə,ʃ,d͡ʒ,əʃ,məʃ,d͡ʒən̪",,,,
1894,जबान,जबान,d͡ʒəbɑːn̪,tongue,NotAppl,F,3,underived,,,0,0,inanimate,B,Language,0,0,0,"ान,जब,जबा,न,ज,बान","d͡ʒə,ɑːn̪,d͡ʒ,d͡ʒəb,n̪,bɑːn̪",बान,bɑːn̪,,
1895,जबाव,जबाव,d͡ʒəbɑːʋ,answer,NotAppl,M,4,underived,,,0,0,inanimate,Q,Abstract,0,0,0,"व,जब,ाव,जबा,ज,बाव","d͡ʒə,d͡ʒ,ʋ,d͡ʒəb,ɑːʋ,bɑːʋ","व,ाव",ʋ,"व,ाव",ʋ
1896,जब्ती,जब्त,d͡ʒəbt̪,seizure,NotAppl,F,1,underived,,,0,0,inanimate,A,Action,0,0,0,"जब्,जब,्त,त,ज,ब्त","əbt̪,d͡ʒə,t̪,bt̪,d͡ʒ,d͡ʒəb","्त,त",t̪,"्त,त",t̪
1897,जमा,जम,d͡ʒəm,deposit,homophones,F,3,underived,,,0,0,inanimate,O,Physical Place,0,1,0,"ज,जम,म","əm,d͡ʒə,d͡ʒ,m,d͡ʒəm",,,,
1898,जमा,जम,d͡ʒəm,deposit,homophones,M,4,underived,,,0,0,inanimate,O,Physical Place,0,1,0,"ज,जम,म","əm,d͡ʒə,d͡ʒ,m,d͡ʒəm",,,,
1899,जमाकर्ता,जमाकर्त,d͡ʒəmɑːkəɾt̪,depositors,NotAppl,M,2,underived,,,1,0,animate,I,Person,0,0,0,"जमा,्त,र्त,त,ज,जम","d͡ʒə,t̪,ɾt̪,d͡ʒ,əɾt̪,d͡ʒəm","्त,त",t̪,"्त,त",t̪
1900,जमाण,जमाण,d͡ʒəmɑːɳ,deposition,NotAppl,M,4,underived,,,0,0,inanimate,Z,Person,0,0,0,"जमा,ाण,ज,जम,माण,ण","d͡ʒə,ɑːɳ,d͡ʒ,mɑːɳ,ɳ,d͡ʒəm",,,,
1901,जमात,जमात,d͡ʒəmɑːt̪,jamaat,NotAppl,F,3,underived,,,0,0,inanimate,Z,Group,0,1,0,"जमा,मात,त,ज,ात,जम","d͡ʒə,t̪,d͡ʒ,ɑːt̪,mɑːt̪,d͡ʒəm",त,t̪,त,t̪
1902,जमानत,जमानत,d͡ʒəmɑːn̪ət̪,bail,NotAppl,F,3,abstract4,abstract4,,0,1,inanimate,G,Artifact,0,0,0,"जमा,त,नत,ज,ानत,जम","d͡ʒə,t̪,d͡ʒ,ət̪,n̪ət̪,d͡ʒəm","त,नत,ानत","t̪,n̪ət̪",त,t̪
1903,जमाना,जमान,d͡ʒəmɑːn̪,freeze,NotAppl,M,2,underived,,,0,0,inanimate,O,Time,0,0,0,"जमा,ान,न,ज,जम,मान","d͡ʒə,ɑːn̪,d͡ʒ,mɑːn̪,n̪,d͡ʒəm",,,,
1904,जमाराशि,जमाराश,d͡ʒəmɑːɾɑːʃ,amount deposited,NotAppl,F,1,underived,,,1,0,inanimate,N,Physical State,0,0,0,"जमा,श,ज,जम,राश,ाश","d͡ʒə,ʃ,d͡ʒ,ɑːʃ,ɾɑːʃ,d͡ʒəm",,,,
1905,जमाव,जमाव,d͡ʒəmɑːʋ,deposition,NotAppl,M,4,underived,,,0,0,inanimate,Z,Group,0,0,0,"जमा,व,ाव,माव,ज,जम","d͡ʒə,mɑːʋ,d͡ʒ,ʋ,ɑːʋ,d͡ʒəm","व,ाव",ʋ,"व,ाव",ʋ
1906,जमावडा,जमावड,d͡ʒəmɑːʋəɖ,gathering,NotAppl,M,2,underived,,,0,0,inanimate,S,Physical State,0,0,0,"जमा,ड,वड,ज,जम,ावड","d͡ʒə,əɖ,ɖ,d͡ʒ,ʋəɖ,d͡ʒəm",,,,
1907,जमीन,जमीन,d͡ʒəmiːn̪,land,NotAppl,F,3,underived,,,0,0,inanimate,W,Physical Place,0,0,0,"मीन,जमी,न,ीन,ज,जम","iːn̪,d͡ʒə,d͡ʒ,miːn̪,n̪,d͡ʒəm",,,,
1908,जम्मू,जम्म,d͡ʒəmm,jammu,NotAppl,M,4,underived,,,0,0,inanimate,Z,Physical Place,0,0,0,"म,ज,जम,म्म,्म,जम्","d͡ʒə,mm,d͡ʒ,m,əmm,d͡ʒəm",,,,
1909,जम्हूरियत,जम्हूरियत,d͡ʒəmɦuːɾɪjət̪,democracy,NotAppl,F,3,abstract_state,,,0,1,inanimate,G,Collective Noun,0,0,0,"यत,ियत,त,ज,जम,जम्","d͡ʒə,t̪,jət̪,d͡ʒ,ət̪,d͡ʒəm","यत,ियत,त","t̪,jət̪","यत,त","t̪,jət̪"
1910,जयंती,जयंत,d͡ʒəjə̃t̪,jubilee,NotAppl,F,1,underived,,,0,0,inanimate,T,Time,0,0,1,"यंत,त,जय,ज,ंत,जयं","d͡ʒə,t̪,d͡ʒ,ə̃t̪,d͡ʒəj,jə̃t̪",त,t̪,त,t̪
1911,जरिया,जरिय,d͡ʒəɾɪjə,source,NotAppl,M,2,underived,,,0,0,inanimate,T,Object,0,0,0,"िय,य,ज,रिय,जर,जरि","d͡ʒəɾ,d͡ʒə,d͡ʒ,ɪjə,ə,jə",य,jə,य,jə
1913,जरूरत,जरूरत,d͡ʒəɾuːɾət̪,need,neutral,F,3,underived,,,0,0,inanimate,S,State,0,0,0,"ूरत,रत,त,जरू,ज,जर","d͡ʒəɾ,d͡ʒə,t̪,d͡ʒ,ət̪,ɾət̪","रत,त","t̪,ɾət̪",त,"t̪,ɾət̪"
1914,जरूरत,जरूरत,d͡ʒəɾuːɾət̪,need,neutral,M,4,underived,,,0,0,inanimate,S,State,0,0,0,"ूरत,रत,त,जरू,ज,जर","d͡ʒəɾ,d͡ʒə,t̪,d͡ʒ,ət̪,ɾət̪","रत,त","t̪,ɾət̪",त,"t̪,ɾət̪"
1915,जरूरतमंद,जरूरतमंद,d͡ʒəɾuːɾət̪mə̃d̪,needy,NotAppl,M,4,underived,,,1,0,animate,I,Person,0,0,0,"द,ंद,जरू,ज,मंद,जर","d̪,d͡ʒəɾ,d͡ʒə,d͡ʒ,mə̃d̪,ə̃d̪",ंद,ə̃d̪,,
1916,जर्निशन,जर्निशन,d͡ʒəɾn̪ɪʃən̪,journiture,NotAppl,F,3,underived,,,0,0,inanimate,Z,Abstract,0,0,0,"िशन,शन,न,ज,जर,जर्","d͡ʒəɾ,d͡ʒə,n̪,d͡ʒ,ən̪,ʃən̪",शन,ʃən̪,,
1917,जर्मन,जर्मन,d͡ʒəɾmən̪,german,NotAppl,M,4,underived,,,0,0,animate,Z,Language,1,0,0,"मन,न,ज,्मन,जर,जर्","d͡ʒəɾ,d͡ʒə,n̪,d͡ʒ,mən̪,ən̪",मन,mən̪,,
1918,जल,जल,d͡ʒəl,water,NotAppl,M,0,underived,,,0,0,inanimate,O,Natural Object,0,0,0,"ल,ज,जल","d͡ʒə,d͡ʒ,əl,l,d͡ʒəl",,əl,,
1919,जलकुंड,जलकुंड,d͡ʒəlkũɖ,water reservoir,NotAppl,M,4,underived,,,1,0,inanimate,O,Physical State,0,0,0,"ड,जल,ंड,ुंड,जलक,ज","d͡ʒə,ɖ,ũɖ,d͡ʒ,kũɖ,d͡ʒəl",,,,
1920,जलन,जलन,d͡ʒələn̪,burning,NotAppl,F,3,abstract_noun,abstract_noun,abstract_noun,0,1,inanimate,O,Perception,0,0,0,"लन,जल,न,ज,जलन","d͡ʒə,d͡ʒ,ən̪,n̪,d͡ʒəl,lən̪",लन,lən̪,,
1921,जलप्रपात,जलप्रपात,d͡ʒələpɾəpɑːt̪,waterfall,NotAppl,M,4,underived,,,1,0,inanimate,O,Natural Object,0,0,0,"जलप,पात,त,जल,ज,ात","d͡ʒə,t̪,d͡ʒ,ɑːt̪,pɑːt̪,d͡ʒəl","पात,त","t̪,pɑːt̪",त,t̪
1922,जलवायु,जलवाय,d͡ʒəlʋɑːjə,climate,NotAppl,F,3,underived,,,1,0,inanimate,W,State,0,0,0,"ाय,जलव,य,जल,वाय,ज","d͡ʒə,ɑːjə,d͡ʒ,ə,jə,d͡ʒəl",य,jə,य,jə
1923,जलसा,जलस,d͡ʒələs̪,jalsa,NotAppl,M,2,underived,,,0,0,inanimate,Z,Social,0,1,0,"स,जलस,जल,ज,लस","d͡ʒə,d͡ʒ,ləs̪,s̪,əs̪,d͡ʒəl",,,,
1924,जलस्तर,जलस्तर,d͡ʒələs̪t̪əɾ,water level,NotAppl,M,4,underived,,,1,0,inanimate,O,Place,0,0,0,"तर,जलस,र,जल,ज,्तर","d͡ʒə,d͡ʒ,ɾ,t̪əɾ,əɾ,d͡ʒəl",र,"ɾ,əɾ",र,"ɾ,əɾ"
1925,जलस्रोत,जलस्रोत,d͡ʒələs̪ɾoːt̪,water source,NotAppl,M,4,underived,,,1,0,inanimate,O,Object,0,0,0,"जलस,त,जल,ोत,ज,रोत","d͡ʒə,t̪,d͡ʒ,oːt̪,ɾoːt̪,d͡ʒəl",त,t̪,त,t̪
1926,जलाशय,जलाशय,d͡ʒəlɑːʃjə,reservoir,NotAppl,M,4,underived,,,1,0,inanimate,W,Physical Place,0,0,0,"ाशय,जला,य,जल,ज,शय","ʃjə,d͡ʒə,d͡ʒ,ə,jə,d͡ʒəl",य,jə,य,jə
1927,जल्दबाजी,जल्दबाज,d͡ʒəld̪əbɑːd͡ʒ,haste,NotAppl,F,1,abstract6,abstract6,abstract6,0,1,inanimate,N,Physical,0,0,0,"जल्,जल,ाज,ज,बाज","bɑːd͡ʒ,d͡ʒə,ɑːd͡ʒ,d͡ʒ,d͡ʒəl",,,,
1928,जवान,जवान,d͡ʒəʋɑːn̪,young,NotAppl,M,4,underived,,,0,0,animate,T,Person,0,1,0,"ान,वान,जवा,न,ज,जव","d͡ʒə,ɑːn̪,d͡ʒ,ʋɑːn̪,d͡ʒəʋ,n̪",,,,
1929,जवाब,जवाब,d͡ʒəʋɑːb,answer,NotAppl,M,4,underived,,,0,0,inanimate,Q,Communication,0,1,0,"वाब,जवा,ाब,ज,ब,जव","d͡ʒə,d͡ʒ,b,d͡ʒəʋ,ʋɑːb,ɑːb",,,,
1930,जवाबदेही,जवाबदेह,d͡ʒəʋɑːbd̪eːɦ,accountability,NotAppl,F,1,underived,,,1,0,inanimate,S,Action,0,0,0,"जव,जवा,ह,देह,ज,ेह","d͡ʒə,ɦ,d͡ʒ,eːɦ,d̪eːɦ,d͡ʒəʋ",,,,
1931,जश्न,जश्न,d͡ʒəʃn̪,celebration,NotAppl,M,4,underived,,,0,0,inanimate,E,Psychological Feature,0,0,0,"जश्,न,ज,जश,श्न,्न","d͡ʒə,d͡ʒ,d͡ʒəʃ,ʃn̪,əʃn̪,n̪",,,,
1932,जस्टिस,जस्टिस,d͡ʒəs̪ʈɪs̪,justice,NotAppl,M,0,underived,,,0,0,animate,G,Person,1,0,0,"स,जस्,िस,टिस,ज,जस","d͡ʒəs̪,d͡ʒə,d͡ʒ,ɪs̪,ʈɪs̪,s̪",,,,
1933,जहाज,जहाज,d͡ʒəɦɑːd͡ʒ,ship,NotAppl,M,4,underived,,,0,0,inanimate,M,Artifact,0,0,0,"जहा,हाज,ाज,ज,जह","d͡ʒəɦ,d͡ʒə,ɑːd͡ʒ,d͡ʒ,ɦɑːd͡ʒ",,,,
1934,जहाजरानी,जहाजरान,d͡ʒəɦɑːd͡ʒɾɑːn̪,shipping,NotAppl,F,1,underived,,,1,0,inanimate,M,Action,0,0,0,"ान,जहा,न,रान,ज,जह","d͡ʒəɦ,d͡ʒə,ɑːn̪,d͡ʒ,n̪,ɾɑːn̪",,,,
1936,ज़हरखुरान,ज़हरखुरान,zəɦəɾkʰuɾɑːn̪,poisoner,NotAppl,M,2,underived,,,0,0,animate,G,Common Noun,0,0,0,"ान,ज़ह,न,रान,ज,ज़","ɾɑːn̪,ɑːn̪,zə,zəɦ,n̪,z",,,,
1937,ज़हरखुरानी,ज़हरखुरान,zəɦəɾkʰuɾɑːn̪,poisoning,NotAppl,F,1,underived,,,0,0,inanimate,E,Biological State,0,0,0,"ान,ज़ह,न,रान,ज,ज़","ɾɑːn̪,ɑːn̪,zə,zəɦ,n̪,z",,,,
1938,ज़िला,ज़िल,zɪl,district,NotAppl,M,2,underived,,,0,0,inanimate,M,Physical Place,0,0,0,"ज़ि,ज,़िल,ल,ज़,िल","ɪl,zɪl,l,zɪ,z",,,,
1939,ज़िलावार,ज़िलावार,zɪlɑːʋɑːɾ,district wise,NotAppl,M,4,underived,,,0,0,inanimate,M,Common Noun,0,0,0,"ार,र,ज़ि,ज,ज़,वार","zɪl,ɾ,ɑːɾ,zɪ,z,ʋɑːɾ","ार,र","ɾ,ɑːɾ",र,ɾ
1940,जाँच,जाँच,d͡ʒɑ̃ːt͡ʃ,check,NotAppl,F,3,underived,,,0,0,inanimate,X,Action,0,0,0,"ाँच,ँच,जा,ज,च,जाँ","t͡ʃ,d͡ʒ,d͡ʒɑ̃ː,ɑ̃ːt͡ʃ,d͡ʒɑ̃ːt͡ʃ",,,,
1941,जाँचकर्ता,जाँच,d͡ʒɑ̃ːt͡ʃ,investigator,NotAppl,M,2,agentive_doer_formal,,,0,1,animate,X,Person,0,0,0,"ाँच,ँच,जा,ज,च,जाँ","t͡ʃ,d͡ʒ,d͡ʒɑ̃ː,ɑ̃ːt͡ʃ,d͡ʒɑ̃ːt͡ʃ",,,,
1942,जांच,जांच,d͡ʒɑ̃ːt͡ʃ,test,neutral,F,3,underived,,,0,0,inanimate,P,Action,0,0,0,"ंच,जा,ज,च,जां,ांच","t͡ʃ,d͡ʒ,d͡ʒɑ̃ː,ɑ̃ːt͡ʃ,d͡ʒɑ̃ːt͡ʃ",,,,
1943,जांच,जांच,d͡ʒɑ̃ːt͡ʃ,test,neutral,M,4,underived,,,0,0,inanimate,P,Action,0,0,0,"ंच,जा,ज,च,जां,ांच","t͡ʃ,d͡ʒ,d͡ʒɑ̃ː,ɑ̃ːt͡ʃ,d͡ʒɑ̃ːt͡ʃ",,,,
1944,जांचकर्ता,जांच,d͡ʒɑ̃ːt͡ʃ,investigators,NotAppl,M,4,agentive_doer_formal,,,0,1,animate,X,Person,0,0,0,"ंच,जा,ज,च,जां,ांच","t͡ʃ,d͡ʒ,d͡ʒɑ̃ː,ɑ̃ːt͡ʃ,d͡ʒɑ̃ːt͡ʃ",,,,
1945,जाएजा,जाएज,d͡ʒɑːeːd͡ʒ,visit,NotAppl,M,4,underived,,,0,0,inanimate,S,Abstract,0,0,0,"ाएज,जा,एज,ज,जाए","eːd͡ʒ,d͡ʒ,d͡ʒɑː,d͡ʒɑːeː,ɑːeːd͡ʒ",,,,
1946,जागरण,जागरण,d͡ʒɑːɡɾəɳ,awakening,NotAppl,M,4,underived,,,0,0,inanimate,B,Physical,0,0,1,"जाग,रण,गरण,जा,ज,ण","əɳ,d͡ʒ,d͡ʒɑː,d͡ʒɑːɡ,ɾəɳ,ɳ",रण,"əɳ,ɾəɳ",,"əɳ,ɾəɳ"
1949,जागिंग,जागिंग,d͡ʒɑːɡɪ̃ɡ,jogging,NotAppl,F,0,underived,,,0,0,inanimate,K,Physical State,1,0,0,"जाग,जा,िंग,ज,ंग,ग","d͡ʒ,d͡ʒɑː,d͡ʒɑːɡ,ɪ̃ɡ,ɡɪ̃ɡ,ɡ","िंग,ंग,ग","ɪ̃ɡ,ɡ","िंग,ंग","ɪ̃ɡ,ɡ"
1950,जाट,जाट,d͡ʒɑːʈ,jat,NotAppl,M,4,underived,,,0,0,inanimate,Z,Group,0,0,0,"ट,ाट,जा,ज,जाट","d͡ʒ,d͡ʒɑː,ʈ,d͡ʒɑːʈ,ɑːʈ",,,,
1951,जाडा,जाड,d͡ʒɑːɖ,winter,NotAppl,M,2,underived,,,0,0,inanimate,T,Physical State,0,0,0,"ाड,ड,जाड,जा,ज","ɑːɖ,ɖ,d͡ʒ,d͡ʒɑːɖ,d͡ʒɑː",,,,
1952,जाति,जात,d͡ʒɑːt̪,caste,NotAppl,F,1,underived,,,0,0,inanimate,S,Group,0,0,1,"त,जा,ज,ात,जात","t̪,d͡ʒɑːt̪,d͡ʒ,ɑːt̪,d͡ʒɑː",त,t̪,त,t̪
1953,जातिवाद,जातिवाद,d͡ʒɑːt̪ɪʋɑːd̪,racism,NotAppl,M,4,underived,,,0,0,inanimate,S,Perception,0,0,0,"द,वाद,जा,ज,ाद,जात","d̪,ɑːd̪,ʋɑːd̪,d͡ʒɑːt̪,d͡ʒ,d͡ʒɑː",,,,
1954,जादू,जाद,d͡ʒɑːd̪,magic,NotAppl,M,4,underived,,,0,0,inanimate,S,Action,0,1,0,"द,जाद,जा,ज,ाद","d͡ʒɑːd̪,d̪,ɑːd̪,d͡ʒ,d͡ʒɑː",,,,
1955,जान,जान,d͡ʒɑːn̪,life,NotAppl,F,3,underived,,,0,0,inanimate,L,Abstract,0,1,0,"ान,जान,जा,न,ज","ɑːn̪,d͡ʒ,d͡ʒɑː,d͡ʒɑːn̪,n̪",,,,
1956,जानकार,जान,d͡ʒɑːn̪,knowledgeable,neutral,F,4,agentive_activity1,agentive_activity1,agentive_activity1,0,1,animate,X,Person,0,0,0,"ान,जान,जा,न,ज","ɑːn̪,d͡ʒ,d͡ʒɑː,d͡ʒɑːn̪,n̪",,,,
1957,जानकार,जानकार,d͡ʒɑːn̪kɑːɾ,knowledgeable,neutral,M,4,abstract6,abstract6,abstract6,0,1,animate,X,Person,0,0,0,"जान,ार,र,जा,ज,कार","kɑːɾ,d͡ʒ,d͡ʒɑː,d͡ʒɑːn̪,ɾ,ɑːɾ","ार,र","ɾ,ɑːɾ",र,ɾ
1958,जानकारी,जानकार,d͡ʒɑːn̪kɑːɾ,information,neutral,F,1,abstract6,abstract6,abstract6,0,1,inanimate,X,Cognition,0,0,0,"जान,ार,र,जा,ज,कार","kɑːɾ,d͡ʒ,d͡ʒɑː,d͡ʒɑːn̪,ɾ,ɑːɾ","ार,र","ɾ,ɑːɾ",र,ɾ
1959,जानकारी,जानकार,d͡ʒɑːn̪kɑːɾ,information,neutral,M,1,abstract6,abstract6,abstract6,0,1,inanimate,X,Cognition,0,0,0,"जान,ार,र,जा,ज,कार","kɑːɾ,d͡ʒ,d͡ʒɑː,d͡ʒɑːn̪,ɾ,ɑːɾ","ार,र","ɾ,ɑːɾ",र,ɾ
1960,जानमाल,जानमाल,d͡ʒɑːn̪mɑːl,life and property,NotAppl,M,4,underived,,,1,0,inanimate,T,Group,0,0,0,"जान,जा,ाल,ज,माल,ल","mɑːl,d͡ʒ,d͡ʒɑː,d͡ʒɑːn̪,l,ɑːl",,,,
1961,जाम,जाम,d͡ʒɑːm,jam,NotAppl,M,0,underived,,,0,0,inanimate,T,State,0,1,0,"जाम,जा,म,ज,ाम","d͡ʒ,d͡ʒɑː,m,d͡ʒɑːm,ɑːm",,,,
1962,जामाता,जामात,d͡ʒɑːmɑːt̪,son in law,NotAppl,M,4,underived,,,0,0,animate,S,Person,0,0,0,"जाम,मात,त,जा,ज,ात","t̪,d͡ʒ,ɑːt̪,d͡ʒɑː,d͡ʒɑːm,mɑːt̪",त,t̪,त,t̪
1963,जायजा,जायज,d͡ʒɑːjəd͡ʒ,review,NotAppl,M,2,underived,,,0,0,inanimate,X,Action,0,0,0,"यज,ायज,जा,ज,जाय","əd͡ʒ,jəd͡ʒ,d͡ʒ,d͡ʒɑːj,d͡ʒɑː",,əd͡ʒ,,əd͡ʒ
1964,जायदाद,जायदाद,d͡ʒɑːjd̪ɑːd̪,property,NotAppl,F,3,underived,,,0,0,inanimate,A,Object,0,1,0,"द,जा,ज,ाद,दाद,जाय","d̪,ɑːd̪,d̪ɑːd̪,d͡ʒ,d͡ʒɑːj,d͡ʒɑː",,,,
1965,जार,जार,d͡ʒɑːɾ,jar,NotAppl,M,4,underived,,,0,0,inanimate,O,Artifact,1,0,0,"ार,र,जा,ज,जार","d͡ʒɑːɾ,d͡ʒ,d͡ʒɑː,ɾ,ɑːɾ","ार,र","ɾ,ɑːɾ",र,ɾ
1966,जाल,जाल,d͡ʒɑːl,net,NotAppl,M,0,underived,,,0,0,inanimate,O,Artifact,0,1,0,"जा,ाल,ज,ल,जाल","d͡ʒ,d͡ʒɑː,l,d͡ʒɑːl,ɑːl",,,,
1967,जालसाज,जालसाज,d͡ʒɑːls̪ɑːd͡ʒ,fraudster,NotAppl,M,4,underived,,,0,0,animate,Z,Person,0,0,0,"जा,ाज,ज,जाल,साज","ɑːd͡ʒ,d͡ʒ,d͡ʒɑː,d͡ʒɑːl,s̪ɑːd͡ʒ",,,,
1968,जालसाजी,जालसाज,d͡ʒɑːls̪ɑːd͡ʒ,forgery,NotAppl,F,1,abstract6,abstract6,abstract6,0,1,inanimate,A,Anti-social,0,0,0,"जा,ाज,ज,जाल,साज","ɑːd͡ʒ,d͡ʒ,d͡ʒɑː,d͡ʒɑːl,s̪ɑːd͡ʒ",,,,
1969,जासूस,जासूस,d͡ʒɑːs̪uːs̪,detective,NotAppl,M,4,underived,,,0,0,animate,G,Person,0,1,0,"स,जास,जा,ज,ूस,सूस","s̪uːs̪,d͡ʒ,d͡ʒɑː,uːs̪,d͡ʒɑːs̪,s̪",,,,
1970,जाही,जाह,d͡ʒɑːɦ,jahi,NotAppl,F,1,underived,,,0,0,inanimate,Z,Part of,0,0,0,"ाह,ह,जा,ज,जाह","ɑːɦ,ɦ,d͡ʒ,d͡ʒɑː,d͡ʒɑːɦ",ाह,ɑːɦ,,
1971,जिंदगी,जिंदग,d͡ʒɪ̃d̪əɡ,life,NotAppl,F,1,underived,,,0,0,inanimate,L,State,0,0,0,"जिं,ज,दग,ंदग,ग,जि","d͡ʒɪ̃,əɡ,d͡ʒ,d̪əɡ,ɡ,d͡ʒɪ̃d̪","दग,ग","əɡ,d̪əɡ,ɡ",,ɡ
1972,जिक्र,जिक्र,d͡ʒɪkɾ,mention,NotAppl,M,4,underived,,,0,0,inanimate,Q,Action,0,0,0,"क्र,र,्र,ज,जिक,जि","d͡ʒ,d͡ʒɪ,ɪkɾ,ɾ,kɾ,d͡ʒɪk",र,ɾ,र,ɾ
1973,जिज्ञासा,जिज्ञास,d͡ʒɪd͡ʒɲɑːs̪,curiosity,NotAppl,F,3,underived,,,0,0,inanimate,X,Perception,0,0,1,"स,ञास,ास,ज,जिज,जि","d͡ʒ,d͡ʒɪd͡ʒ,d͡ʒɪ,ɑːs̪,s̪,ɲɑːs̪",ास,,,
1974,जिद,जिद,d͡ʒɪd̪,stubbornness,NotAppl,F,3,underived,,,0,0,inanimate,Z,Quality,0,0,0,"द,जिद,ज,िद,जि","d̪,d͡ʒ,d͡ʒɪ,ɪd̪,d͡ʒɪd̪",,,,
1976,जिन,जिन,d͡ʒɪn̪,gin,NotAppl,F,3,underived,,,0,0,inanimate,F,concept,0,0,1,"िन,जिन,न,ज,जि","d͡ʒ,d͡ʒɪ,d͡ʒɪn̪,ɪn̪,n̪",,,,
1977,जिप्सी,जिप्स,d͡ʒɪps̪,gypsy,NotAppl,F,4,underived,,,0,0,inanimate,Z,Language,1,0,0,"जि,स,ज,्स,प्स,जिप","ps̪,d͡ʒ,d͡ʒɪ,d͡ʒɪp,s̪,ɪps̪",,,,
1978,जिम,जिम,d͡ʒɪm,gym,NotAppl,M,4,underived,,,0,0,inanimate,K,Physical Place,1,0,0,"जिम,म,ज,िम,जि","d͡ʒ,ɪm,d͡ʒɪ,m,d͡ʒɪm",,,,
1979,जिम्मा,जिम्म,d͡ʒɪmm,responsibility,NotAppl,M,2,underived,,,0,0,inanimate,S,Action,0,0,0,"जि,जिम,म,ज,म्म,्म","mm,d͡ʒ,d͡ʒɪ,m,ɪmm,d͡ʒɪm",,,,
1980,जिम्मेदार,जिम्मेदार,d͡ʒɪmmeːd̪ɑːɾ,responsible,NotAppl,M,4,underived,,,0,0,inanimate,A,Relational,0,0,0,"र,ार,जिम,ज,जि,दार","d͡ʒ,d͡ʒɪ,ɾ,ɑːɾ,d̪ɑːɾ,d͡ʒɪm","र,ार","ɾ,ɑːɾ",र,ɾ
1981,जिम्मेदारी,जिम्मेदार,d͡ʒɪmmeːd̪ɑːɾ,responsibility,NotAppl,F,1,abstract6,abstract6,abstract6,0,1,inanimate,S,Action,0,0,0,"र,ार,जिम,ज,जि,दार","d͡ʒ,d͡ʒɪ,ɾ,ɑːɾ,d̪ɑːɾ,d͡ʒɪm","र,ार","ɾ,ɑːɾ",र,ɾ
1982,जिम्मेवारी,जिम्मेवार,d͡ʒɪmmeːʋɑːɾ,responsibility,NotAppl,F,1,abstract6,abstract6,abstract6,0,1,inanimate,S,Action,0,0,0,"र,ार,जिम,वार,ज,जि","ʋɑːɾ,d͡ʒ,d͡ʒɪ,ɾ,ɑːɾ,d͡ʒɪm","र,ार","ɾ,ɑːɾ",र,ɾ
1983,जिरह,जिरह,d͡ʒɪɾəɦ,cross-examination,NotAppl,F,3,underived,,,0,0,inanimate,O,Communication,0,1,0,"ह,जिर,ज,िरह,रह,जि","d͡ʒɪɾ,ɦ,d͡ʒ,əɦ,d͡ʒɪ,ɾəɦ",,,,
1984,जिला,जिल,d͡ʒɪl,district,NotAppl,M,2,underived,,,0,0,inanimate,M,Physical Place,0,0,0,"जि,जिल,ज,ल,िल","ɪl,d͡ʒ,d͡ʒɪ,l,d͡ʒɪl",,,,
1985,जिलाधिकारी,जिलाधिकार,d͡ʒɪlɑːd̪ʰɪkɑːɾ,district magistrate,NotAppl,M,4,underived,,,1,0,animate,M,Person,0,0,0,"जिल,ार,र,ज,कार,जि","kɑːɾ,d͡ʒ,d͡ʒɪ,ɾ,ɑːɾ,d͡ʒɪl","ार,र","ɾ,ɑːɾ",र,ɾ
1986,जिलाध्यक्ष,जिलाध्यक्ष,d͡ʒɪlɑːd̪ʰjəkʂ,district president,NotAppl,M,4,underived,,,1,0,animate,M,Common Noun,0,0,0,"्ष,जिल,ष,क्ष,ज,जि","d͡ʒ,d͡ʒɪ,kʂ,əkʂ,d͡ʒɪl,ʂ",ष,ʂ,,
1987,जिहाद,जिहाद,d͡ʒɪɦɑːd̪,jihad,neutral,F,3,underived,,,0,0,inanimate,Z,Action,0,1,0,"द,ज,ाद,हाद,जिह,जि","d̪,ɑːd̪,d͡ʒ,d͡ʒɪ,d͡ʒɪɦ,ɦɑːd̪",,,,
1988,जिहाद,जिहाद,d͡ʒɪɦɑːd̪,jihad,neutral,M,4,underived,,,0,0,inanimate,Z,Action,0,1,0,"द,ज,ाद,हाद,जिह,जि","d̪,ɑːd̪,d͡ʒ,d͡ʒɪ,d͡ʒɪɦ,ɦɑːd̪",,,,
1989,जी,ज,d͡ʒ,yes,NotAppl,M,0,underived,,,0,0,inanimate,Z,property,0,0,0,ज,d͡ʒ,,,,
1990,जीआरपी,जीआरप,d͡ʒiːɑːɾəp,grp,neutral,F,1,underived,,,0,0,inanimate,Z,Common Noun,1,0,0,"प,रप,आरप,ज,जीआ,जी","d͡ʒiː,d͡ʒ,ɾəp,əp,p,d͡ʒiːɑː",,,,
1991,जीआरपी,जीआरप,d͡ʒiːɑːɾəp,grp,neutral,M,4,underived,,,0,0,inanimate,Z,Abbreviation,1,0,0,"प,रप,आरप,ज,जीआ,जी","d͡ʒiː,d͡ʒ,ɾəp,əp,p,d͡ʒiːɑː",,,,
1992,जीएम,जीएम,d͡ʒiːeːm,gm,NotAppl,M,0,underived,,,0,0,inanimate,Z,Abbreviation,1,0,0,"एम,म,ज,जी,ीएम,जीए","iːeːm,d͡ʒiː,d͡ʒ,m,eːm,d͡ʒiːeː",,eːm,,
1993,जीत,जीत,d͡ʒiːt̪,victory,NotAppl,F,3,underived,,,0,0,inanimate,X,Natural Event,0,0,0,"ीत,त,ज,जीत,जी","d͡ʒiːt̪,t̪,d͡ʒiː,d͡ʒ,iːt̪","ीत,त","t̪,iːt̪",त,t̪
1994,जीन,जीन,d͡ʒiːn̪,jean,NotAppl,M,5,underived,,,0,0,inanimate,Z,Artifact,1,0,0,"जीन,न,ीन,ज,जी","d͡ʒiːn̪,iːn̪,d͡ʒiː,d͡ʒ,n̪",,,,
1995,जीप,जीप,d͡ʒiːp,jeep,NotAppl,F,4,underived,,,0,0,inanimate,Z,Artifact,1,0,0,"प,ीप,ज,जी,जीप","d͡ʒiːp,d͡ʒiː,d͡ʒ,p,iːp",,,,
1996,जीरा,जीर,d͡ʒiːɾ,cumin,NotAppl,M,0,underived,,,0,0,inanimate,L,Edible,0,1,0,"जीर,ीर,र,ज,जी","d͡ʒiːɾ,d͡ʒiː,d͡ʒ,ɾ,iːɾ",र,ɾ,र,ɾ
1997,जीव,जीव,d͡ʒiːʋ,creatures,NotAppl,M,4,underived,,,0,0,animate,L,Animate,0,0,1,"व,जीव,ज,ीव,जी","iːʋ,d͡ʒiː,d͡ʒ,ʋ,d͡ʒiːʋ",व,ʋ,व,ʋ
1998,जीवटता,जीवट,d͡ʒiːʋəʈ,vitality,NotAppl,F,3,abstract8,abstract8,abstract8,0,1,inanimate,X,Physical State,0,0,0,"ट,ीवट,वट,जीव,ज,जी","əʈ,d͡ʒiː,d͡ʒ,ʈ,d͡ʒiːʋ,ʋəʈ",वट,"əʈ,ʋəʈ",,
1999,जीवन,जीवन,d͡ʒiːʋən̪,life,NotAppl,M,4,underived,,,0,0,inanimate,L,State,0,0,1,"न,जीव,ज,वन,ीवन,जी","d͡ʒiː,d͡ʒ,ən̪,d͡ʒiːʋ,n̪,ʋən̪",,,,
2000,जीवनी,जीवन,d͡ʒiːʋən̪,biography,NotAppl,F,1,underived,,,0,0,inanimate,Q,Abstract,0,0,0,"न,जीव,ज,वन,ीवन,जी","d͡ʒiː,d͡ʒ,ən̪,d͡ʒiːʋ,n̪,ʋən̪",,,,
2001,जुंबिश,जुंबिश,d͡ʒũbɪʃ,jumbish,NotAppl,F,3,underived,,,0,0,inanimate,Z,Physical State,0,1,0,"िश,श,बिश,ज,जु,जुं","ʃ,d͡ʒ,bɪʃ,d͡ʒũb,ɪʃ,d͡ʒũ",िश,,,
2002,जुआ,जु,d͡ʒu,gambling,NotAppl,M,2,underived,,,0,0,inanimate,A,Physical,0,0,0,"ज,ु,जु","u,d͡ʒ,d͡ʒu",,,,
2003,जुआरी,जुआ,d͡ʒuɑː,gambler,NotAppl,M,4,agent_doer,,,0,1,animate,K,Person,0,0,0,"जुआ,आ,ुआ,ज,जु","uɑː,d͡ʒu,ɑː,d͡ʒ,d͡ʒuɑː",,,,
2004,जुगत,जुगत,d͡ʒuɡət̪,jugaat,NotAppl,F,3,underived,,,0,0,inanimate,Z,Physical,0,0,0,"गत,त,जुग,ज,जु,ुगत","ɡət̪,d͡ʒuɡ,t̪,d͡ʒu,d͡ʒ,ət̪","गत,त","ɡət̪,t̪",त,t̪
2005,जुगाड़,जुगाड़,d͡ʒuɡɑːɽ,jugaad,NotAppl,M,4,underived,,,0,0,inanimate,Z,Action,0,0,0,"ाड़,़,ड़,जुग,ज,जु","d͡ʒuɡ,ɡɑːɽ,d͡ʒu,d͡ʒ,ɑːɽ,ɽ","ाड़,़,ड़","ɑːɽ,ɽ",़,
2006,जुबली,जुबल,d͡ʒubəl,jubilee,NotAppl,F,1,underived,,,0,0,inanimate,T,Natural Object,1,0,0,"बल,ुबल,जुब,ज,जु,ल","d͡ʒu,d͡ʒ,əl,d͡ʒub,bəl,l",,əl,,
2007,जुबान,जुबान,d͡ʒubɑːn̪,tongue,NotAppl,F,3,underived,,,0,0,inanimate,B,Part of,0,0,0,"ान,न,जुब,ज,जु,बान","ɑːn̪,d͡ʒu,d͡ʒ,d͡ʒub,n̪,bɑːn̪",बान,bɑːn̪,,
2008,जुमला,जुमल,d͡ʒuməl,phrase,NotAppl,M,2,underived,,,0,0,inanimate,Q,Group,0,1,0,"जुम,ज,मल,जु,ुमल,ल","məl,d͡ʒu,d͡ʒ,d͡ʒum,əl,l",,əl,,
2009,जुमलेबाजी,जुमलेबाज,d͡ʒumleːbɑːd͡ʒ,jumlabaazi,NotAppl,F,1,abstract6,abstract6,abstract6,0,1,inanimate,Z,Action,0,0,0,"जुम,ाज,ज,जु,बाज","bɑːd͡ʒ,ɑːd͡ʒ,d͡ʒu,d͡ʒ,d͡ʒum",,,,
2010,जुर्म,जुर्म,d͡ʒuɾm,crime,NotAppl,M,4,underived,,,0,0,inanimate,G,Anti-social,0,1,0,"म,ज,जु,जुर,र्म,्म","uɾm,d͡ʒuɾ,d͡ʒu,ɾm,d͡ʒ,m",,,,
2011,जुर्माना,जुर्मा,d͡ʒuɾmɑː,fine,NotAppl,M,2,verbal_noun2,verbal_noun2,,0,1,inanimate,A,Artifact,0,0,0,"मा,ा,्मा,ज,जु,जुर","d͡ʒuɾ,d͡ʒu,ɑː,d͡ʒ,ɾmɑː,mɑː",ा,,ा,
2012,जुर्रत,जुर्रत,d͡ʒuɾɾət̪,audacity,NotAppl,F,3,underived,,,0,0,inanimate,E,Quality,0,1,0,"रत,त,ज,जु,जुर,्रत","d͡ʒuɾ,d͡ʒu,t̪,d͡ʒ,ət̪,ɾət̪","रत,त","t̪,ɾət̪",त,"t̪,ɾət̪"
2013,जुलूस,जुलूस,d͡ʒuluːs̪,procession,NotAppl,M,4,underived,,,0,0,inanimate,S,Action,0,1,0,"स,लूस,जुल,ज,जु,ूस","luːs̪,d͡ʒul,d͡ʒu,d͡ʒ,uːs̪,s̪",,,,
2014,जुल्म,जुल्म,d͡ʒulm,oppression,NotAppl,M,4,underived,,,0,0,inanimate,S,Physical,0,0,0,"ल्म,जुल,म,ज,जु,्म","d͡ʒul,lm,d͡ʒu,d͡ʒ,m,ulm",,,,
2015,जू,ज,d͡ʒ,ju,NotAppl,M,4,underived,,,0,0,inanimate,Z,Physical Place,0,0,0,ज,d͡ʒ,,,,
2016,जूट,जूट,d͡ʒuːʈ,jute,NotAppl,M,4,underived,,,0,0,inanimate,Z,Natural Object,1,0,0,"ट,ूट,ज,जूट,जू","uːʈ,d͡ʒ,d͡ʒuː,ʈ,d͡ʒuːʈ",,,,
2017,जूता,जूत,d͡ʒuːt̪,shoe,NotAppl,M,2,underived,,,0,0,inanimate,B,Artifact,0,0,0,"जूत,ूत,त,ज,जू","t̪,uːt̪,d͡ʒuːt̪,d͡ʒ,d͡ʒuː",त,t̪,त,t̪
2018,जून,जून,d͡ʒuːn̪,june,NotAppl,M,4,underived,,,0,0,inanimate,T,Period,1,0,0,"ून,न,ज,जू,जून","d͡ʒ,d͡ʒuːn̪,d͡ʒuː,n̪,uːn̪",,,,
2019,जूनियर,जूनियर,d͡ʒuːn̪ɪjəɾ,junior,NotAppl,M,4,underived,,,0,0,inanimate,T,Stative,1,0,0,"यर,र,ियर,ज,जू,जून","jəɾ,d͡ʒ,d͡ʒuːn̪,d͡ʒuː,ɾ,əɾ","र,ियर","ɾ,əɾ",र,"ɾ,əɾ"
2020,जूरी,जूर,d͡ʒuːɾ,jury,NotAppl,F,1,underived,,,0,0,inanimate,G,Group,1,0,0,"र,जूर,ूर,ज,जू","d͡ʒuːɾ,d͡ʒ,d͡ʒuː,ɾ,uːɾ",र,ɾ,र,ɾ
2021,जूलॉजिकल,जूलॉजिकल,d͡ʒuːlɔd͡ʒɪkəl,zoological,NotAppl,M,0,underived,,,0,0,inanimate,L,Applied Sciences,1,0,0,"िकल,जूल,कल,ज,जू,ल","kəl,d͡ʒ,d͡ʒuː,əl,d͡ʒuːl,l",,əl,,
2022,जूस,जूस,d͡ʒuːs̪,juice,NotAppl,M,4,underived,,,0,0,inanimate,F,Part of,1,0,0,"स,जूस,जू,ज,ूस","d͡ʒ,d͡ʒuː,uːs̪,s̪,d͡ʒuːs̪",,,,
2023,जे.,जे.,d͡ʒeː.,j.,NotAppl,M,0,underived,,,0,0,inanimate,Z,Abbreviation,1,0,0,".,े.,ज,जे,जे.",".,d͡ʒ,eː.,d͡ʒeː.,d͡ʒeː",,,,
2024,जेंटलमेन,जेंटलमेन,d͡ʒẽːʈəlmeːn̪,gentlemen,NotAppl,M,4,underived,,,0,0,animate,S,Common Noun,1,0,0,"मेन,ेन,न,ज,जें,जे","d͡ʒẽː,d͡ʒẽːʈ,d͡ʒ,meːn̪,eːn̪,n̪",,,,
2025,जेई,जे,d͡ʒeː,je,NotAppl,M,0,underived,,,0,0,inanimate,Z,Occupation,1,0,0,"ज,जे,े","d͡ʒ,d͡ʒeː,eː",,eː,,
2026,जेएसएस,जेएसएस,d͡ʒeːeːs̪əeːs̪,jss,NotAppl,M,0,underived,,,0,0,inanimate,Z,Abbreviation,1,0,0,"स,सएस,जेए,ज,एस,जे","d͡ʒ,eːs̪,d͡ʒeːeː,s̪,d͡ʒeː,əeːs̪",,,,
2027,जेट,जेट,d͡ʒeːʈ,jet,NotAppl,M,4,underived,,,0,0,inanimate,M,Artifact,1,0,0,"ट,ज,ेट,जेट,जे","d͡ʒeːʈ,d͡ʒ,eːʈ,ʈ,d͡ʒeː",,,,
2028,जेठानी,जेठान,d͡ʒeːʈʰɑːn̪,sister in law,NotAppl,F,1,underived,,,0,0,animate,S,Person,0,0,0,"ान,न,ज,ठान,जेठ,जे","n̪,d͡ʒeːʈʰ,ɑːn̪,d͡ʒ,ʈʰɑːn̪,d͡ʒeː",,,,
2029,जेड,जेड,d͡ʒeːɖ,jade,NotAppl,M,5,underived,,,0,0,inanimate,O,Abbreviation,1,0,0,"ड,ज,ेड,जेड,जे","eːɖ,ɖ,d͡ʒeːɖ,d͡ʒ,d͡ʒeː",,,,
2030,जेब,जेब,d͡ʒeːb,pocket,NotAppl,F,3,underived,,,0,0,inanimate,B,Artifact,0,1,0,"जेब,ज,ब,ेब,जे","d͡ʒ,b,eːb,d͡ʒeːb,d͡ʒeː",,,,
2031,जेल,जेल,d͡ʒeːl,jail,neutral,F,3,underived,,,0,0,inanimate,G,Process,1,0,0,"ेल,ज,ल,जे,जेल","d͡ʒeːl,d͡ʒ,l,eːl,d͡ʒeː",,,,
2032,जेल,जेल,d͡ʒeːl,jail,neutral,M,4,underived,,,0,0,inanimate,G,Process,1,0,0,"ेल,ज,ल,जे,जेल","d͡ʒeːl,d͡ʒ,l,eːl,d͡ʒeː",,,,
2033,जेलकर्मी,जेलकर्म,d͡ʒeːlkəɾm,prison worker,NotAppl,M,4,underived,,,1,0,animate,G,Person,0,0,0,"र्म,म,ज,जेल,जे,्म","d͡ʒeːl,ɾm,d͡ʒ,m,əɾm,d͡ʒeː",,,,
2034,जेवरात,जेवरात,d͡ʒeːʋɾɑːt̪,jewellery,NotAppl,M,4,underived,,,0,0,inanimate,B,Artifact,0,0,0,"जेव,रात,त,ज,ात,जे","t̪,d͡ʒ,ɑːt̪,d͡ʒeːʋ,d͡ʒeː,ɾɑːt̪",त,t̪,त,t̪
2035,जेहन,जेहन,d͡ʒeːɦən̪,mind,NotAppl,M,4,underived,,,0,0,inanimate,E,Psychological Feature,0,0,0,"न,ेहन,ज,जेह,जे,हन","n̪,d͡ʒeːɦ,d͡ʒ,d͡ʒeː,ɦən̪,ən̪",,,,
2036,जेहाद,जेहाद,d͡ʒeːɦɑːd̪,jihad,NotAppl,M,4,underived,,,0,0,inanimate,Z,Action,0,0,0,"द,ज,ाद,हाद,जेह,जे","d̪,ɑːd̪,d͡ʒeːɦ,d͡ʒ,ɦɑːd̪,d͡ʒeː",,,,
2037,जेहादी,जेहाद,d͡ʒeːɦɑːd̪,jihadi,NotAppl,M,4,underived,,,0,0,animate,Z,Person,0,0,0,"द,ज,ाद,हाद,जेह,जे","d̪,ɑːd̪,d͡ʒeːɦ,d͡ʒ,ɦɑːd̪,d͡ʒeː",,,,
2038,जैकेट,जैकेट,d͡ʒəɪkeːʈ,jacket,NotAppl,M,4,underived,,,0,0,inanimate,B,Artifact,1,0,0,"ट,जै,ज,ेट,जैक,केट","d͡ʒə,d͡ʒ,eːʈ,ʈ,keːʈ,d͡ʒəɪ",,,,
2039,जैन,जैन,d͡ʒəɪn̪,jain,NotAppl,M,4,underived,,,0,0,inanimate,Z,Religion,0,0,1,"ैन,जै,न,जैन,ज","əɪn̪,d͡ʒə,d͡ʒ,ɪn̪,d͡ʒəɪ,n̪",,,,
2040,जैमर,जैमर,d͡ʒəɪməɾ,jammer,NotAppl,M,4,underived,,,0,0,inanimate,Z,Physical State,1,0,0,"र,जैम,जै,ज,ैमर,मर","d͡ʒə,d͡ʒ,ɾ,d͡ʒəɪ,əɾ,məɾ",र,"ɾ,əɾ",र,"ɾ,əɾ"
2041,जैव,जैव,d͡ʒəɪʋ,bio,NotAppl,M,4,underived,,,0,0,inanimate,Z,Relational,0,0,1,"व,जैव,जै,ज,ैव","əɪʋ,d͡ʒə,d͡ʒ,ʋ,ɪʋ,d͡ʒəɪ",व,ʋ,व,ʋ
2042,जोखा,जोख,d͡ʒoːkʰ,jokha,NotAppl,M,2,underived,,,0,0,inanimate,Z,Verb of Action,0,0,0,"ख,जोख,ज,ोख,जो","d͡ʒoː,oːkʰ,d͡ʒ,kʰ,d͡ʒoːkʰ",,,,
2043,जोखिम,जोखिम,d͡ʒoːkʰɪm,risk,neutral,F,3,underived,,,0,0,inanimate,A,State,0,0,0,"म,खिम,जोख,ज,िम,जो","d͡ʒoː,d͡ʒ,ɪm,m,kʰɪm,d͡ʒoːkʰ",,,,
2044,जोखिम,जोखिम,d͡ʒoːkʰɪm,risk,neutral,M,4,underived,,,0,0,inanimate,A,State,0,0,0,"म,खिम,जोख,ज,िम,जो","d͡ʒoː,d͡ʒ,ɪm,m,kʰɪm,d͡ʒoːkʰ",,,,
2045,जोड,जोड,d͡ʒoːɖ,add,NotAppl,F,3,underived,,,0,0,inanimate,N,Abstract,0,0,0,"ड,ज,ोड,जोड,जो","d͡ʒoː,ɖ,d͡ʒ,oːɖ,d͡ʒoːɖ",,,,
2046,जोडी,जोड,d͡ʒoːɖ,pair,NotAppl,F,1,underived,,,0,0,inanimate,N,Collective Noun,0,0,0,"ड,ज,ोड,जोड,जो","d͡ʒoː,ɖ,d͡ʒ,oːɖ,d͡ʒoːɖ",,,,
2047,जोन,जोन,d͡ʒoːn̪,zone,neutral,F,3,underived,,,0,0,inanimate,M,Common Noun,1,0,0,"जोन,न,ज,ोन,जो","d͡ʒoː,d͡ʒoːn̪,d͡ʒ,n̪,oːn̪",,,,
2048,जोन,जोन,d͡ʒoːn̪,zone,neutral,M,4,underived,,,0,0,inanimate,M,Common Noun,1,0,0,"जोन,न,ज,ोन,जो","d͡ʒoː,d͡ʒoːn̪,d͡ʒ,n̪,oːn̪",,,,
2049,जोर,जोर,d͡ʒoːɾ,emphasis,NotAppl,M,4,underived,,,0,0,inanimate,A,Quality,0,0,0,"जोर,ोर,र,ज,जो","d͡ʒoː,d͡ʒ,oːɾ,ɾ,d͡ʒoːɾ",र,ɾ,र,ɾ
2050,जोरी,जोर,d͡ʒoːɾ,jory,NotAppl,F,1,underived,,,0,0,inanimate,Z,Physical State,0,0,0,"जोर,ोर,र,ज,जो","d͡ʒoː,d͡ʒ,oːɾ,ɾ,d͡ʒoːɾ",र,ɾ,र,ɾ
2051,जोश,जोश,d͡ʒoːʃ,passion,NotAppl,M,4,underived,,,0,0,inanimate,X,Psychological Feature,0,1,0,"जोश,ोश,श,ज,जो","d͡ʒoː,ʃ,d͡ʒ,oːʃ,d͡ʒoːʃ",,,,
2052,जोशोखरोश,जोशोखरोश,d͡ʒoːʃoːkʰɾoːʃ,enthusiasm,NotAppl,M,4,underived,,,1,0,inanimate,X,Action,0,0,0,"जोश,ोश,श,रोश,ज,जो","d͡ʒoː,ʃ,d͡ʒ,oːʃ,d͡ʒoːʃ,ɾoːʃ",,,,
2055,ज्ञान,ज्ञान,d͡ʒɲɑːn̪,knowledge,NotAppl,M,0,underived,,,0,0,inanimate,X,Cognition,0,0,1,"ान,ज्ञ,न,ज्,ज,ञान","n̪,ɑːn̪,d͡ʒ,ɲɑːn̪,d͡ʒɲ,d͡ʒɲɑː",,,,
2056,ज्ञापन,ज्ञा,d͡ʒɲɑː,memorandum,NotAppl,M,0,state_condition2,state_condition2,,0,1,inanimate,Q,information,0,0,1,"ञा,ा,ज्ञ,ज्,ज,्ञा","ɑː,d͡ʒ,ɲɑː,d͡ʒɲ,d͡ʒɲɑː",ा,,ा,
2057,ज्यादती,ज्याद,d͡ʒjɑːd̪,excesses,NotAppl,F,1,form_result,form_result,,0,1,inanimate,N,Physical,0,0,0,"द,ज्य,ज्,ज,ाद,याद","d̪,ɑːd̪,d͡ʒ,d͡ʒjɑː,d͡ʒj,jɑːd̪",,,,
2058,ज्यादा,ज्याद,d͡ʒjɑːd̪,more,NotAppl,M,0,underived,,,0,0,inanimate,A,Quantitative,0,0,0,"द,ज्य,ज्,ज,ाद,याद","d̪,ɑːd̪,d͡ʒ,d͡ʒjɑː,d͡ʒj,jɑːd̪",,,,
2059,ज्यूरी,ज्यूर,d͡ʒjuːɾ,jury,NotAppl,F,0,underived,,,0,0,inanimate,G,Group,1,0,0,"यूर,र,ज्य,ूर,ज्,ज","d͡ʒjuː,d͡ʒ,juːɾ,uːɾ,ɾ,d͡ʒj",र,ɾ,र,ɾ
2060,ज्योति,ज्योत,d͡ʒjoːt̪,flame,NotAppl,F,1,underived,,,0,0,inanimate,O,Perception,0,0,1,"ज्य,योत,त,ोत,ज्,ज","t̪,d͡ʒ,joːt̪,oːt̪,d͡ʒjoː,d͡ʒj",त,t̪,त,t̪
2061,ज्योतिष,ज्योतिष,d͡ʒjoːt̪ɪʂ,astrology,NotAppl,M,4,underived,,,0,0,inanimate,P,Natural Sciences,0,0,0,"ज्य,ष,तिष,ज्,ज,िष","d͡ʒ,ɪʂ,t̪ɪʂ,d͡ʒjoː,ʂ,d͡ʒj",ष,ʂ,,
2062,ज्योतिषि,ज्योतिष,d͡ʒjoːt̪ɪʂ,astrologer,NotAppl,M,4,abstract6,abstract6,abstract6,0,1,animate,S,Mythological Character,0,0,0,"ज्य,ष,तिष,ज्,ज,िष","d͡ʒ,ɪʂ,t̪ɪʂ,d͡ʒjoː,ʂ,d͡ʒj",ष,ʂ,,
2063,ज्योतिषी,ज्योतिष,d͡ʒjoːt̪ɪʂ,astrologer,NotAppl,M,4,abstract6,abstract6,abstract6,0,1,animate,S,Person,0,0,0,"ज्य,ष,तिष,ज्,ज,िष","d͡ʒ,ɪʂ,t̪ɪʂ,d͡ʒjoː,ʂ,d͡ʒj",ष,ʂ,,
2064,ज्वार,ज्वार,d͡ʒʋɑːɾ,tide,NotAppl,M,4,underived,,,0,0,inanimate,W,Part of,0,0,0,"ज्व,ार,र,ज्,ज,वार","ʋɑːɾ,d͡ʒ,ɾ,d͡ʒʋ,ɑːɾ,d͡ʒʋɑː","ार,र","ɾ,ɑːɾ",र,ɾ
2065,झंडा,झंड,d͡ʒʰə̃ɖ,flag,NotAppl,M,2,underived,,,0,0,inanimate,Q,Artifact,0,0,0,"ड,ंड,झ,झंड,झं","ə̃ɖ,ɖ,d͡ʒʰ,d͡ʒʰə̃,d͡ʒʰə̃ɖ",,,,
2066,झंडातोलन,झंडातोलन,d͡ʒʰə̃ɖɑːt̪oːlən̪,flag hoisting,NotAppl,M,4,underived,,,1,0,inanimate,Q,Action,0,0,0,"लन,न,झ,ोलन,झंड,झं","n̪,lən̪,d͡ʒʰ,ən̪,d͡ʒʰə̃,d͡ʒʰə̃ɖ",लन,lən̪,,
2067,झंडी,झंड,d͡ʒʰə̃ɖ,flag,NotAppl,F,1,underived,,,0,0,inanimate,Q,Artifact,0,1,0,"ड,ंड,झ,झंड,झं","ə̃ɖ,ɖ,d͡ʒʰ,d͡ʒʰə̃,d͡ʒʰə̃ɖ",,,,
2068,झगडा,झगड,d͡ʒʰəɡəɖ,fight,NotAppl,M,2,underived,,,0,0,inanimate,S,Abstract,0,0,0,"झग,ड,झगड,झ,गड","d͡ʒʰəɡ,əɖ,d͡ʒʰə,ɖ,d͡ʒʰ,ɡəɖ",,,,
2069,झटका,झटक,d͡ʒʰəʈək,shock,NotAppl,M,2,underived,,,0,0,inanimate,E,Cognition,0,0,0,"झट,झटक,टक,क,झ","k,d͡ʒʰə,ʈək,ək,d͡ʒʰ,d͡ʒʰəʈ",,ək,,
2072,झड़ी,झड़,d͡ʒʰəɽ,showers,NotAppl,F,1,underived,,,0,0,inanimate,B,Natural Event,0,0,0,"़,ड़,झड़,झ,झड","d͡ʒʰə,əɽ,d͡ʒʰ,d͡ʒʰəɽ,ɽ","़,ड़",ɽ,़,
2073,झरना,झरन,d͡ʒʰəɾən̪,waterfall,NotAppl,M,2,underived,,,0,0,inanimate,O,Natural Object,0,0,0,"रन,न,झ,झरन,झर","d͡ʒʰə,d͡ʒʰ,ən̪,d͡ʒʰəɾ,n̪,ɾən̪",,,,
2074,झरोखा,झरोख,d͡ʒʰəɾoːkʰ,window,NotAppl,M,2,underived,,,0,0,inanimate,H,Artifact,0,0,0,"रोख,ख,झ,झरो,झर,ोख","oːkʰ,d͡ʒʰə,d͡ʒʰ,d͡ʒʰəɾ,kʰ,ɾoːkʰ",,,,
2075,झलक,झलक,d͡ʒʰələk,glimpse,NotAppl,F,3,underived,,,0,0,inanimate,X,Object,0,0,0,"लक,झलक,झ,क,झल","k,lək,d͡ʒʰə,d͡ʒʰəl,ək,d͡ʒʰ",,ək,,
2076,झलकी,झलक,d͡ʒʰələk,glimpse,NotAppl,F,1,underived,,,0,0,inanimate,X,Object,0,0,0,"लक,झलक,झ,क,झल","k,lək,d͡ʒʰə,d͡ʒʰəl,ək,d͡ʒʰ",,ək,,
2077,झाँसा,झाँस,d͡ʒʰɑ̃ːs̪,bluff,NotAppl,M,2,underived,,,0,0,inanimate,A,Quality,0,0,0,"स,झाँ,झ,ँस,झा,ाँस","ɑ̃ːs̪,d͡ʒʰ,s̪,d͡ʒʰɑ̃ːs̪,d͡ʒʰɑ̃ː",,,,
2078,झाड़,झाड़,d͡ʒʰɑːɽ,broom,NotAppl,F,3,underived,,,0,0,inanimate,B,Shrub,0,0,0,"ाड़,झाड,़,ड़,झ,झा","d͡ʒʰɑː,d͡ʒʰɑːɽ,ɑːɽ,d͡ʒʰ,ɽ","ाड़,़,ड़","ɑːɽ,ɽ",़,
2079,झील,झील,d͡ʒʰiːl,lake,NotAppl,F,3,underived,,,0,0,inanimate,W,Physical Place,0,0,0,"झील,ील,झी,झ,ल","d͡ʒʰiːl,iːl,d͡ʒʰ,l,d͡ʒʰiː",ील,iːl,,
2080,झुकाव,झुकाव,d͡ʒʰukɑːʋ,leaning,NotAppl,M,0,underived,,,0,0,inanimate,M,State,0,0,0,"व,ाव,झु,काव,झ,झुक","d͡ʒʰ,ʋ,d͡ʒʰuk,ɑːʋ,kɑːʋ,d͡ʒʰu","व,ाव",ʋ,"व,ाव",ʋ
2081,झुग्गी,झुग्ग,d͡ʒʰuɡɡ,slum,NotAppl,F,1,underived,,,0,0,inanimate,O,Physical Place,0,0,0,"ग्ग,झु,्ग,झ,ग,झुग","d͡ʒʰ,uɡɡ,ɡ,d͡ʒʰu,ɡɡ,d͡ʒʰuɡ",ग,ɡ,,ɡ
2082,झुरझुरी,झुरझुर,d͡ʒʰuɾd͡ʒʰuɾ,wrinkle,NotAppl,F,1,underived,,,0,0,inanimate,O,Physical State,0,0,0,"र,झु,झुर,झ,ुर","d͡ʒʰ,ɾ,d͡ʒʰuɾ,d͡ʒʰu,uɾ",र,ɾ,र,ɾ
2083,झूठ,झूठ,d͡ʒʰuːʈʰ,lie,NotAppl,M,4,underived,,,0,0,inanimate,A,Cognition,0,0,0,"झूठ,झ,झू,ठ,ूठ","d͡ʒʰuː,ʈʰ,uːʈʰ,d͡ʒʰ,d͡ʒʰuːʈʰ",,,,
2084,झोंक,झोंक,d͡ʒʰõːk,thrust,NotAppl,F,3,underived,,,0,0,inanimate,M,State,0,0,0,"झो,ोंक,झ,क,ंक,झों","k,d͡ʒʰõːk,d͡ʒʰ,d͡ʒʰõː,õːk",,,,
2085,झोंका,झोंक,d͡ʒʰõːk,gust,NotAppl,M,2,underived,,,0,0,inanimate,W,Natural Object,0,0,0,"झो,ोंक,झ,क,ंक,झों","k,d͡ʒʰõːk,d͡ʒʰ,d͡ʒʰõː,õːk",,,,
2088,झोला,झोल,d͡ʒʰoːl,bag,NotAppl,M,2,underived,,,0,0,inanimate,B,Artifact,0,0,0,"झो,झोल,ोल,झ,ल","d͡ʒʰoːl,oːl,d͡ʒʰ,d͡ʒʰoː,l",,,,
2089,टंकी,टंक,ʈə̃k,tank,NotAppl,F,1,underived,,,0,0,inanimate,O,Artifact,1,0,0,"ट,टंक,टं,क,ंक","k,ʈə̃k,ʈ,ə̃k,ʈə̃",,,,
2090,टकराव,टकराव,ʈəkɾɑːʋ,clash,NotAppl,M,4,result_nouns,,,0,1,inanimate,E,Action,0,0,0,"ट,व,ाव,टक,टकर,राव","ʈə,ɾɑːʋ,ʈək,ʋ,ʈ,ɑːʋ","व,ाव",ʋ,"व,ाव",ʋ
2091,टक्कर,टक्कर,ʈəkkəɾ,collision,NotAppl,F,3,underived,,,0,0,inanimate,A,Action,0,0,0,"ट,कर,र,टक,्कर,टक्","ʈə,ʈək,ʈ,ɾ,kəɾ,əɾ","कर,र","ɾ,kəɾ,əɾ","कर,र","ɾ,kəɾ,əɾ"
2092,टखने,टख,ʈəkʰ,ankle,NotAppl,M,4,underived,,,0,0,inanimate,B,Part of,0,0,0,"ख,ट,टख","ʈə,ʈəkʰ,əkʰ,ʈ,kʰ",,,,
2093,टच,टच,ʈət͡ʃ,touch,NotAppl,M,4,underived,,,0,0,inanimate,X,Common Noun,1,0,0,"ट,टच,च","ʈə,t͡ʃ,ʈ,ʈət͡ʃ,ət͡ʃ",,ət͡ʃ,,
2094,टन,टन,ʈən̪,ton,NotAppl,M,0,underived,,,0,0,inanimate,N,Measurement,1,0,0,"ट,टन,न","ʈə,ʈən̪,ʈ,ən̪,n̪",,,,
2095,टर्निंग,टर्निंग,ʈəɾn̪ɪ̃ɡ,turning,NotAppl,M,0,underived,,,0,0,inanimate,M,Action,1,0,0,"ट,िंग,टर्,ंग,टर,ग","ʈə,ʈ,ɪ̃ɡ,ɡ,n̪ɪ̃ɡ,ʈəɾ","िंग,ंग,टर,ग","ɪ̃ɡ,ɡ,ʈəɾ","िंग,ंग,टर","ɪ̃ɡ,ɡ,ʈəɾ"
2096,टर्म,टर्म,ʈəɾm,term,NotAppl,M,4,underived,,,0,0,inanimate,Q,Abbreviation,1,0,0,"ट,म,टर्,टर,र्म,्म","ʈə,ɾm,m,ʈ,əɾm,ʈəɾ",टर,ʈəɾ,टर,ʈəɾ
2097,टर्मिनल,टर्मिनल,ʈəɾmɪn̪əl,terminal,NotAppl,M,4,underived,,,0,0,inanimate,M,Physical Place,1,0,0,"ट,नल,टर्,िनल,टर,ल","ʈə,n̪əl,ʈ,əl,l,ʈəɾ","नल,टर","n̪əl,əl,ʈəɾ",टर,ʈəɾ
2098,टस,टस,ʈəs̪,tuss,NotAppl,M,4,underived,,,0,0,inanimate,Z,Common Noun,1,0,0,"ट,टस,स","ʈə,ʈəs̪,ʈ,əs̪,s̪",,,,
2099,टांग,टांग,ʈɑ̃ːɡ,leg,NotAppl,F,3,underived,,,0,0,inanimate,M,Anatomical,0,0,0,"ट,टां,ांग,ंग,टा,ग","ʈɑ̃ːɡ,ʈ,ɡ,ɑ̃ːɡ,ʈɑ̃ː","ांग,ंग,ग","ɡ,ɑ̃ːɡ",ंग,ɡ
2100,टाइप,टाइप,ʈɑːɪp,type,NotAppl,M,4,underived,,,0,0,inanimate,A,Artifact,1,0,0,"टाइ,ट,प,इप,टा,ाइप","ɑːɪp,ʈɑː,ʈ,p,ʈɑːɪ,ɪp",,,,
2101,टाइब्रेकर,टाइब्रेकर,ʈɑːɪbɾeːkəɾ,tiebreaker,NotAppl,M,4,underived,,,0,0,inanimate,Z,Action,1,0,0,"टाइ,ट,कर,र,टा,ेकर","ʈɑː,ʈ,ɾ,ʈɑːɪ,kəɾ,əɾ","कर,र","ɾ,kəɾ,əɾ","कर,र","ɾ,kəɾ,əɾ"
2102,टाइम,टाइम,ʈɑːɪm,time,NotAppl,M,0,underived,,,0,0,inanimate,T,Abstract,1,0,0,"टाइ,ट,इम,म,ाइम,टा","ɪm,ɑːɪm,ʈɑː,m,ʈ,ʈɑːɪ",,,,
2103,टाइमर,टाइमर,ʈɑːɪməɾ,timer,NotAppl,M,4,underived,,,0,0,inanimate,T,Artifact,1,0,0,"टाइ,ट,र,टा,मर,इमर","ʈɑː,ʈ,ɾ,ʈɑːɪ,əɾ,məɾ",र,"ɾ,əɾ",र,"ɾ,əɾ"
2105,टाउनशिप,टाउनशिप,ʈɑːun̪ʃɪp,township,NotAppl,M,3,underived,,,0,0,inanimate,M,Group,1,0,0,"टाउ,ट,प,शिप,टा,िप","ʈɑːu,ʈɑː,ʈ,p,ʃɪp,ɪp",,,,
2106,टाटा,टाट,ʈɑːʈ,bye,NotAppl,M,0,underived,,,0,0,inanimate,Z,Vehicle,0,0,0,"टाट,ट,ाट,टा","ʈ,ɑːʈ,ʈɑː,ʈɑːʈ",,,,
2107,टापू,टाप,ʈɑːp,island,NotAppl,M,4,underived,,,0,0,inanimate,W,Physical Place,0,0,0,"ट,ाप,प,टाप,टा","ɑːp,ʈɑː,ʈ,p,ʈɑːp",,,,
2108,टारगेट,टारगेट,ʈɑːɾɡeːʈ,target,NotAppl,M,4,underived,,,0,0,inanimate,X,Common Noun,1,0,0,"ट,गेट,ेट,टा,टार","ʈɑː,eːʈ,ʈ,ɡeːʈ,ʈɑːɾ",,,,
2109,टास्क,टास्क,ʈɑːs̪k,task,NotAppl,M,4,underived,,,0,0,inanimate,A,Action,1,0,0,"स्क,ट,्क,क,टास,टा","k,ʈɑː,ʈ,ʈɑːs̪,s̪k,ɑːs̪k",,,,
2110,टिकट,टिकट,ʈɪkəʈ,stamp,neutral,F,4,underived,,,0,0,inanimate,Q,Artifact,1,0,0,"ट,िकट,टि,टिक,कट","əʈ,ʈɪk,ʈ,ʈɪ,kəʈ",टि,"əʈ,ʈɪ",,
2111,टिकट,टिकट,ʈɪkəʈ,stamp,neutral,M,4,underived,,,0,0,inanimate,Q,Artifact,1,0,0,"ट,िकट,टि,टिक,कट","əʈ,ʈɪk,ʈ,ʈɪ,kəʈ",टि,"əʈ,ʈɪ",,
2112,टिकटिंग,टिकटिंग,ʈɪkʈɪ̃ɡ,ticketing,NotAppl,F,0,underived,,,0,0,inanimate,Q,Common Noun,1,0,0,"ट,टि,ग,िंग,ंग,टिक","ʈɪk,ʈ,ʈɪ,ɪ̃ɡ,ɡ,ʈɪ̃ɡ","टि,ग,िंग,ंग","ʈɪ,ɪ̃ɡ,ɡ,ʈɪ̃ɡ","िंग,ंग","ɪ̃ɡ,ɡ"
2113,टिथी,टिथ,ʈɪt̪ʰ,tithi,NotAppl,F,1,underived,,,0,0,inanimate,Z,Physical State,0,0,0,"िथ,ट,टि,टिथ,थ","t̪ʰ,ʈ,ʈɪ,ɪt̪ʰ,ʈɪt̪ʰ",टि,"ʈɪ,ɪt̪ʰ",,
2114,टिप्पणी,टिप्पण,ʈɪppəɳ,comment,NotAppl,F,1,underived,,,0,0,inanimate,Q,Communication,0,0,1,"ट,पण,टि,्पण,टिप,ण","əɳ,pəɳ,ʈ,ʈɪ,ʈɪp,ɳ",टि,"əɳ,ʈɪ",,əɳ
2115,टीका,टीक,ʈiːk,vaccine,homophones,F,2,underived,,,0,0,inanimate,B,Artifact,0,0,1,"ट,टीक,क,टी,ीक","k,ʈ,ʈiː,ʈiːk,iːk",,,,
2116,टीका,टीक,ʈiːk,vaccine,homophones,M,2,underived,,,0,0,inanimate,B,Artifact,0,0,1,"ट,टीक,क,टी,ीक","k,ʈ,ʈiː,ʈiːk,iːk",,,,
2117,टीन,टीन,ʈiːn̪,teen,NotAppl,M,5,underived,,,0,0,inanimate,T,Artifact,1,0,0,"ट,टीन,न,ीन,टी","iːn̪,ʈ,n̪,ʈiːn̪,ʈiː",,,,
2118,टीम,टीम,ʈiːm,team,NotAppl,F,3,underived,,,0,0,inanimate,S,Group,0,0,0,"ट,म,टीम,टी,ीम","iːm,ʈiːm,m,ʈ,ʈiː",,,,
2119,टीवी,टीव,ʈiːʋ,tv,NotAppl,M,4,underived,,,0,0,inanimate,Q,Artifact,1,0,0,"ट,व,टी,टीव,ीव","iːʋ,ʋ,ʈ,ʈiːʋ,ʈiː",व,ʋ,व,ʋ
2120,टीशर्ट,टीशर्ट,ʈiːʃəɾʈ,t-shirt,NotAppl,F,3,underived,,,0,0,inanimate,Z,Artifact,1,0,0,"ट,टीश,र्ट,्ट,टी","ʈiːʃ,əɾʈ,ʈ,ɾʈ,ʈiː",,,,
2121,टुकड़ी,टुकड़,ʈukəɽ,detachment,NotAppl,F,1,underived,,,0,0,inanimate,X,Group,0,0,0,"टु,ट,कड़,़,टुक,ड़","ʈu,ʈuk,əɽ,ʈ,ɽ,kəɽ","़,ड़",ɽ,़,
2122,टुकडा,टुकड,ʈukəɖ,piece,NotAppl,M,2,underived,,,0,0,inanimate,N,Common Noun,0,0,0,"टु,ट,ड,कड,टुक,ुकड","ʈu,əɖ,ɖ,kəɖ,ʈuk,ʈ",,,,
2123,टुकडी,टुकड,ʈukəɖ,detachment,NotAppl,F,1,underived,,,0,0,inanimate,X,Common Noun,0,0,0,"टु,ट,ड,कड,टुक,ुकड","ʈu,əɖ,ɖ,kəɖ,ʈuk,ʈ",,,,
2124,टूर,टूर,ʈuːɾ,tour,NotAppl,M,4,underived,,,0,0,inanimate,M,Physical,1,0,0,"ट,टूर,र,ूर,टू","ʈuːɾ,ʈuː,ʈ,ɾ,uːɾ",र,ɾ,र,ɾ
2125,टूरिस्ट,टूरिस्ट,ʈuːɾɪs̪ʈ,camper,NotAppl,M,4,underived,,,0,0,animate,M,Common Noun,1,0,0,"ट,टूर,टू,्ट,स्ट","ʈuːɾ,ʈuː,ʈ,s̪ʈ,ɪs̪ʈ",स्ट,s̪ʈ,,s̪ʈ
2126,टूर्नामेंट,टूर्नामेंट,ʈuːɾn̪ɑːmẽːʈ,tournament,NotAppl,M,4,underived,,,0,0,inanimate,S,Action,1,0,0,"ट,टूर,ेंट,ंट,टू","mẽːʈ,ʈuːɾ,ʈuː,ʈ,ẽːʈ","ेंट,ंट",ẽːʈ,,
2127,टूल,टूल,ʈuːl,tools,NotAppl,M,4,underived,,,0,0,inanimate,O,Object,1,0,0,"ट,टूल,टू,ूल,ल","uːl,ʈuːl,ʈuː,ʈ,l",,,,
2128,टूलकिट,टूलकिट,ʈuːlkɪʈ,toolkit,NotAppl,M,4,underived,,,0,0,inanimate,O,Common Noun,1,0,0,"ट,किट,टूल,िट,टू","ɪʈ,ʈuːl,ʈuː,ʈ,kɪʈ",,ɪʈ,,
2129,टेंट,टेंट,ʈẽːʈ,tent,NotAppl,M,4,underived,,,0,0,inanimate,H,Artifact,1,0,0,"ट,ेंट,टें,ंट,टे","ʈ,ʈẽːʈ,ʈẽː,ẽːʈ","ेंट,ंट",ẽːʈ,,
2130,टेंडर,टेंडर,ʈẽːɖəɾ,tender,NotAppl,M,4,underived,,,0,0,inanimate,I,Artifact,1,0,0,"ट,ंडर,र,टें,डर,टे","ʈ,ɾ,ʈẽːɖ,ʈẽː,əɾ,ɖəɾ","र,डर","ɾ,əɾ,ɖəɾ",र,"ɾ,əɾ"
2131,टेकनोलॉजी,टेकनोलॉज,ʈeːkn̪oːlɔd͡ʒ,technology,NotAppl,F,1,underived,,,0,0,inanimate,Y,Applied Sciences,1,0,0,"ट,ॉज,टेक,ज,लॉज,टे","ʈeːk,d͡ʒ,ɔd͡ʒ,lɔd͡ʒ,ʈeː,ʈ",,,,
2132,टेक्सटाइल,टेक्सटाइल,ʈeːks̪əʈɑːɪl,textile,NotAppl,M,4,underived,,,0,0,inanimate,B,Common Noun,1,0,0,"ट,टेक,ाइल,इल,ल,टे","ʈeːk,ɪl,ʈeː,ʈ,l,ɑːɪl",,,,
2133,टेनरी,टेनर,ʈeːn̪əɾ,tannery,NotAppl,F,1,underived,,,0,0,inanimate,Z,Abstract,1,0,0,"ट,नर,र,टेन,ेनर,टे","ʈeːn̪,ʈeː,ʈ,ɾ,n̪əɾ,əɾ",र,"ɾ,əɾ",र,"ɾ,əɾ"
2134,टेनिस,टेनिस,ʈeːn̪ɪs̪,tennis,NotAppl,M,0,underived,,,0,0,inanimate,K,Action,1,0,0,"ट,स,िस,निस,टेन,टे","ʈeːn̪,ɪs̪,n̪ɪs̪,ʈeː,ʈ,s̪",,,,
2135,टेप,टेप,ʈeːp,tape,NotAppl,M,4,underived,,,0,0,inanimate,K,Artifact,0,0,0,"ट,टेप,ेप,प,टे","ʈeː,ʈ,eːp,p,ʈeːp",,,,
2136,टेबलेट,टेबलेट,ʈeːbleːʈ,tablet,NotAppl,F,4,underived,,,0,0,inanimate,B,Artifact,1,0,0,"ट,लेट,ेट,टेब,टे","ʈeː,eːʈ,ʈ,ʈeːb,leːʈ",,,,
2137,टेराकोटा,टेराकोट,ʈeːɾɑːkoːʈ,terracotta,NotAppl,M,0,underived,,,0,0,inanimate,O,Artifact,1,0,0,"ट,ोट,कोट,टेर,टे","oːʈ,koːʈ,ʈeː,ʈ,ʈeːɾ",,,,
2138,टेलिविजन,टेलिविजन,ʈeːlɪʋɪd͡ʒən̪,television,NotAppl,M,4,underived,,,0,0,inanimate,Q,Artifact,1,0,0,"ट,न,िजन,जन,टेल,टे","ʈeːl,ʈeː,ʈ,ən̪,d͡ʒən̪,n̪",,,,
2139,टेलीकॉम,टेलीकॉम,ʈeːliːkɔm,telecom,NotAppl,M,0,underived,,,0,0,inanimate,Z,information,1,0,0,"ट,ॉम,म,कॉम,टेल,टे","ɔm,ʈeːl,kɔm,m,ʈeː,ʈ",,,,
2140,टेलीग्राम,टेलीग्राम,ʈeːliːɡɾɑːm,telegram,NotAppl,M,0,underived,,,0,0,inanimate,Q,Communication,1,0,0,"ट,म,राम,ाम,टेल,टे","ɾɑːm,ʈeːl,m,ʈeː,ʈ,ɑːm",,,,
2141,टेलीफोन,टेलीफोन,ʈeːliːpʰoːn̪,phone,NotAppl,M,4,underived,,,0,0,inanimate,Q,Artifact,1,0,0,"ट,फोन,न,ोन,टेल,टे","ʈeːl,pʰoːn̪,ʈeː,ʈ,n̪,oːn̪",,,,
2143,टेलीस्कोप,टेलीस्कोप,ʈeːliːs̪koːp,telescope,NotAppl,M,4,underived,,,0,0,inanimate,O,Artifact,1,0,0,"ट,ोप,प,कोप,टेल,टे","ʈeːl,oːp,ʈeː,ʈ,p,koːp",,,,
2144,टेलेंट,टेलेंट,ʈeːlẽːʈ,talent,NotAppl,M,4,underived,,,0,0,inanimate,X,Common Noun,1,0,0,"ट,ेंट,ंट,टेल,टे","ʈeːl,lẽːʈ,ʈeː,ʈ,ẽːʈ","ेंट,ंट",ẽːʈ,,
2145,टेस्ट,टेस्ट,ʈeːs̪ʈ,test,NotAppl,M,4,underived,,,0,0,inanimate,P,Action,1,0,0,"ट,टेस,्ट,टे,स्ट","eːs̪ʈ,ʈeːs̪,ʈeː,ʈ,s̪ʈ",स्ट,s̪ʈ,,s̪ʈ
2146,टैंक,टैंक,ʈəɪ̃k,tank,NotAppl,M,4,underived,,,0,0,inanimate,O,Artifact,1,0,0,"ट,टै,ैंक,टैं,क,ंक","ʈə,k,ɪ̃k,ʈəɪ̃,ʈ,əɪ̃k",,,,
2147,टैक्नोक्रेट,टैक्नोक्रेट,ʈəɪkn̪oːkɾeːʈ,technocrat,NotAppl,M,4,underived,,,0,0,inanimate,Z,Abstract,1,0,0,"ट,टै,रेट,ेट,टैक","ʈə,ɾeːʈ,eːʈ,ʈ,ʈəɪ",,,,
2148,टैक्स,टैक्स,ʈəɪks̪,tax,NotAppl,M,4,underived,,,0,0,inanimate,I,Object,1,0,0,"ट,स,टै,क्स,्स,टैक","ʈə,ks̪,ʈ,s̪,ɪks̪,ʈəɪ",क्स,ks̪,,
2149,टैक्सी,टैक्स,ʈəɪks̪,taxi,NotAppl,F,1,underived,,,0,0,inanimate,M,Artifact,1,0,0,"ट,स,टै,क्स,्स,टैक","ʈə,ks̪,ʈ,s̪,ɪks̪,ʈəɪ",क्स,ks̪,,
2150,टैप,टैप,ʈəɪp,tap,NotAppl,M,4,underived,,,0,0,inanimate,O,Common Noun,1,0,0,"टैप,ट,टै,प,ैप","əɪp,ʈə,ʈ,p,ɪp,ʈəɪ",,,,
2151,टैपिंग,टैपिंग,ʈəɪpɪ̃ɡ,tapping,neutral,F,0,underived,,,0,0,inanimate,A,Action,1,0,0,"टैप,ट,टै,िंग,ंग,ग","ʈə,ʈ,ɪ̃ɡ,ɡ,pɪ̃ɡ,ʈəɪ","िंग,ंग,ग","ɪ̃ɡ,ɡ","िंग,ंग","ɪ̃ɡ,ɡ"
2152,टैपिंग,टैपिंग,ʈəɪpɪ̃ɡ,tapping,neutral,M,0,underived,,,0,0,inanimate,A,Action,1,0,0,"टैप,ट,टै,िंग,ंग,ग","ʈə,ʈ,ɪ̃ɡ,ɡ,pɪ̃ɡ,ʈəɪ","िंग,ंग,ग","ɪ̃ɡ,ɡ","िंग,ंग","ɪ̃ɡ,ɡ"
2153,टैरिफ,टैरिफ,ʈəɪɾɪpʰ,tariff,NotAppl,M,4,underived,,,0,0,inanimate,I,Common Noun,1,0,0,"ट,टै,फ,रिफ,िफ,टैर","ɪpʰ,ʈə,pʰ,ʈ,ɾɪpʰ,ʈəɪ",,,,
2155,टॉक,टॉक,ʈɔk,talk,NotAppl,M,4,underived,,,0,0,inanimate,Q,Communication,1,0,0,"टॉक,ट,क,ॉक,टॉ","k,ɔk,ʈɔ,ʈ,ʈɔk",,,,
2156,टॉप,टॉप,ʈɔp,top,NotAppl,F,0,underived,,,0,0,inanimate,M,Action,1,0,0,"ट,ॉप,प,टॉप,टॉ","ɔp,ʈɔp,ʈɔ,ʈ,p",,,,
2157,टॉवर,टॉवर,ʈɔʋəɾ,tower,NotAppl,M,4,underived,,,0,0,inanimate,H,Artifact,1,0,0,"वर,ट,ॉवर,टॉव,र,टॉ","ʈɔ,ʈ,ɾ,ʈɔʋ,əɾ,ʋəɾ",र,"ɾ,əɾ",र,"ɾ,əɾ"
2158,टॉस,टॉस,ʈɔs̪,toss,NotAppl,M,0,underived,,,0,0,inanimate,M,Physical,1,0,0,"ट,स,ॉस,टॉ,टॉस","ɔs̪,ʈɔ,ʈ,s̪,ʈɔs̪",,,,
2159,टोमैटो,टोमैट,ʈoːməɪʈ,tomato,NotAppl,M,4,underived,,,0,0,inanimate,F,Common Noun,1,0,0,"ट,टोम,ैट,मैट,टो","ʈoː,ɪʈ,ʈoːm,əɪʈ,ʈ",,ɪʈ,,
2160,ट्यूबर,ट्यूबर,ʈjuːbəɾ,tuber,NotAppl,M,4,underived,,,0,0,inanimate,L,Anatomical,1,0,0,"ट,ट्य,ट्,र,बर,ूबर","ʈjuː,ʈ,ɾ,bəɾ,əɾ,ʈj",र,"ɾ,əɾ",र,"ɾ,əɾ"
2161,ट्यूलिप,ट्यूलिप,ʈjuːlɪp,tulip,NotAppl,M,4,underived,,,0,0,inanimate,L,Part of,1,0,0,"ट,ट्य,ट्,प,लिप,िप","ʈjuː,lɪp,ʈ,p,ʈj,ɪp",,,,
2162,ट्रक,ट्रक,ʈɾək,truck,neutral,F,3,underived,,,0,0,inanimate,M,Artifact,1,0,0,"ट,ट्,ट्र,क,रक,्रक","k,ʈɾə,ək,ʈ,ɾək,ʈɾ",,ək,,
2163,ट्रक,ट्रक,ʈɾək,truck,neutral,M,4,underived,,,0,0,inanimate,M,Artifact,1,0,0,"ट,ट्,ट्र,क,रक,्रक","k,ʈɾə,ək,ʈ,ɾək,ʈɾ",,ək,,
2164,ट्रस्ट,ट्रस्ट,ʈɾəs̪ʈ,trust,NotAppl,M,4,underived,,,0,0,inanimate,E,Group,1,0,0,"ट,ट्,ट्र,्ट,स्ट","ʈɾə,ʈ,s̪ʈ,əs̪ʈ,ʈɾ",स्ट,s̪ʈ,,s̪ʈ
2165,ट्रस्टी,ट्रस्ट,ʈɾəs̪ʈ,trustee,NotAppl,M,4,underived,,,0,0,animate,I,Person,1,0,0,"ट,ट्,ट्र,्ट,स्ट","ʈɾə,ʈ,s̪ʈ,əs̪ʈ,ʈɾ",स्ट,s̪ʈ,,s̪ʈ
2166,ट्रांजिट,ट्रांजिट,ʈɾɑ̃ːd͡ʒɪʈ,transit,NotAppl,M,4,underived,,,0,0,inanimate,M,Common Noun,1,0,0,"ट,ट्,ट्र,जिट,िट","d͡ʒɪʈ,ɪʈ,ʈ,ʈɾɑ̃ː,ʈɾ",,ɪʈ,,
2167,ट्राउजर,ट्राउजर,ʈɾɑːud͡ʒəɾ,trousers,NotAppl,M,4,underived,,,0,0,inanimate,B,Common Noun,1,0,0,"ट,उजर,ट्,र,ट्र,जर","d͡ʒəɾ,ʈɾɑː,ʈ,ɾ,əɾ,ʈɾ",र,"ɾ,əɾ",र,"ɾ,əɾ"
2168,ट्रायल,ट्रायल,ʈɾɑːjəl,trial,NotAppl,M,4,underived,,,0,0,inanimate,G,Action,1,0,0,"ट,यल,ायल,ट्,ट्र,ल","ʈɾɑː,ʈ,əl,jəl,l,ʈɾ",,əl,,
2169,ट्राला,ट्राल,ʈɾɑːl,trala,NotAppl,M,2,underived,,,0,0,inanimate,Z,Common Noun,1,0,0,"राल,ट,ट्,ट्र,ाल,ल","ɾɑːl,ʈɾɑː,ʈ,l,ɑːl,ʈɾ",,,,
2170,ट्राले,ट्राल,ʈɾɑːl,tralee,NotAppl,M,4,underived,,,0,0,inanimate,Z,Common Noun,1,0,0,"राल,ट,ट्,ट्र,ाल,ल","ɾɑːl,ʈɾɑː,ʈ,l,ɑːl,ʈɾ",,,,
2171,ट्रिब्यूनल,ट्रिब्यूनल,ʈɾɪbjuːn̪əl,tribunal,NotAppl,M,4,underived,,,0,0,inanimate,G,Group,1,0,0,"ट,नल,ट्,ट्र,ल,ूनल","ʈɾɪ,n̪əl,ʈ,əl,l,ʈɾ",नल,"n̪əl,əl",,
2172,ट्रेंड,ट्रेंड,ʈɾẽːɖ,trend,NotAppl,M,4,underived,,,0,0,inanimate,A,Common Noun,1,0,0,"ेंड,ट,ड,ट्,ट्र,ंड","ɾẽːɖ,ɖ,ʈɾẽː,ʈ,ẽːɖ,ʈɾ",,,,
2173,ट्रेड,ट्रेड,ʈɾeːɖ,trade,NotAppl,M,4,underived,,,0,0,inanimate,I,Physical,1,0,0,"ट,ड,ट्,ट्र,ेड,रेड","eːɖ,ɖ,ʈɾeː,ʈ,ɾeːɖ,ʈɾ",,,,
2174,ट्रेडिंग,ट्रेडिंग,ʈɾeːɖɪ̃ɡ,trading,neutral,F,0,underived,,,0,0,inanimate,I,Occupation,1,0,0,"ट,ट्,ट्र,िंग,ंग,ग","ɖɪ̃ɡ,ʈɾeː,ʈ,ɪ̃ɡ,ɡ,ʈɾ","िंग,ंग,ग","ɖɪ̃ɡ,ɪ̃ɡ,ɡ","िंग,ंग","ɪ̃ɡ,ɡ"
2175,ट्रेडिंग,ट्रेडिंग,ʈɾeːɖɪ̃ɡ,trading,neutral,M,4,underived,,,0,0,inanimate,I,Occupation,1,0,0,"ट,ट्,ट्र,िंग,ंग,ग","ɖɪ̃ɡ,ʈɾeː,ʈ,ɪ̃ɡ,ɡ,ʈɾ","िंग,ंग,ग","ɖɪ̃ɡ,ɪ̃ɡ,ɡ","िंग,ंग","ɪ̃ɡ,ɡ"
2176,ट्रेन,ट्रेन,ʈɾeːn̪,train,NotAppl,F,4,underived,,,0,0,inanimate,P,Artifact,1,0,0,"ट,ट्,ेन,ट्र,न,रेन","ɾeːn̪,ʈɾeː,ʈ,eːn̪,n̪,ʈɾ",,,,
2177,ट्रेनिंग,ट्रेनिंग,ʈɾeːn̪ɪ̃ɡ,training,neutral,F,0,underived,,,0,0,inanimate,P,Action,1,0,0,"ट,ट्,ट्र,िंग,ंग,ग","ʈɾeː,ʈ,ɪ̃ɡ,ɡ,n̪ɪ̃ɡ,ʈɾ","िंग,ंग,ग","ɪ̃ɡ,ɡ","िंग,ंग","ɪ̃ɡ,ɡ"
2178,ट्रेनिंग,ट्रेनिंग,ʈɾeːn̪ɪ̃ɡ,training,neutral,M,4,underived,,,0,0,inanimate,P,Action,1,0,0,"ट,ट्,ट्र,िंग,ंग,ग","ʈɾeː,ʈ,ɪ̃ɡ,ɡ,n̪ɪ̃ɡ,ʈɾ","िंग,ंग,ग","ɪ̃ɡ,ɡ","िंग,ंग","ɪ̃ɡ,ɡ"
2179,ट्रेवल,ट्रेवल,ʈɾeːʋəl,travel,NotAppl,M,4,underived,,,0,0,inanimate,M,Common Noun,1,0,0,"ट,ेवल,ट्,ट्र,वल,ल","ʈɾeː,ʈ,əl,l,ʋəl,ʈɾ",,əl,,
2180,ट्रैक,ट्रैक,ʈɾəɪk,track,NotAppl,M,4,underived,,,0,0,inanimate,M,Artifact,1,0,0,"ट,रैक,ट्,ट्र,क,ैक","k,ɪk,ʈɾə,əɪk,ʈ,ʈɾ",,,,
2181,ट्रैफिक,ट्रैफिक,ʈɾəɪpʰɪk,traffic,NotAppl,M,4,underived,,,0,0,inanimate,M,Group,1,0,0,"ट,ट्,फिक,ट्र,िक,क","k,ɪk,pʰɪk,ʈɾə,ʈ,ʈɾ",,,,
2183,ट्रॉफी,ट्रॉफ,ʈɾɔpʰ,trophy,NotAppl,F,1,underived,,,0,0,inanimate,O,Artifact,1,0,0,"ट,ट्,फ,ट्र,ॉफ,रॉफ","ɔpʰ,pʰ,ʈ,ɾɔpʰ,ʈɾɔ,ʈɾ",,,,
2184,ठंड,ठंड,ʈʰə̃ɖ,cold,neutral,F,3,underived,,,0,0,inanimate,O,Physiological  State,1,0,0,"ठंड,ड,ठं,ंड,ठ","ʈʰ,ə̃ɖ,ɖ,ʈʰə̃,ʈʰə̃ɖ",,,,
2185,ठंड,ठंड,ʈʰə̃ɖ,cold,neutral,M,4,underived,,,0,0,inanimate,O,Physiological  State,0,0,0,"ठंड,ड,ठं,ंड,ठ","ʈʰ,ə̃ɖ,ɖ,ʈʰə̃,ʈʰə̃ɖ",,,,
2186,ठग,ठग,ʈʰəɡ,thug,NotAppl,M,4,underived,,,0,0,animate,E,Person,0,1,0,"ग,ठग,ठ","ʈʰ,ʈʰəɡ,əɡ,ʈʰə,ɡ",ग,"əɡ,ɡ",,ɡ
2187,ठसक,ठसक,ʈʰəs̪ək,swagger,NotAppl,F,3,underived,,,0,0,inanimate,Z,Psychological Feature,0,1,0,"ठसक,ठस,क,सक,ठ","s̪ək,ʈʰ,k,ʈʰəs̪,ək,ʈʰə",,ək,,
2188,ठाकुर,ठाकुर,ʈʰɑːkuɾ,thakur,NotAppl,M,4,underived,,,0,0,inanimate,Z,Cognition,0,0,0,"कुर,ठा,र,ठाक,ुर,ठ","kuɾ,ʈʰ,ʈʰɑː,ʈʰɑːk,ɾ,uɾ",र,ɾ,र,ɾ
2189,ठिकाना,ठिकान,ʈʰɪkɑːn̪,hideout,NotAppl,M,2,underived,,,0,0,inanimate,Z,Physical Place,0,0,0,"ान,कान,ठिक,न,ठि,ठ","ʈʰ,ɑːn̪,ʈʰɪk,ʈʰɪ,kɑːn̪,n̪",,,,
2190,ठिठोली,ठिठोल,ʈʰɪʈʰoːl,teasing,NotAppl,F,1,underived,,,0,0,inanimate,E,Physical,0,0,0,"ोल,ठोल,ठि,ल,ठ,ठिठ","ʈʰ,oːl,ʈʰɪ,l,ʈʰɪʈʰ,ʈʰoːl",,,,
2191,ठीकरा,ठीकर,ʈʰiːkəɾ,shard,NotAppl,M,2,underived,,,0,0,inanimate,Z,Artifact,0,0,0,"कर,र,ीकर,ठी,ठीक,ठ","ʈʰiːk,ʈʰ,ʈʰiː,ɾ,kəɾ,əɾ","कर,र","ɾ,kəɾ,əɾ","कर,र","ɾ,kəɾ,əɾ"
2192,ठुमका,ठुमक,ʈʰumək,tome,NotAppl,M,2,underived,,,0,0,inanimate,Q,Common Noun,0,0,0,"ुमक,ठुम,क,ठु,मक,ठ","ʈʰ,k,ək,mək,ʈʰum,ʈʰu",,ək,,
2193,ठेका,ठेक,ʈʰeːk,contract,NotAppl,M,2,underived,,,0,0,inanimate,I,Action,0,0,0,"ठे,ेक,क,ठ,ठेक","ʈʰ,k,eːk,ʈʰeː,ʈʰeːk",,eːk,,
2194,ठेकेदार,ठेकेदार,ʈʰeːkeːd̪ɑːɾ,contractor,NotAppl,M,4,agentive3,,,0,1,animate,I,Person,0,0,0,"ार,ठे,र,ठ,ठेक,दार","ʈʰ,ɾ,ɑːɾ,ʈʰeː,ʈʰeːk,d̪ɑːɾ","ार,र","ɾ,ɑːɾ",र,ɾ
2195,ठेस,ठेस,ʈʰeːs̪,prod,NotAppl,F,3,underived,,,0,0,inanimate,A,Physical,0,0,0,"स,ठेस,ठे,ेस,ठ","ʈʰ,eːs̪,ʈʰeːs̪,s̪,ʈʰeː",,,,
2196,डंडा,डंड,ɖə̃ɖ,stick,NotAppl,M,2,underived,,,0,0,inanimate,M,Artifact,0,0,0,"ंड,ड,डंड,डं","ɖ,ɖə̃,ɖə̃ɖ,ə̃ɖ",,,,
2197,डकैती,डकैत,ɖəkəɪt̪,robbery,NotAppl,F,1,form_result,form_result,,0,1,inanimate,G,Physical,0,0,0,"ड,कैत,त,ैत,डकै,डक","ɪt̪,t̪,ɖək,ɖ,ɖə,əɪt̪",त,t̪,त,t̪
2198,डर,डर,ɖəɾ,fear,NotAppl,M,4,underived,,,0,0,inanimate,E,Psychological Feature,0,0,0,"ड,डर,र","ɖ,ɖə,ɾ,əɾ,ɖəɾ","डर,र","ɾ,əɾ,ɖəɾ",र,"ɾ,əɾ"
2199,डा,ड,ɖ,dr,NotAppl,M,0,underived,,,0,0,animate,Z,Physical State,0,0,0,ड,ɖ,,,,
2200,डा.,डा.,ɖɑː.,dr.,NotAppl,M,0,underived,,,0,0,animate,Z,Abbreviation,0,0,0,"ा.,डा,ड,.,डा.","ɖ,.,ɑː.,ɖɑː.,ɖɑː",,,,
2201,डांस,डांस,ɖɑ̃ːs̪,dance,NotAppl,M,4,underived,,,0,0,inanimate,K,Art,1,0,0,"स,डा,ड,ंस,ांस,डां","ɖɑ̃ː,ɑ̃ːs̪,ɖ,s̪,ɖɑ̃ːs̪",,,,
2202,डांसर,डांसर,ɖɑ̃ːs̪əɾ,dancer,NotAppl,F,3,underived,,,0,0,animate,K,Common Noun,1,0,0,"डा,ड,र,सर,ंसर,डां","ɖɑ̃ː,ɖ,ɾ,ɖɑ̃ːs̪,əɾ,s̪əɾ",र,"ɾ,əɾ",र,"ɾ,əɾ"
2203,डाइऑक्साइड,डाइऑक्साइड,ɖɑːɪɔks̪ɑːɪɖ,dioxide,NotAppl,M,4,underived,,,0,0,inanimate,O,Chemical,1,0,0,"डा,ड,डाइ,इड,ाइड","ɖ,ɑːɪɖ,ɖɑːɪ,ɪɖ,ɖɑː",,,,
2204,डाई,डा,ɖɑː,dye,NotAppl,F,1,underived,,,0,0,inanimate,O,Object,1,0,0,"डा,ड,ा","ɖ,ɖɑː,ɑː",ा,,ा,
2205,डाउन,डाउन,ɖɑːun̪,down,NotAppl,M,0,underived,,,0,0,animate,M,Person,1,0,0,"डा,ड,डाउ,ाउन,न,उन","ɖ,ɑːun̪,ɖɑːu,ɖɑː,n̪,un̪",,,,
2206,डाक,डाक,ɖɑːk,post,NotAppl,F,3,underived,,,0,0,inanimate,Q,Artifact,1,0,0,"डा,ड,ाक,क,डाक","k,ɖɑːk,ɖ,ɑːk,ɖɑː",,,,
2207,डाकघर,डाकघर,ɖɑːkɡʰəɾ,post office,NotAppl,M,4,underived,,,1,0,inanimate,T,Physical Place,0,0,0,"डा,ड,र,घर,डाक,कघर","ɡʰəɾ,ɖɑːk,ɖ,ɾ,əɾ,ɖɑː","र,घर","ɡʰəɾ,ɾ,əɾ",र,"ɾ,əɾ"
2208,डाक्टर,डाक्टर,ɖɑːkʈəɾ,doctor,NotAppl,M,4,underived,,,0,0,animate,B,Person,1,0,0,"डा,ड,र,्टर,टर,डाक","ɖɑːk,ɖ,ɾ,əɾ,ɖɑː,ʈəɾ","र,्टर,टर","ɾ,əɾ,ʈəɾ","र,्टर,टर","ɾ,əɾ,ʈəɾ"
2209,डाटा,डाट,ɖɑːʈ,data,NotAppl,M,4,underived,,,0,0,inanimate,X,Group,1,0,0,"ट,डा,ड,ाट,डाट","ɖ,ʈ,ɖɑː,ɑːʈ,ɖɑːʈ",,,,
2210,डायनामाइट,डायनामाइट,ɖɑːjn̪ɑːmɑːɪʈ,dynamite,NotAppl,M,4,underived,,,0,0,inanimate,A,Artifact,1,0,0,"ट,डा,ड,इट,ाइट,डाय","ɪʈ,ɖ,ʈ,ɑːɪʈ,ɖɑːj,ɖɑː","इट,ाइट","ɪʈ,ɑːɪʈ",,
2211,डायमेंशन,डायमेंशन,ɖɑːjmẽːʃən̪,dimensions,NotAppl,M,4,underived,,,0,0,inanimate,A,Imaginary,1,0,0,"डा,ड,शन,ंशन,न,डाय","ɖ,ən̪,ɖɑːj,ɖɑː,n̪,ʃən̪",शन,ʃən̪,,
2212,डायरी,डायर,ɖɑːjəɾ,diary,NotAppl,F,1,underived,,,0,0,inanimate,Q,Artifact,1,0,0,"डा,ड,यर,र,ायर,डाय","jəɾ,ɖ,ɾ,ɖɑːj,əɾ,ɖɑː",र,"ɾ,əɾ",र,"ɾ,əɾ"
2213,डायरेक्टर,डायरेक्टर,ɖɑːjɾeːkʈəɾ,director,NotAppl,M,4,underived,,,0,0,animate,S,Person,1,0,0,"डा,ड,र,्टर,टर,डाय","ɖ,ɾ,ɖɑːj,əɾ,ɖɑː,ʈəɾ","र,्टर,टर","ɾ,əɾ,ʈəɾ","र,्टर,टर","ɾ,əɾ,ʈəɾ"
2214,डायरेक्टरी,डायरेक्टर,ɖɑːjɾeːkʈəɾ,directory,NotAppl,F,1,underived,,,0,0,inanimate,Q,Common Noun,1,0,0,"डा,ड,र,्टर,टर,डाय","ɖ,ɾ,ɖɑːj,əɾ,ɖɑː,ʈəɾ","र,्टर,टर","ɾ,əɾ,ʈəɾ","र,्टर,टर","ɾ,əɾ,ʈəɾ"
2215,डिग्री,डिग्र,ɖɪɡɾ,degree,neutral,F,0,underived,,,0,0,inanimate,A,Measurement,1,0,0,"डिग,ड,ग्र,र,्र,डि","ɖɪ,ɪɡɾ,ɖ,ɡɾ,ɾ,ɖɪɡ","ग्र,र","ɡɾ,ɾ",र,ɾ
2216,डिग्री,डिग्र,ɖɪɡɾ,degree,neutral,M,4,underived,,,0,0,inanimate,A,Measurement,1,0,0,"डिग,ड,ग्र,र,्र,डि","ɖɪ,ɪɡɾ,ɖ,ɡɾ,ɾ,ɖɪɡ","ग्र,र","ɡɾ,ɾ",र,ɾ
2217,डिग्रीधारी,डिग्रीधार,ɖɪɡɾiːd̪ʰɑːɾ,degree holders,NotAppl,M,0,underived,,,1,0,animate,A,Person,0,0,0,"डिग,धार,ड,ार,र,डि","ɖɪ,d̪ʰɑːɾ,ɖ,ɾ,ɖɪɡ,ɑːɾ","ार,र","ɾ,ɑːɾ",र,ɾ
2218,डिजाइन,डिजाइन,ɖɪd͡ʒɑːɪn̪,design,neutral,F,3,underived,,,0,0,inanimate,C,Artifact,1,0,0,"ड,डिज,ाइन,न,इन,डि","ɖɪ,ɖ,ɑːɪn̪,ɪn̪,n̪,ɖɪd͡ʒ",,,,
2219,डिजाइन,डिजाइन,ɖɪd͡ʒɑːɪn̪,design,neutral,M,4,underived,,,0,0,inanimate,C,Artifact,1,0,0,"ड,डिज,ाइन,न,इन,डि","ɖɪ,ɖ,ɑːɪn̪,ɪn̪,n̪,ɖɪd͡ʒ",,,,
2220,डिजाइनर,डिजाइनर,ɖɪd͡ʒɑːɪn̪əɾ,designer,neutral,F,3,underived,,,0,0,animate,C,Person,1,0,0,"नर,ड,डिज,र,डि,इनर","ɖɪ,ɖ,ɾ,n̪əɾ,əɾ,ɖɪd͡ʒ",र,"ɾ,əɾ",र,"ɾ,əɾ"
2221,डिजाइनर,डिजाइनर,ɖɪd͡ʒɑːɪn̪əɾ,designer,neutral,M,4,underived,,,0,0,animate,C,Person,1,0,0,"नर,ड,डिज,र,डि,इनर","ɖɪ,ɖ,ɾ,n̪əɾ,əɾ,ɖɪd͡ʒ",र,"ɾ,əɾ",र,"ɾ,əɾ"
2222,डिटेक्टर,डिटेक्टर,ɖɪʈeːkʈəɾ,detectors,NotAppl,M,4,underived,,,0,0,inanimate,O,Artifact,1,0,0,"ड,र,्टर,डिट,टर,डि","ɖɪ,ɖ,ɖɪʈ,ɾ,əɾ,ʈəɾ","र,्टर,टर","ɾ,əɾ,ʈəɾ","र,्टर,टर","ɾ,əɾ,ʈəɾ"
2223,डिटेक्टिव,डिटेक्टिव,ɖɪʈeːkʈɪʋ,detective,NotAppl,M,4,underived,,,0,0,animate,G,Occupation,1,0,0,"व,ड,िव,टिव,डिट,डि","ɖɪ,ɖ,ʈɪʋ,ɖɪʈ,ʋ,ɪʋ",व,ʋ,व,ʋ
2225,डिपो,डिप,ɖɪp,depot,NotAppl,M,4,underived,,,0,0,inanimate,M,Physical Place,1,0,0,"ड,प,डिप,डि,िप","ɖɪ,ɖ,ɖɪp,p,ɪp",,,,
2226,डिपोजिट,डिपोजिट,ɖɪpoːd͡ʒɪʈ,deposit,NotAppl,M,4,underived,,,0,0,inanimate,O,Common Noun,1,0,0,"ट,ड,डिप,जिट,िट,डि","ɖɪ,d͡ʒɪʈ,ɪʈ,ɖ,ɖɪp,ʈ",,ɪʈ,,
2227,डिफेंस,डिफेंस,ɖɪpʰẽːs̪,defense,NotAppl,M,4,underived,,,0,0,inanimate,S,Group,1,0,0,"स,ड,ंस,ेंस,डिफ,डि","pʰẽːs̪,ɖɪ,ẽːs̪,ɖ,ɖɪpʰ,s̪",,,,
2228,डिबेंचर,डिबेंचर,ɖɪbẽːt͡ʃəɾ,debentures,NotAppl,M,4,underived,,,0,0,inanimate,I,Abstract,1,0,0,"डिब,ड,ंचर,चर,र,डि","ɖɪ,t͡ʃəɾ,ɖ,ɖɪb,ɾ,əɾ",र,"ɾ,əɾ",र,"ɾ,əɾ"
2229,डिब्बा,डिब्ब,ɖɪbb,box,NotAppl,M,2,underived,,,0,0,inanimate,K,Artifact,0,0,0,"डिब,ड,ब्ब,ब,्ब,डि","ɖɪ,bb,ɖ,ɪbb,ɖɪb,b",,,,
2230,डिमांड,डिमांड,ɖɪmɑ̃ːɖ,demand,NotAppl,M,4,underived,,,0,0,inanimate,Q,State,1,0,0,"ड,डिम,ांड,ंड,डि","ɑ̃ːɖ,ɖɪ,mɑ̃ːɖ,ɖ,ɖɪm",,,,
2231,डिमिंग,डिमिंग,ɖɪmɪ̃ɡ,dimming,NotAppl,F,0,underived,,,0,0,inanimate,O,Physical State,1,0,0,"ड,डिम,िंग,ंग,ग,डि","ɖɪ,ɖ,mɪ̃ɡ,ɪ̃ɡ,ɖɪm,ɡ","िंग,ंग,ग","ɪ̃ɡ,ɡ","िंग,ंग","ɪ̃ɡ,ɡ"
2232,डिलीवरी,डिलीवर,ɖɪliːʋəɾ,delivery,NotAppl,F,1,underived,,,0,0,inanimate,M,Action,1,0,0,"वर,ड,र,ीवर,डिल,डि","ɖɪ,ɖ,ɾ,ɖɪl,əɾ,ʋəɾ",र,"ɾ,əɾ",र,"ɾ,əɾ"
2233,डिवाइस,डिवाइस,ɖɪʋɑːɪs̪,device,NotAppl,M,4,underived,,,0,0,inanimate,O,Artifact,1,0,0,"स,इस,ड,डिव,ाइस,डि","ɖɪ,ɖ,ɖɪʋ,ɪs̪,ɑːɪs̪,s̪",,,,
2235,डिवीज़न,डिवीज़न,ɖɪʋiːzən̪,divisions,NotAppl,M,4,underived,,,0,0,inanimate,A,Common Noun,1,0,0,"ड,डिव,न,़न,डि,ज़न","ɖɪ,ɖ,ɖɪʋ,zən̪,ən̪,n̪",,,,
2236,डिश,डिश,ɖɪʃ,dish,NotAppl,F,3,underived,,,0,0,inanimate,O,Common Noun,1,0,0,"िश,ड,श,डि,डिश","ɖɪ,ʃ,ɖ,ɖɪʃ,ɪʃ",िश,,,
2237,डिसपेंसरी,डिसपेंसर,ɖɪs̪pẽːs̪əɾ,dispensary,NotAppl,F,1,underived,,,0,0,inanimate,B,Disease,1,0,0,"डिस,ड,र,सर,डि,ंसर","ɖɪ,ɖ,ɖɪs̪,ɾ,əɾ,s̪əɾ",र,"ɾ,əɾ",र,"ɾ,əɾ"
2238,डिस्क,डिस्क,ɖɪs̪k,disc,NotAppl,F,3,underived,,,0,0,inanimate,O,Artifact,1,0,0,"डिस,्क,ड,क,स्क,डि","ɖɪ,k,ɖ,ɖɪs̪,s̪k,ɪs̪k",,,,
2239,डिस्कोथेक,डिस्कोथेक,ɖɪs̪koːt̪ʰeːk,discotheques,NotAppl,M,4,underived,,,0,0,inanimate,K,Common Noun,1,0,0,"डिस,ड,ेक,क,डि,थेक","ɖɪ,k,ɖ,ɖɪs̪,eːk,t̪ʰeːk",,eːk,,
2240,डिस्टिक,डिस्टिक,ɖɪs̪ʈɪk,district,NotAppl,M,4,underived,,,0,0,inanimate,M,Physical State,1,0,0,"डिस,ड,िक,क,टिक,डि","ɖɪ,k,ɪk,ʈɪk,ɖ,ɖɪs̪",,,,
2241,डिस्ट्रीब्यूटर,डिस्ट्रीब्यूटर,ɖɪs̪ʈɾiːbjuːʈəɾ,distributor,NotAppl,M,4,underived,,,0,0,animate,I,Person,1,0,0,"डिस,ड,ूटर,र,टर,डि","ɖɪ,ɖ,ɖɪs̪,ɾ,əɾ,ʈəɾ","र,टर","ɾ,əɾ,ʈəɾ","र,टर","ɾ,əɾ,ʈəɾ"
2242,डिहाइट्रेशन,डिहाइट्रेशन,ɖɪɦɑːɪʈɾeːʃən̪,dehydration,NotAppl,M,0,underived,,,0,0,inanimate,O,Biological State,1,0,0,"ड,शन,डिह,ेशन,न,डि","ɖɪ,ɖ,ɖɪɦ,ən̪,n̪,ʃən̪","शन,ेशन",ʃən̪,ेशन,
2243,डी,ड,ɖ,d,NotAppl,M,0,underived,,,0,0,inanimate,Z,Abstract,1,0,0,ड,ɖ,,,,
2244,डी.,डी.,ɖiː.,d.,NotAppl,M,0,underived,,,0,0,inanimate,Z,Abbreviation,1,0,0,"ड,.,डी.,ी.,डी","ɖ,.,ɖiː.,ɖiː,iː.",डी,ɖiː,,
2245,डीआईजी,डीआईज,ɖiːɑːiːd͡ʒ,dig,NotAppl,M,0,underived,,,0,0,inanimate,A,Person,1,0,0,"ड,आईज,डीआ,ज,ईज,डी","iːd͡ʒ,ɖ,d͡ʒ,ɖiːɑː,ɑːiːd͡ʒ,ɖiː",डी,ɖiː,,
2246,डीआरआई,डीआर,ɖiːɑːɾ,dri,NotAppl,M,0,underived,,,0,0,inanimate,Z,Group,1,0,0,"ड,र,आर,डीआ,ीआर,डी","ɖ,ɖiːɑː,ɾ,ɑːɾ,iːɑːɾ,ɖiː","र,डी","ɾ,ɑːɾ,ɖiː",र,ɾ
2247,डीए,डी,ɖiː,da,NotAppl,M,0,underived,,,0,0,animate,Z,Abbreviation,1,0,0,"डी,ड,ी","ɖ,iː,ɖiː","डी,ी",ɖiː,ी,
2248,डीएम,डीएम,ɖiːeːm,dm,NotAppl,M,0,underived,,,0,0,inanimate,Z,Abbreviation,1,0,0,"ड,एम,म,डी,ीएम,डीए","iːeːm,ɖ,m,eːm,ɖiː,ɖiːeː",डी,"eːm,ɖiː",,
2249,डीएसपी,डीएसप,ɖiːeːs̪əp,dsp,NotAppl,M,0,underived,,,0,0,animate,Z,Abbreviation,1,0,0,"एसप,ड,प,सप,डी,डीए","ɖ,s̪əp,əp,p,ɖiː,ɖiːeː",डी,ɖiː,,
2250,डीजल,डीजल,ɖiːd͡ʒəl,diesel,NotAppl,M,4,underived,,,0,0,inanimate,O,Chemical,1,0,0,"ड,डीज,ल,जल,ीजल,डी","ɖiːd͡ʒ,ɖ,əl,l,ɖiː,d͡ʒəl",डी,"əl,ɖiː",,
2251,डीजी,डीज,ɖiːd͡ʒ,dg,NotAppl,M,0,underived,,,0,0,animate,Z,Abbreviation,1,0,0,"ड,डीज,ज,ीज,डी","ɖiːd͡ʒ,iːd͡ʒ,ɖ,d͡ʒ,ɖiː",डी,ɖiː,,
2252,डीजीपी,डीजीप,ɖiːd͡ʒiːp,dgp,NotAppl,M,0,underived,,,0,0,animate,Z,Person,1,0,0,"ड,प,डीज,ीप,डी,जीप","ɖiːd͡ʒ,d͡ʒiːp,ɖ,p,ɖiː,iːp",डी,ɖiː,,
2253,डीटीएच,डीटीएच,ɖiːʈiːeːt͡ʃ,dth,NotAppl,M,0,underived,,,0,0,inanimate,Z,Abbreviation,1,0,0,"ड,च,एच,ीएच,डीट,डी","ɖiːʈ,iːeːt͡ʃ,t͡ʃ,ɖ,ɖiː,eːt͡ʃ",डी,ɖiː,,
2254,डीन,डीन,ɖiːn̪,dean,NotAppl,M,4,underived,,,0,0,animate,P,Abstract,1,0,0,"ड,न,ीन,डीन,डी","iːn̪,ɖiːn̪,ɖ,ɖiː,n̪",डी,ɖiː,,
2255,डीम्ड,डीम्ड,ɖiːmɖ,deemed,NotAppl,M,0,underived,,,0,0,inanimate,X,Common Noun,1,0,0,"डीम,ड,्ड,म्ड,डी","iːmɖ,ɖ,ɖiːm,ɖiː,mɖ",डी,ɖiː,,
2256,डीवीडी,डीवीड,ɖiːʋiːɖ,dvd,NotAppl,M,1,underived,,,0,0,inanimate,Z,Artifact,1,0,0,"डीव,ड,वीड,डी,ीड","ɖ,iːɖ,ɖiː,ʋiːɖ,ɖiːʋ","डी,ीड",ɖiː,,
2257,डीसी,डीस,ɖiːs̪,dc,NotAppl,M,0,underived,,,0,0,inanimate,P,Abbreviation,1,0,0,"स,ड,डीस,डी,ीस","iːs̪,ɖ,s̪,ɖiː,ɖiːs̪",डी,ɖiː,,
2258,डीसीपी,डीसीप,ɖiːs̪iːp,dcp,neutral,F,0,underived,,,0,0,animate,Z,Abbreviation,1,0,0,"ड,सीप,प,डीस,ीप,डी","ɖ,p,s̪iːp,ɖiː,iːp,ɖiːs̪",डी,ɖiː,,
2259,डीसीपी,डीसीप,ɖiːs̪iːp,dcp,neutral,M,0,underived,,,0,0,animate,Z,Abbreviation,1,0,0,"ड,सीप,प,डीस,ीप,डी","ɖ,p,s̪iːp,ɖiː,iːp,ɖiːs̪",डी,ɖiː,,
2260,डुबकी,डुबक,ɖubək,dip,NotAppl,F,0,underived,,,0,0,inanimate,O,Physical,1,0,0,"डु,ड,ुबक,बक,डुब,क","k,ɖ,ək,ɖu,ɖub,bək",,ək,,
2261,डे,ड,ɖ,day,NotAppl,M,5,underived,,,0,0,inanimate,T,Common Noun,1,0,0,ड,ɖ,,,,
2262,डेटाबेस,डेटाबेस,ɖeːʈɑːbeːs̪,database,NotAppl,M,4,underived,,,0,0,inanimate,X,Common Noun,1,0,0,"स,ड,बेस,ेस,डे,डेट","ɖeː,ɖ,eːs̪,beːs̪,s̪,ɖeːʈ",,,,
2263,डेटोनेटर,डेटोनेटर,ɖeːʈoːn̪eːʈəɾ,detonator,NotAppl,M,4,underived,,,0,0,inanimate,Z,Object,1,0,0,"ेटर,ड,र,डे,टर,डेट","ɖeː,ɖ,ɾ,əɾ,ɖeːʈ,ʈəɾ","र,टर","ɾ,əɾ,ʈəɾ","र,टर","ɾ,əɾ,ʈəɾ"
2264,डेथ,डेथ,ɖeːt̪ʰ,death,NotAppl,F,0,underived,,,0,0,inanimate,L,Fatal Event,1,0,0,"ड,ेथ,डेथ,डे,थ","ɖeː,ɖ,eːt̪ʰ,t̪ʰ,ɖeːt̪ʰ",,,,
2265,डेमोक्रेट,डेमोक्रेट,ɖeːmoːkɾeːʈ,democrats,NotAppl,M,4,underived,,,0,0,animate,G,Common Noun,1,0,0,"ट,ड,डेम,डे,ेट,रेट","ɖeː,ɖ,ɾeːʈ,ɖeːm,eːʈ,ʈ",,,,
2266,डेरा,डेर,ɖeːɾ,camp,NotAppl,M,2,underived,,,0,0,inanimate,M,Physical Place,0,0,0,"डेर,ड,र,डे,ेर","ɖeː,ɖ,ɖeːɾ,ɾ,eːɾ",र,ɾ,र,ɾ
2267,डेलिगेट,डेलिगेट,ɖeːlɪɡeːʈ,delegate,NotAppl,M,5,underived,,,0,0,inanimate,G,Common Noun,1,0,0,"ट,ड,गेट,डे,ेट,डेल","ɖeː,ɖ,eːʈ,ʈ,ɖeːl,ɡeːʈ",,,,
2268,डेवलपमेंट,डेवलपमेंट,ɖeːʋləpmẽːʈ,development,NotAppl,M,4,underived,,,0,0,inanimate,A,Applied Sciences,1,0,0,"ट,डेव,ड,ेंट,ंट,डे","ɖeː,mẽːʈ,ɖ,ɖeːʋ,ʈ,ẽːʈ","ेंट,ंट",ẽːʈ,,
2269,डैम,डैम,ɖəɪm,dam,NotAppl,M,4,underived,,,0,0,inanimate,H,Physical Object,1,0,0,"ड,डैम,ैम,म,डै","ɖ,ɖə,ɪm,m,əɪm,ɖəɪ",,,,
2270,डॉ,डॉ,ɖɔ,dr,NotAppl,M,0,underived,,,0,0,animate,Z,Person,1,0,0,"डॉ,ॉ,ड","ɖ,ɔ,ɖɔ",,,,
2271,डॉ.,डॉ.,ɖɔ.,dr.,neutral,F,0,underived,,,0,0,animate,Z,Abbreviation,1,0,0,"डॉ,ड,ॉ.,.,डॉ.","ɔ.,ɖɔ.,ɖ,.,ɖɔ",,,,
2272,डॉ.,डॉ.,ɖɔ.,dr.,neutral,M,0,underived,,,0,0,animate,Z,Abbreviation,1,0,0,"डॉ,ड,ॉ.,.,डॉ.","ɔ.,ɖɔ.,ɖ,.,ɖɔ",,,,
2273,डॉक्टर,डॉक्टर,ɖɔkʈəɾ,doctor,NotAppl,M,4,underived,,,0,0,animate,B,Person,1,0,0,"डॉ,ड,र,्टर,टर,डॉक","ɖɔk,ɖ,ɾ,ɖɔ,əɾ,ʈəɾ","र,्टर,टर","ɾ,əɾ,ʈəɾ","र,्टर,टर","ɾ,əɾ,ʈəɾ"
2274,डॉक्यूमेंट,डॉक्यूमेंट,ɖɔkjuːmẽːʈ,documents,NotAppl,M,4,underived,,,0,0,inanimate,Q,Common Noun,1,0,0,"डॉ,ट,ड,ेंट,ंट,डॉक","mẽːʈ,ɖɔk,ɖ,ʈ,ɖɔ,ẽːʈ","ेंट,ंट",ẽːʈ,,
2275,डॉग,डॉग,ɖɔɡ,dog,NotAppl,M,4,underived,,,0,0,animate,L,Mammal,1,0,0,"डॉ,ड,डॉग,ॉग,ग","ɔɡ,ɖ,ɖɔ,ɖɔɡ,ɡ",ग,ɡ,,ɡ
2276,डॉन,डॉन,ɖɔn̪,don,NotAppl,M,4,underived,,,0,0,animate,P,Person,1,0,0,"डॉ,ड,डॉन,न,ॉन","ɖɔn̪,ɖ,ɖɔ,ɔn̪,n̪",,,,
2277,डॉलर,डॉलर,ɖɔləɾ,dollar,NotAppl,M,4,underived,,,0,0,inanimate,I,Artifact,1,0,0,"डॉ,ड,र,डॉल,ॉलर,लर","ɖ,ɾ,ɖɔ,əɾ,ləɾ,ɖɔl",र,"ɾ,əɾ",र,"ɾ,əɾ"
2278,डोमेन,डोमेन,ɖoːmeːn̪,domain,NotAppl,M,4,underived,,,0,0,inanimate,X,Concept,1,0,0,"ड,मेन,ेन,न,डो,डोम","ɖ,ɖoːm,ɖoː,meːn̪,eːn̪,n̪",,,,
2279,डोली,डोल,ɖoːl,doli,NotAppl,F,1,underived,,,0,0,inanimate,Z,Artifact,0,0,0,"ड,ोल,डोल,डो,ल","ɖ,oːl,ɖoː,ɖoːl,l",,,,
2280,ड्यूक,ड्यूक,ɖjuːk,duke,NotAppl,M,5,underived,,,0,0,animate,S,Title,1,0,0,"ड,ूक,ड्य,क,यूक,ड्","ɖjuː,k,ɖj,uːk,ɖ,juːk",,,,
2281,ड्यूटी,ड्यूट,ɖjuːʈ,duty,NotAppl,F,1,underived,,,0,0,inanimate,S,Physical,1,0,0,"ट,ड,ूट,यूट,ड्य,ड्","ɖjuː,ɖj,uːʈ,ɖ,juːʈ,ʈ",,,,
2282,ड्राइव,ड्राइव,ɖɾɑːɪʋ,drive,NotAppl,F,3,underived,,,0,0,inanimate,M,Action,1,0,0,"ड्र,व,ड,इव,ड्,ाइव","ɖ,ʋ,ɑːɪʋ,ɖɾɑː,ɪʋ,ɖɾ",व,ʋ,व,ʋ
2283,ड्राइवर,ड्राइवर,ɖɾɑːɪʋəɾ,driver,NotAppl,M,4,underived,,,0,0,animate,M,Person,1,0,0,"वर,ड्र,इवर,ड,र,ड्","ɖ,ɾ,ɖɾɑː,ɖɾ,əɾ,ʋəɾ",र,"ɾ,əɾ",र,"ɾ,əɾ"
2284,ड्राइविंग,ड्राइविंग,ɖɾɑːɪʋɪ̃ɡ,driving,NotAppl,F,0,underived,,,0,0,inanimate,M,Physical,1,0,0,"ड्र,ड,िंग,ंग,ड्,ग","ɖ,ʋɪ̃ɡ,ɪ̃ɡ,ɖɾɑː,ɡ,ɖɾ","िंग,ंग,ग","ɪ̃ɡ,ɡ","िंग,ंग","ɪ̃ɡ,ɡ"
2285,ड्राईवर,ड्राईवर,ɖɾɑːiːʋəɾ,driver,NotAppl,M,4,underived,,,0,0,animate,M,Common Noun,1,0,0,"वर,ड्र,ड,र,ईवर,ड्","ɖ,ɾ,ɖɾɑː,ɖɾ,əɾ,ʋəɾ",र,"ɾ,əɾ",र,"ɾ,əɾ"
2286,ड्राफ्ट,ड्राफ्ट,ɖɾɑːpʰʈ,draft,NotAppl,M,4,underived,,,0,0,inanimate,Q,Artifact,1,0,0,"ट,ड्र,ड,्ट,ड्,फ्ट","pʰʈ,ɖ,ʈ,ɑːpʰʈ,ɖɾɑː,ɖɾ",,,,
2287,ड्रामा,ड्राम,ɖɾɑːm,drama,NotAppl,M,2,underived,,,0,0,inanimate,K,Abstract,1,0,0,"ड्र,ड,म,राम,ड्,ाम","ɾɑːm,ɖ,m,ɖɾɑː,ɖɾ,ɑːm",,,,
2288,ड्रिंक,ड्रिंक,ɖɾɪ̃k,drink,NotAppl,M,4,underived,,,0,0,inanimate,F,Common Noun,1,0,0,"ड्र,िंक,ड,क,ड्,ंक","k,ɪ̃k,ɖ,ɖɾɪ̃,ɖɾ,ɾɪ̃k",,,,
2289,ड्रीम,ड्रीम,ɖɾiːm,dream,NotAppl,M,4,underived,,,0,0,inanimate,X,Abstract,1,0,0,"ड्र,ड,म,रीम,ड्,ीम","iːm,ɖ,m,ɾiːm,ɖɾ,ɖɾiː",,,,
2290,ड्रेस,ड्रेस,ɖɾeːs̪,dress,NotAppl,F,3,underived,,,0,0,inanimate,B,Artifact,1,0,0,"स,ड्र,ड,ेस,रेस,ड्","ɖ,ɾeːs̪,eːs̪,ɖɾeː,s̪,ɖɾ",,,,
2291,ड्रेसिंगरूम,ड्रेसिंगरूम,ɖɾeːs̪ɪ̃ɡɾuːm,dressing rooms,NotAppl,M,4,underived,,,0,0,inanimate,B,Physical State,1,0,0,"ूम,ड्र,ड,रूम,म,ड्","ɖ,m,ɖɾeː,uːm,ɾuːm,ɖɾ",,,,
2293,ढंग,ढंग,ɖʰə̃ɡ,manner,NotAppl,M,4,underived,,,0,0,inanimate,S,property,0,0,0,"ढ,ंग,ढं,ग,ढंग","ɖʰə̃,ə̃ɡ,ɖʰ,ɡ,ɖʰə̃ɡ","ंग,ग",ɡ,ंग,ɡ
2294,ढर्रा,ढर्र,ɖʰəɾɾ,routine,NotAppl,M,2,underived,,,0,0,inanimate,A,property,0,0,0,"र,ढर,ढर्,्र,ढ,र्र","ɖʰ,əɾɾ,ɾ,ɖʰəɾ,ɖʰə,ɾɾ",र,ɾ,र,ɾ
2295,ढलाई,ढला,ɖʰəlɑː,foundry,NotAppl,F,1,abstract6,abstract6,abstract6,0,1,inanimate,I,Physical Place,0,0,0,"ढल,ा,ला,ढला,ढ","əlɑː,ɖʰəl,ɑː,ɖʰ,ɖʰə,lɑː","ा,ला",lɑː,"ा,ला",lɑː
2296,ढलान,ढलान,ɖʰəlɑːn̪,slope,homophones,F,3,underived,,,0,0,inanimate,O,Physical Place,0,0,0,"ान,ढल,न,ढला,लान,ढ","ɖʰəl,ɑːn̪,ɖʰ,ɖʰə,n̪,lɑːn̪",,,,
2297,ढलान,ढलान,ɖʰəlɑːn̪,slope,homophones,M,4,underived,,,0,0,inanimate,O,Physical Place,0,0,0,"ान,ढल,न,ढला,लान,ढ","ɖʰəl,ɑːn̪,ɖʰ,ɖʰə,n̪,lɑːn̪",,,,
2300,ढाँचा,ढाँच,ɖʰɑ̃ːt͡ʃ,framework,NotAppl,M,2,underived,,,0,0,inanimate,X,Artifact,0,0,0,"ढा,ाँच,ँच,च,ढ,ढाँ","t͡ʃ,ɖʰɑ̃ː,ɖʰ,ɑ̃ːt͡ʃ,ɖʰɑ̃ːt͡ʃ",,,,
2302,ढिलाई,ढिला,ɖʰɪlɑː,slowness,NotAppl,F,1,abstract6,abstract6,abstract6,0,1,inanimate,N,State,0,0,0,"िला,ा,ला,ढि,ढ,ढिल","ɑː,ɖʰ,ɪlɑː,lɑː,ɖʰɪl,ɖʰɪ","ा,ला",lɑː,"ा,ला",lɑː
2303,ढुलाई,ढुला,ɖʰulɑː,transportation,NotAppl,F,1,abstract6,abstract6,abstract6,0,1,inanimate,M,Physical,0,0,0,"ढुल,ा,ला,ढ,ढु,ुला","ɖʰu,ɑː,ulɑː,ɖʰ,ɖʰul,lɑː","ा,ला",lɑː,"ा,ला",lɑː
2304,ढेर,ढेर,ɖʰeːɾ,heap,NotAppl,M,4,underived,,,0,0,inanimate,N,Group,0,0,0,"ढेर,र,ढ,ेर,ढे","ɖʰ,ɾ,ɖʰeː,ɖʰeːɾ,eːɾ",र,ɾ,र,ɾ
2305,ढेरी,ढेर,ɖʰeːɾ,heap,NotAppl,F,1,underived,,,0,0,inanimate,N,Physical State,0,0,0,"ढेर,र,ढ,ेर,ढे","ɖʰ,ɾ,ɖʰeː,ɖʰeːɾ,eːɾ",र,ɾ,र,ɾ
2306,ढोल,ढोल,ɖʰoːl,drum,NotAppl,M,4,underived,,,0,0,inanimate,K,Artifact,0,0,0,"ढो,ोल,ढ,ढोल,ल","ɖʰoː,ɖʰoːl,oːl,ɖʰ,l",,,,
2307,तंग,तंग,t̪ə̃ɡ,narrow,NotAppl,M,4,underived,,,0,0,inanimate,N,Artifact,0,1,0,"तं,तंग,त,ंग,ग","ə̃ɡ,t̪,ɡ,t̪ə̃ɡ,t̪ə̃","त,ंग,ग","t̪,ɡ","त,ंग","t̪,ɡ"
2308,तंज,तंज,t̪ə̃d͡ʒ,sarcasm,NotAppl,M,4,underived,,,0,0,inanimate,Q,Physical State,0,0,0,"तं,त,ज,ंज,तंज","ə̃d͡ʒ,t̪,d͡ʒ,t̪ə̃,t̪ə̃d͡ʒ",त,t̪,त,t̪
2309,तंत्र,तंत्र,t̪ə̃t̪ɾ,mechanism,NotAppl,M,4,underived,,,0,0,inanimate,O,Artifact,0,0,1,"तं,र,्र,त,त्र,तंत","t̪,t̪ə̃t̪,ə̃t̪ɾ,ɾ,t̪ɾ,t̪ə̃","र,त","t̪,ɾ","र,त","t̪,ɾ"
2310,तंबाकू,तंबाक,t̪ə̃bɑːk,tobacco,NotAppl,M,0,underived,,,0,0,inanimate,F,Edible,0,1,0,"तं,बाक,त,ाक,क,तंब","k,t̪,bɑːk,ɑːk,t̪ə̃b,t̪ə̃",त,t̪,त,t̪
2311,तकनीक,तकनीक,t̪əkn̪iːk,technology,NotAppl,F,3,underived,,,0,0,inanimate,Y,Physical,0,0,0,"नीक,तकन,त,क,ीक,तक","k,t̪,t̪ək,n̪iːk,t̪ə,iːk",त,"t̪,t̪ə",त,"t̪,t̪ə"
2312,तकनीकी,तकनीक,t̪əkn̪iːk,technology,NotAppl,F,1,underived,,,0,0,inanimate,Y,Relational,1,0,0,"नीक,तकन,त,क,ीक,तक","k,t̪,t̪ək,n̪iːk,t̪ə,iːk",त,"t̪,t̪ə",त,"t̪,t̪ə"
2313,तकरार,तकरार,t̪əkɾɑːɾ,altercation,NotAppl,F,3,underived,,,0,0,inanimate,E,Communication,0,1,0,"ार,र,तकर,त,रार,तक","t̪,ɾɑːɾ,t̪ək,ɾ,ɑːɾ,t̪ə","ार,र,त","t̪,ɾ,ɑːɾ,t̪ə","र,त","t̪,ɾ,t̪ə"
2314,तकरीर,तकरीर,t̪əkɾiːɾ,speech,NotAppl,F,4,underived,,,0,0,inanimate,Q,Communication,0,0,0,"ीर,र,तकर,त,रीर,तक","t̪,t̪ək,ɾ,ɾiːɾ,iːɾ,t̪ə","र,त","t̪,ɾ,t̪ə","र,त","t̪,ɾ,t̪ə"
2315,तकली,तकल,t̪əkəl,spindle,NotAppl,F,1,underived,,,0,0,inanimate,O,Artifact,0,0,0,"तकल,त,कल,ल,तक","t̪,kəl,t̪ək,əl,l,t̪ə",त,"t̪,əl,t̪ə",त,"t̪,t̪ə"
2316,तकलीफ,तकलीफ,t̪əkliːpʰ,pain,NotAppl,F,3,underived,,,0,0,inanimate,B,Mental State,0,0,0,"लीफ,फ,तकल,त,तक,ीफ","iːpʰ,t̪,pʰ,t̪ək,liːpʰ,t̪ə",त,"t̪,t̪ə",त,"t̪,t̪ə"
2317,तकाजा,तकाज,t̪əkɑːd͡ʒ,demand,NotAppl,M,2,underived,,,0,0,inanimate,Q,Communication,0,0,0,"काज,तका,त,ाज,ज,तक","ɑːd͡ʒ,t̪,kɑːd͡ʒ,d͡ʒ,t̪ək,t̪ə",त,"t̪,t̪ə",त,"t̪,t̪ə"
2318,तकिया,तकिय,t̪əkɪjə,pillow,NotAppl,M,2,underived,,,0,0,inanimate,H,Artifact,0,1,0,"िय,य,त,तकि,तक,किय","t̪,t̪ək,ɪjə,ə,jə,t̪ə","य,त","t̪,jə,t̪ə","य,त","t̪,jə,t̪ə"
2319,तख्त,तख्त,t̪əkʰt̪,planks,NotAppl,M,4,underived,,,0,0,inanimate,O,Artifact,0,0,0,"्त,त,तख्,तख,ख्त","əkʰt̪,t̪,t̪əkʰ,kʰt̪,t̪ə","्त,त","t̪,t̪ə","्त,त","t̪,t̪ə"
2320,तख्ता,तख्त,t̪əkʰt̪,board,NotAppl,M,2,underived,,,0,0,inanimate,S,Artifact,0,0,0,"्त,त,तख्,तख,ख्त","əkʰt̪,t̪,t̪əkʰ,kʰt̪,t̪ə","्त,त","t̪,t̪ə","्त,त","t̪,t̪ə"
2321,तख्ती,तख्त,t̪əkʰt̪,plank,NotAppl,F,1,underived,,,0,0,inanimate,O,Artifact,0,0,0,"्त,त,तख्,तख,ख्त","əkʰt̪,t̪,t̪əkʰ,kʰt̪,t̪ə","्त,त","t̪,t̪ə","्त,त","t̪,t̪ə"
2322,तजुर्बा,तजुर्ब,t̪əd͡ʒuɾb,experience,NotAppl,M,2,underived,,,0,0,inanimate,X,Cognition,0,0,0,"र्ब,त,तजु,ब,्ब,तज","t̪,t̪əd͡ʒ,uɾb,ɾb,b,t̪ə",त,"t̪,t̪ə",त,"t̪,t̪ə"
2323,तट,तट,t̪əʈ,coast,NotAppl,M,4,underived,,,0,0,inanimate,W,Physical Place,0,0,1,"ट,त,तट","əʈ,t̪,t̪əʈ,ʈ,t̪ə",त,"əʈ,t̪,t̪ə",त,"t̪,t̪ə"
2324,तटबंध,तटबंध,t̪əʈbə̃d̪ʰ,embankment,NotAppl,M,4,underived,,,0,0,inanimate,M,Artifact,0,0,0,"तट,त,तटब,ध,ंध,बंध","t̪,t̪əʈ,ə̃d̪ʰ,d̪ʰ,t̪ə,bə̃d̪ʰ","त,बंध","t̪,t̪ə,bə̃d̪ʰ",त,"t̪,t̪ə"
2325,तटरक्षक,तटरक्षक,t̪əʈɾəkʂək,coast guard,NotAppl,M,4,underived,,,1,0,animate,Z,Person,0,0,0,"षक,तट,त,्षक,क,तटर","ʂək,k,t̪,ək,t̪əʈ,t̪ə","षक,त,्षक","ʂək,t̪,ək,t̪ə",त,"t̪,t̪ə"
2327,तड़के,तड़क,t̪əɽək,in the early morning,NotAppl,M,0,underived,,,0,0,inanimate,Z,Event,0,0,0,"़क,त,तड़,ड़क,क,तड","k,t̪,ək,t̪əɽ,ɽək,t̪ə",त,"t̪,ək,t̪ə",त,"t̪,t̪ə"
2328,तत्त्व,तत्त्व,t̪ət̪t̪ʋə,element,NotAppl,M,4,abstract3,,,0,1,inanimate,A,Noun,0,0,0,"व,तत्,्व,त,तत,त्व","ʋə,t̪ʋə,t̪,t̪ət̪,ə,t̪ə","व,्व,त","ʋə,t̪,t̪ə","व,त","t̪,t̪ə"
2330,तत्वाधान,तत्वाधान,t̪ət̪ʋɑːd̪ʰɑːn̪,aegis,NotAppl,M,4,underived,,,0,0,inanimate,Z,Abstract,0,0,0,"ान,धान,तत्,त,न,तत","ɑːn̪,t̪,d̪ʰɑːn̪,t̪ət̪,t̪ə,n̪",त,"t̪,t̪ə",त,"t̪,t̪ə"
2331,तथ्य,तथ्य,t̪ət̪ʰjə,fact,NotAppl,M,4,underived,,,0,0,inanimate,A,information,0,0,1,"्य,तथ्,तथ,य,त,थ्य","t̪ət̪ʰ,t̪,t̪ʰjə,ə,jə,t̪ə","्य,य,त","t̪,jə,t̪ə","य,त","t̪,jə,t̪ə"
2332,तनख्वाह,तनख्वाह,t̪ən̪əkʰʋɑːɦ,salary,NotAppl,F,3,underived,,,0,0,inanimate,I,Artifact,0,0,0,"तन,ाह,ह,त,तनख,वाह","ʋɑːɦ,ɑːɦ,t̪,ɦ,t̪ən̪,t̪ə","ाह,त","ɑːɦ,t̪,t̪ə",त,"t̪,t̪ə"
2333,तनातनी,तनातन,t̪ən̪ɑːt̪ən̪,tautology,NotAppl,F,1,underived,,,0,0,inanimate,Z,State,0,0,0,"तन,ातन,त,न,तना","n̪,t̪,t̪ən̪,t̪ə,ən̪",त,"t̪,t̪ə",त,"t̪,t̪ə"
2334,तनाव,तनाव,t̪ən̪ɑːʋ,tension,NotAppl,M,4,underived,,,0,0,inanimate,E,Action,0,0,0,"व,ाव,तन,नाव,त,तना","t̪,n̪ɑːʋ,t̪ən̪,ʋ,ɑːʋ,t̪ə","व,ाव,त","t̪,ʋ,t̪ə","व,ाव,त","t̪,ʋ,t̪ə"
2335,तपस्या,तपस्य,t̪əps̪jə,penance,NotAppl,F,0,underived,,,0,0,inanimate,S,Physical,0,0,1,"तपस,तप,्य,स्य,य,त","t̪,s̪jə,t̪əp,ə,jə,t̪ə","्य,य,त","t̪,jə,t̪ə","य,त","t̪,jə,t̪ə"
2336,तपाक,तपाक,t̪əpɑːk,quickly,NotAppl,M,4,underived,,,0,0,inanimate,N,State,0,1,0,"तप,पाक,त,ाक,क,तपा","k,pɑːk,t̪,t̪əp,ɑːk,t̪ə",त,"t̪,t̪ə",त,"t̪,t̪ə"
2337,तफरी,तफर,t̪əpʰəɾ,taffrey,NotAppl,F,1,underived,,,0,0,inanimate,Z,Abstract,0,0,0,"र,तफर,त,तफ,फर","t̪,ɾ,t̪əpʰ,pʰəɾ,əɾ,t̪ə","र,त","t̪,ɾ,əɾ,t̪ə","र,त","t̪,ɾ,əɾ,t̪ə"
2338,तबका,तबक,t̪əbək,strata,NotAppl,M,2,underived,,,0,0,inanimate,O,Physical Place,0,0,0,"तब,बक,त,तबक,क","k,t̪,ək,bək,t̪əb,t̪ə",त,"t̪,ək,t̪ə",त,"t̪,t̪ə"
2339,तबादला,तबादल,t̪əbɑːd̪əl,transfer,NotAppl,M,2,underived,,,0,0,inanimate,M,Physical,0,1,0,"ादल,तब,तबा,त,दल,ल","t̪,əl,t̪əb,l,t̪ə,d̪əl",त,"t̪,əl,t̪ə",त,"t̪,t̪ə"
2340,तबाही,तबाह,t̪əbɑːɦ,destruction,NotAppl,F,1,underived,,,0,0,inanimate,A,State,0,1,0,"तब,ाह,ह,तबा,त,बाह","ɑːɦ,t̪,ɦ,bɑːɦ,t̪əb,t̪ə","ाह,त","ɑːɦ,t̪,t̪ə",त,"t̪,t̪ə"
2341,तबियत,तबियत,t̪əbɪjət̪,health,NotAppl,F,0,underived,,,0,0,inanimate,B,Physiological  State,0,0,0,"तब,यत,त,तबि,ियत","t̪,jət̪,ət̪,t̪əb,t̪ə","यत,त,ियत","t̪,jət̪,t̪ə","यत,त","t̪,jət̪,t̪ə"
2342,तब्दील,तब्दील,t̪əbd̪iːl,transformed,NotAppl,F,3,underived,,,0,0,inanimate,A,Stative,0,0,0,"तब,ील,त,तब्,दील,ल","iːl,t̪,t̪əb,l,d̪iːl,t̪ə","ील,त","iːl,t̪,t̪ə",त,"t̪,t̪ə"
2343,तब्दीली,तब्दील,t̪əbd̪iːl,change,NotAppl,F,1,underived,,,0,0,inanimate,A,Event,0,0,0,"तब,ील,त,तब्,दील,ल","iːl,t̪,t̪əb,l,d̪iːl,t̪ə","ील,त","iːl,t̪,t̪ə",त,"t̪,t̪ə"
2344,तब्लीग,तब्लीग,t̪əbliːɡ,tabligh,NotAppl,F,3,underived,,,0,0,inanimate,Z,Abstract,0,0,0,"तब,लीग,त,तब्,ग,ीग","iːɡ,t̪,liːɡ,t̪əb,ɡ,t̪ə","त,ग","t̪,ɡ,t̪ə",त,"t̪,ɡ,t̪ə"
2346,तमन्‍ना,तमन्‍न,t̪əmən̪n̪,desire,NotAppl,F,3,underived,,,0,0,inanimate,X,Mental State,0,0,0,"तम,‍न,त,न,तमन,्‍न","ən̪n̪,t̪,n̪n̪,t̪əm,t̪ə,n̪",त,"t̪,t̪ə",त,"t̪,t̪ə"
2347,तमिल,तमिल,t̪əmɪl,tamil,NotAppl,M,4,underived,,,0,0,inanimate,Z,Person,0,0,0,"तम,त,तमि,ल,मिल,िल","ɪl,t̪,t̪əm,l,t̪ə,mɪl",त,"t̪,t̪ə",त,"t̪,t̪ə"
2348,तमिलनाडु,तमिलनाड,t̪əmɪln̪ɑːɖ,tamil nadu,NotAppl,M,0,underived,,,0,0,inanimate,T,Physical Place,0,0,0,"ाड,तम,ड,त,तमि,नाड","ɑːɖ,t̪,ɖ,t̪əm,n̪ɑːɖ,t̪ə",त,"t̪,t̪ə",त,"t̪,t̪ə"
2349,तरक्की,तरक्क,t̪əɾəkk,progress,NotAppl,F,1,underived,,,0,0,inanimate,A,State,0,0,0,"तर,्क,क्क,तरक,त,क","kk,k,t̪,əkk,t̪əɾ,t̪ə",त,"t̪,t̪ə",त,"t̪,t̪ə"
2350,तरजीह,तरजीह,t̪əɾd͡ʒiːɦ,preference,NotAppl,F,3,underived,,,0,0,inanimate,E,Physical,0,1,0,"तर,तरज,जीह,ह,ीह,त","iːɦ,t̪,ɦ,d͡ʒiːɦ,t̪əɾ,t̪ə",त,"t̪,t̪ə",त,"t̪,t̪ə"
2351,तरफ,तरफ,t̪əɾəpʰ,on the side,NotAppl,F,3,underived,,,0,0,inanimate,A,Physical Place,0,0,0,"तर,तरफ,फ,त,रफ","t̪,pʰ,əpʰ,t̪əɾ,ɾəpʰ,t̪ə",त,"t̪,t̪ə",त,"t̪,t̪ə"
2352,तरह,तरह,t̪əɾəɦ,kind,neutral,F,3,underived,,,0,0,inanimate,S,concept,0,1,0,"तर,तरह,ह,त,रह","t̪,ɦ,əɦ,t̪əɾ,t̪ə,ɾəɦ",त,"t̪,t̪ə",त,"t̪,t̪ə"
2353,तरह,तरह,t̪əɾəɦ,kind,neutral,M,4,underived,,,0,0,inanimate,S,concept,0,1,0,"तर,तरह,ह,त,रह","t̪,ɦ,əɦ,t̪əɾ,t̪ə,ɾəɦ",त,"t̪,t̪ə",त,"t̪,t̪ə"
2354,तरीका,तरीक,t̪əɾiːk,method,NotAppl,M,2,underived,,,0,0,inanimate,X,property,0,0,0,"तर,त,क,रीक,तरी,ीक","ɾiːk,k,t̪,t̪əɾ,t̪ə,iːk",त,"t̪,t̪ə",त,"t̪,t̪ə"
2355,तर्क,तर्क,t̪əɾk,logic,NotAppl,M,4,underived,,,0,0,inanimate,X,Perception,0,0,1,"तर,र्क,्क,तर्,त,क","k,t̪,ɾk,əɾk,t̪əɾ,t̪ə","र्क,त","t̪,ɾk,əɾk,t̪ə",त,"t̪,t̪ə"
2356,तर्ज,तर्ज,t̪əɾd͡ʒ,lines,NotAppl,F,3,underived,,,0,0,inanimate,O,Physiological  State,0,0,0,"तर,तर्,र्ज,त,ज,्ज","t̪,d͡ʒ,ɾd͡ʒ,t̪əɾ,t̪ə,əɾd͡ʒ",त,"t̪,t̪ə",त,"t̪,t̪ə"
2358,तल,तल,t̪əl,bottom,NotAppl,M,4,underived,,,0,0,inanimate,N,Part of,0,0,0,"ल,तल,त","t̪,əl,l,t̪ə,t̪əl",त,"t̪,əl,t̪ə",त,"t̪,t̪ə"
2359,तलब,तलब,t̪ələb,summons,neutral,F,3,underived,,,0,0,inanimate,G,Physical,0,1,0,"तल,त,ब,तलब,लब","ləb,t̪,b,əb,t̪ə,t̪əl",त,"t̪,t̪ə",त,"t̪,t̪ə"
2360,तलब,तलब,t̪ələb,summons,neutral,M,4,underived,,,0,0,inanimate,G,Physical,0,1,0,"तल,त,ब,तलब,लब","ləb,t̪,b,əb,t̪ə,t̪əl",त,"t̪,t̪ə",त,"t̪,t̪ə"
2361,तलवार,तलवार,t̪əlʋɑːɾ,sword,NotAppl,F,3,underived,,,0,0,inanimate,G,Artifact,0,0,0,"तल,ार,र,त,तलव,वार","t̪,ʋɑːɾ,ɾ,ɑːɾ,t̪ə,t̪əl","ार,र,त","t̪,ɾ,ɑːɾ,t̪ə","र,त","t̪,ɾ,t̪ə"
2362,तलहटी,तलहट,t̪əlɦəʈ,foothills,NotAppl,F,1,underived,,,0,0,inanimate,W,Part of,0,0,0,"ट,तल,त,लहट,तलह,हट","əʈ,t̪,ɦəʈ,ʈ,t̪ə,t̪əl",त,"əʈ,t̪,t̪ə",त,"t̪,t̪ə"
2363,तलाक,तलाक,t̪əlɑːk,divorce,NotAppl,M,4,underived,,,0,0,inanimate,S,Action,0,1,0,"तल,लाक,त,ाक,क,तला","k,t̪,lɑːk,ɑːk,t̪ə,t̪əl",त,"t̪,t̪ə",त,"t̪,t̪ə"
2364,तलाश,तलाश,t̪əlɑːʃ,seek,neutral,F,3,underived,,,0,0,inanimate,X,Physical,0,1,0,"श,तल,लाश,त,तला,ाश","ʃ,t̪,ɑːʃ,lɑːʃ,t̪ə,t̪əl",त,"t̪,t̪ə",त,"t̪,t̪ə"
2365,तलाश,तलाश,t̪əlɑːʃ,seek,neutral,M,4,underived,,,0,0,inanimate,X,Physical,0,1,0,"श,तल,लाश,त,तला,ाश","ʃ,t̪,ɑːʃ,lɑːʃ,t̪ə,t̪əl",त,"t̪,t̪ə",त,"t̪,t̪ə"
2366,तलाशी,तलाश,t̪əlɑːʃ,search,NotAppl,F,1,abstract6,abstract6,abstract6,0,1,animate,X,Person,0,0,0,"श,तल,लाश,त,तला,ाश","ʃ,t̪,ɑːʃ,lɑːʃ,t̪ə,t̪əl",त,"t̪,t̪ə",त,"t̪,t̪ə"
2367,तल्खी,तल्ख,t̪əlkʰ,bitterness,NotAppl,F,1,underived,,,0,0,inanimate,X,Physiological  State,0,0,0,"ल्ख,तल,ख,त,्ख,तल्","t̪,kʰ,lkʰ,əlkʰ,t̪ə,t̪əl",त,"t̪,t̪ə",त,"t̪,t̪ə"
2368,तवज्जो,तवज्ज,t̪əʋəd͡ʒd͡ʒ,attention,neutral,F,3,underived,,,0,0,inanimate,X,Psychological Feature,0,0,0,"तव,ज्ज,त,ज,्ज,तवज","t̪əʋ,t̪,d͡ʒ,əd͡ʒd͡ʒ,d͡ʒd͡ʒ,t̪ə",त,"t̪,t̪ə",त,"t̪,t̪ə"
2369,तवज्जो,तवज्ज,t̪əʋəd͡ʒd͡ʒ,attention,neutral,M,4,underived,,,0,0,inanimate,X,Psychological Feature,0,0,0,"तव,ज्ज,त,ज,्ज,तवज","t̪əʋ,t̪,d͡ʒ,əd͡ʒd͡ʒ,d͡ʒd͡ʒ,t̪ə",त,"t̪,t̪ə",त,"t̪,t̪ə"
2370,तवा,तव,t̪əʋ,griddle,NotAppl,M,2,underived,,,0,0,inanimate,Z,Artifact,0,0,0,"तव,व,त","t̪əʋ,t̪,əʋ,ʋ,t̪ə","व,त","t̪,ʋ,t̪ə","व,त","t̪,ʋ,t̪ə"
2371,तसल्ली,तसल्ल,t̪əs̪əll,consolation,NotAppl,F,1,underived,,,0,0,inanimate,S,Communication,0,1,0,"तस,्ल,त,ल्ल,तसल,ल","t̪əs̪,əll,t̪,ll,l,t̪ə","तस,त","t̪əs̪,t̪,t̪ə",त,"t̪,t̪ə"
2372,तसवीर,तसवीर,t̪əs̪ʋiːɾ,picture,NotAppl,F,3,underived,,,0,0,inanimate,C,Artifact,0,0,0,"ीर,तसव,तस,र,त,वीर","t̪əs̪,t̪,ʋiːɾ,ɾ,iːɾ,t̪ə","तस,र,त,वीर","t̪əs̪,t̪,ʋiːɾ,ɾ,t̪ə","र,त","t̪,ɾ,t̪ə"
2373,तस्कर,तस्कर,t̪əs̪kəɾ,smugglers,NotAppl,M,4,underived,,,0,0,animate,G,Person,0,0,1,"कर,तस,र,तस्,त,्कर","t̪əs̪,t̪,ɾ,kəɾ,əɾ,t̪ə","कर,तस,र,त","t̪əs̪,t̪,ɾ,kəɾ,əɾ,t̪ə","कर,र,त","t̪,ɾ,kəɾ,əɾ,t̪ə"
2374,तस्करी,तस्कर,t̪əs̪kəɾ,smuggling,NotAppl,F,1,abstract6,abstract6,abstract6,0,1,inanimate,G,Anti-social,0,0,1,"कर,तस,र,तस्,त,्कर","t̪əs̪,t̪,ɾ,kəɾ,əɾ,t̪ə","कर,तस,र,त","t̪əs̪,t̪,ɾ,kəɾ,əɾ,t̪ə","कर,र,त","t̪,ɾ,kəɾ,əɾ,t̪ə"
2375,तस्तरी,तस्तर,t̪əs̪t̪əɾ,disc,NotAppl,F,1,abstract6,abstract6,abstract6,0,1,inanimate,O,Physical State,0,0,0,"तर,तस,र,तस्,त,्तर","t̪əs̪,t̪,ɾ,t̪əɾ,əɾ,t̪ə","तस,र,त","t̪əs̪,t̪,ɾ,əɾ,t̪ə","र,त","t̪,ɾ,əɾ,t̪ə"
2376,तस्वीर,तस्वीर,t̪əs̪ʋiːɾ,picture,NotAppl,F,3,underived,,,0,0,inanimate,C,Artifact,0,1,0,"ीर,तस,र,तस्,त,वीर","t̪əs̪,t̪,ʋiːɾ,ɾ,iːɾ,t̪ə","तस,र,त,वीर","t̪əs̪,t̪,ʋiːɾ,ɾ,t̪ə","र,त","t̪,ɾ,t̪ə"
2377,तह,तह,t̪əɦ,folding,NotAppl,F,0,underived,,,0,0,inanimate,A,Process,0,1,0,"ह,त,तह","t̪,ɦ,əɦ,t̪ə,t̪əɦ","त,तह","t̪,t̪ə,t̪əɦ",त,"t̪,t̪ə"
2378,तहकीकात,तहकीकात,t̪əɦkiːkɑːt̪,investigation,NotAppl,F,3,underived,,,1,0,inanimate,X,Action,0,0,0,"कात,तहक,त,ात,तह","t̪,ɑːt̪,kɑːt̪,t̪ə,t̪əɦ","त,तह","t̪,t̪ə,t̪əɦ",त,"t̪,t̪ə"
2379,तहरीर,तहरीर,t̪əɦɾiːɾ,tahrir,NotAppl,F,3,underived,,,0,0,inanimate,Z,property,0,1,0,"ीर,र,त,तहर,तह,रीर","t̪,ɾ,ɾiːɾ,iːɾ,t̪ə,t̪əɦ","र,त,तह","t̪,ɾ,t̪ə,t̪əɦ","र,त","t̪,ɾ,t̪ə"
2380,तहसील,तहसील,t̪əɦs̪iːl,tehsil,NotAppl,F,3,underived,,,0,0,inanimate,Z,Physical Place,0,1,0,"सील,ील,ल,त,तह,तहस","iːl,t̪,s̪iːl,l,t̪ə,t̪əɦ","ील,त,तह","iːl,t̪,t̪ə,t̪əɦ",त,"t̪,t̪ə"
2381,ताँता,ताँत,t̪ɑ̃ːt̪,influx,NotAppl,M,4,underived,,,0,0,inanimate,M,State,0,0,0,"ाँत,त,ता,ँत,ताँ","t̪ɑ̃ːt̪,ɑ̃ːt̪,t̪,t̪ɑ̃ː",त,t̪,त,t̪
2383,तांत्रिक,तांत्रिक,t̪ɑ̃ːt̪ɾɪk,tantric,NotAppl,M,4,underived,,,0,0,animate,Z,Person,0,0,1,"तां,त,रिक,ता,िक,क","k,ɾɪk,ɪk,t̪,t̪ɑ̃ː,t̪ɑ̃ːt̪",त,t̪,त,t̪
2384,ताक,ताक,t̪ɑːk,stare,NotAppl,F,0,agentive1,agentive1,agentive1,0,1,inanimate,X,Physical Place,0,0,0,"त,ता,ाक,क,ताक","k,t̪,t̪ɑːk,ɑːk,t̪ɑː",त,t̪,त,t̪
2385,ताकत,ताकत,t̪ɑːkət̪,strength,NotAppl,F,3,underived,,,0,0,inanimate,S,property,0,0,0,"त,ाकत,ता,कत,ताक","t̪,t̪ɑːk,ət̪,t̪ɑː,kət̪","त,कत","t̪,kət̪",त,t̪
2386,ताछ,ताछ,t̪ɑːt͡ʃʰ,inquiry,NotAppl,F,3,underived,,,0,0,inanimate,Q,Physical State,0,0,0,"ाछ,त,ता,छ,ताछ","t͡ʃʰ,t̪,t̪ɑːt͡ʃʰ,t̪ɑː,ɑːt͡ʃʰ","त,छ","t͡ʃʰ,t̪","त,छ","t͡ʃʰ,t̪"
2387,ताज,ताज,t̪ɑːd͡ʒ,crown,NotAppl,M,4,underived,,,0,0,inanimate,S,Artifact,0,1,0,"ताज,त,ता,ाज,ज","ɑːd͡ʒ,t̪,d͡ʒ,t̪ɑːd͡ʒ,t̪ɑː",त,t̪,त,t̪
2388,ताजपोशी,ताजपोश,t̪ɑːd͡ʒpoːʃ,coronation,NotAppl,F,1,underived,,,1,0,inanimate,S,Social,0,0,0,"ोश,श,ताज,पोश,त,ता","ʃ,t̪,poːʃ,oːʃ,t̪ɑːd͡ʒ,t̪ɑː",त,t̪,त,t̪
2389,ताज्जुब,ताज्जुब,t̪ɑːd͡ʒd͡ʒub,wonder,NotAppl,M,4,underived,,,0,0,inanimate,X,Perception,0,1,0,"ुब,ताज,त,ता,जुब,ब","ub,t̪,b,d͡ʒub,t̪ɑːd͡ʒ,t̪ɑː",त,t̪,त,t̪
2390,तात्पर्य,तात्पर्य,t̪ɑːt̪pəɾjə,meaning,NotAppl,M,0,underived,,,0,0,inanimate,Q,Psychological Feature,0,0,1,"तात,्य,य,त,ता,र्य","t̪,jə,ə,t̪ɑː,t̪ɑːt̪,ɾjə","्य,य,त","t̪,jə","य,त","t̪,jə"
2391,तादात,तादात,t̪ɑːd̪ɑːt̪,number,NotAppl,F,3,underived,,,0,0,inanimate,N,Abstract,0,0,0,"ताद,दात,त,ता,ात","t̪,d̪ɑːt̪,ɑːt̪,t̪ɑːd̪,t̪ɑː",त,t̪,त,t̪
2393,तान,तान,t̪ɑːn̪,tan,NotAppl,F,0,underived,,,0,0,inanimate,B,Physiological  State,0,0,0,"ान,तान,त,न,ता","t̪ɑːn̪,ɑːn̪,t̪,t̪ɑː,n̪",त,t̪,त,t̪
2394,तानाशाह,तानाशाह,t̪ɑːn̪ɑːʃɑːɦ,dictator,NotAppl,M,4,underived,,,0,0,animate,S,Person,0,0,0,"तान,ाह,ह,त,ता,शाह","t̪ɑːn̪,ɑːɦ,t̪,ɦ,t̪ɑː,ʃɑːɦ","ाह,त","ɑːɦ,t̪",त,t̪
2395,तानाशाही,तानाशाह,t̪ɑːn̪ɑːʃɑːɦ,dictatorship,NotAppl,F,1,abstract6,abstract6,abstract6,0,1,inanimate,S,Action,0,0,0,"तान,ाह,ह,त,ता,शाह","t̪ɑːn̪,ɑːɦ,t̪,ɦ,t̪ɑː,ʃɑːɦ","ाह,त","ɑːɦ,t̪",त,t̪
2396,तापमान,तापमान,t̪ɑːpmɑːn̪,temperature,NotAppl,M,4,underived,,,0,0,inanimate,O,State,0,0,0,"ान,ताप,त,न,ता,मान","ɑːn̪,t̪,mɑːn̪,t̪ɑː,t̪ɑːp,n̪",त,t̪,त,t̪
2397,तामझाम,तामझाम,t̪ɑːmd͡ʒʰɑːm,frills,NotAppl,M,4,underived,,,0,0,inanimate,B,Action,0,0,0,"ताम,त,म,ता,झाम,ाम","t̪,m,d͡ʒʰɑːm,t̪ɑː,ɑːm,t̪ɑːm",त,t̪,त,t̪
2398,तामील,तामील,t̪ɑːmiːl,execution,NotAppl,F,3,underived,,,0,0,inanimate,L,Action,0,1,0,"ताम,ील,त,ता,ल,मील","iːl,t̪,miːl,l,t̪ɑː,t̪ɑːm","ील,त","iːl,t̪",त,t̪
2399,तामीली,तामील,t̪ɑːmiːl,execution,NotAppl,F,1,underived,,,0,0,inanimate,L,Physical State,0,0,0,"ताम,ील,त,ता,ल,मील","iːl,t̪,miːl,l,t̪ɑː,t̪ɑːm","ील,त","iːl,t̪",त,t̪
2400,ताम्र,ताम्र,t̪ɑːmɾ,copper,NotAppl,M,4,underived,,,0,0,inanimate,O,Natural Object,0,0,1,"ताम,र,्र,त,ता,म्र","t̪,mɾ,ɾ,t̪ɑː,ɑːmɾ,t̪ɑːm","र,त","t̪,ɾ","र,त","t̪,ɾ"
2401,तार,तार,t̪ɑːɾ,wire,NotAppl,M,4,underived,,,0,0,inanimate,O,Artifact,0,1,0,"तार,ार,र,त,ता","t̪,ɾ,ɑːɾ,t̪ɑː,t̪ɑːɾ","ार,र,त","t̪,ɾ,ɑːɾ","र,त","t̪,ɾ"
2402,तारबंदी,तारबंद,t̪ɑːɾbə̃d̪,wiring,NotAppl,F,1,systematic_restriction,,,0,1,inanimate,A,Physical State,0,0,0,"द,तार,ंद,त,बंद,ता","d̪,t̪,bə̃d̪,t̪ɑː,ə̃d̪,t̪ɑːɾ","ंद,त,बंद","t̪,bə̃d̪,ə̃d̪",त,t̪
2403,तारा,तार,t̪ɑːɾ,star,NotAppl,M,2,underived,,,0,0,inanimate,Z,Natural Object,0,0,0,"तार,ार,र,त,ता","t̪,ɾ,ɑːɾ,t̪ɑː,t̪ɑːɾ","ार,र,त","t̪,ɾ,ɑːɾ","र,त","t̪,ɾ"
2404,तारामंडल,तारामंडल,t̪ɑːɾɑːmə̃ɖəl,constellation,NotAppl,M,4,underived,,,1,0,inanimate,W,Group,0,0,0,"तार,त,डल,ता,ंडल,ल","t̪,əl,l,t̪ɑː,ɖəl,t̪ɑːɾ",त,"t̪,əl",त,t̪
2405,तारीख,तारीख,t̪ɑːɾiːkʰ,date,NotAppl,F,3,underived,,,0,0,inanimate,T,Period,0,0,0,"तार,ख,रीख,त,ता,ीख","iːkʰ,t̪,t̪ɑː,ɾiːkʰ,kʰ,t̪ɑːɾ",त,t̪,त,t̪
2406,तारीफ,तारीफ,t̪ɑːɾiːpʰ,praise,NotAppl,F,3,underived,,,0,0,inanimate,S,Physical,0,0,0,"तार,फ,रीफ,त,ता,ीफ","iːpʰ,t̪,pʰ,ɾiːpʰ,t̪ɑː,t̪ɑːɾ",त,t̪,त,t̪
2407,ताल,ताल,t̪ɑːl,rythm,NotAppl,M,4,underived,,,0,0,inanimate,Z,Object,0,0,0,"त,ाल,ता,ताल,ल","t̪,t̪ɑːl,l,t̪ɑː,ɑːl",त,t̪,त,t̪
2408,तालमेल,तालमेल,t̪ɑːlmeːl,synergy,neutral,F,0,underived,,,1,0,inanimate,S,Perception,0,0,0,"ेल,त,ता,ताल,मेल,ल","t̪,t̪ɑːl,meːl,l,t̪ɑː,eːl",त,t̪,त,t̪
2409,तालमेल,तालमेल,t̪ɑːlmeːl,synergy,neutral,M,0,underived,,,1,0,inanimate,S,Perception,0,0,0,"ेल,त,ता,ताल,मेल,ल","t̪,t̪ɑːl,meːl,l,t̪ɑː,eːl",त,t̪,त,t̪
2410,ताला,ताल,t̪ɑːl,lock,NotAppl,M,2,underived,,,0,0,inanimate,A,Artifact,0,0,0,"त,ाल,ता,ताल,ल","t̪,t̪ɑːl,l,t̪ɑː,ɑːl",त,t̪,त,t̪
2411,तालाब,तालाब,t̪ɑːlɑːb,pond,NotAppl,M,4,underived,,,0,0,inanimate,W,Object,0,1,0,"लाब,त,ता,ाब,ताल,ब","t̪,lɑːb,t̪ɑːl,b,t̪ɑː,ɑːb",त,t̪,त,t̪
2412,ताली,ताल,t̪ɑːl,clap,NotAppl,F,1,underived,,,0,0,inanimate,X,property,0,0,0,"त,ाल,ता,ताल,ल","t̪,t̪ɑːl,l,t̪ɑː,ɑːl",त,t̪,त,t̪
2413,तालीम,तालीम,t̪ɑːliːm,training,NotAppl,F,3,underived,,,0,0,inanimate,P,Quality,0,1,0,"त,म,ता,ताल,लीम,ीम","iːm,t̪,t̪ɑːl,liːm,m,t̪ɑː",त,t̪,त,t̪
2414,ताल्लुक,ताल्लुक,t̪ɑːlluk,connection,NotAppl,M,4,underived,,,0,0,inanimate,A,Abstract,0,0,0,"ुक,लुक,त,ता,ताल,क","k,t̪,t̪ɑːl,uk,t̪ɑː,luk","ुक,त",t̪,त,t̪
2415,ताल्लुकात,ताल्लुकात,t̪ɑːllukɑːt̪,relation,NotAppl,M,4,underived,,,0,0,inanimate,A,Collective Noun,0,0,0,"कात,त,ता,ताल,ात","t̪,t̪ɑːl,ɑːt̪,kɑːt̪,t̪ɑː",त,t̪,त,t̪
2416,ताश,ताश,t̪ɑːʃ,playing cards,NotAppl,M,0,underived,,,0,0,inanimate,K,Group,0,1,0,"श,त,ता,ताश,ाश","ʃ,t̪,t̪ɑːʃ,ɑːʃ,t̪ɑː",त,t̪,त,t̪
2417,तिकड़ी,तिकड़,t̪ɪkəɽ,trio,NotAppl,F,1,underived,,,0,0,inanimate,S,Group,0,0,0,"कड़,़,ड़,त,ति,तिक","t̪,əɽ,t̪ɪ,ɽ,kəɽ,t̪ɪk","़,ड़,त","t̪,ɽ","़,त",t̪
2418,तिथि,तिथ,t̪ɪt̪ʰ,date,NotAppl,F,1,underived,,,0,0,inanimate,T,Period,0,0,1,"िथ,तिथ,त,ति,थ","t̪ɪt̪ʰ,t̪,t̪ʰ,t̪ɪ,ɪt̪ʰ",त,"t̪,ɪt̪ʰ",त,t̪
2419,तिब्बति,तिब्बत,t̪ɪbbət̪,tibetan,NotAppl,M,4,underived,,,0,0,animate,Z,Animate,0,0,0,"्बत,बत,त,ति,तिब","t̪,ət̪,t̪ɪ,bət̪,t̪ɪb","बत,त","t̪,bət̪",त,t̪
2420,तिमाही,तिमाह,t̪ɪmɑːɦ,quarterly,NotAppl,F,1,underived,,,0,0,inanimate,N,Time,0,0,0,"माह,ाह,ह,त,ति,तिम","ɑːɦ,t̪,ɦ,t̪ɪm,mɑːɦ,t̪ɪ","ाह,त","ɑːɦ,t̪",त,t̪
2421,तिलहन,तिलहन,t̪ɪlɦən̪,oilseeds,neutral,F,3,underived,,,0,0,inanimate,Z,Natural Object,0,0,0,"लहन,तिल,त,न,ति,हन","n̪,t̪,t̪ɪ,ɦən̪,t̪ɪl,ən̪",त,t̪,त,t̪
2422,तिलहन,तिलहन,t̪ɪlɦən̪,oilseeds,neutral,M,4,underived,,,0,0,inanimate,Z,Natural Object,0,0,0,"लहन,तिल,त,न,ति,हन","n̪,t̪,t̪ɪ,ɦən̪,t̪ɪl,ən̪",त,t̪,त,t̪
2423,तिलांजलि,तिलांजल,t̪ɪlɑ̃ːd͡ʒəl,tribute,NotAppl,F,1,underived,,,0,0,inanimate,S,Physical,0,0,0,"तिल,जल,त,ति,ल,ंजल","t̪,t̪ɪ,əl,t̪ɪl,l,d͡ʒəl",त,"t̪,əl",त,t̪
2424,तिहलन,तिहलन,t̪ɪɦlən̪,tilhan,NotAppl,M,4,underived,,,0,0,inanimate,Z,Action,0,0,0,"हलन,लन,तिह,त,न,ति","t̪ɪɦ,t̪,ən̪,t̪ɪ,n̪,lən̪","लन,त","t̪,lən̪",त,t̪
2425,तीन,तीन,t̪iːn̪,three,NotAppl,M,5,underived,,,0,0,inanimate,N,Abstract,0,0,0,"त,न,ीन,तीन,ती","iːn̪,t̪,t̪iːn̪,n̪,t̪iː",त,t̪,त,t̪
2426,तीर,तीर,t̪iːɾ,arrow,NotAppl,M,4,underived,,,0,0,inanimate,G,Artifact,0,1,0,"ीर,र,त,तीर,ती","t̪,ɾ,iːɾ,t̪iːɾ,t̪iː","र,त","t̪,ɾ","र,त","t̪,ɾ"
2427,तीर्थ,तीर्थ,t̪iːɾt̪ʰ,shrine,NotAppl,M,4,underived,,,0,0,inanimate,S,Physical Place,0,0,1,"र्थ,्थ,त,थ,तीर,ती","t̪iː,iːɾt̪ʰ,t̪,t̪ʰ,t̪iːɾ,ɾt̪ʰ",त,t̪,त,t̪
2428,तीर्थंकर,तीर्थंकर,t̪iːɾt̪ʰə̃kəɾ,tirthankara,NotAppl,M,4,underived,,,0,0,animate,Z,Person,0,0,0,"कर,र,त,ंकर,तीर,ती","t̪,ɾ,kəɾ,əɾ,t̪iːɾ,t̪iː","कर,र,त","t̪,ɾ,kəɾ,əɾ","कर,र,त","t̪,ɾ,kəɾ,əɾ"
2429,तीव्रता,तीव्र,t̪iːʋɾ,intensity,NotAppl,F,0,abstract8,abstract8,abstract8,0,1,inanimate,N,Physiological  State,0,0,0,"र,तीव,्र,त,व्र,ती","t̪,iːʋɾ,ɾ,ʋɾ,t̪iː,t̪iːʋ","र,त","t̪,ɾ","र,त","t̪,ɾ"
2430,तुक,तुक,t̪uk,rhyme,NotAppl,F,3,underived,,,0,0,inanimate,Q,STY,0,0,0,"ुक,त,तुक,क,तु","t̪uk,k,t̪,t̪u,uk","ुक,त",t̪,त,t̪
2431,तुलना,तुल,t̪ul,compare,NotAppl,F,3,verbal_noun2,verbal_noun2,,0,1,inanimate,A,Cognition,0,0,1,"ुल,त,तुल,तु,ल","ul,t̪,t̪u,t̪ul,l",त,t̪,त,t̪
2432,तुलसी,तुलस,t̪uləs̪,basil,NotAppl,F,1,underived,,,0,0,animate,F,Shrub,0,0,0,"स,ुलस,त,तुल,तु,लस","t̪,t̪u,t̪ul,ləs̪,s̪,əs̪",त,t̪,त,t̪
2433,तुष्टीकरण,तुष्टी,t̪uʂʈiː,appeasement,NotAppl,M,4,process_noun,,,0,1,inanimate,S,Physical,0,0,1,"तुष,्टी,त,तु,टी,ी","iː,ʂʈiː,t̪uʂ,t̪,t̪u,ʈiː","त,ी",t̪,"त,ी",t̪
2434,तूफान,तूफान,t̪uːpʰɑːn̪,storm,NotAppl,M,4,underived,,,0,0,inanimate,W,Natural Event,0,0,0,"ान,तूफ,त,न,फान,तू","ɑːn̪,t̪,pʰɑːn̪,t̪uːpʰ,t̪uː,n̪",त,t̪,त,t̪
2435,तूल,तूल,t̪uːl,tool,NotAppl,M,4,underived,,,0,0,inanimate,O,Natural Object,0,0,0,"तूल,त,ूल,ल,तू","t̪uːl,t̪,uːl,l,t̪uː",त,t̪,त,t̪
2436,तेँदुआ,तेँदु,t̪ẽːd̪u,leopard,NotAppl,M,2,underived,,,0,0,animate,L,Mammal,0,0,0,"तेँ,ु,ँदु,दु,त,ते","t̪ẽː,d̪u,t̪,u,t̪ẽːd̪,ẽːd̪u",त,t̪,त,t̪
2437,तेजी,तेज,t̪eːd͡ʒ,speed,homophones,F,1,underived,,,0,0,inanimate,N,Physiological  State,0,0,0,"तेज,त,ज,ते,ेज","t̪eː,eːd͡ʒ,t̪,d͡ʒ,t̪eːd͡ʒ",त,t̪,त,t̪
2438,तेजी,तेज,t̪eːd͡ʒ,speed,homophones,M,4,underived,,,0,0,inanimate,N,Physiological  State,0,0,0,"तेज,त,ज,ते,ेज","t̪eː,eːd͡ʒ,t̪,d͡ʒ,t̪eːd͡ʒ",त,t̪,त,t̪
2439,तेल,तेल,t̪eːl,oil,NotAppl,M,4,underived,,,0,0,inanimate,O,Object,0,0,0,"ेल,तेल,त,ते,ल","t̪eː,t̪,t̪eːl,l,eːl",त,t̪,त,t̪
2440,तेवर,तेवर,t̪eːʋəɾ,attitude,NotAppl,M,4,underived,,,0,0,inanimate,X,Physical,0,0,0,"वर,र,त,ते,ेवर,तेव","t̪eː,t̪,t̪eːʋ,ɾ,əɾ,ʋəɾ","र,त","t̪,ɾ,əɾ","र,त","t̪,ɾ,əɾ"
2441,तैनाती,तैन,t̪əɪn̪,deployment,NotAppl,F,0,abstract6,abstract6,abstract6,0,1,inanimate,M,Physical,0,1,0,"तै,तैन,ैन,त,न","əɪn̪,t̪,t̪əɪ,ɪn̪,t̪ə,n̪",त,"t̪,t̪ə",त,"t̪,t̪ə"
2442,तैयारी,तैयार,t̪əɪjɑːɾ,preparation,NotAppl,F,1,abstract6,abstract6,abstract6,0,1,inanimate,A,Social,0,1,0,"तै,ार,र,त,तैय,यार","t̪,t̪əɪ,jɑːɾ,ɾ,ɑːɾ,t̪ə","ार,र,त","t̪,ɾ,ɑːɾ,t̪ə","र,त","t̪,ɾ,t̪ə"
2443,तैराक,तैराक,t̪əɪɾɑːk,swimmer,NotAppl,M,4,underived,,,0,0,animate,M,Person,0,0,0,"राक,तै,तैर,त,ाक,क","k,t̪,t̪əɪ,ɾɑːk,ɑːk,t̪ə",त,"t̪,t̪ə",त,"t̪,t̪ə"
2444,तैश,तैश,t̪əɪʃ,anger,NotAppl,M,4,underived,,,0,0,inanimate,E,Mental State,0,1,0,"तै,श,तैश,त,ैश","ʃ,əɪʃ,t̪,t̪əɪ,t̪ə,ɪʃ",त,"t̪,t̪ə",त,"t̪,t̪ə"
2446,तोड,तोड,t̪oːɖ,break,homophones,M,4,underived,,,0,0,inanimate,A,Action,0,0,0,"ड,तो,त,तोड,ोड","t̪,ɖ,t̪oː,t̪oːɖ,oːɖ",त,t̪,त,t̪
2447,तोड़,तोड़,t̪oːɽ,break,NotAppl,F,3,underived,,,0,0,inanimate,A,Physical,0,0,0,"ोड़,तो,़,ड़,त,तोड","oːɽ,t̪,t̪oː,t̪oːɽ,ɽ","़,ड़,त","t̪,ɽ","़,त",t̪
2448,तोड़फोड़,तोड़फोड़,t̪oːɽpʰoːɽ,demolition,NotAppl,F,3,underived,,,1,0,inanimate,A,Physical,0,0,0,"ोड़,तो,़,ड़,त,तोड","oːɽ,t̪,t̪oː,t̪oːɽ,ɽ,pʰoːɽ","़,ड़,त","t̪,ɽ","़,त",t̪
2449,तोप,तोप,t̪oːp,cannon,NotAppl,F,3,underived,,,0,0,inanimate,G,Artifact,0,0,0,"ोप,तोप,प,तो,त","oːp,t̪,t̪oː,p,t̪oːp",त,t̪,त,t̪
2450,तोहफा,तोहफ,t̪oːɦəpʰ,gift,NotAppl,M,2,underived,,,0,0,inanimate,A,Object,0,0,0,"फ,तो,त,तोह,ोहफ,हफ","t̪,pʰ,t̪oː,əpʰ,t̪oːɦ,ɦəpʰ",त,t̪,त,t̪
2451,तौर,तौर,t̪əuɾ,manner,neutral,F,3,underived,,,0,0,inanimate,S,property,0,1,0,"ौर,तौर,तौ,र,त","t̪əu,t̪,ɾ,əuɾ,t̪ə,uɾ","र,त","t̪,ɾ,t̪ə","र,त","t̪,ɾ,t̪ə"
2452,तौर,तौर,t̪əuɾ,manner,neutral,M,4,underived,,,0,0,inanimate,S,property,0,1,0,"ौर,तौर,तौ,र,त","t̪əu,t̪,ɾ,əuɾ,t̪ə,uɾ","र,त","t̪,ɾ,t̪ə","र,त","t̪,ɾ,t̪ə"
2453,त्याग,त्याग,t̪jɑːɡ,sacrifice,NotAppl,M,4,underived,,,0,0,inanimate,S,Physical,0,0,1,"ाग,त्य,त,त्,याग,ग","jɑːɡ,t̪,ɑːɡ,t̪j,ɡ,t̪jɑː","ाग,त,ग","t̪,ɡ",त,"t̪,ɡ"
2455,त्यौहार,त्यौहार,t̪jəuɦɑːɾ,festival,NotAppl,M,4,underived,,,0,0,inanimate,K,Social,0,0,0,"ार,र,त्य,त,त्,हार","t̪,ɦɑːɾ,ɾ,ɑːɾ,t̪j,t̪jə","ार,र,त","t̪,ɾ,ɑːɾ","र,त","t̪,ɾ"
2456,त्रासदी,त्रासद,t̪ɾɑːs̪əd̪,tragedy,NotAppl,F,1,underived,,,0,0,inanimate,E,Fatal Event,1,0,0,"द,त्र,त,त्,सद,ासद","d̪,əd̪,t̪,s̪əd̪,t̪ɾ,t̪ɾɑː",त,"t̪,t̪ɾɑː",त,t̪
2457,थकान,थकान,t̪ʰəkɑːn̪,tiredness,NotAppl,F,3,underived,,,0,0,inanimate,B,State,0,0,0,"ान,कान,न,थका,थ,थक","ɑːn̪,t̪ʰ,kɑːn̪,t̪ʰək,n̪,t̪ʰə",,,,
2458,थल,थल,t̪ʰəl,land,NotAppl,M,4,underived,,,0,0,inanimate,W,Physical Place,0,0,0,"ल,थ,थल","t̪ʰ,əl,t̪ʰəl,l,t̪ʰə",,əl,,
2459,थलसेना,थलसेन,t̪ʰəls̪eːn̪,army,NotAppl,F,3,underived,,,1,0,inanimate,G,Group,0,0,0,"ेन,थलस,न,सेन,थ,थल","t̪ʰ,s̪eːn̪,t̪ʰəl,eːn̪,n̪,t̪ʰə",,,,
2460,थाना,थान,t̪ʰɑːn̪,station,NotAppl,M,2,underived,,,0,0,inanimate,M,Physical Place,0,1,0,"ान,था,न,थ,थान","t̪ʰɑː,ɑːn̪,t̪ʰ,t̪ʰɑːn̪,n̪",,,,
2461,थानाध्यक्ष,थानाध्यक्ष,t̪ʰɑːn̪ɑːd̪ʰjəkʂ,police station head,NotAppl,M,4,underived,,,1,0,animate,G,Occupation,0,0,0,"्ष,था,ष,क्ष,थ,थान","t̪ʰɑː,kʂ,t̪ʰ,əkʂ,ʂ,t̪ʰɑːn̪",ष,ʂ,,
2462,थिएटर,थिएटर,t̪ʰɪeːʈəɾ,theatre,NotAppl,M,4,underived,,,0,0,inanimate,K,Physical Place,1,0,0,"थिए,र,थि,टर,थ,एटर","t̪ʰɪeː,t̪ʰ,ɾ,əɾ,t̪ʰɪ,ʈəɾ","र,टर","ɾ,əɾ,ʈəɾ","र,टर","ɾ,əɾ,ʈəɾ"
2463,थीम,थीम,t̪ʰiːm,theme,NotAppl,F,3,underived,,,0,0,inanimate,X,Common Noun,1,0,0,"थीम,म,थी,थ,ीम","iːm,t̪ʰ,m,t̪ʰiːm,t̪ʰiː",,,,
2464,थैला,थैल,t̪ʰəɪl,bag,NotAppl,M,2,underived,,,0,0,inanimate,B,Artifact,0,0,0,"ल,ैल,थै,थैल,थ","əɪl,ɪl,t̪ʰ,t̪ʰəɪ,l,t̪ʰə",,,,
2465,थोक,थोक,t̪ʰoːk,bulk,NotAppl,M,4,underived,,,0,0,inanimate,N,Group,0,1,0,"ोक,थो,क,थोक,थ","k,oːk,t̪ʰoː,t̪ʰ,t̪ʰoːk",,,,
2466,थ्योरी,थ्योर,t̪ʰjoːɾ,theory,NotAppl,F,1,underived,,,0,0,inanimate,X,Psychological Feature,1,0,0,"ोर,योर,र,थ्य,थ,थ्","t̪ʰjoː,t̪ʰ,oːɾ,joːɾ,ɾ,t̪ʰj",र,ɾ,र,ɾ
2467,थ्रिलर,थ्रिलर,t̪ʰɾɪləɾ,thriller,NotAppl,M,4,underived,,,0,0,inanimate,Q,Common Noun,1,0,0,"थ्र,र,लर,िलर,थ,थ्","t̪ʰɾ,t̪ʰ,ɾ,əɾ,t̪ʰɾɪ,ləɾ",र,"ɾ,əɾ",र,"ɾ,əɾ"
2468,थ्री,थ्र,t̪ʰɾ,three,NotAppl,M,0,underived,,,0,0,inanimate,N,Common Noun,1,0,0,"थ्र,र,्र,थ,थ्","ɾ,t̪ʰɾ,t̪ʰ",र,ɾ,र,ɾ
2469,दंगल,दंगल,d̪ə̃ɡəl,dangal,NotAppl,M,4,underived,,,0,0,inanimate,Z,Physical,0,1,0,"द,ंगल,ल,दं,गल,दंग","d̪,d̪ə̃,əl,l,d̪ə̃ɡ,ɡəl",,əl,,
2470,दंगा,दंग,d̪ə̃ɡ,riot,NotAppl,M,2,underived,,,0,0,inanimate,E,Event,0,1,0,"द,दं,ंग,ग,दंग","d̪,ə̃ɡ,d̪ə̃,ɡ,d̪ə̃ɡ","ंग,ग",ɡ,ंग,ɡ
2471,दंड,दंड,d̪ə̃ɖ,punishment,NotAppl,M,4,underived,,,0,0,inanimate,G,Artifact,0,0,1,"द,ड,दं,ंड,दंड","d̪,ə̃ɖ,ɖ,d̪ə̃,d̪ə̃ɖ",,,,
2472,दंडाधिकारी,दंडाधिकार,d̪ə̃ɖɑːd̪ʰɪkɑːɾ,magistrate,NotAppl,M,4,underived,,,1,0,animate,G,Person,0,0,0,"द,ार,र,दं,दंड,कार","d̪,kɑːɾ,d̪ə̃,ɾ,d̪ə̃ɖ,ɑːɾ","ार,र","ɾ,ɑːɾ",र,ɾ
2473,दंडी,दंड,d̪ə̃ɖ,dandi,NotAppl,M,4,underived,,,0,0,animate,Z,Person,0,0,1,"द,ड,दं,ंड,दंड","d̪,ə̃ɖ,ɖ,d̪ə̃,d̪ə̃ɖ",,,,
2475,दंपत्ति,दंपत्त,d̪ə̃pət̪t̪,the couple,NotAppl,M,4,agentive5,,,0,1,inanimate,Z,Group,0,0,0,"द,्त,त्त,दंप,दं,त","d̪,d̪ə̃p,ət̪t̪,t̪,t̪t̪,d̪ə̃","्त,त्त,त","ət̪t̪,t̪,t̪t̪","्त,त",t̪
2476,दक्षिण,दक्षिण,d̪əkʂɪɳ,south,NotAppl,M,4,underived,,,1,0,inanimate,M,concept,0,0,1,"द,दक्,दक,षिण,िण,ण","d̪,d̪ək,d̪ə,ʂɪɳ,ɪɳ,ɳ",,,,
2477,दखल,दखल,d̪əkʰəl,interference,neutral,F,3,underived,,,0,0,inanimate,S,Action,0,0,0,"द,दख,खल,ल,दखल","d̪,d̪ə,d̪əkʰ,əl,l,kʰəl",,əl,,
2478,दखल,दखल,d̪əkʰəl,interference,neutral,M,4,underived,,,0,0,inanimate,S,Action,0,0,0,"द,दख,खल,ल,दखल","d̪,d̪ə,d̪əkʰ,əl,l,kʰəl",,əl,,
2479,दखलंदाजी,दखलंदाज,d̪əkʰlə̃d̪ɑːd͡ʒ,interference,NotAppl,F,1,underived,,,1,0,inanimate,S,Action,0,0,0,"द,दख,ज,ाज,दाज,दखल","d̪,ɑːd͡ʒ,d̪ə,d͡ʒ,d̪ɑːd͡ʒ,d̪əkʰ",,,,
2480,दगाबाजी,दगाबाज,d̪əɡɑːbɑːd͡ʒ,treachery,NotAppl,F,1,abstract6,abstract6,abstract6,0,1,inanimate,G,Anti-social,0,0,0,"द,दगा,ज,ाज,बाज,दग","d̪,bɑːd͡ʒ,ɑːd͡ʒ,d̪ə,d͡ʒ,d̪əɡ",दग,d̪əɡ,,
2481,दफन,दफन,d̪əpʰən̪,burial,NotAppl,M,4,underived,,,0,0,inanimate,L,Action,0,0,0,"द,दफन,दफ,न,फन","d̪,d̪ə,ən̪,pʰən̪,n̪,d̪əpʰ",,,,
2482,दफा,दफ,d̪əpʰ,time,homophones,F,0,underived,,,0,0,inanimate,T,Process,0,0,0,"द,दफ,फ","d̪,d̪ə,pʰ,əpʰ,d̪əpʰ",,,,
2483,दफा,दफ,d̪əpʰ,time,homophones,M,4,underived,,,0,0,inanimate,T,Process,0,0,0,"द,दफ,फ","d̪,d̪ə,pʰ,əpʰ,d̪əpʰ",,,,
2484,दफ्तर,दफ्तर,d̪əpʰt̪əɾ,workplace,NotAppl,M,4,underived,,,0,0,inanimate,I,Physical Place,0,0,0,"द,तर,दफ्,र,दफ,्तर","d̪,d̪ə,ɾ,t̪əɾ,əɾ,d̪əpʰ",र,"ɾ,əɾ",र,"ɾ,əɾ"
2485,दबदबा,दबदब,d̪əbd̪əb,dominance,NotAppl,M,2,underived,,,0,0,inanimate,S,physical State,0,1,0,"द,बदब,दबद,दब,ब","d̪,d̪ə,b,əb,d̪əb",,,,
2486,दबाव,दबाव,d̪əbɑːʋ,pressure,NotAppl,M,4,underived,,,0,0,inanimate,N,Abstract,0,0,0,"द,व,ाव,दब,दबा,बाव","d̪,d̪ə,ʋ,d̪əb,ɑːʋ,bɑːʋ","व,ाव",ʋ,"व,ाव",ʋ
2487,दबिश,दबिश,d̪əbɪʃ,raid,NotAppl,F,3,underived,,,0,0,inanimate,G,Action,0,0,0,"द,िश,श,दब,बिश,दबि","d̪,ʃ,d̪ə,d̪əb,bɪʃ,ɪʃ",िश,,,
2488,दम,दम,d̪əm,strength,NotAppl,M,4,underived,,,0,0,inanimate,S,Natural Object,0,0,1,"द,दम,म","əm,d̪,d̪ə,m,d̪əm",,,,
2490,दम्पत्ति,दम्पत्त,d̪əmpət̪t̪,the couple,NotAppl,M,4,underived,,,0,0,animate,Z,Group,0,0,0,"द,दम,्त,त्त,त,दम्","d̪,ət̪t̪,t̪,d̪ə,t̪t̪,d̪əm","्त,त्त,त","ət̪t̪,t̪,t̪t̪","्त,त",t̪
2491,दर,दर,d̪əɾ,rate,homophones,F,3,underived,,,0,0,inanimate,N,Abstract,0,1,0,"द,दर,र","d̪,d̪əɾ,d̪ə,ɾ,əɾ",र,"ɾ,əɾ",र,"ɾ,əɾ"
2492,दर,दर,d̪əɾ,rate,homophones,M,4,underived,,,0,0,inanimate,N,Abstract,0,1,0,"द,दर,र","d̪,d̪əɾ,d̪ə,ɾ,əɾ",र,"ɾ,əɾ",र,"ɾ,əɾ"
2493,दरकार,दरकार,d̪əɾkɑːɾ,need,NotAppl,F,3,agentive_activity1,agentive_activity1,agentive_activity1,0,1,inanimate,S,State,0,1,0,"द,दर,ार,र,दरक,कार","d̪,d̪əɾ,kɑːɾ,d̪ə,ɾ,ɑːɾ","ार,र","ɾ,ɑːɾ",र,ɾ
2494,दरकिनार,दरकिनार,d̪əɾkɪn̪ɑːɾ,bypassing,NotAppl,M,4,underived,,,0,0,inanimate,M,Adverb,0,0,0,"द,दर,नार,ार,र,दरक","d̪,d̪əɾ,d̪ə,ɾ,ɑːɾ,n̪ɑːɾ","ार,र","ɾ,ɑːɾ",र,ɾ
2495,दरगाह,दरगाह,d̪əɾɡɑːɦ,dargah,NotAppl,F,3,underived,,,0,0,inanimate,Z,Physical Place,0,1,0,"द,दर,गाह,ाह,ह,दरग","d̪,d̪əɾ,ɑːɦ,ɦ,d̪ə,ɡɑːɦ",ाह,ɑːɦ,,
2496,दरबार,दरबार,d̪əɾbɑːɾ,court,NotAppl,M,4,underived,,,0,0,inanimate,G,Group,0,1,0,"द,दर,र,ार,दरब,बार","bɑːɾ,d̪,d̪əɾ,d̪ə,ɾ,ɑːɾ","र,ार","ɾ,ɑːɾ",र,ɾ
2497,दरवाजा,दरवाज,d̪əɾʋɑːd͡ʒ,door,NotAppl,M,2,underived,,,0,0,inanimate,H,Artifact,0,0,0,"द,दर,वाज,दरव,ज,ाज","d̪,d̪əɾ,ɑːd͡ʒ,d̪ə,ʋɑːd͡ʒ,d͡ʒ",,,,
2498,दरार,दरार,d̪əɾɑːɾ,crack,NotAppl,F,3,underived,,,0,0,inanimate,A,Physical Place,0,0,0,"द,दर,र,ार,दरा,रार","d̪,d̪əɾ,d̪ə,ɾɑːɾ,ɾ,ɑːɾ","र,ार","ɾ,ɑːɾ",र,ɾ
2499,दरोगा,दरोग,d̪əɾoːɡ,inspector,NotAppl,M,4,underived,,,0,0,animate,G,Person,0,0,0,"द,दर,ोग,दरो,रोग,ग","oːɡ,d̪,d̪əɾ,ɾoːɡ,d̪ə,ɡ","ोग,ग","oːɡ,ɡ",,ɡ
2500,दर्जन,दर्जन,d̪əɾd͡ʒən̪,dozen,NotAppl,M,4,underived,,,0,0,inanimate,N,Group,1,0,0,"द,दर,न,जन,्जन,दर्","d̪,d̪əɾ,d̪ə,ən̪,d͡ʒən̪,n̪",,,,
2501,दर्जा,दर्ज,d̪əɾd͡ʒ,status,NotAppl,M,2,underived,,,0,0,inanimate,S,Group,0,1,0,"द,दर,र्ज,ज,्ज,दर्","d̪,d̪əɾ,d̪ə,d͡ʒ,ɾd͡ʒ,əɾd͡ʒ",,,,
2502,दर्द,दर्द,d̪əɾd̪,pain,NotAppl,M,4,underived,,,0,0,inanimate,B,Perception,0,1,0,"द,दर,्द,र्द,दर्","d̪,d̪əɾ,d̪ə,ɾd̪,əɾd̪",,,,
2503,दर्श,दर्श,d̪əɾʃ,viewer,NotAppl,M,4,underived,,,0,0,inanimate,Q,Action,0,0,1,"द,दर,श,र्श,्श,दर्","d̪,d̪əɾ,ʃ,d̪ə,əɾʃ,ɾʃ",,,,
2504,दर्शक,दर्शक,d̪əɾʃək,audience,neutral,F,3,agentive1,agentive1,agentive1,0,1,animate,K,Person,0,0,1,"द,दर,्शक,शक,क,दर्","d̪,d̪əɾ,k,ʃək,d̪ə,ək",,ək,,
2505,दर्शक,दर्शक,d̪əɾʃək,audience,neutral,M,4,agentive1,agentive1,agentive1,0,1,animate,K,Person,0,0,1,"द,दर,्शक,शक,क,दर्","d̪,d̪əɾ,k,ʃək,d̪ə,ək",,ək,,
2506,दर्शन,दर्शन,d̪əɾʃən̪,visit,NotAppl,M,4,underived,,,0,0,inanimate,S,Physical,0,0,1,"द,दर,शन,न,्शन,दर्","d̪,d̪əɾ,d̪ə,ən̪,n̪,ʃən̪",शन,ʃən̪,,
2507,दर्शनार्थ,दर्शनार्थ,d̪əɾʃən̪ɑːɾt̪ʰ,for viewing,NotAppl,M,4,underived,,,1,0,inanimate,Z,Reason,0,0,0,"द,दर,र्थ,्थ,थ,दर्","d̪,d̪əɾ,ɑːɾt̪ʰ,d̪ə,t̪ʰ,ɾt̪ʰ",,,,
2508,दर्शनार्थी,दर्शनार्थ,d̪əɾʃən̪ɑːɾt̪ʰ,visitor,NotAppl,M,4,underived,,,1,0,animate,S,Person,0,0,0,"द,दर,र्थ,्थ,थ,दर्","d̪,d̪əɾ,ɑːɾt̪ʰ,d̪ə,t̪ʰ,ɾt̪ʰ",,,,
2509,दल,दल,d̪əl,team,NotAppl,M,4,underived,,,0,0,inanimate,S,Part of,0,0,0,"द,ल,दल","d̪,d̪ə,əl,l,d̪əl",,əl,,
2510,दलहन,दलहन,d̪əlɦən̪,pulses,NotAppl,F,3,underived,,,0,0,inanimate,B,Natural Object,0,0,0,"द,लहन,न,दल,दलह,हन","d̪,d̪ə,ən̪,ɦən̪,n̪,d̪əl",,,,
2511,दलाल,दलाल,d̪əlɑːl,broker,NotAppl,M,4,underived,,,0,0,animate,I,Person,0,1,0,"द,दला,ाल,दल,लाल,ल","d̪,d̪ə,lɑːl,l,ɑːl,d̪əl",,,,
2512,दलाली,दलाल,d̪əlɑːl,brokerage,NotAppl,F,1,abstract6,abstract6,abstract6,0,1,inanimate,I,Action,0,0,0,"द,दला,ाल,दल,लाल,ल","d̪,d̪ə,lɑːl,l,ɑːl,d̪əl",,,,
2513,दलित,दलित,d̪əlɪt̪,dalit,NotAppl,M,4,underived,,,0,0,animate,Z,Person,0,0,1,"द,लित,दलि,त,दल,ित","d̪,ɪt̪,t̪,d̪ə,lɪt̪,d̪əl",त,t̪,त,t̪
2514,दलील,दलील,d̪əliːl,plea,NotAppl,F,3,underived,,,0,0,inanimate,Q,Perception,0,1,0,"द,ील,लील,दल,दली,ल","d̪,iːl,d̪ə,liːl,l,d̪əl",ील,iːl,,
2515,दवा,दव,d̪əʋ,medicine,NotAppl,F,4,underived,,,0,0,inanimate,B,Artifact,0,1,0,"द,व,दव","d̪,əʋ,d̪ə,d̪əʋ,ʋ",व,ʋ,व,ʋ
2516,दवाई,दवा,d̪əʋɑː,medicine,NotAppl,F,1,underived,,,0,0,inanimate,B,Artifact,0,0,0,"द,ा,दव,वा,दवा","d̪,d̪əʋ,d̪ə,ɑː,ʋɑː,əʋɑː",ा,,ा,
2517,दवाईयाँ,दवाईय,d̪əʋɑːiːjə,medicines,NotAppl,F,1,underived,,,0,0,inanimate,B,Artifact,0,0,0,"द,दव,य,दवा,ाईय,ईय","d̪,d̪əʋ,d̪ə,iːjə,ə,jə",य,jə,य,jə
2518,दवाब,दवाब,d̪əʋɑːb,pressure,NotAppl,M,4,underived,,,0,0,inanimate,N,Common Noun,0,0,0,"द,वाब,दव,ाब,ब,दवा","d̪,d̪əʋ,d̪ə,b,ʋɑːb,ɑːb",,,,
2519,दशक,दशक,d̪əʃək,decade,NotAppl,M,4,underived,,,0,0,inanimate,T,Group,0,0,1,"द,शक,क,दशक,दश","d̪,k,ʃək,d̪ə,ək,d̪əʃ",,ək,,
2520,दशा,दश,d̪əʃ,condition,NotAppl,F,0,underived,,,0,0,inanimate,O,State,0,0,1,"द,दश,श","d̪,ʃ,d̪ə,əʃ,d̪əʃ",,,,
2521,दस्तक,दस्तक,d̪əs̪t̪ək,knock,neutral,F,3,underived,,,0,0,inanimate,X,Physical,0,1,0,"द,दस,्तक,दस्,क,तक","d̪,k,d̪ə,t̪ək,ək,d̪əs̪",,ək,,
2522,दस्तक,दस्तक,d̪əs̪t̪ək,knock,neutral,M,4,underived,,,0,0,inanimate,X,Physical,0,1,0,"द,दस,्तक,दस्,क,तक","d̪,k,d̪ə,t̪ək,ək,d̪əs̪",,ək,,
2523,दस्तखत,दस्तखत,d̪əs̪t̪əkʰət̪,signature,neutral,F,4,underived,,,0,0,inanimate,Q,property,0,0,0,"द,खत,दस,दस्,त,तखत","d̪,t̪,d̪ə,kʰət̪,ət̪,d̪əs̪",त,t̪,त,t̪
2524,दस्तखत,दस्तखत,d̪əs̪t̪əkʰət̪,signature,neutral,M,4,underived,,,0,0,inanimate,Q,property,0,0,0,"द,खत,दस,दस्,त,तखत","d̪,t̪,d̪ə,kʰət̪,ət̪,d̪əs̪",त,t̪,त,t̪
2526,दस्ता,दस्त,d̪əs̪t̪,shaft,NotAppl,M,2,underived,,,0,0,inanimate,O,Group,0,1,0,"द,्त,दस,दस्,त,स्त","d̪,t̪,d̪ə,əs̪t̪,d̪əs̪,s̪t̪","्त,त",t̪,"्त,त",t̪
2527,दस्तावेज,दस्तावेज,d̪əs̪t̪ɑːʋeːd͡ʒ,documents,NotAppl,M,4,underived,,,0,0,inanimate,Q,Artifact,0,0,0,"द,दस,दस्,वेज,ज,ेज","d̪,ʋeːd͡ʒ,eːd͡ʒ,d̪ə,d͡ʒ,d̪əs̪",,,,
2528,दस्यु,दस्य,d̪əs̪jə,bandit,NotAppl,M,4,underived,,,0,0,animate,G,Person,0,0,1,"द,दस,्य,स्य,दस्,य","d̪,d̪ə,s̪jə,d̪əs̪,ə,jə","्य,य",jə,य,jə
2529,दहशत,दहशत,d̪əɦʃət̪,panic,NotAppl,F,3,underived,,,0,0,inanimate,E,physical State,0,1,0,"द,शत,त,दहश,हशत,दह","d̪,ʃət̪,t̪,d̪əɦ,d̪ə,ət̪",त,t̪,त,t̪
2530,दाँत,दाँत,d̪ɑ̃ːt̪,teeth,NotAppl,M,4,underived,,,0,0,inanimate,B,Anatomical,0,0,0,"द,ाँत,त,दा,दाँ,ँत","d̪,t̪,d̪ɑ̃ː,d̪ɑ̃ːt̪,ɑ̃ːt̪",त,t̪,त,t̪
2531,दाँव,दाँव,d̪ɑ̃ːʋ,bets,NotAppl,M,4,underived,,,0,0,inanimate,I,Physical,0,0,0,"द,व,ाँव,दा,ँव,दाँ","ɑ̃ːʋ,d̪,d̪ɑ̃ːʋ,ʋ,d̪ɑ̃ː",व,ʋ,व,ʋ
2532,दाएं,द,d̪,right,NotAppl,M,4,underived,,,0,0,inanimate,Z,Direction,0,0,0,द,d̪,,,,
2533,दाखिला,दाखिल,d̪ɑːkʰɪl,admission,NotAppl,M,2,underived,,,0,0,inanimate,S,Action,0,0,0,"द,दाख,खिल,दा,ल,िल","d̪,ɪl,d̪ɑː,kʰɪl,l,d̪ɑːkʰ",,,,
2534,दागी,दाग,d̪ɑːɡ,tainted,NotAppl,M,4,underived,,,0,0,inanimate,O,property,0,0,0,"द,ाग,दाग,दा,ग","d̪,d̪ɑːɡ,d̪ɑː,ɑːɡ,ɡ","ाग,ग",ɡ,,ɡ
2535,दादा,दाद,d̪ɑːd̪,grandfather,NotAppl,M,4,underived,,,0,0,animate,S,Person,0,1,0,"द,दा,ाद,दाद","d̪,d̪ɑːd̪,ɑːd̪,d̪ɑː",,,,
2536,दादी,दाद,d̪ɑːd̪,grandmother,NotAppl,F,1,underived,,,0,0,animate,S,Person,0,1,0,"द,दा,ाद,दाद","d̪,d̪ɑːd̪,ɑːd̪,d̪ɑː",,,,
2537,दान,दान,d̪ɑːn̪,donation,NotAppl,M,4,underived,,,0,0,inanimate,A,Physical,0,0,0,"द,ान,न,दा,दान","d̪,n̪,ɑːn̪,d̪ɑː,d̪ɑːn̪",दान,d̪ɑːn̪,,
2538,दानकर्ता,दान,d̪ɑːn̪,donors,NotAppl,M,4,agentive_doer_formal,,,0,1,animate,A,Person,0,0,0,"द,ान,न,दा,दान","d̪,n̪,ɑːn̪,d̪ɑː,d̪ɑːn̪",दान,d̪ɑːn̪,,
2539,दाना,दान,d̪ɑːn̪,grain ,NotAppl,M,2,underived,,,0,0,inanimate,N,Part of,0,1,0,"द,ान,न,दा,दान","d̪,n̪,ɑːn̪,d̪ɑː,d̪ɑːn̪",दान,d̪ɑːn̪,,
2540,दाम,दाम,d̪ɑːm,price,NotAppl,M,4,underived,,,0,0,inanimate,I,Artifact,0,1,0,"द,म,दाम,दा,ाम","d̪ɑːm,d̪,d̪ɑː,m,ɑːm",,,,
2541,दामाद,दामाद,d̪ɑːmɑːd̪,son-in-law,NotAppl,M,4,underived,,,0,0,animate,S,Person,0,1,0,"द,दाम,दा,ाद,माद","d̪ɑːm,d̪,ɑːd̪,d̪ɑː,mɑːd̪",,,,
2542,दायरा,दायर,d̪ɑːjəɾ,scope,NotAppl,M,2,underived,,,0,0,inanimate,A,Physical Place,0,1,0,"द,यर,र,दा,ायर,दाय","d̪,d̪ɑː,jəɾ,d̪ɑːj,ɾ,əɾ",र,"ɾ,əɾ",र,"ɾ,əɾ"
2543,दायां,दाय,d̪ɑːjə,right,NotAppl,M,2,underived,,,0,0,inanimate,Z,Physical State,0,0,0,"द,ाय,य,दा,दाय","d̪,d̪ɑː,ɑːjə,d̪ɑːj,ə,jə",य,jə,य,jə
2544,दायित्व,दायित्व,d̪ɑːjɪt̪ʋə,obligation,NotAppl,M,4,underived,,,0,0,inanimate,S,Action,0,0,1,"द,व,्व,त्व,दा,दाय","ʋə,d̪,t̪ʋə,d̪ɑː,d̪ɑːj,ə","व,्व",ʋə,व,
2545,दारूल,दारूल,d̪ɑːɾuːl,darul,NotAppl,M,4,underived,,,0,0,inanimate,Z,Abstract,0,0,0,"द,दा,ूल,रूल,ल,दार","d̪,d̪ɑː,uːl,ɾuːl,l,d̪ɑːɾ",,,,
2546,दाल,दाल,d̪ɑːl,lentils,NotAppl,F,3,underived,,,0,0,inanimate,F,Edible,0,0,0,"द,दाल,ाल,दा,ल","d̪,d̪ɑː,l,d̪ɑːl,ɑːl",,,,
2547,दालान,दालान,d̪ɑːlɑːn̪,hallway,NotAppl,M,4,underived,,,0,0,inanimate,H,Physical Place,0,1,0,"द,ान,दाल,न,दा,लान","d̪,ɑːn̪,d̪ɑː,d̪ɑːl,n̪,lɑːn̪",,,,
2548,दावत,दावत,d̪ɑːʋət̪,feast,NotAppl,F,3,underived,,,0,0,inanimate,F,Social,0,1,0,"द,त,दा,दाव,वत,ावत","d̪,t̪,d̪ɑː,d̪ɑːʋ,ət̪,ʋət̪",त,t̪,त,t̪
2549,दावा,दाव,d̪ɑːʋ,claim,NotAppl,M,2,underived,,,0,0,inanimate,Q,possession,0,1,0,"द,व,ाव,दा,दाव","d̪,d̪ɑː,d̪ɑːʋ,ʋ,ɑːʋ","व,ाव",ʋ,"व,ाव",ʋ
2550,दावेदार,दावेदार,d̪ɑːʋeːd̪ɑːɾ,the contender,NotAppl,M,4,agentive3,,,0,1,animate,Z,Person,0,0,0,"द,र,ार,दा,दाव,दार","d̪,d̪ɑː,d̪ɑːʋ,ɾ,ɑːɾ,d̪ɑːɾ","र,ार","ɾ,ɑːɾ",र,ɾ
2551,दावेदारी,दावेदार,d̪ɑːʋeːd̪ɑːɾ,claim,NotAppl,F,1,abstract6,abstract6,abstract6,0,1,inanimate,Q,Concept,0,0,0,"द,र,ार,दा,दाव,दार","d̪,d̪ɑː,d̪ɑːʋ,ɾ,ɑːɾ,d̪ɑːɾ","र,ार","ɾ,ɑːɾ",र,ɾ
2552,दास्तां,दास्त,d̪ɑːs̪t̪,tales,NotAppl,F,3,underived,,,0,0,inanimate,Q,Abstract,0,0,0,"द,्त,दास,स्त,त,दा","d̪,d̪ɑː,t̪,d̪ɑːs̪,s̪t̪,ɑːs̪t̪","्त,त",t̪,"्त,त",t̪
2553,दास्तान,दास्तान,d̪ɑːs̪t̪ɑːn̪,story,NotAppl,F,3,underived,,,0,0,inanimate,Q,Cognition,0,1,0,"द,ान,तान,दास,न,दा","t̪ɑːn̪,d̪,ɑːn̪,d̪ɑː,d̪ɑːs̪,n̪",,,,
2554,दिक्कत,दिक्कत,d̪ɪkkət̪,difficulty,NotAppl,F,3,underived,,,0,0,inanimate,A,State,0,0,0,"द,दिक,त,कत,दि,्कत","d̪,t̪,ət̪,d̪ɪ,kət̪,d̪ɪk","त,कत","t̪,kət̪",त,t̪
2555,दिखाई,दिखा,d̪ɪkʰɑː,appear,NotAppl,F,1,abstract4,abstract4,,0,1,inanimate,A,Action,0,0,0,"द,िखा,ा,दिख,खा,दि","d̪,ɑː,d̪ɪkʰ,kʰɑː,d̪ɪ,ɪkʰɑː",ा,,ा,
2556,दिग्गज,दिग्गज,d̪ɪɡɡəd͡ʒ,giants,NotAppl,M,4,underived,,,0,0,animate,S,Mammal,0,0,0,"द,दिग,गज,्गज,ज,दि","d̪,əd͡ʒ,d͡ʒ,d̪ɪ,ɡəd͡ʒ,d̪ɪɡ",,əd͡ʒ,,əd͡ʒ
2557,दिन,दिन,d̪ɪn̪,day,NotAppl,M,4,underived,,,0,0,inanimate,T,Period,0,0,0,"द,िन,दिन,न,दि","d̪,d̪ɪn̪,d̪ɪ,ɪn̪,n̪",,,,
2558,दिमाग,दिमाग,d̪ɪmɑːɡ,brain,NotAppl,M,4,underived,,,0,0,inanimate,B,Psychological Feature,0,0,0,"द,ाग,दिम,दि,ग,माग","d̪,ɑːɡ,d̪ɪ,ɡ,mɑːɡ,d̪ɪm","ाग,ग",ɡ,,ɡ
2559,दिल,दिल,d̪ɪl,heart,NotAppl,M,4,underived,,,0,0,inanimate,B,Anatomical,0,1,0,"द,दिल,दि,ल,िल","d̪,ɪl,d̪ɪl,d̪ɪ,l",,,,
2560,दिलचस्पी,दिलचस्प,d̪ɪlt͡ʃəs̪p,interest,NotAppl,F,1,abstract6,abstract6,abstract6,0,1,inanimate,X,Psychological Feature,0,0,0,"द,प,दि,दिल,स्प,्प","d̪,d̪ɪl,d̪ɪ,p,əs̪p,s̪p",,,,
2561,दिल्लीवासी,दिल्ली,d̪ɪlliː,delhiites,NotAppl,M,4,resident,,,0,1,animate,Z,Common Noun,0,0,0,"द,्ली,ली,दिल,दि,ी","iː,d̪,d̪ɪl,lliː,liː,d̪ɪ",ी,,ी,
2562,दिवस,दिवस,d̪ɪʋəs̪,day,NotAppl,M,4,underived,,,0,0,inanimate,T,Period,0,0,1,"द,स,दिव,वस,िवस,दि","ʋəs̪,d̪,d̪ɪʋ,d̪ɪ,əs̪,s̪",,,,
2563,दिशा,दिश,d̪ɪʃ,direction,NotAppl,F,3,underived,,,0,0,inanimate,M,Perception,0,0,1,"द,िश,श,दिश,दि","d̪,d̪ɪʃ,ʃ,d̪ɪ,ɪʃ",िश,,,
2564,दिहाड़ी,दिहाड़,d̪ɪɦɑːɽ,daily wages,NotAppl,F,1,underived,,,0,0,inanimate,T,Artifact,0,0,0,"द,ाड़,़,ड़,दि,दिह","d̪,d̪ɪɦ,ɑːɽ,d̪ɪ,ɽ,ɦɑːɽ","ाड़,़,ड़","ɑːɽ,ɽ,ɦɑːɽ",़,
2565,दिहाड़ीदार,दिहाड़ीदार,d̪ɪɦɑːɽiːd̪ɑːɾ,daily wage earner,NotAppl,M,0,agentive4,,,0,1,animate,T,Person,0,0,0,"द,र,ार,दि,दिह,दार","d̪,d̪ɪɦ,d̪ɪ,ɾ,ɑːɾ,d̪ɑːɾ","र,ार","ɾ,ɑːɾ",र,ɾ
2566,दीक्षांत,दीक्षांत,d̪iːkʂɑ̃ːt̪,conviction,NotAppl,M,4,underived,,,0,0,inanimate,X,physical State,0,0,0,"द,ांत,त,दीक,दी,ंत","d̪,t̪,d̪iːk,ʂɑ̃ːt̪,d̪iː,ɑ̃ːt̪",त,t̪,त,t̪
2567,दीदार,दीदार,d̪iːd̪ɑːɾ,deedar,NotAppl,M,4,agentive3,,,0,1,inanimate,Z,Action,0,1,0,"द,दीद,ार,र,दी,दार","d̪,d̪ɑːɾ,ɾ,d̪iːd̪,ɑːɾ,d̪iː","ार,र","ɾ,ɑːɾ",र,ɾ
2568,दीदी,दीद,d̪iːd̪,sister,NotAppl,F,1,underived,,,0,0,animate,S,Person,0,0,0,"द,ीद,दी,दीद","iːd̪,d̪,d̪iːd̪,d̪iː",,,,
2569,दीप,दीप,d̪iːp,lamp,NotAppl,M,4,underived,,,0,0,inanimate,O,Artifact,0,0,0,"द,प,ीप,दी,दीप","d̪,d̪iːp,p,iːp,d̪iː",,,,
2570,दीपक,दीपक,d̪iːpək,lamp,NotAppl,M,4,underived,,,0,0,inanimate,O,Artifact,0,0,1,"द,पक,दी,दीप,क,ीपक","d̪,k,ək,d̪iːp,pək,d̪iː",,ək,,
2571,दीर्घकाल,दीर्घकाल,d̪iːɾɡʰəkɑːl,long term,NotAppl,M,4,underived,,,0,0,inanimate,T,Time,0,0,0,"द,काल,दीर,ाल,दी,ल","d̪,kɑːl,d̪iː,l,ɑːl,d̪iːɾ",काल,kɑːl,,
2572,दीर्घा,दीर्घ,d̪iːɾɡʰ,gallery,neutral,F,3,underived,,,0,0,inanimate,C,Physical Place,0,0,1,"द,्घ,दीर,र्घ,दी,घ","iːɾɡʰ,d̪,ɡʰ,ɾɡʰ,d̪iː,d̪iːɾ",,,,
2573,दीर्घा,दीर्घ,d̪iːɾɡʰ,gallery,neutral,M,4,underived,,,0,0,inanimate,C,Physical Place,0,0,1,"द,्घ,दीर,र्घ,दी,घ","iːɾɡʰ,d̪,ɡʰ,ɾɡʰ,d̪iː,d̪iːɾ",,,,
2574,दीर्घावधि,दीर्घावध,d̪iːɾɡʰɑːʋəd̪ʰ,long term,NotAppl,F,1,underived,,,1,0,inanimate,T,Abstract,0,0,0,"द,ावध,दीर,दी,ध,वध","d̪,d̪ʰ,əd̪ʰ,ʋəd̪ʰ,d̪iː,d̪iːɾ",,,,
2575,दीवाना,दीवान,d̪iːʋɑːn̪,crazy,NotAppl,M,2,underived,,,0,0,animate,B,Person,0,1,0,"द,ान,वान,दीव,न,दी","d̪,ɑːn̪,ʋɑːn̪,d̪iːʋ,n̪,d̪iː",,,,
2576,दीवानी,दीवान,d̪iːʋɑːn̪,addict,NotAppl,F,1,underived,,,0,0,inanimate,F,Person,0,1,0,"द,ान,वान,दीव,न,दी","d̪,ɑːn̪,ʋɑːn̪,d̪iːʋ,n̪,d̪iː",,,,
2577,दीवार,दीवार,d̪iːʋɑːɾ,wall,NotAppl,F,3,underived,,,0,0,inanimate,H,Artifact,0,1,0,"द,ार,र,दीव,दी,वार","d̪,ɾ,ɑːɾ,d̪iːʋ,d̪iː,ʋɑːɾ","ार,र","ɾ,ɑːɾ",र,ɾ
2578,दुआ,दु,d̪u,supplication,NotAppl,F,3,underived,,,0,0,inanimate,Z,Physical,0,1,0,"द,ु,दु","u,d̪,d̪u",,,,
2579,दुकान,दुकान,d̪ukɑːn̪,shop,NotAppl,F,3,underived,,,0,0,inanimate,I,Artifact,0,1,0,"द,ान,कान,दु,न,दुक","d̪,d̪u,ɑːn̪,d̪uk,kɑːn̪,n̪",,,,
2580,दुकानदार,दुकानदार,d̪ukɑːn̪d̪ɑːɾ,shopkeeper,NotAppl,M,4,agentive3,,,0,1,animate,I,Person,0,1,0,"द,ार,र,दु,दुक,दार","d̪,d̪u,d̪uk,ɾ,ɑːɾ,d̪ɑːɾ","ार,र","ɾ,ɑːɾ",र,ɾ
2581,दुख,दुख,d̪ukʰ,sadness,NotAppl,M,4,underived,,,0,0,inanimate,E,Mental State,0,0,0,"द,ुख,ख,दु,दुख","d̪,d̪u,kʰ,ukʰ,d̪ukʰ",,,,
2582,दुग्ध,दुग्ध,d̪uɡd̪ʰ,milk,NotAppl,M,4,underived,,,0,0,inanimate,F,Liquid,0,0,1,"द,्ध,दु,ग्ध,दुग,ध","d̪,d̪u,d̪ʰ,d̪uɡ,ɡd̪ʰ,uɡd̪ʰ",,,,
2583,दुनिया,दुनिय,d̪un̪ɪjə,world,neutral,F,3,underived,,,0,0,inanimate,W,Physical Place,0,1,0,"द,िय,दु,य,निय,दुन","d̪,d̪u,ɪjə,ə,jə,d̪un̪",य,jə,य,jə
2584,दुनिया,दुनिय,d̪un̪ɪjə,world,neutral,M,4,underived,,,0,0,inanimate,W,Physical Place,0,1,0,"द,िय,दु,य,निय,दुन","d̪,d̪u,ɪjə,ə,jə,d̪un̪",य,jə,य,jə
2585,दुनियाभर,दुनियाभर,d̪un̪ɪjɑːbʰəɾ,around the world,NotAppl,M,4,underived,,,1,0,inanimate,Z,Abstract,0,0,0,"द,र,दु,भर,ाभर,दुन","bʰəɾ,d̪,d̪u,ɾ,əɾ,d̪un̪",र,"ɾ,əɾ",र,"ɾ,əɾ"
2586,दुप्पटा,दुप्पट,d̪uppəʈ,dupatta,NotAppl,M,2,underived,,,0,0,inanimate,Z,Common Noun,0,0,0,"द,ट,दु,्पट,दुप,पट","d̪,əʈ,d̪u,ʈ,pəʈ,d̪up",,əʈ,,
2587,दुरुपयोग,उपयोग,upjoːɡ,abuse,NotAppl,M,4,bad3,,,0,1,inanimate,E,Action,0,0,0,"योग,ोग,उपय,उप,उ,ग","oːɡ,u,upj,up,joːɡ,ɡ","योग,ोग,ग","oːɡ,joːɡ,ɡ",,ɡ
2588,दुर्गंध,गंध,ɡə̃d̪ʰ,funk,NotAppl,F,3,bad3,,,0,1,inanimate,E,State,0,0,0,"गंध,ध,गं,ग,ंध","ə̃d̪ʰ,ɡə̃d̪ʰ,d̪ʰ,ɡə̃,ɡ",ग,ɡ,,ɡ
2589,दुर्घटना,घटना,ɡʰəʈn̪ɑː,accident,NotAppl,F,3,bad3,,,0,1,inanimate,A,Fatal Event,0,0,0,"ा,ना,घटन,घ,टना,घट","ʈn̪ɑː,ɑː,ɡʰ,ɡʰə,ɡʰəʈ,n̪ɑː",ा,,ा,
2590,दुर्दशा,दशा,d̪əʃɑː,plight,NotAppl,F,3,bad3,,,0,1,inanimate,A,State,0,0,0,"द,दशा,ा,शा,दश","d̪,d̪ə,ɑː,ʃɑː,əʃɑː,d̪əʃ","ा,शा",ʃɑː,ा,
2591,दुर्भाग्य,भाग्य,bʰɑːɡjə,unfortunately,NotAppl,M,4,bad3,,,0,1,inanimate,A,Cognition,0,0,0,"भाग,्य,य,भ,भा,ग्य","bʰɑː,ɡjə,ə,jə,bʰ,bʰɑːɡ","्य,य",jə,य,jə
2592,दुर्व्यवहार,व्यवहार,ʋjəʋɦɑːɾ,abuse,NotAppl,M,4,bad3,,,0,1,inanimate,E,Communication,0,0,0,"व,ार,र,हार,व्,व्य","ɦɑːɾ,ʋ,ʋjə,ɾ,ɑːɾ,ʋj","व,ार,र","ʋ,ɾ,ɑːɾ","व,र","ʋ,ɾ"
2593,दुल्हन,दुल्हन,d̪ulɦən̪,bride,NotAppl,F,3,underived,,,0,0,animate,S,Person,0,0,0,"द,दु,न,दुल,्हन,हन","d̪,d̪u,d̪ul,ən̪,ɦən̪,n̪",,,,
2594,दुविधा,विधा,ʋɪd̪ʰɑː,dilemma,NotAppl,F,3,bad2,,,0,1,inanimate,X,State,0,0,0,"व,विध,ा,धा,िधा,वि","ʋɪ,ɑː,ʋ,ʋɪd̪ʰ,ɪd̪ʰɑː,d̪ʰɑː","व,विध,ा,धा","ʋ,ʋɪd̪ʰ,d̪ʰɑː","व,ा",ʋ
2595,दुव्यर्वहार,व्यर्वहार,ʋjəɾʋəɦɑːɾ,abuse,NotAppl,M,4,bad2,,,0,1,inanimate,E,Abstract,0,0,0,"व,ार,र,हार,व्,व्य","ɦɑːɾ,ʋ,ʋjə,ɾ,ɑːɾ,ʋj","व,ार,र","ʋ,ɾ,ɑːɾ","व,र","ʋ,ɾ"
2596,दुश्मन,दुश्मन,d̪uʃmən̪,enemy,NotAppl,M,4,underived,,,0,0,animate,S,Noun,0,1,0,"द,मन,दु,न,दुश,्मन","d̪,d̪u,ən̪,mən̪,n̪,d̪uʃ",मन,mən̪,,
2597,दुश्मनी,दुश्मन,d̪uʃmən̪,enmity,NotAppl,F,1,abstract6,abstract6,abstract6,0,1,inanimate,E,State,0,1,0,"द,मन,दु,न,दुश,्मन","d̪,d̪u,ən̪,mən̪,n̪,d̪uʃ",मन,mən̪,,
2598,दुश्वारी,दुश्वार,d̪uʃʋɑːɾ,misfortune,NotAppl,F,1,abstract6,abstract6,abstract6,0,1,inanimate,A,State,0,1,0,"द,ार,र,दु,दुश,वार","d̪,d̪u,ɾ,ɑːɾ,d̪uʃ,ʋɑːɾ","ार,र","ɾ,ɑːɾ",र,ɾ
2599,दुष्कर्म,कर्म,kəɾm,rape,NotAppl,M,4,bad_intense,,,0,1,inanimate,G,Action,0,0,0,"कर,कर्,म,क,र्म,्म","k,kə,ɾm,m,əɾm,kəɾ",कर,kəɾ,कर,kəɾ
2600,दुस्साहस,स्साहस,s̪s̪ɑːɦəs̪,audacity,NotAppl,M,4,bad2,,,0,1,inanimate,E,Quality,0,0,0,"स,ाहस,स्स,स्,हस","s̪s̪ɑː,ɦəs̪,s̪s̪,əs̪,s̪",,,,
2601,दुहाई,दुहा,d̪uɦɑː,duh,NotAppl,F,1,underived,,,0,0,inanimate,Z,Physical,0,0,0,"द,दुह,ा,हा,दु,ुहा","d̪uɦ,ɦɑː,d̪,d̪u,ɑː,uɦɑː",ा,,ा,
2602,दूत,दूत,d̪uːt̪,messanger,NotAppl,M,4,underived,,,0,0,animate,Z,Person,0,0,1,"द,ूत,दूत,दू,त","d̪,d̪uːt̪,t̪,uːt̪,d̪uː",त,t̪,त,t̪
2603,दूतावास,दूतावास,d̪uːt̪ɑːʋɑːs̪,embassy,NotAppl,M,4,underived,,,1,0,inanimate,G,Physical Place,0,0,0,"द,स,वास,दूत,दू,ास","d̪,d̪uːt̪,ɑːs̪,ʋɑːs̪,d̪uː,s̪",ास,,,
2604,दूर,दूर,d̪uːɾ,away,NotAppl,M,4,underived,,,0,0,inanimate,M,Qualitative,0,0,1,"द,र,दू,ूर,दूर","d̪,d̪uːɾ,d̪uː,ɾ,uːɾ",र,ɾ,र,ɾ
2605,दूरदर्शन,दूरदर्शन,d̪uːɾd̪əɾʃən̪,doordarshan,NotAppl,M,4,underived,,,1,0,inanimate,Z,Artifact,0,0,1,"द,शन,दू,न,दूर,्शन","d̪,d̪uːɾ,d̪uː,ən̪,n̪,ʃən̪",शन,ʃən̪,,
2606,दूरसंचार,दूरसंचार,d̪uːɾs̪ə̃t͡ʃɑːɾ,telecommunications,NotAppl,M,4,underived,,,1,0,inanimate,Q,information,0,0,0,"द,ार,र,दू,चार,दूर","d̪,d̪uːɾ,d̪uː,ɾ,ɑːɾ,t͡ʃɑːɾ","ार,र,चार","ɾ,ɑːɾ,t͡ʃɑːɾ",र,ɾ
2607,दूरी,दूर,d̪uːɾ,distance,NotAppl,F,1,abstract6,abstract6,abstract6,0,1,inanimate,N,Place,0,1,0,"द,र,दू,ूर,दूर","d̪,d̪uːɾ,d̪uː,ɾ,uːɾ",र,ɾ,र,ɾ
2608,दूल्हा,दूल्ह,d̪uːlɦə,groom,NotAppl,M,2,underived,,,0,0,animate,L,Person,0,0,0,"द,दूल,्ह,ह,दू,ल्ह","d̪,d̪uː,d̪uːl,ə,lɦə,ɦə",,,,
2609,दूसरा,दूसर,d̪uːs̪əɾ,second,NotAppl,M,2,underived,,,0,0,inanimate,N,Abstract,0,0,0,"द,र,सर,दू,दूस,ूसर","d̪uːs̪,d̪,d̪uː,ɾ,əɾ,s̪əɾ",र,"ɾ,əɾ",र,"ɾ,əɾ"
2611,दृढ़ता,दृढ़,d̪ɾɨɽʰ,perseverance,NotAppl,F,3,underived,,,0,0,inanimate,T,State,0,0,0,"द,दृढ,़,दृ,ृढ़,ढ़","d̪,ɨɽʰ,ɽʰ,ɾɨɽʰ,d̪ɾɨ,d̪ɾ","़,ढ़",ɽʰ,़,
2612,दृश्य,दृश्य,d̪ɾɨʃjə,scene,NotAppl,M,4,underived,,,0,0,inanimate,K,Perception,0,0,1,"द,्य,दृश,दृ,य,श्य","d̪,ʃjə,d̪ɾɨ,ə,d̪ɾ,jə","्य,य",jə,य,jə
2613,दृश्यता,दृश्य,d̪ɾɨʃjə,visibility,NotAppl,F,3,abstract8,abstract8,abstract8,0,1,inanimate,X,State,0,0,0,"द,्य,दृश,दृ,य,श्य","d̪,ʃjə,d̪ɾɨ,ə,d̪ɾ,jə","्य,य",jə,य,jə
2614,दृष्टया,दृष्टय,d̪ɾɨʂʈəjə,in view,NotAppl,M,2,underived,,,0,0,inanimate,Z,Abstract,0,0,0,"द,्टय,दृ,य,टय,दृष","d̪,d̪ɾɨ,əjə,ə,d̪ɾ,jə",य,"əjə,jə",य,jə
2615,दृष्टा,दृष्ट,d̪ɾɨʂʈ,seer,NotAppl,M,4,underived,,,0,0,animate,S,Abstract,0,0,0,"द,ट,दृ,ष्ट,्ट,दृष","d̪,d̪ɾɨ,ɨʂʈ,ʈ,d̪ɾ,ʂʈ",,,,
2616,दृष्टांत,दृष्टांत,d̪ɾɨʂʈɑ̃ːt̪,illustrations,NotAppl,M,4,underived,,,0,0,inanimate,A,Psychological Feature,0,0,0,"द,ांत,दृ,त,ंत,दृष","d̪,t̪,d̪ɾɨ,ʈɑ̃ːt̪,d̪ɾ,ɑ̃ːt̪",त,t̪,त,t̪
2617,दृष्टि,दृष्ट,d̪ɾɨʂʈ,vision,NotAppl,F,1,underived,,,0,0,inanimate,X,Perception,0,0,1,"द,ट,दृ,ष्ट,्ट,दृष","d̪,d̪ɾɨ,ɨʂʈ,ʈ,d̪ɾ,ʂʈ",,,,
2618,दृष्टिकोण,दृष्टिकोण,d̪ɾɨʂʈɪkoːɳ,approach,NotAppl,M,4,underived,,,1,0,inanimate,X,Perception,0,0,0,"द,कोण,दृ,ोण,दृष,ण","d̪,d̪ɾɨ,koːɳ,d̪ɾ,ɳ,oːɳ",,,,
2619,देख,देख,d̪eːkʰ,see,NotAppl,F,3,underived,,,0,0,inanimate,X,Perception,0,0,0,"द,ेख,ख,दे,देख","d̪,eːkʰ,d̪eː,d̪eːkʰ,kʰ",देख,d̪eːkʰ,,
2620,देखभाल,देखभाल,d̪eːkʰbʰɑːl,care,NotAppl,F,3,underived,,,1,0,inanimate,E,Physical,0,0,0,"द,भाल,ाल,दे,ल,देख","d̪,d̪eː,d̪eːkʰ,l,bʰɑːl,ɑːl",देख,d̪eːkʰ,,
2621,देखरेख,देखरेख,d̪eːkʰɾeːkʰ,maintenance,NotAppl,F,0,underived,,,1,0,inanimate,A,Physical,0,0,0,"द,ेख,ख,दे,रेख,देख","d̪,eːkʰ,d̪eː,d̪eːkʰ,ɾeːkʰ,kʰ",देख,d̪eːkʰ,,
2622,देन,देन,d̪eːn̪,donation,neutral,F,4,underived,,,0,0,inanimate,A,Object,0,1,0,"द,ेन,न,दे,देन","d̪,d̪eː,d̪eːn̪,eːn̪,n̪",,,,
2623,देन,देन,d̪eːn̪,donation,neutral,M,0,underived,,,0,0,inanimate,A,Object,0,1,0,"द,ेन,न,दे,देन","d̪,d̪eː,d̪eːn̪,eːn̪,n̪",,,,
2624,देना,देन,d̪eːn̪,give,NotAppl,M,0,underived,,,0,0,inanimate,A,Physical,0,0,0,"द,ेन,न,दे,देन","d̪,d̪eː,d̪eːn̪,eːn̪,n̪",,,,
2625,देर,देर,d̪eːɾ,late,neutral,F,0,underived,,,0,0,inanimate,T,Time,0,1,0,"द,र,दे,ेर,देर","d̪,d̪eːɾ,d̪eː,ɾ,eːɾ",र,ɾ,र,ɾ
2626,देर,देर,d̪eːɾ,late,neutral,M,0,underived,,,0,0,inanimate,T,Time,0,1,0,"द,र,दे,ेर,देर","d̪,d̪eːɾ,d̪eː,ɾ,eːɾ",र,ɾ,र,ɾ
2627,देरी,देर,d̪eːɾ,delay,NotAppl,F,0,abstract6,abstract6,abstract6,0,1,inanimate,T,Time,0,1,0,"द,र,दे,ेर,देर","d̪,d̪eːɾ,d̪eː,ɾ,eːɾ",र,ɾ,र,ɾ
2628,देवता,देवत,d̪eːʋət̪,god,NotAppl,M,2,underived,,,0,0,animate,Z,Mythological Character,0,0,1,"द,ेवत,देव,त,दे,वत","d̪eːʋ,d̪,t̪,d̪eː,ət̪,ʋət̪",त,t̪,त,t̪
2629,देवदूत,देवदूत,d̪eːʋd̪uːt̪,angel,NotAppl,M,4,underived,,,1,0,animate,S,Person,0,0,0,"द,ूत,दूत,देव,त,दे","d̪eːʋ,d̪,d̪uːt̪,t̪,uːt̪,d̪eː",त,t̪,त,t̪
2630,देवी,देव,d̪eːʋ,goddess,NotAppl,F,4,underived,,,0,0,animate,S,Mythological Character,0,0,1,"द,व,देव,दे,ेव","d̪eːʋ,d̪,d̪eː,eːʋ,ʋ",व,ʋ,व,ʋ
2631,देश,देश,d̪eːʃ,country,NotAppl,M,4,underived,,,0,0,inanimate,G,Physical Place,0,0,1,"द,श,ेश,देश,दे","d̪,ʃ,d̪eːʃ,d̪eː,eːʃ","ेश,देश","d̪eːʃ,eːʃ",,
2632,देशभक्ति,देशभक्त,d̪eːʃbʰəkt̪,patriotism,NotAppl,F,0,abstract6,abstract6,abstract6,0,1,inanimate,S,Psychological Feature,0,0,0,"द,्त,देश,त,क्त,दे","d̪,t̪,d̪eːʃ,d̪eː,kt̪,əkt̪","्त,देश,त","t̪,d̪eːʃ","्त,त",t̪
2633,देशभर,देशभर,d̪eːʃbʰəɾ,nationwide,NotAppl,M,0,underived,,,1,0,inanimate,M,Place,0,0,0,"द,शभर,र,देश,भर,दे","bʰəɾ,d̪,d̪eːʃ,d̪eː,ɾ,əɾ","र,देश","d̪eːʃ,ɾ,əɾ",र,"ɾ,əɾ"
2634,देशवासी,देश,d̪eːʃ,countrymen,NotAppl,M,4,resident,,,0,1,animate,M,Person,0,0,0,"द,श,ेश,देश,दे","d̪,ʃ,d̪eːʃ,d̪eː,eːʃ","ेश,देश","d̪eːʃ,eːʃ",,
2635,देशांतर,देशांतर,d̪eːʃɑ̃ːt̪əɾ,longitude,NotAppl,M,4,underived,,,1,0,inanimate,W,Geography,0,0,0,"द,तर,ंतर,र,देश,दे","d̪,d̪eːʃ,d̪eː,ɾ,t̪əɾ,əɾ","र,देश","d̪eːʃ,ɾ,əɾ",र,"ɾ,əɾ"
2636,देह,देह,d̪eːɦ,body,homophones,F,3,underived,,,0,0,inanimate,B,Natural Object,0,1,0,"द,ह,देह,दे,ेह","d̪,ɦ,d̪eː,eːɦ,d̪eːɦ",,,,
2637,देह,देह,d̪eːɦ,body,homophones,M,4,underived,,,0,0,inanimate,B,Natural Object,0,1,0,"द,ह,देह,दे,ेह","d̪,ɦ,d̪eː,eːɦ,d̪eːɦ",,,,
2638,देहावसान,देहावसान,d̪eːɦɑːʋs̪ɑːn̪,death,NotAppl,M,4,underived,,,1,0,inanimate,L,physical State,0,0,0,"द,ान,देह,न,दे,सान","d̪,ɑːn̪,d̪eː,d̪eːɦ,s̪ɑːn̪,n̪",,,,
2639,दैनिक,दैनिक,d̪əɪn̪ɪk,daily,NotAppl,M,4,underived,,,0,0,inanimate,Q,Artifact,0,0,1,"द,दैन,दै,निक,िक,क","d̪,k,ɪk,d̪əɪ,d̪ə,n̪ɪk",,,,
2640,दो,द,d̪,two,NotAppl,M,5,underived,,,0,0,inanimate,N,Abstract,0,0,0,द,d̪,,,,
2641,दोपहर,दोपहर,d̪oːpɦəɾ,afternoon,NotAppl,F,3,underived,,,0,0,inanimate,T,Period,0,0,0,"द,पहर,हर,र,दोप,दो","d̪,d̪oː,ɦəɾ,ɾ,d̪oːp,əɾ",र,"ɾ,əɾ",र,"ɾ,əɾ"
2642,दोष,दोष,d̪oːʂ,shortcoming,NotAppl,M,4,underived,,,0,0,inanimate,A,Quality,0,0,1,"द,दोष,ष,ोष,दो","d̪,d̪oː,d̪oːʂ,ʂ,oːʂ",ष,ʂ,,
2643,दोषारोप,दोषारोप,d̪oːʂɑːɾoːp,accusation,NotAppl,M,4,underived,,,1,0,inanimate,Q,Physical,0,0,0,"द,रोप,ोप,दोष,प,दो","d̪,oːp,d̪oː,ɾoːp,p,d̪oːʂ",,,,
2644,दोषी,दोष,d̪oːʂ,guilty,NotAppl,M,4,abstract6,abstract6,abstract6,0,1,inanimate,G,Qualitative,0,0,1,"द,दोष,ष,ोष,दो","d̪,d̪oː,d̪oːʂ,ʂ,oːʂ",ष,ʂ,,
2645,दोस्त,दोस्त,d̪oːs̪t̪,friend,NotAppl,M,4,underived,,,0,0,animate,S,Noun,0,1,0,"द,्त,स्त,त,दोस,दो","d̪,d̪oː,t̪,d̪oːs̪,oːs̪t̪,s̪t̪","्त,त",t̪,"्त,त",t̪
2646,दोस्ती,दोस्त,d̪oːs̪t̪,friendship,NotAppl,F,1,abstract6,abstract6,abstract6,0,1,inanimate,S,State,0,1,0,"द,्त,स्त,त,दोस,दो","d̪,d̪oː,t̪,d̪oːs̪,oːs̪t̪,s̪t̪","्त,त",t̪,"्त,त",t̪
2647,दोहा,दोह,d̪oːɦ,couplet,NotAppl,M,2,underived,,,0,0,inanimate,Q,Art,0,0,0,"द,दोह,ह,ोह,दो","d̪,d̪oːɦ,d̪oː,ɦ,oːɦ",ोह,oːɦ,,
2649,दौड़,दौड़,d̪əuɽ,race,NotAppl,F,3,underived,,,0,0,inanimate,K,Planned Event,0,0,0,"द,़,ड़,दौ,ौड़,दौड","d̪,d̪əu,d̪ə,uɽ,əuɽ,ɽ","़,ड़",ɽ,़,
2650,दौर,दौर,d̪əuɾ,round,NotAppl,M,4,underived,,,0,0,inanimate,O,Time,0,1,0,"द,ौर,र,दौर,दौ","d̪,d̪əu,d̪ə,ɾ,əuɾ,uɾ",र,ɾ,र,ɾ
2651,दौरा,दौर,d̪əuɾ,seizure,NotAppl,M,2,underived,,,0,0,inanimate,A,Physical,0,1,0,"द,ौर,र,दौर,दौ","d̪,d̪əu,d̪ə,ɾ,əuɾ,uɾ",र,ɾ,र,ɾ
2652,द्योतक,द्योतक,d̪joːt̪ək,indicative,NotAppl,M,4,underived,,,0,0,inanimate,A,Relational,0,0,1,"द,ोतक,क,द्,द्य,तक","d̪,d̪j,k,t̪ək,ək,d̪joː",,ək,,
2653,द्रव्य,द्रव्य,d̪ɾəʋjə,liquid,NotAppl,M,4,underived,,,0,0,inanimate,O,Object,0,0,1,"द,्य,य,द्र,द्,व्य","d̪,d̪ɾə,ʋjə,ə,d̪ɾ,jə","्य,य",jə,य,jə
2654,द्रव्यमान,द्रव्यमान,d̪ɾəʋjəmɑːn̪,mass,NotAppl,M,4,underived,,,1,0,inanimate,N,Measurement,0,0,0,"द,ान,न,द्र,मान,द्","d̪,ɑːn̪,d̪ɾə,mɑːn̪,d̪ɾ,n̪",,,,
2655,द्रोह,द्रोह,d̪ɾoːɦ,treason,NotAppl,M,4,underived,,,0,0,inanimate,G,State,0,0,1,"द,ह,ोह,रोह,द्र,द्","d̪,ɦ,d̪ɾoː,ɾoːɦ,d̪ɾ,oːɦ",ोह,oːɦ,,
2656,द्वंद्व,द्वंद्व,d̪ʋə̃d̪ʋə,duel,NotAppl,M,4,underived,,,0,0,inanimate,G,Action,0,0,1,"द,व,्व,द्व,द्","ʋə,d̪,d̪ʋ,d̪ʋə̃,ə,d̪ʋə","व,्व",ʋə,व,
2657,द्वार,द्वार,d̪ʋɑːɾ,door,NotAppl,M,4,underived,,,0,0,inanimate,H,Artifact,0,0,1,"द,ार,र,द्व,द्,वार","d̪,d̪ʋ,ɾ,ɑːɾ,d̪ʋɑː,ʋɑːɾ","ार,र","ɾ,ɑːɾ",र,ɾ
2658,द्वीप,द्वीप,d̪ʋiːp,island,NotAppl,M,4,underived,,,0,0,inanimate,W,Physical Place,0,0,1,"द,प,वीप,द्व,ीप,द्","d̪,ʋiːp,d̪ʋiː,d̪ʋ,p,iːp",,,,
2659,द्वेष,द्वेष,d̪ʋeːʂ,grudge,NotAppl,M,4,underived,,,0,0,inanimate,S,State,0,0,1,"द,द्व,ष,ेष,वेष,द्","eːʂ,d̪,d̪ʋ,ʋeːʂ,d̪ʋeː,ʂ",ष,ʂ,,
2660,धंधा,धंध,d̪ʰə̃d̪ʰ,business,NotAppl,M,2,underived,,,0,0,inanimate,I,Physical,0,0,0,"धंध,धं,ंध,ध","d̪ʰə̃d̪ʰ,d̪ʰə̃,ə̃d̪ʰ,d̪ʰ",,,,
2661,धक्का,धक्क,d̪ʰəkk,push,NotAppl,M,2,underived,,,0,0,inanimate,M,Physical,0,0,0,"धक,्क,क्क,धक्,क,ध","kk,k,əkk,d̪ʰ,d̪ʰək,d̪ʰə",,,,
2662,धक्कामुक्की,धक्कामुक्क,d̪ʰəkkɑːmukk,push and shove,NotAppl,F,1,underived,,,1,0,inanimate,S,Physical,0,0,0,"धक,्क,क्क,धक्,क,ध","kk,k,d̪ʰ,d̪ʰək,d̪ʰə,ukk",,,,
2663,धज्जी,धज्ज,d̪ʰəd͡ʒd͡ʒ,furring,NotAppl,F,1,underived,,,0,0,inanimate,O,Object,0,0,0,"धज,ज्ज,ज,धज्,ध,्ज","d͡ʒ,əd͡ʒd͡ʒ,d̪ʰ,d͡ʒd͡ʒ,d̪ʰəd͡ʒ,d̪ʰə",,,,
2664,धड़कन,धड़कन,d̪ʰəɽkən̪,palpitations,NotAppl,F,4,underived,,,0,0,inanimate,B,Physical,0,0,0,"कन,न,धड,़कन,धड़,ध","n̪,d̪ʰəɽ,d̪ʰ,kən̪,ən̪,d̪ʰə",,,,
2665,धड़ा,धड़,d̪ʰəɽ,faction,NotAppl,M,2,underived,,,0,0,inanimate,S,Common Noun,0,0,0,"़,ड़,धड,धड़,ध","əɽ,d̪ʰəɽ,d̪ʰ,ɽ,d̪ʰə","़,ड़",ɽ,़,
2666,धड़े,धड़,d̪ʰəɽ,factions,NotAppl,M,4,underived,,,0,0,inanimate,S,Abstract,0,0,0,"़,ड़,धड,धड़,ध","əɽ,d̪ʰəɽ,d̪ʰ,ɽ,d̪ʰə","़,ड़",ɽ,़,
2668,धडे,धड,d̪ʰəɖ,dhade,NotAppl,M,4,underived,,,0,0,inanimate,Z,Common Noun,0,0,0,"धड,ड,ध","d̪ʰəɖ,əɖ,ɖ,d̪ʰ,d̪ʰə",,,,
2669,धन,धन,d̪ʰən̪,wealth,NotAppl,M,4,underived,,,0,0,inanimate,I,possession,0,0,1,"धन,ध,न","n̪,d̪ʰ,d̪ʰən̪,ən̪,d̪ʰə",धन,d̪ʰən̪,,
2670,धनराशि,धनराश,d̪ʰən̪ɾɑːʃ,money,NotAppl,F,1,underived,,,1,0,inanimate,I,Artifact,0,0,0,"श,धन,ध,राश,ाश,धनर","ʃ,d̪ʰ,ɑːʃ,ɾɑːʃ,d̪ʰən̪,d̪ʰə",धन,d̪ʰən̪,,
2671,धन्यवाद,धन्य,d̪ʰən̪jə,thank you,NotAppl,M,4,speaker,,,0,1,inanimate,Z,property,0,0,0,"्य,धन,य,न्य,धन्,ध","d̪ʰ,ə,d̪ʰən̪,jə,d̪ʰə,n̪jə","्य,धन,य","d̪ʰən̪,jə",य,jə
2672,धब्बा,धब्ब,d̪ʰəbb,smear,NotAppl,M,2,underived,,,0,0,inanimate,A,property,0,0,0,"धब,ब्ब,धब्,ब,ध,्ब","d̪ʰəb,bb,d̪ʰ,b,əbb,d̪ʰə",,,,
2673,धमक,धमक,d̪ʰəmək,threat,NotAppl,F,3,underived,,,0,0,inanimate,E,property,0,0,1,"धमक,धम,क,ध,मक","k,ək,d̪ʰəm,d̪ʰ,d̪ʰə,mək",,ək,,
2674,धमकी,धमक,d̪ʰəmək,threat,NotAppl,F,1,abstract6,abstract6,abstract6,0,1,inanimate,E,Communication,0,1,0,"धमक,धम,क,ध,मक","k,ək,d̪ʰəm,d̪ʰ,d̪ʰə,mək",,ək,,
2675,धमाका,धमाक,d̪ʰəmɑːk,blast,NotAppl,M,2,underived,,,0,0,inanimate,A,property,0,0,0,"धम,माक,धमा,क,ाक,ध","k,d̪ʰəm,d̪ʰ,mɑːk,ɑːk,d̪ʰə",,,,
2676,धर,धर,d̪ʰəɾ,dhar,NotAppl,M,4,underived,,,0,0,animate,Z,Mythological Character,0,0,1,"धर,ध,र","d̪ʰəɾ,d̪ʰ,ɾ,əɾ,d̪ʰə",र,"ɾ,əɾ",र,"ɾ,əɾ"
2677,धरती,धरत,d̪ʰəɾət̪,earth,NotAppl,F,1,underived,,,0,0,inanimate,W,Natural Object,0,0,0,"रत,त,धरत,ध,धर","d̪ʰəɾ,t̪,ɾət̪,ət̪,d̪ʰ,d̪ʰə","रत,त","t̪,ɾət̪",त,"t̪,ɾət̪"
2678,धरना,धरन,d̪ʰəɾən̪,strike,NotAppl,M,2,underived,,,0,0,inanimate,I,Action,0,0,0,"धरन,रन,न,ध,धर","d̪ʰəɾ,n̪,ɾən̪,d̪ʰ,ən̪,d̪ʰə",,,,
2679,धरपकड़,धरपकड़,d̪ʰəɾəpkəɽ,arrest,NotAppl,F,3,underived,,,0,0,inanimate,G,Physical,0,0,0,"कड़,़,ड़,धरप,ध,धर","d̪ʰəɾ,əɽ,d̪ʰ,ɽ,kəɽ,d̪ʰə","़,ड़",ɽ,़,
2680,धरोहर,धरोहर,d̪ʰəɾoːɦəɾ,heritage,NotAppl,F,3,underived,,,0,0,inanimate,A,Object,0,0,0,"हर,र,धरो,ध,ोहर,धर","d̪ʰəɾ,ɦəɾ,d̪ʰ,ɾ,əɾ,d̪ʰə",र,"ɾ,əɾ",र,"ɾ,əɾ"
2681,धर्ता,धर्त,d̪ʰəɾt̪,holder,NotAppl,M,4,underived,,,0,0,animate,O,Abstract,0,0,1,"्त,र्त,त,ध,धर,धर्","d̪ʰəɾ,t̪,ɾt̪,d̪ʰ,əɾt̪,d̪ʰə","्त,त",t̪,"्त,त",t̪
2682,धर्म,धर्म,d̪ʰəɾm,religion,NotAppl,M,4,underived,,,0,0,inanimate,S,Social,0,0,1,"म,ध,र्म,धर,्म,धर्","d̪ʰəɾ,ɾm,m,d̪ʰ,əɾm,d̪ʰə",,,,
2683,धर्मगुरु,धर्मगुर,d̪ʰəɾməɡuɾ,religious leader,NotAppl,M,4,underived,,,1,0,animate,S,Person,0,0,0,"र,ुर,ध,गुर,धर,धर्","d̪ʰəɾ,ɡuɾ,d̪ʰ,ɾ,d̪ʰə,uɾ",र,ɾ,र,ɾ
2685,धर्मनिरपेक्षता,धर्मनिरपेक्ष,d̪ʰəɾmən̪ɪɾpeːkʂ,secularism,NotAppl,F,3,underived,,,1,0,inanimate,Z,Abstract,0,0,0,"्ष,ष,क्ष,ध,धर,धर्","d̪ʰəɾ,eːkʂ,kʂ,d̪ʰ,ʂ,d̪ʰə",ष,ʂ,,
2686,धर्मपत्नी,धर्मपत्न,d̪ʰəɾməpət̪n̪,wife,NotAppl,F,1,underived,,,1,0,animate,S,Person,0,0,0,"न,त्न,ध,्न,धर,धर्","d̪ʰəɾ,n̪,d̪ʰ,ət̪n̪,t̪n̪,d̪ʰə",,,,
2687,धर्मपरिवर्तन,धर्मपरिवर्तन,d̪ʰəɾməpɾɪʋəɾt̪ən̪,religion change,NotAppl,M,4,underived,,,1,0,inanimate,S,Abstract,0,0,0,"्तन,तन,न,ध,धर,धर्","d̪ʰəɾ,n̪,t̪ən̪,d̪ʰ,ən̪,d̪ʰə",,,,
2688,धर्मशाला,धर्मशाल,d̪ʰəɾməʃɑːl,hospice,NotAppl,F,3,underived,,,1,0,inanimate,B,Artifact,0,0,0,"शाल,ाल,ध,ल,धर,धर्","d̪ʰəɾ,ʃɑːl,d̪ʰ,l,d̪ʰə,ɑːl",,,,
2689,धर्मस्थल,धर्मस्थल,d̪ʰəɾməs̪t̪ʰəl,shrine,NotAppl,M,4,underived,,,1,0,inanimate,S,Physical Place,0,0,0,"धर्,्थल,ध,ल,धर,थल","d̪ʰəɾ,d̪ʰ,əl,t̪ʰəl,l,d̪ʰə",,əl,,
2690,धर्मांतरण,धर्मांतरण,d̪ʰəɾmɑ̃ːt̪ɾəɳ,conversion,NotAppl,M,4,underived,,,1,0,inanimate,A,Action,0,0,0,"रण,तरण,ध,धर,ण,धर्","d̪ʰəɾ,əɳ,d̪ʰ,ɾəɳ,ɳ,d̪ʰə",रण,"əɳ,ɾəɳ",,"əɳ,ɾəɳ"
2691,धाँधली,धाँधल,d̪ʰɑ̃ːd̪ʰəl,rigged,NotAppl,F,1,underived,,,0,0,inanimate,G,Planned Event,0,0,0,"धल,धा,ध,धाँ,ल,ँधल","d̪ʰɑ̃ː,d̪ʰ,əl,d̪ʰəl,l,d̪ʰɑ̃ːd̪ʰ",धा,əl,,
2693,धागा,धाग,d̪ʰɑːɡ,thread,NotAppl,M,2,underived,,,0,0,inanimate,A,Artifact,0,0,0,"ाग,धा,ध,ग,धाग","d̪ʰɑːɡ,ɑːɡ,d̪ʰ,ɡ,d̪ʰɑː","ाग,धा,ग","ɡ,d̪ʰɑː",,ɡ
2694,धातु,धात,d̪ʰɑːt̪,metal,NotAppl,M,4,underived,,,0,0,inanimate,O,Object,0,0,1,"धा,त,धात,ात,ध","t̪,ɑːt̪,d̪ʰ,d̪ʰɑːt̪,d̪ʰɑː","धा,त","t̪,d̪ʰɑː",त,t̪
2695,धान,धान,d̪ʰɑːn̪,rice ,neutral,F,3,underived,,,0,0,inanimate,F,Natural Object,0,0,0,"ान,धान,धा,न,ध","ɑːn̪,d̪ʰɑːn̪,d̪ʰ,d̪ʰɑː,n̪",धा,d̪ʰɑː,,
2696,धान,धान,d̪ʰɑːn̪,rice ,neutral,M,4,underived,,,0,0,inanimate,F,Natural Object,0,0,0,"ान,धान,धा,न,ध","ɑːn̪,d̪ʰɑːn̪,d̪ʰ,d̪ʰɑː,n̪",धा,d̪ʰɑː,,
2697,धाम,धाम,d̪ʰɑːm,dham,NotAppl,M,4,underived,,,0,0,inanimate,Z,Group,0,0,1,"धाम,धा,म,ध,ाम","d̪ʰɑːm,m,d̪ʰ,d̪ʰɑː,ɑːm",धा,d̪ʰɑː,,
2698,धार,धार,d̪ʰɑːɾ,edge,NotAppl,F,3,underived,,,0,0,inanimate,O,Action,0,0,0,"धार,ार,र,धा,ध","d̪ʰɑːɾ,d̪ʰ,ɾ,ɑːɾ,d̪ʰɑː","ार,र,धा","ɾ,ɑːɾ,d̪ʰɑː",र,ɾ
2699,धारक,धार,d̪ʰɑːɾ,holder,NotAppl,M,4,agentive1,agentive1,agentive1,0,1,animate,O,Person,0,0,1,"धार,ार,र,धा,ध","d̪ʰɑːɾ,d̪ʰ,ɾ,ɑːɾ,d̪ʰɑː","ार,र,धा","ɾ,ɑːɾ,d̪ʰɑː",र,ɾ
2700,धारण,धार,d̪ʰɑːɾ,hold,NotAppl,M,4,abstract7,abstract7,abstract7,0,1,inanimate,M,Action,0,0,1,"धार,ार,र,धा,ध","d̪ʰɑːɾ,d̪ʰ,ɾ,ɑːɾ,d̪ʰɑː","ार,र,धा","ɾ,ɑːɾ,d̪ʰɑː",र,ɾ
2701,धारणा,धारण,d̪ʰɑːɾəɳ,perception,NotAppl,F,3,underived,,,0,0,inanimate,X,concept,0,0,1,"धार,रण,धा,ारण,ध,ण","d̪ʰɑːɾ,əɳ,d̪ʰ,ɾəɳ,ɳ,d̪ʰɑː","रण,धा","əɳ,ɾəɳ,d̪ʰɑː",,"əɳ,ɾəɳ"
2702,धारा,धार,d̪ʰɑːɾ,stream,NotAppl,F,3,underived,,,0,0,inanimate,N,Object,0,0,1,"धार,ार,र,धा,ध","d̪ʰɑːɾ,d̪ʰ,ɾ,ɑːɾ,d̪ʰɑː","ार,र,धा","ɾ,ɑːɾ,d̪ʰɑː",र,ɾ
2703,धारावाहिक,धारावाहिक,d̪ʰɑːɾɑːʋɑːɦɪk,serial,NotAppl,M,4,underived,,,0,0,inanimate,Q,Artifact,0,0,0,"धार,धा,िक,क,ध,हिक","k,ɪk,d̪ʰɑːɾ,d̪ʰ,d̪ʰɑː,ɦɪk",धा,d̪ʰɑː,,
2704,धार्मिकता,धार्मिक,d̪ʰɑːɾmɪk,righteousness,NotAppl,F,3,abstract8,abstract8,abstract8,0,1,inanimate,G,Mental State,0,0,1,"धार,मिक,धा,िक,क,ध","k,ɪk,d̪ʰɑːɾ,d̪ʰ,mɪk,d̪ʰɑː",धा,d̪ʰɑː,,
2705,धावा,धाव,d̪ʰɑːʋ,raid,NotAppl,M,2,underived,,,0,0,inanimate,G,Communication,0,0,0,"धाव,व,ाव,धा,ध","d̪ʰɑːʋ,ʋ,d̪ʰ,ɑːʋ,d̪ʰɑː","व,ाव,धा","ʋ,d̪ʰɑː","व,ाव",ʋ
2706,धुँधलापन,धुँधला,d̪ʰũd̪ʰlɑː,blurriness,NotAppl,M,4,state_condition2,state_condition2,,0,1,inanimate,Z,physical State,0,0,0,"ा,ला,धुँ,ध,धला,धु","d̪ʰlɑː,ɑː,d̪ʰ,d̪ʰũ,d̪ʰũd̪ʰ,lɑː","ा,ला",lɑː,"ा,ला",lɑː
2707,धुंध,धुंध,d̪ʰũd̪ʰ,haze,NotAppl,F,3,underived,,,0,0,inanimate,W,physical State,0,0,0,"धुं,ुंध,ध,धु,ंध","d̪ʰũ,ũd̪ʰ,d̪ʰũd̪ʰ,d̪ʰ",,,,
2708,धुआँ,धु,d̪ʰu,smoke,NotAppl,M,2,underived,,,0,0,inanimate,F,Object,0,0,0,"धु,ु,ध","u,d̪ʰu,d̪ʰ",,,,
2709,धुन,धुन,d̪ʰun̪,tune,NotAppl,F,3,underived,,,0,0,inanimate,K,Art,0,0,0,"न,धुन,ध,धु,ुन","d̪ʰu,d̪ʰ,d̪ʰun̪,n̪,un̪",,,,
2710,धुनाई,धुना,d̪ʰun̪ɑː,washing,NotAppl,F,1,abstract5,,,0,1,inanimate,B,Physical,0,0,0,"ा,ना,धुन,ध,धु,ुना","d̪ʰu,ɑː,d̪ʰ,un̪ɑː,n̪ɑː,d̪ʰun̪",ा,,ा,
2711,धुरंधर,धुरंधर,d̪ʰuɾə̃d̪ʰəɾ,the master,NotAppl,M,4,underived,,,0,0,animate,Z,Animate,0,0,1,"र,ंधर,धुर,ध,धु,धर","d̪ʰəɾ,d̪ʰu,d̪ʰuɾ,d̪ʰ,ɾ,əɾ",र,"ɾ,əɾ",र,"ɾ,əɾ"
2712,धूनी,धून,d̪ʰuːn̪,fumigation,NotAppl,F,1,underived,,,0,0,inanimate,Z,Natural Object,0,0,0,"धून,ून,न,ध,धू","d̪ʰuːn̪,d̪ʰ,d̪ʰuː,n̪,uːn̪",,,,
2713,धूप,धूप,d̪ʰuːp,sunlight,NotAppl,F,3,underived,,,0,0,inanimate,W,Object,0,0,1,"प,धूप,ूप,ध,धू","d̪ʰuːp,d̪ʰ,p,d̪ʰuː,uːp",,,,
2714,धूमधाम,धूमधाम,d̪ʰuːmd̪ʰɑːm,pompom,NotAppl,F,0,underived,,,1,0,inanimate,Z,Social Event,0,0,0,"धाम,धूम,म,ध,ाम,धू","d̪ʰɑːm,m,d̪ʰ,d̪ʰuː,d̪ʰuːm,ɑːm",,,,
2715,धूम्रपान,धूम्रपान,d̪ʰuːmɾəpɑːn̪,smoking,NotAppl,M,4,underived,,,1,0,inanimate,F,Physical,0,0,0,"ान,पान,धूम,न,ध,धू","ɑːn̪,d̪ʰ,d̪ʰuː,d̪ʰuːm,pɑːn̪,n̪",,,,
2716,धूल,धूल,d̪ʰuːl,dust,neutral,F,3,underived,,,0,0,inanimate,O,Natural Object,0,0,0,"ूल,ध,ल,धूल,धू","uːl,d̪ʰ,d̪ʰuː,l,d̪ʰuːl",,,,
2717,धूल,धूल,d̪ʰuːl,dust,neutral,M,4,underived,,,0,0,inanimate,O,Natural Object,0,0,0,"ूल,ध,ल,धूल,धू","uːl,d̪ʰ,d̪ʰuː,l,d̪ʰuːl",,,,
2718,धूलकण,धूलकण,d̪ʰuːlkəɳ,dust particles,NotAppl,M,4,underived,,,1,0,inanimate,O,Physical State,0,0,0,"ण,कण,लकण,ध,धूल,धू","əɳ,d̪ʰ,kəɳ,d̪ʰuː,d̪ʰuːl,ɳ",,əɳ,,əɳ
2719,धृत,धृत,d̪ʰɾɨt̪,ghrit,NotAppl,M,4,underived,,,0,0,inanimate,Z,Stative,0,0,1,"ृत,त,ध,धृत,धृ","t̪,ɨt̪,d̪ʰ,d̪ʰɾ,d̪ʰɾɨ,ɾɨt̪","ृत,त","t̪,ɨt̪,ɾɨt̪",त,t̪
2720,धैर्य,धैर्य,d̪ʰəɪɾjə,patience,NotAppl,M,4,underived,,,0,0,inanimate,E,Physiological  State,0,0,1,"धै,्य,य,र्य,ध,धैर","d̪ʰəɪ,d̪ʰ,ə,jə,d̪ʰə,ɾjə","्य,य",jə,य,jə
2721,धोखा,धोख,d̪ʰoːkʰ,danger,NotAppl,M,2,underived,,,0,0,inanimate,A,Anti-social,0,0,0,"ख,धो,धोख,ध,ोख","d̪ʰoː,oːkʰ,d̪ʰoːkʰ,d̪ʰ,kʰ",,,,
2722,धोखाधड़ी,धोखाधड़,d̪ʰoːkʰɑːd̪ʰəɽ,fraud,NotAppl,F,1,underived,,,1,0,inanimate,G,Anti-social,0,0,0,"़,ड़,धो,धोख,धड़,ध","d̪ʰoː,əɽ,d̪ʰəɽ,d̪ʰoːkʰ,d̪ʰ,ɽ","़,ड़",ɽ,़,
2723,ध्यान,ध्यान,d̪ʰjɑːn̪,attention,NotAppl,M,4,underived,,,0,0,inanimate,X,Abstract,0,0,1,"ान,यान,ध्,ध्य,न,ध","jɑːn̪,ɑːn̪,d̪ʰ,d̪ʰjɑː,n̪,d̪ʰj",,,,
2724,ध्यानाकर्षण,ध्यानाकर्षण,d̪ʰjɑːn̪ɑːkəɾʂəɳ,draw attention,NotAppl,M,4,underived,,,1,0,inanimate,C,Cognition,0,0,0,"ध्,ध्य,ध,षण,्षण,ण","əɳ,ʂəɳ,d̪ʰ,d̪ʰjɑː,ɳ,d̪ʰj",षण,"əɳ,ʂəɳ",,əɳ
2725,ध्रुव,ध्रुव,d̪ʰɾuʋ,pole,NotAppl,M,4,underived,,,0,0,inanimate,O,Natural Object,0,0,1,"व,रुव,ध्,ध्र,ध,ुव","uʋ,ɾuʋ,d̪ʰɾu,ʋ,d̪ʰ,d̪ʰɾ",व,ʋ,व,ʋ
2726,ध्रुवीकरण,ध्रुवी,d̪ʰɾuʋiː,polarization,NotAppl,M,4,process_noun,,,0,1,inanimate,A,Event,0,0,1,"ध्,ध्र,ुवी,वी,ध,ी","iː,uʋiː,d̪ʰɾu,d̪ʰ,ʋiː,d̪ʰɾ",ी,,ी,
2727,ध्वंस,ध्वंस,d̪ʰʋə̃s̪,demolition,NotAppl,M,4,underived,,,0,0,inanimate,A,Physical,0,0,1,"स,ध्व,ंस,ध्,वंस,ध","ʋə̃s̪,d̪ʰ,d̪ʰʋ,ə̃s̪,d̪ʰʋə̃,s̪",,,,
2728,ध्वज,ध्वज,d̪ʰʋəd͡ʒ,flag,NotAppl,M,4,underived,,,0,0,inanimate,Q,Artifact,0,0,1,"्वज,ध्व,ध्,वज,ज,ध","d̪ʰʋə,ʋəd͡ʒ,əd͡ʒ,d͡ʒ,d̪ʰ,d̪ʰʋ",,əd͡ʒ,,əd͡ʒ
2729,ध्वजारोहण,ध्वजारोहण,d̪ʰʋəd͡ʒɑːɾoːɦəɳ,flag hoisting,NotAppl,M,4,underived,,,1,0,inanimate,Q,Action,0,0,0,"हण,ध्व,ध्,ध,ोहण,ण","d̪ʰʋə,əɳ,ɦəɳ,d̪ʰ,d̪ʰʋ,ɳ",,əɳ,,əɳ
2730,ध्वनि,ध्वन,d̪ʰʋən̪,sound,NotAppl,F,1,underived,,,0,0,inanimate,X,Perception,0,0,1,"ध्व,ध्,न,वन,ध,्वन","d̪ʰʋə,d̪ʰ,d̪ʰʋ,ən̪,n̪,ʋən̪",,,,
2731,ध्वनिमत,ध्वनि,d̪ʰʋən̪ɪ,voice vote,NotAppl,M,4,possessor3,,,0,1,inanimate,Q,Abstract,0,0,0,"ध्व,ध्,ि,ध,वनि,नि","d̪ʰʋə,ɪ,d̪ʰ,d̪ʰʋ,n̪ɪ,ən̪ɪ",ि,,ि,
2732,न,न,n̪,no,NotAppl,M,0,underived,,,0,0,inanimate,Z,property,1,0,0,न,n̪,,,,
2733,नंबर,नंबर,n̪ə̃bəɾ,number,NotAppl,M,4,underived,,,0,0,inanimate,N,Abstract,1,0,0,"ंबर,र,बर,नंब,नं,न","n̪ə̃,ɾ,bəɾ,əɾ,n̪,n̪ə̃b",र,"ɾ,əɾ",र,"ɾ,əɾ"
2735,नकदी,नकद,n̪əkəd̪,cash,NotAppl,F,1,underived,,,0,0,inanimate,I,Artifact,0,0,0,"द,नकद,न,कद,नक","d̪,əd̪,n̪ək,n̪ə,kəd̪,n̪",,,,
2736,नकल,नकल,n̪əkəl,imitation,NotAppl,F,3,underived,,,0,0,inanimate,A,Physical,0,0,0,"नकल,न,कल,ल,नक","n̪ək,kəl,n̪ə,əl,l,n̪",,əl,,
2737,नकलची,नकलच,n̪əklət͡ʃ,copycats,NotAppl,M,4,agentive_colloquial ,,,0,1,animate,A,Person,0,0,0,"लच,नकल,न,च,कलच,नक","lət͡ʃ,t͡ʃ,n̪ək,n̪ə,n̪,ət͡ʃ",,ət͡ʃ,,
2738,नकाब,नकाब,n̪əkɑːb,mask,NotAppl,M,4,underived,,,0,0,inanimate,A,Artifact,0,0,0,"नका,न,ाब,ब,काब,नक","n̪ək,n̪ə,kɑːb,b,ɑːb,n̪",,,,
2739,नकाबपोश,नकाब,n̪əkɑːb,masked,NotAppl,M,4,adorned_person,,,0,1,inanimate,A,Common Noun,0,0,0,"नका,न,ाब,ब,काब,नक","n̪ək,n̪ə,kɑːb,b,ɑːb,n̪",,,,
2740,नकार,नकार,n̪əkɑːɾ,denial,NotAppl,M,4,agentive_activity1,agentive_activity1,agentive_activity1,0,1,inanimate,Q,Verb of Action,0,0,0,"नका,र,ार,न,कार,नक","kɑːɾ,n̪ək,n̪ə,ɾ,ɑːɾ,n̪","र,ार","ɾ,ɑːɾ",र,ɾ
2741,नकारापन,नकारा,n̪əkɑːɾɑː,negativity,NotAppl,M,4,state_condition2,state_condition2,,0,1,inanimate,Z,Abstract,0,0,0,"नका,ा,ारा,न,रा,नक","n̪ək,ɑːɾɑː,n̪ə,ɑː,ɾɑː,n̪",ा,,ा,
2742,नकारेपन,नकारे,n̪əkɑːɾeː,denial,NotAppl,M,4,state_condition2,state_condition2,,0,1,inanimate,Q,Abstract,0,0,0,"नका,ारे,े,रे,न,नक","ɑːɾeː,n̪ək,n̪ə,eː,ɾeː,n̪",,eː,,
2743,नकेल,नकेल,n̪əkeːl,nail,NotAppl,F,3,underived,,,0,0,inanimate,O,Artifact,0,0,0,"ेल,केल,ल,न,नके,नक","n̪ək,n̪ə,keːl,l,eːl,n̪",,,,
2744,नक्काशी,नक्काश,n̪əkkɑːʃ,carving,NotAppl,F,1,abstract6,abstract6,abstract6,0,1,inanimate,C,Art,0,0,0,"श,न,नक,नक्,ाश,काश","ʃ,n̪ək,n̪ə,kɑːʃ,ɑːʃ,n̪",,,,
2745,नक्शा,नक्श,n̪əkʃ,map,NotAppl,M,2,underived,,,0,0,inanimate,Q,Artifact,0,0,0,"श,क्श,न,्श,नक्,नक","ʃ,n̪ək,n̪ə,kʃ,n̪,əkʃ",,,,
2746,नक्शेकदम,नक्शेकदम,n̪əkʃeːkd̪əm,footsteps,NotAppl,M,4,underived,,,1,0,inanimate,X,Abstract,0,0,0,"दम,म,न,नक्,नक,कदम","əm,n̪ək,n̪ə,m,n̪,d̪əm",,,,
2747,नक्षत्र,नक्षत्र,n̪əkʂət̪ɾ,constellation,NotAppl,M,4,underived,,,0,0,inanimate,W,Group,0,0,1,"र,्र,त्र,न,नक्,नक","ət̪ɾ,n̪ək,n̪ə,ɾ,t̪ɾ,n̪",र,ɾ,र,ɾ
2748,नक्सल,नक्सल,n̪əks̪əl,naxal,NotAppl,M,4,underived,,,0,0,inanimate,Z,Person,0,0,0,"सल,्सल,न,ल,नक्,नक","n̪ək,n̪ə,əl,l,s̪əl,n̪",,əl,,
2749,नक्सलवाद,नक्सल,n̪əks̪əl,racism,NotAppl,M,4,speaker,,,0,1,inanimate,S,Perception,0,0,0,"सल,्सल,न,ल,नक्,नक","n̪ək,n̪ə,əl,l,s̪əl,n̪",,əl,,
2750,नक्सली,नक्सल,n̪əks̪əl,naxalite,NotAppl,M,4,abstract6,abstract6,abstract6,0,1,animate,Z,Person,0,0,0,"सल,्सल,न,ल,नक्,नक","n̪ək,n̪ə,əl,l,s̪əl,n̪",,əl,,
2751,नगद,नगद,n̪əɡəd̪,cash,NotAppl,M,4,underived,,,0,0,inanimate,I,Artifact,0,0,0,"द,नगद,गद,न,नग","d̪,əd̪,n̪ə,n̪əɡ,n̪,ɡəd̪",,,,
2752,नगर,नगर,n̪əɡəɾ,city,NotAppl,M,4,underived,,,0,0,inanimate,M,Physical Place,0,0,1,"नगर,र,न,गर,नग","n̪ə,n̪əɡ,ɾ,əɾ,n̪,ɡəɾ",र,"ɾ,əɾ",र,"ɾ,əɾ"
2753,नगरिया,नगरिय,n̪əɡɾɪjə,nagariya,NotAppl,F,3,underived,,,0,0,inanimate,Z,Common Noun,0,0,0,"नगर,िय,य,न,नग,रिय","n̪ə,n̪əɡ,ɪjə,ə,jə,n̪",य,jə,य,jə
2754,नगरी,नगर,n̪əɡəɾ,town,NotAppl,F,1,underived,,,0,0,inanimate,M,Physical Place,0,0,0,"नगर,र,न,गर,नग","n̪ə,n̪əɡ,ɾ,əɾ,n̪,ɡəɾ",र,"ɾ,əɾ",र,"ɾ,əɾ"
2755,नजदीकी,नजदीक,n̪əd͡ʒd̪iːk,nearby,NotAppl,F,1,abstract6,abstract6,abstract6,0,1,inanimate,N,physical State,0,0,0,"नजद,न,नज,दीक,क,ीक","k,n̪əd͡ʒ,n̪ə,d̪iːk,n̪,iːk",,,,
2756,नजर,नजर,n̪əd͡ʒəɾ,sight,NotAppl,F,3,underived,,,0,0,inanimate,X,Perception,0,0,0,"र,न,नज,जर,नजर","d͡ʒəɾ,n̪əd͡ʒ,n̪ə,ɾ,əɾ,n̪",र,"ɾ,əɾ",र,"ɾ,əɾ"
2757,नजरअंदाज,नजरअंदाज,n̪əd͡ʒɾəə̃d̪ɑːd͡ʒ,ignored,NotAppl,M,4,underived,,,1,0,inanimate,X,Abstract,0,0,0,"न,नज,ज,ाज,दाज,नजर","ɑːd͡ʒ,n̪əd͡ʒ,n̪ə,d͡ʒ,d̪ɑːd͡ʒ,n̪",,,,
2758,नजरिए,नजर,n̪əd͡ʒəɾ,perspectives,NotAppl,M,4,underived,,,0,0,inanimate,X,Perception,0,0,0,"र,न,नज,जर,नजर","d͡ʒəɾ,n̪əd͡ʒ,n̪ə,ɾ,əɾ,n̪",र,"ɾ,əɾ",र,"ɾ,əɾ"
2759,नजरिया,नजरिय,n̪əd͡ʒɾɪjə,perspective,NotAppl,M,2,underived,,,0,0,inanimate,X,Perception,0,0,0,"िय,य,न,नज,रिय,नजर","n̪əd͡ʒ,n̪ə,ɪjə,ə,jə,n̪",य,jə,य,jə
2760,नज़र,नज़र,n̪əzəɾ,vision,NotAppl,F,3,underived,,,0,0,inanimate,X,Perception,0,0,0,"नज़,र,़र,न,नज,ज़र","n̪ə,zəɾ,n̪əz,ɾ,əɾ,n̪",र,"ɾ,əɾ",र,"ɾ,əɾ"
2763,नजाकत,नजाकत,n̪əd͡ʒɑːkət̪,delicacy,NotAppl,F,3,underived,,,0,0,inanimate,F,State,0,0,0,"त,न,कत,नज,ाकत,नजा","t̪,n̪əd͡ʒ,n̪ə,ət̪,n̪,kət̪","त,कत","t̪,kət̪",त,t̪
2764,नजारा,नजार,n̪əd͡ʒɑːɾ,view,NotAppl,M,2,underived,,,0,0,inanimate,X,Perception,0,0,0,"ार,र,न,नज,नजा,जार","d͡ʒɑːɾ,n̪əd͡ʒ,n̪ə,ɾ,ɑːɾ,n̪","ार,र","ɾ,ɑːɾ",र,ɾ
2765,नजीर,नजीर,n̪əd͡ʒiːɾ,precedent,NotAppl,M,4,underived,,,0,0,inanimate,A,Concept,0,0,0,"जीर,ीर,र,न,नज,नजी","d͡ʒiːɾ,n̪əd͡ʒ,n̪ə,ɾ,iːɾ,n̪",र,ɾ,र,ɾ
2766,नतिनी,नतिन,n̪ət̪ɪn̪,granddaughter,NotAppl,F,1,underived,,,0,0,animate,S,Person,0,0,0,"िन,न,नत,नति,तिन","n̪ə,n̪ət̪,ɪn̪,t̪ɪn̪,n̪",नत,n̪ət̪,,
2767,नतीजा,नतीज,n̪ət̪iːd͡ʒ,outcome,NotAppl,M,2,underived,,,0,0,inanimate,X,State,0,1,0,"नती,न,नत,ज,तीज,ीज","iːd͡ʒ,n̪ə,d͡ʒ,n̪ət̪,n̪,t̪iːd͡ʒ",नत,n̪ət̪,,
2768,नदी,नद,n̪əd̪,river,NotAppl,F,1,underived,,,0,0,inanimate,W,Natural Object,0,0,1,"द,नद,न","d̪,əd̪,n̪əd̪,n̪ə,n̪",,,,
2769,नफरत,नफरत,n̪əpʰɾət̪,hate,NotAppl,F,3,underived,,,0,0,inanimate,E,Psychological Feature,0,0,0,"रत,नफ,फरत,त,न,नफर","n̪əpʰ,t̪,n̪ə,ɾət̪,ət̪,n̪","रत,त","t̪,ɾət̪",त,"t̪,ɾət̪"
2770,नमक,नमक,n̪əmək,salt,NotAppl,M,4,underived,,,0,0,inanimate,F,Edible,0,1,0,"न,क,नम,मक,नमक","k,n̪ə,ək,n̪əm,n̪,mək",,ək,,
2771,नमस्कार,नमस्कार,n̪əməs̪kɑːɾ,hello,NotAppl,M,4,agentive_activity1,agentive_activity1,agentive_activity1,0,1,inanimate,Z,Action,0,0,0,"र,ार,नमस,न,नम,कार","kɑːɾ,n̪ə,n̪əm,ɾ,ɑːɾ,n̪","र,ार","ɾ,ɑːɾ",र,ɾ
2772,नमाज,नमाज,n̪əmɑːd͡ʒ,namaz,NotAppl,F,3,underived,,,0,0,inanimate,Z,Social,0,0,0,"माज,न,ाज,ज,नमा,नम","ɑːd͡ʒ,n̪ə,d͡ʒ,n̪əm,mɑːd͡ʒ,n̪",,,,
2773,नमाजी,नमाज,n̪əmɑːd͡ʒ,namaz,NotAppl,M,4,abstract6,abstract6,abstract6,0,1,inanimate,Z,Person,0,0,0,"माज,न,ाज,ज,नमा,नम","ɑːd͡ʒ,n̪ə,d͡ʒ,n̪əm,mɑːd͡ʒ,n̪",,,,
2774,नमी,नम,n̪əm,damp,NotAppl,F,1,underived,,,0,0,inanimate,O,State,0,1,0,"म,नम,न","əm,n̪ə,n̪əm,m,n̪",,,,
2775,नमूना,नमून,n̪əmuːn̪,sample,NotAppl,M,2,underived,,,0,0,inanimate,A,Object,0,1,0,"ून,न,नम,मून,नमू","muːn̪,n̪ə,n̪əm,n̪,uːn̪",,,,
2776,नरकंकाल,नरकंकाल,n̪əɾkə̃kɑːl,skeleton,NotAppl,M,4,underived,,,1,0,inanimate,B,Anatomical,0,0,0,"नरक,नर,काल,ाल,न,ल","kɑːl,n̪ə,l,n̪əɾ,n̪,ɑːl",काल,kɑːl,,
2777,नरमपंथ,नरमपंथ,n̪əɾəmpə̃t̪ʰ,moderateism,NotAppl,M,4,underived,,,1,0,inanimate,Z,Religion,0,0,0,"नर,न,ंथ,पंथ,थ,नरम","ə̃t̪ʰ,n̪ə,t̪ʰ,n̪əɾ,n̪,pə̃t̪ʰ",ंथ,ə̃t̪ʰ,,
2778,नरमपंथी,नरमपंथ,n̪əɾəmpə̃t̪ʰ,moderates,NotAppl,M,4,abstract6,abstract6,abstract6,0,1,inanimate,G,Social,0,0,0,"नर,न,ंथ,पंथ,थ,नरम","ə̃t̪ʰ,n̪ə,t̪ʰ,n̪əɾ,n̪,pə̃t̪ʰ",ंथ,ə̃t̪ʰ,,
2779,नरमी,नरम,n̪əɾəm,leniency,NotAppl,F,1,abstract6,abstract6,abstract6,0,1,inanimate,S,Quality,0,1,0,"नर,म,न,रम,नरम","əm,ɾəm,n̪ə,m,n̪əɾ,n̪",,,,
2780,नरेश,नरेश,n̪əɾeːʃ,naresh,NotAppl,M,4,underived,,,0,0,animate,Z,Person,0,0,0,"नरे,नर,श,ेश,न,रेश","ɾeːʃ,ʃ,n̪ə,eːʃ,n̪əɾ,n̪",ेश,eːʃ,,
2781,नर्व,नर्व,n̪əɾʋ,nerve,NotAppl,M,4,underived,,,0,0,inanimate,B,Anatomical,1,0,0,"नर,व,्व,न,नर्,र्व","əɾʋ,n̪ə,ʋ,ɾʋ,n̪əɾ,n̪","व,्व,र्व","ʋ,ɾʋ",व,ʋ
2782,नर्सरी,नर्सर,n̪əɾs̪əɾ,nursery,NotAppl,F,1,underived,,,0,0,inanimate,P,Person,1,0,0,"नर,र,सर,न,नर्,्सर","n̪ə,ɾ,n̪əɾ,əɾ,n̪,s̪əɾ",र,"ɾ,əɾ",र,"ɾ,əɾ"
2783,नर्सिंग,नर्सिंग,n̪əɾs̪ɪ̃ɡ,nursing,NotAppl,F,0,underived,,,0,0,inanimate,B,Occupation,1,0,0,"नर,न,िंग,नर्,ंग,ग","s̪ɪ̃ɡ,n̪ə,ɪ̃ɡ,ɡ,n̪əɾ,n̪","िंग,ंग,ग","s̪ɪ̃ɡ,ɪ̃ɡ,ɡ","िंग,ंग","ɪ̃ɡ,ɡ"
2784,नली,नल,n̪əl,tube,NotAppl,F,1,underived,,,0,0,inanimate,O,Anatomical,0,0,0,"ल,नल,न","n̪əl,n̪ə,əl,l,n̪",नल,"n̪əl,əl",,
2785,नव,नव,n̪əʋ,new,NotAppl,M,4,underived,,,0,0,inanimate,T,Abstract,0,0,1,"नव,व,न","əʋ,n̪əʋ,n̪ə,ʋ,n̪",व,ʋ,व,ʋ
2786,नवचेतना,नवचेतन,n̪əʋt͡ʃeːt̪ən̪,new consciousness,NotAppl,F,3,underived,,,1,0,inanimate,T,Cognition,0,0,0,"नव,तन,न,ेतन,नवच","n̪əʋ,n̪ə,t̪ən̪,ən̪,n̪",,,,
2787,नवजात,नवजात,n̪əʋd͡ʒɑːt̪,newborn,NotAppl,M,4,underived,,,1,0,inanimate,T,Qualitative,0,0,0,"नव,नवज,त,न,ात,जात","t̪,n̪əʋ,n̪ə,ɑːt̪,d͡ʒɑːt̪,n̪",त,t̪,त,t̪
2788,नवनिर्माण,नवनिर्माण,n̪əʋn̪ɪɾmɑːɳ,renovation,NotAppl,M,4,underived,,,1,0,inanimate,A,Abstract,0,0,0,"नव,ण,नवन,न,माण,ाण","ɑːɳ,n̪əʋ,n̪ə,mɑːɳ,ɳ,n̪",,,,
2789,नवरत्न,नवरत्न,n̪əʋɾət̪n̪,navratna,NotAppl,M,4,underived,,,0,0,inanimate,Z,Group,0,0,0,"नव,न,नवर,त्न,्न","n̪əʋ,n̪ə,ət̪n̪,t̪n̪,n̪",,,,
2790,नवरात्र,नवरात्र,n̪əʋɾɑːt̪ɾ,navratri,NotAppl,M,4,underived,,,1,0,inanimate,Z,Social Event,0,0,0,"नव,र,्र,त्र,न,नवर","n̪əʋ,n̪ə,ɾ,t̪ɾ,n̪,ɑːt̪ɾ",र,ɾ,र,ɾ
2791,नववर्ष,नववर्ष,n̪əʋʋəɾʂ,new year,NotAppl,M,4,underived,,,1,0,inanimate,T,Common Noun,0,0,0,"्ष,र्ष,नव,ष,नवव,न","əɾʂ,n̪əʋ,n̪ə,ɾʂ,ʂ,n̪",ष,ʂ,,
2792,नवाब,नवाब,n̪əʋɑːb,nawab,NotAppl,M,4,underived,,,0,0,animate,Z,Person,0,1,0,"नव,वाब,नवा,न,ाब,ब","n̪əʋ,n̪ə,b,ʋɑːb,ɑːb,n̪",,,,
2793,नवीकरण,नवीकरण,n̪əʋiːkɾəɳ,renewal,NotAppl,M,4,underived,,,1,0,inanimate,T,Action,0,0,1,"करण,नवी,नव,रण,न,ण","əɳ,n̪əʋ,n̪ə,ɾəɳ,ɳ,n̪",रण,"əɳ,ɾəɳ",,"əɳ,ɾəɳ"
2794,नवीनीकरण,नवीनीकरण,n̪əʋiːn̪iːkɾəɳ,renovation,NotAppl,M,4,underived,,,1,0,inanimate,A,Action,0,0,1,"करण,नवी,नव,रण,न,ण","əɳ,n̪əʋ,n̪ə,ɾəɳ,ɳ,n̪",रण,"əɳ,ɾəɳ",,"əɳ,ɾəɳ"
2795,नशा,नश,n̪əʃ,intoxication,NotAppl,M,2,underived,,,0,0,inanimate,F,Mental State,0,1,0,"नश,श,न","ʃ,n̪ə,əʃ,n̪əʃ,n̪",,,,
2796,नसबंदी,नसबंद,n̪əs̪bə̃d̪,sterilization,NotAppl,F,1,abstract6,abstract6,abstract6,0,1,inanimate,Z,Physical,0,0,0,"द,ंद,बंद,न,नसब,नस","d̪,n̪ə,bə̃d̪,n̪əs̪,ə̃d̪,n̪","ंद,बंद","bə̃d̪,ə̃d̪",,
2797,नसीब,नसीब,n̪əs̪iːb,fate,NotAppl,M,4,underived,,,0,0,inanimate,S,Perception,0,1,0,"ीब,नसी,न,सीब,ब,नस","s̪iːb,n̪ə,b,iːb,n̪əs̪,n̪",,,,
2798,नसीहत,नसीहत,n̪əs̪iːɦət̪,advice,NotAppl,F,3,underived,,,0,0,inanimate,Q,Cognition,0,1,0,"त,नसी,न,ीहत,हत,नस","t̪,n̪ə,ət̪,ɦət̪,n̪əs̪,n̪",त,t̪,त,t̪
2799,नहर,नहर,n̪əɦəɾ,canal,NotAppl,F,3,underived,,,0,0,inanimate,W,Object,0,1,0,"हर,र,न,नह,नहर","ɦəɾ,n̪ə,ɾ,n̪əɦ,əɾ,n̪",र,"ɾ,əɾ",र,"ɾ,əɾ"
2800,नहीं,नह,n̪əɦ,no,NotAppl,M,4,underived,,,0,0,inanimate,Z,property,0,0,0,"ह,नह,न","ɦ,n̪ə,əɦ,n̪əɦ,n̪",,,,
2801,नाइंसाफी,नाइंसाफ,n̪ɑːɪ̃s̪ɑːpʰ,injustice,NotAppl,F,1,abstract6,abstract6,abstract6,0,1,inanimate,G,State,0,0,0,"फ,नाइ,ना,न,ाफ,साफ","n̪ɑːɪ̃,pʰ,ɑːpʰ,n̪ɑː,s̪ɑːpʰ,n̪",,,,
2802,नाइट,नाइट,n̪ɑːɪʈ,knight,NotAppl,F,3,underived,,,0,0,inanimate,S,Common Noun,1,0,0,"ट,नाइ,ना,इट,न,ाइट","ɪʈ,n̪ɑːɪ,ʈ,ɑːɪʈ,n̪ɑː,n̪","इट,ाइट","ɪʈ,ɑːɪʈ",,
2803,नाइटक्लब,नाइटक्लब,n̪ɑːɪʈəkləb,nightclubs,NotAppl,M,4,underived,,,0,0,inanimate,K,Physical Place,1,0,0,"नाइ,ना,न,्लब,ब,लब","ləb,n̪ɑːɪ,b,əb,n̪ɑː,n̪",,,,
2804,नाइट्रेट,नाइट्रेट,n̪ɑːɪʈɾeːʈ,nitrates,NotAppl,M,4,underived,,,0,0,inanimate,O,Chemical,1,0,0,"ट,नाइ,ना,न,ेट,रेट","n̪ɑːɪ,ɾeːʈ,eːʈ,ʈ,n̪ɑː,n̪",,,,
2805,नाइत्तेफाकी,नाइत्तेफाक,n̪ɑːɪt̪t̪eːpʰɑːk,disagreement,NotAppl,F,1,abstract6,abstract6,abstract6,0,1,inanimate,A,Abstract,0,0,0,"नाइ,फाक,ना,न,क,ाक","k,n̪ɑːɪ,ɑːk,n̪ɑː,pʰɑːk,n̪",,,,
2806,नाक,नाक,n̪ɑːk,nose,NotAppl,F,3,underived,,,0,0,inanimate,B,Anatomical,0,0,1,"नाक,ना,न,क,ाक","k,n̪ɑːk,ɑːk,n̪ɑː,n̪",,,,
2807,नाकामी,नाकाम,n̪ɑːkɑːm,failure,NotAppl,F,1,abstract6,abstract6,abstract6,0,1,inanimate,X,State,0,0,0,"नाक,काम,ना,म,न,ाम","n̪ɑːk,m,kɑːm,n̪ɑː,n̪,ɑːm",,,,
2808,नाकेबंदी,नाकेबंद,n̪ɑːkeːbə̃d̪,blockade,NotAppl,F,1,abstract6,abstract6,abstract6,0,1,inanimate,S,Action,0,0,0,"द,नाक,ंद,ना,बंद,न","d̪,n̪ɑːk,bə̃d̪,n̪ɑː,ə̃d̪,n̪","ंद,बंद","bə̃d̪,ə̃d̪",,
2809,नागरिक,नागरिक,n̪ɑːɡɾɪk,citizen,NotAppl,M,4,underived,,,0,0,animate,G,Person,0,0,1,"ना,रिक,न,िक,नाग,क","n̪ɑːɡ,k,ɾɪk,ɪk,n̪ɑː,n̪",,,,
2810,नागरिकता,नागरिक,n̪ɑːɡɾɪk,citizenship,NotAppl,F,3,abstract8,abstract8,abstract8,0,1,inanimate,G,State,0,0,1,"ना,रिक,न,िक,नाग,क","n̪ɑːɡ,k,ɾɪk,ɪk,n̪ɑː,n̪",,,,
2811,नाजुकी,नाजुक,n̪ɑːd͡ʒuk,fragility,NotAppl,F,1,abstract6,abstract6,abstract6,0,1,inanimate,Z,Abstract,0,0,0,"ुक,ना,न,जुक,क,नाज","k,uk,n̪ɑː,d͡ʒuk,n̪,n̪ɑːd͡ʒ",ुक,,,
2812,नाटक,नाटक,n̪ɑːʈək,drama,NotAppl,M,4,underived,,,0,0,inanimate,K,Action,0,0,1,"ाटक,ना,न,टक,क,नाट","k,n̪ɑːʈ,ʈək,ək,n̪ɑː,n̪",,ək,,
2813,नाती,न,n̪,grandson,NotAppl,M,4,underived,,,0,0,animate,S,Person,0,0,0,न,n̪,,,,
2814,नाना,नान,n̪ɑːn̪,grandfather,NotAppl,M,4,underived,,,0,0,animate,S,Person,0,0,1,"नान,ान,ना,न","n̪,ɑːn̪,n̪ɑː,n̪ɑːn̪",,,,
2815,नाबालिग,नाबालिग,n̪ɑːbɑːlɪɡ,minor,NotAppl,M,4,underived,,,0,0,animate,A,Person,0,0,0,"नाब,ना,न,लिग,िग,ग","n̪ɑːb,lɪɡ,ɡ,n̪ɑː,n̪,ɪɡ",ग,ɡ,,ɡ
2816,नाम,नाम,n̪ɑːm,name,NotAppl,M,4,underived,,,0,0,inanimate,Q,property,0,0,0,"नाम,ना,म,न,ाम","m,n̪ɑː,n̪ɑːm,n̪,ɑːm",,,,
2817,नामांकन,नामांकन,n̪ɑːmɑ̃ːkən̪,enrollment,NotAppl,M,4,underived,,,1,0,inanimate,Z,Physical,0,0,0,"कन,नाम,ना,न,ंकन","n̪,n̪ɑː,kən̪,n̪ɑːm,ən̪",,,,
2818,नामोनिशान,नामोनिशान,n̪ɑːmoːn̪ɪʃɑːn̪,oblivion,NotAppl,M,4,underived,,,1,0,inanimate,A,Object,0,0,0,"ान,नाम,ना,न,शान","ɑːn̪,ʃɑːn̪,n̪ɑː,n̪ɑːm,n̪",शान,ʃɑːn̪,,
2819,नायक,नायक,n̪ɑːjək,hero,NotAppl,M,4,underived,,,0,0,animate,Q,Person,0,0,1,"ायक,ना,नाय,न,यक,क","k,ək,n̪ɑːj,n̪ɑː,jək,n̪",,ək,,
2820,नायब,नायब,n̪ɑːjəb,deputy,NotAppl,M,4,underived,,,0,0,animate,S,Common Noun,0,1,0,"यब,ना,नाय,न,ायब,ब","jəb,b,əb,n̪ɑːj,n̪ɑː,n̪",,,,
2821,नारकोटिक्स,नारकोटिक्स,n̪ɑːɾkoːʈɪks̪,narcotics,NotAppl,M,5,underived,,,0,0,inanimate,F,Common Noun,1,0,0,"नार,स,ना,न,क्स,्स","ks̪,s̪,n̪ɑː,n̪ɑːɾ,ɪks̪,n̪",क्स,ks̪,,
2822,नारा,नार,n̪ɑːɾ,slogan,NotAppl,M,2,underived,,,0,0,inanimate,Q,Communication,0,1,0,"नार,र,ार,ना,न","ɾ,ɑːɾ,n̪ɑː,n̪ɑːɾ,n̪","र,ार","ɾ,ɑːɾ",र,ɾ
2823,नाराजगी,नाराजग,n̪ɑːɾɑːd͡ʒəɡ,resentment,NotAppl,F,1,underived,,,1,0,inanimate,E,Mental State,0,0,0,"नार,ना,न,ाजग,ग,जग","d͡ʒəɡ,əɡ,ɡ,n̪ɑː,n̪,n̪ɑːɾ",ग,"əɡ,ɡ",,ɡ
2824,नारी,नार,n̪ɑːɾ,woman,NotAppl,F,1,underived,,,0,0,animate,S,Person,0,0,1,"नार,र,ार,ना,न","ɾ,ɑːɾ,n̪ɑː,n̪ɑːɾ,n̪","र,ार","ɾ,ɑːɾ",र,ɾ
2825,नारीवेश,नारीवेश,n̪ɑːɾiːʋeːʃ,womanhood,NotAppl,M,4,underived,,,1,0,inanimate,S,Common Noun,0,0,0,"नार,वेश,श,ेश,ना,न","ʃ,eːʃ,n̪ɑː,n̪ɑːɾ,n̪,ʋeːʃ",ेश,eːʃ,,
2826,नारेबाजी,नारेबाज,n̪ɑːɾeːbɑːd͡ʒ,sloganeering,neutral,F,1,abstract6,abstract6,abstract6,0,1,inanimate,Z,Communication,0,0,0,"नार,ना,न,ाज,ज,बाज","bɑːd͡ʒ,ɑːd͡ʒ,d͡ʒ,n̪ɑː,n̪ɑːɾ,n̪",,,,
2827,नारेबाजी,नारेबाज,n̪ɑːɾeːbɑːd͡ʒ,sloganeering,neutral,M,4,abstract6,abstract6,abstract6,0,1,inanimate,Z,Communication,0,0,0,"नार,ना,न,ाज,ज,बाज","bɑːd͡ʒ,ɑːd͡ʒ,d͡ʒ,n̪ɑː,n̪ɑːɾ,n̪",,,,
2828,नाला,नाल,n̪ɑːl,broomstick,NotAppl,M,4,underived,,,0,0,inanimate,B,Physical Place,0,1,0,"ना,ाल,न,नाल,ल","n̪ɑːl,l,n̪ɑː,n̪,ɑːl",,,,
2829,नाव,नाव,n̪ɑːʋ,boat,NotAppl,F,4,underived,,,0,0,inanimate,M,Artifact,0,1,0,"व,ाव,नाव,ना,न","n̪ɑːʋ,ʋ,ɑːʋ,n̪ɑː,n̪","व,ाव",ʋ,"व,ाव",ʋ
2830,नाश्ता,नाश्त,n̪ɑːʃt̪,breakfast,NotAppl,M,2,underived,,,0,0,inanimate,F,Edible,0,1,0,"्त,श्त,नाश,ना,त,न","ʃt̪,t̪,ɑːʃt̪,n̪ɑː,n̪ɑːʃ,n̪","्त,त",t̪,"्त,त",t̪
2831,निंदा,निंद,n̪ɪ̃d̪,condemnation,NotAppl,F,3,underived,,,0,0,inanimate,Q,Physical,0,0,1,"द,निं,ंद,न,िंद,नि","d̪,n̪ɪ̃d̪,ɪ̃d̪,n̪ɪ̃,n̪",ंद,,,
2832,निकटता,निकट,n̪ɪkəʈ,proximity,NotAppl,F,3,abstract8,abstract8,abstract8,0,1,inanimate,N,State,0,0,1,"ट,निक,िकट,न,कट,नि","əʈ,n̪ɪk,ʈ,n̪ɪ,kəʈ,n̪",,əʈ,,
2833,निकाय,निकाय,n̪ɪkɑːjə,body,neutral,F,3,underived,,,0,0,inanimate,B,Group,0,0,1,"ाय,निक,य,न,काय,नि","ɑːjə,n̪ɪk,n̪ɪ,ə,jə,n̪",य,jə,य,jə
2834,निकाय,निकाय,n̪ɪkɑːjə,body,neutral,M,4,underived,,,0,0,inanimate,B,Group,0,0,1,"ाय,निक,य,न,काय,नि","ɑːjə,n̪ɪk,n̪ɪ,ə,jə,n̪",य,jə,य,jə
2835,निकासी,निकास,n̪ɪkɑːs̪,withdrawal,NotAppl,F,1,abstract6,abstract6,abstract6,0,1,inanimate,M,Action,0,0,0,"स,निक,न,ास,कास,नि","ɑːs̪,n̪ɪk,n̪ɪ,s̪,kɑːs̪,n̪",ास,,,
2836,निकाह,निकाह,n̪ɪkɑːɦ,nikah,NotAppl,M,4,underived,,,0,0,inanimate,Z,Social,0,1,0,"काह,ाह,निक,ह,न,नि","ɑːɦ,ɦ,n̪ɪk,n̪ɪ,kɑːɦ,n̪",ाह,ɑːɦ,,
2837,निकाहनामा,निकाहनाम,n̪ɪkɑːɦn̪ɑːm,nikahnama,NotAppl,M,4,underived,,,1,0,inanimate,Z,Social,0,0,0,"निक,नाम,म,न,ाम,नि","m,n̪ɪk,n̪ɪ,n̪ɑːm,n̪,ɑːm",,,,
2838,निकाहनामे,निकाहनाम,n̪ɪkɑːɦn̪ɑːm,nikahnama,NotAppl,M,4,underived,,,0,0,inanimate,Z,Document,0,0,0,"निक,नाम,म,न,ाम,नि","m,n̪ɪk,n̪ɪ,n̪ɑːm,n̪,ɑːm",,,,
2839,निकेतन,निकेतन,n̪ɪkeːt̪ən̪,niketan,NotAppl,M,4,abstract_noun,abstract_noun,abstract_noun,0,1,inanimate,Z,Physical Place,0,0,1,"तन,निक,न,ेतन,नि","n̪,t̪ən̪,n̪ɪk,n̪ɪ,ən̪",,,,
2840,निगम,निगम,n̪ɪɡəm,corporation,NotAppl,M,4,underived,,,0,0,inanimate,I,Group,0,0,1,"गम,निग,िगम,म,न,नि","əm,m,n̪ɪ,n̪ɪɡ,n̪,ɡəm",,,,
2841,निगरानी,निगरान,n̪ɪɡɾɑːn̪,supervision,NotAppl,F,1,abstract6,abstract6,abstract6,0,1,inanimate,S,Physical,0,1,0,"ान,निग,रान,न,नि","ɑːn̪,n̪ɪ,n̪ɪɡ,n̪,ɾɑːn̪",,,,
2842,निगाह,निगाह,n̪ɪɡɑːɦ,glance,NotAppl,F,3,underived,,,0,0,inanimate,X,Perception,0,1,0,"गाह,ाह,निग,ह,न,नि","ɑːɦ,ɦ,n̪ɪ,n̪ɪɡ,ɡɑːɦ,n̪",ाह,ɑːɦ,,
2843,निजता,निज,n̪ɪd͡ʒ,privacy,NotAppl,F,3,underived,,,0,0,inanimate,A,Mental State,0,0,0,"निज,न,ज,िज,नि","d͡ʒ,n̪ɪ,n̪ɪd͡ʒ,n̪,ɪd͡ʒ",,,,
2844,निजात,निजात,n̪ɪd͡ʒɑːt̪,relief,NotAppl,F,3,underived,,,0,0,inanimate,E,Action,0,0,0,"निज,त,न,ात,जात,नि","t̪,d͡ʒɑːt̪,ɑːt̪,n̪ɪ,n̪ɪd͡ʒ,n̪",त,t̪,त,t̪
2845,निजाम,निजाम,n̪ɪd͡ʒɑːm,nizam,NotAppl,M,4,underived,,,0,0,animate,Z,Person,0,0,0,"जाम,निज,म,न,ाम,नि","m,d͡ʒɑːm,n̪ɪ,n̪ɪd͡ʒ,n̪,ɑːm",,,,
2846,निजीकरण,निजी,n̪ɪd͡ʒiː,privatization,NotAppl,M,4,process_noun,,,0,1,inanimate,G,Action,0,0,0,"िजी,निज,न,जी,ी,नि","iː,ɪd͡ʒiː,d͡ʒiː,n̪ɪ,n̪ɪd͡ʒ,n̪",ी,,ी,
2847,निदेशक,निदेश,n̪ɪd̪eːʃ,director,NotAppl,M,4,agentive1,agentive1,agentive1,0,1,animate,S,Person,0,0,1,"श,ेश,निद,देश,न,नि","ʃ,d̪eːʃ,eːʃ,n̪ɪ,n̪,n̪ɪd̪","ेश,देश","d̪eːʃ,eːʃ",,
2848,निदेशालय,निदेशालय,n̪ɪd̪eːʃɑːljə,directorate,NotAppl,M,4,underived,,,1,0,inanimate,S,Physical Place,0,0,0,"लय,निद,य,न,ालय,नि","ljə,n̪ɪ,ə,jə,n̪,n̪ɪd̪","लय,य","ljə,jə",य,jə
2849,निधन,निधन,n̪ɪd̪ʰən̪,demise,NotAppl,M,4,underived,,,0,0,inanimate,T,physical State,0,0,1,"धन,न,निध,िधन,नि","n̪,n̪ɪd̪ʰ,n̪ɪ,d̪ʰən̪,ən̪",धन,d̪ʰən̪,,
2850,निधि,निध,n̪ɪd̪ʰ,fund,NotAppl,F,1,underived,,,0,0,inanimate,I,Artifact,0,0,1,"न,निध,िध,ध,नि","n̪ɪd̪ʰ,d̪ʰ,n̪ɪ,ɪd̪ʰ,n̪",,,,
2851,निपटारा,निपटार,n̪ɪpʈɑːɾ,settlement,NotAppl,M,2,underived,,,0,0,inanimate,M,Action,0,0,0,"र,ार,न,निप,टार,नि","n̪ɪp,n̪ɪ,ɾ,ɑːɾ,ʈɑːɾ,n̪","र,ार","ɾ,ɑːɾ",र,ɾ
2852,निमंत्रण,निमंत्रण,n̪ɪmə̃t̪ɾəɳ,invitation,NotAppl,M,4,underived,,,0,0,inanimate,Q,Social,0,0,1,"्रण,रण,निम,न,ण,नि","əɳ,n̪ɪ,ɾəɳ,n̪ɪm,ɳ,n̪",रण,"əɳ,ɾəɳ",,"əɳ,ɾəɳ"
2853,नियंत्रक,नियंत्र,n̪ɪjə̃t̪ɾ,controller,NotAppl,M,4,agentive1,agentive1,agentive1,0,1,inanimate,S,Noun,0,0,1,"र,्र,त्र,न,निय,नि","n̪ɪj,ə̃t̪ɾ,n̪ɪ,ɾ,t̪ɾ,n̪",र,ɾ,र,ɾ
2854,नियंत्रण,नियंत्रण,n̪ɪjə̃t̪ɾəɳ,control,NotAppl,M,4,underived,,,0,0,inanimate,S,Action,0,0,1,"्रण,रण,न,निय,ण,नि","əɳ,n̪ɪj,n̪ɪ,ɾəɳ,ɳ,n̪",रण,"əɳ,ɾəɳ",,"əɳ,ɾəɳ"
2856,नियम,नियम,n̪ɪjəm,rule,NotAppl,M,4,underived,,,0,0,inanimate,G,Perception,0,0,1,"म,न,निय,ियम,यम,नि","əm,n̪ɪj,m,n̪ɪ,jəm,n̪","ियम,यम",jəm,,
2857,नियमन,नियमन,n̪ɪjmən̪,regulation,NotAppl,M,4,underived,,,0,0,inanimate,G,Abstract,0,0,1,"यमन,मन,न,निय,नि","n̪,n̪ɪj,n̪ɪ,mən̪,ən̪",मन,mən̪,,
2858,नियमानुसार,नियमानुसार,n̪ɪjmɑːn̪us̪ɑːɾ,as per rules,NotAppl,M,4,underived,,,1,0,inanimate,Z,Manner,0,0,0,"र,ार,सार,न,निय,नि","n̪ɪj,n̪ɪ,ɾ,s̪ɑːɾ,ɑːɾ,n̪","र,ार,सार","ɾ,s̪ɑːɾ,ɑːɾ",र,ɾ
2859,नियमावली,नियमावल,n̪ɪjmɑːʋəl,manual,NotAppl,F,1,underived,,,1,0,inanimate,Q,Common Noun,0,0,0,"ावल,न,वल,निय,ल,नि","n̪ɪj,n̪ɪ,əl,l,ʋəl,n̪",,əl,,
2860,नियमीकरण,नियमी,n̪ɪjmiː,regularization,NotAppl,M,4,process_noun,,,0,1,inanimate,G,Physical State,0,0,0,"मी,न,यमी,निय,ी,नि","iː,jmiː,n̪ɪj,n̪ɪ,n̪,miː",ी,,ी,
2861,नियामक,नियाम,n̪ɪjɑːm,regulators,NotAppl,M,4,agentive1,agentive1,agentive1,0,1,animate,O,Person,0,0,1,"म,न,याम,निय,ाम,नि","n̪ɪj,m,jɑːm,n̪ɪ,n̪,ɑːm",,,,
2862,नियुक्ति,नियुक्त,n̪ɪjukt̪,appointment,NotAppl,F,1,abstract6,abstract6,abstract6,0,1,inanimate,T,Physical,0,0,1,"्त,त,न,क्त,निय,नि","t̪,n̪ɪj,n̪ɪ,ukt̪,kt̪,n̪","्त,त",t̪,"्त,त",t̪
2863,नियोक्ता,नियोक्,n̪ɪjoːk,employer,NotAppl,M,4,abstract8,abstract8,abstract8,0,1,animate,I,Person,0,0,1,"ोक्,क्,न,निय,्,नि","k,joːk,oːk,n̪ɪj,n̪ɪ,n̪",,,,
2864,नियोजन,नियोजन,n̪ɪjoːd͡ʒən̪,planning,NotAppl,M,4,underived,,,0,0,inanimate,X,Physical,0,0,1,"ोजन,न,जन,निय,नि","n̪,n̪ɪj,n̪ɪ,d͡ʒən̪,ən̪",,,,
2865,निरंकुश,अंकुश,ə̃kuʃ,autocratic,NotAppl,M,4,absence,,,0,1,inanimate,S,Qualitative,0,0,1,"श,अंक,ुश,कुश,अ,अं","ʃ,ə̃ku,ə̃k,ə̃,kuʃ,uʃ",अं,ə̃,अं,ə̃
2866,निरंतरता,निरंतर,n̪ɪɾə̃t̪əɾ,continuity,NotAppl,F,3,abstract8,abstract8,abstract8,0,1,inanimate,T,State,0,0,0,"तर,ंतर,र,न,निर,नि","n̪ɪ,ɾ,t̪əɾ,əɾ,n̪,n̪ɪɾ",र,"ɾ,əɾ",र,"ɾ,əɾ"
2867,निराकरण,निरा,n̪ɪɾɑː,dismantling,NotAppl,M,4,process_noun,,,0,1,inanimate,A,Action,0,0,1,"ा,िरा,न,निर,रा,नि","ɑː,ɾɑː,ɪɾɑː,n̪ɪ,n̪,n̪ɪɾ",ा,,ा,
2868,निराशा,आश,ɑːʃ,disappointment,NotAppl,F,3,absence,,,0,1,inanimate,E,Psychological Feature,0,0,1,"आ,आश,श","ɑː,ɑːʃ,ʃ",,,,
2869,निरीक्षक,निरीक्ष,n̪ɪɾiːkʂ,inspector,NotAppl,M,4,agentive1,agentive1,agentive1,0,1,animate,G,Person,0,0,1,"्ष,ष,क्ष,न,निर,नि","kʂ,n̪ɪ,iːkʂ,ʂ,n̪,n̪ɪɾ",ष,ʂ,,
2870,निरीक्षण,निरीक्ष,n̪ɪɾiːkʂ,inspection,NotAppl,M,4,abstract7,abstract7,abstract7,0,1,inanimate,X,Physical,0,0,1,"्ष,ष,क्ष,न,निर,नि","kʂ,n̪ɪ,iːkʂ,ʂ,n̪,n̪ɪɾ",ष,ʂ,,
2871,निर्णय,निर्णय,n̪ɪɾɳəjə,decision,NotAppl,M,4,underived,,,0,0,inanimate,X,Event,0,0,1,"य,न,्णय,निर,णय,नि","n̪ɪ,əjə,ə,jə,n̪,n̪ɪɾ",य,"əjə,jə",य,jə
2873,निर्दलीय,दलीय,d̪əliːjə,independent,NotAppl,M,4,absence,,,0,1,inanimate,S,Relational,0,0,0,"द,य,दल,ीय,दली,लीय","d̪,d̪ə,iːjə,ə,jə,d̪əl",य,jə,य,jə
2874,निर्देश,निर्देश,n̪ɪɾd̪eːʃ,instruction,NotAppl,M,4,underived,,,0,0,inanimate,Q,Action,0,0,1,"श,ेश,देश,न,निर,नि","ʃ,d̪eːʃ,eːʃ,n̪ɪ,n̪,n̪ɪɾ","ेश,देश","d̪eːʃ,eːʃ",,
2875,निर्देशक,निर्देशक,n̪ɪɾd̪eːʃək,director,NotAppl,M,4,agentive1,agentive1,agentive1,0,1,animate,S,Person,0,0,1,"ेशक,शक,न,निर,क,नि","k,ʃək,ək,n̪ɪ,n̪,n̪ɪɾ",,ək,,
2876,निर्देशन,निर्देशन,n̪ɪɾd̪eːʃən̪,direction,NotAppl,M,4,abstract_noun,abstract_noun,abstract_noun,0,1,inanimate,M,Action,0,0,1,"शन,ेशन,न,निर,नि","n̪,n̪ɪ,ən̪,n̪ɪɾ,ʃən̪","शन,ेशन",ʃən̪,ेशन,
2877,निर्देशिका,निर्देशिक,n̪ɪɾd̪eːʃɪk,directory,NotAppl,F,3,agentive1,agentive1,agentive1,0,1,inanimate,Q,Artifact,0,0,1,"न,निर,िक,क,शिक,नि","k,ɪk,ʃɪk,n̪ɪ,n̪,n̪ɪɾ",,,,
2878,निर्धन,निर्धन,n̪ɪɾd̪ʰən̪,poor,NotAppl,M,4,underived,,,0,0,animate,I,Person,0,0,1,"धन,न,निर,्धन,नि","n̪,n̪ɪ,d̪ʰən̪,ən̪,n̪ɪɾ",धन,d̪ʰən̪,,
2879,निर्धारक,निर्धार,n̪ɪɾd̪ʰɑːɾ,determinant,NotAppl,M,4,agentive1,agentive1,agentive1,0,1,inanimate,A,Person,0,0,0,"धार,र,ार,न,निर,नि","d̪ʰɑːɾ,n̪ɪ,ɾ,ɑːɾ,n̪,n̪ɪɾ","र,ार","ɾ,ɑːɾ",र,ɾ
2880,निर्धारण,निर्धार,n̪ɪɾd̪ʰɑːɾ,determination,NotAppl,M,4,abstract7,abstract7,abstract7,0,1,inanimate,X,Action,0,0,1,"धार,र,ार,न,निर,नि","d̪ʰɑːɾ,n̪ɪ,ɾ,ɑːɾ,n̪,n̪ɪɾ","र,ार","ɾ,ɑːɾ",र,ɾ
2881,निर्ममता,निर्मम,n̪ɪɾməm,ruthlessness,NotAppl,F,3,underived,,,1,0,inanimate,G,Abstract,0,0,1,"मम,म,न,निर,्मम,नि","əm,m,n̪ɪ,məm,n̪,n̪ɪɾ",,,,
2882,निर्माण,निर्माण,n̪ɪɾmɑːɳ,construction,NotAppl,M,4,underived,,,0,0,inanimate,H,Physical,0,0,1,"ण,न,निर,माण,ाण,नि","ɑːɳ,mɑːɳ,n̪ɪ,ɳ,n̪,n̪ɪɾ",,,,
2883,निर्माता,निर्मा,n̪ɪɾmɑː,manufacturer,NotAppl,M,4,abstract8,abstract8,abstract8,0,1,animate,A,Person,0,0,1,"मा,ा,न,निर,्मा,नि","ɑː,ɾmɑː,mɑː,n̪ɪ,n̪,n̪ɪɾ",ा,,ा,
2884,निर्यात,यात,jɑːt̪,export,NotAppl,M,4,absence,,,0,1,inanimate,I,Physical,0,0,1,"त,यात,य,या,ात","jɑːt̪,t̪,j,ɑːt̪,jɑː","त,य,या","t̪,jɑː","त,य",t̪
2885,निर्वहन,वहन,ʋəɦən̪,discharge,NotAppl,M,4,absence,,,0,1,inanimate,A,Action,0,0,0,"व,वहन,वह,न,हन","ʋə,ʋ,ʋəɦ,ən̪,ɦən̪,n̪",व,"ʋə,ʋ",व,ʋ
2886,निर्वाचन,वाचन,ʋɑːt͡ʃən̪,election,NotAppl,M,4,absence,,,0,1,inanimate,G,Action,0,0,1,"व,वाच,वा,न,ाचन,चन","ʋɑːt͡ʃ,n̪,ʋ,t͡ʃən̪,ʋɑː,ən̪",व,ʋ,व,ʋ
2887,निर्वासन,वासन,ʋɑːs̪ən̪,exile,NotAppl,M,4,absence,,,0,1,inanimate,M,Social,0,0,1,"सन,व,वास,वा,न,ासन","n̪,ʋɑːs̪,ʋ,ʋɑː,s̪ən̪,ən̪","सन,व,ासन","ʋ,s̪ən̪",व,ʋ
2888,निर्वाह,वाह,ʋɑːɦ,subsistence,NotAppl,M,4,absence,,,0,1,inanimate,I,Action,0,0,1,"व,ाह,ह,वा,वाह","ʋɑːɦ,ɑːɦ,ɦ,ʋ,ʋɑː","व,ाह","ɑːɦ,ʋ",व,ʋ
2889,निलंबन,निलंबन,n̪ɪlə̃bən̪,suspension,NotAppl,M,4,underived,,,0,0,inanimate,T,Physical,0,0,1,"बन,न,ंबन,निल,नि","bən̪,ən̪,n̪ɪ,n̪ɪl,n̪",,,,
2890,निवारक,निवारक,n̪ɪʋɑːɾək,preventive,NotAppl,M,4,underived,,,0,0,inanimate,S,Qualitative,0,0,1,"ारक,न,रक,क,निव,नि","k,ək,n̪ɪʋ,n̪ɪ,ɾək,n̪",,ək,,
2891,निवास,निवास,n̪ɪʋɑːs̪,residence,NotAppl,M,4,underived,,,0,0,inanimate,H,Action,0,0,1,"स,वास,न,ास,निव,नि","ɑːs̪,ʋɑːs̪,n̪ɪʋ,n̪ɪ,s̪,n̪",ास,,,
2892,निवासस्‍थल,निवासस्‍थल,n̪ɪʋɑːs̪əs̪t̪ʰəl,place of residence,NotAppl,M,4,underived,,,1,0,inanimate,M,Natural Object,0,0,0,"थल,न,ल,निव,‍थल,नि","n̪ɪʋ,n̪ɪ,əl,t̪ʰəl,l,n̪",,əl,,
2893,निवासी,निवास,n̪ɪʋɑːs̪,resident,neutral,F,1,underived,,,0,0,animate,H,Person,0,0,1,"स,वास,न,ास,निव,नि","ɑːs̪,ʋɑːs̪,n̪ɪʋ,n̪ɪ,s̪,n̪",ास,,,
2894,निवासी,निवास,n̪ɪʋɑːs̪,resident,neutral,M,4,underived,,,0,0,animate,H,Person,0,0,1,"स,वास,न,ास,निव,नि","ɑːs̪,ʋɑːs̪,n̪ɪʋ,n̪ɪ,s̪,n̪",ास,,,
2895,निविदा,निविद,n̪ɪʋɪd̪,tender,NotAppl,F,3,underived,,,0,0,inanimate,I,Artifact,0,0,1,"द,न,विद,िद,निव,नि","d̪,n̪ɪʋ,n̪ɪ,ʋɪd̪,ɪd̪,n̪",,,,
2896,निवेदक,निवेदक,n̪ɪʋeːd̪ək,applicant,NotAppl,M,4,agentive1,agentive1,agentive1,0,1,animate,Q,Person,0,0,0,"दक,ेदक,न,क,निव,नि","k,d̪ək,ək,n̪ɪʋ,n̪ɪ,n̪",,ək,,
2897,निवेदन,निवेद,n̪ɪʋeːd̪,request,NotAppl,M,4,abstract_noun,abstract_noun,abstract_noun,0,1,inanimate,Q,Physical,0,0,1,"द,ेद,वेद,न,निव,नि","d̪,n̪ɪʋ,n̪ɪ,ʋeːd̪,eːd̪,n̪",,,,
2898,निवेश,निवेश,n̪ɪʋeːʃ,investment,NotAppl,M,4,underived,,,0,0,inanimate,I,Physical,0,0,1,"वेश,श,ेश,न,निव,नि","ʃ,eːʃ,n̪ɪʋ,n̪ɪ,n̪,ʋeːʃ",ेश,eːʃ,,
2899,निवेशक,निवेशक,n̪ɪʋeːʃək,investors,NotAppl,M,4,agentive1,agentive1,agentive1,0,1,animate,I,Person,0,0,0,"ेशक,शक,न,क,निव,नि","k,ʃək,ək,n̪ɪʋ,n̪ɪ,n̪",,ək,,
2900,निशान,निशान,n̪ɪʃɑːn̪,mark,NotAppl,M,4,abstract_emotion,,,0,1,inanimate,O,Object,0,1,0,"ान,निश,न,शान,नि","ɑːn̪,ʃɑːn̪,n̪ɪ,n̪,n̪ɪʃ",शान,ʃɑːn̪,,
2901,निशाना,निशान,n̪ɪʃɑːn̪,target,NotAppl,M,2,abstract_emotion,,,0,1,inanimate,X,Place,0,1,0,"ान,निश,न,शान,नि","ɑːn̪,ʃɑːn̪,n̪ɪ,n̪,n̪ɪʃ",शान,ʃɑːn̪,,
2902,निशानी,निशान,n̪ɪʃɑːn̪,sign,NotAppl,F,1,abstract6,abstract6,abstract6,0,1,inanimate,Q,Object,0,1,0,"ान,निश,न,शान,नि","ɑːn̪,ʃɑːn̪,n̪ɪ,n̪,n̪ɪʃ",शान,ʃɑːn̪,,
2903,निश्चय,निश्चय,n̪ɪʃt͡ʃəjə,determination,NotAppl,M,4,underived,,,0,0,inanimate,X,Action,0,0,1,"चय,य,निश,न,्चय,नि","n̪ɪ,əjə,ə,jə,n̪,n̪ɪʃ",य,"əjə,jə",य,jə
2904,निषेधाज्ञा,निषेधाज्ञ,n̪ɪʂeːd̪ʰɑːd͡ʒɲ,injunction,NotAppl,F,3,underived,,,1,0,inanimate,G,Abstract,0,0,0,"्ञ,ज्ञ,न,निष,ञ,नि","ɲ,n̪ɪ,ɑːd͡ʒɲ,d͡ʒɲ,n̪,n̪ɪʂ",,,,
2905,निष्कर्ष,निष्कर्ष,n̪ɪʂkəɾʂ,conclusion,NotAppl,M,4,underived,,,1,0,inanimate,X,Event,0,0,1,"्ष,र्ष,ष,न,निष,नि","əɾʂ,n̪ɪ,ɾʂ,ʂ,n̪,n̪ɪʂ",ष,ʂ,,
2906,निष्कासन,निष्कासन,n̪ɪʂkɑːs̪ən̪,expulsion,NotAppl,M,4,abstract_noun,abstract_noun,abstract_noun,0,1,inanimate,P,Social,0,0,1,"सन,न,निष,ासन,नि","n̪,n̪ɪ,s̪ən̪,ən̪,n̪ɪʂ","सन,ासन",s̪ən̪,,
2907,निष्ठा,निष्ठ,n̪ɪʂʈʰ,loyalty,NotAppl,F,3,underived,,,0,0,inanimate,S,Psychological Feature,0,0,1,"्ठ,न,ष्ठ,निष,ठ,नि","ʂʈʰ,ʈʰ,ɪʂʈʰ,n̪ɪ,n̪,n̪ɪʂ",,,,
2908,निष्पक्षता,निष्पक्ष,n̪ɪʂpəkʂ,fairness,NotAppl,F,3,underived,,,1,0,inanimate,G,Mental State,0,0,1,"्ष,ष,क्ष,न,निष,नि","kʂ,əkʂ,n̪ɪ,ʂ,n̪,n̪ɪʂ",ष,ʂ,,
2909,निष्पादन,निष्पादन,n̪ɪʂpɑːd̪ən̪,execution,NotAppl,M,4,underived,,,1,0,inanimate,L,Action,0,0,1,"दन,ादन,न,निष,नि","n̪,d̪ən̪,n̪ɪ,ən̪,n̪ɪʂ",,,,
2910,निस्तारण,निस्तार,n̪ɪs̪t̪ɑːɾ,disposal,NotAppl,M,4,abstract7,abstract7,abstract7,0,1,inanimate,X,Abstract,0,0,1,"तार,र,ार,निस,न,नि","n̪ɪs̪,n̪ɪ,ɾ,ɑːɾ,n̪,t̪ɑːɾ","र,ार","ɾ,ɑːɾ",र,ɾ
2911,निहितार्थ,निहितार्थ,n̪ɪɦɪt̪ɑːɾt̪ʰ,implications,NotAppl,M,4,underived,,,1,0,inanimate,A,Concept,0,0,0,"निह,र्थ,्थ,न,थ,नि","n̪ɪɦ,ɑːɾt̪ʰ,t̪ʰ,n̪ɪ,n̪,ɾt̪ʰ",,,,
2912,नींद,नींद,n̪ĩːd̪,sleep,NotAppl,F,3,underived,,,0,0,inanimate,B,Physiological  State,0,0,0,"द,नीं,नी,ंद,न,ींद","d̪,ĩːd̪,n̪ĩː,n̪,n̪ĩːd̪",ंद,,,
2913,नींबू,नींब,n̪ĩːb,lemon,NotAppl,M,4,underived,,,0,0,inanimate,F,Edible,0,0,0,"ींब,नीं,नी,ंब,न,ब","n̪ĩːb,b,n̪ĩː,n̪,ĩːb",,,,
2914,नींव,नींव,n̪ĩːʋ,foundation,NotAppl,F,3,underived,,,0,0,inanimate,T,Artifact,0,0,0,"नीं,नी,व,ंव,ींव,न","ʋ,ĩːʋ,n̪ĩː,n̪ĩːʋ,n̪",व,ʋ,व,ʋ
2915,नीचा,नीच,n̪iːt͡ʃ,low,NotAppl,M,2,underived,,,0,0,inanimate,N,Stative,0,0,0,"नी,नीच,न,च,ीच","t͡ʃ,n̪iːt͡ʃ,n̪iː,iːt͡ʃ,n̪",,,,
2916,नीत,नीत,n̪iːt̪,policy,NotAppl,F,3,underived,,,0,0,inanimate,X,Concept,0,0,1,"ीत,नी,नीत,त,न","n̪iːt̪,t̪,n̪iː,iːt̪,n̪","ीत,नीत,त","n̪iːt̪,t̪,iːt̪",त,t̪
2917,नीति,नीत,n̪iːt̪,policy,neutral,F,1,underived,,,0,0,inanimate,X,Social,0,0,1,"ीत,नी,नीत,त,न","n̪iːt̪,t̪,n̪iː,iːt̪,n̪","ीत,नीत,त","n̪iːt̪,t̪,iːt̪",त,t̪
2918,नीति,नीत,n̪iːt̪,policy,neutral,M,4,underived,,,0,0,inanimate,X,Social,0,0,1,"ीत,नी,नीत,त,न","n̪iːt̪,t̪,n̪iː,iːt̪,n̪","ीत,नीत,त","n̪iːt̪,t̪,iːt̪",त,t̪
2919,नीम,नीम,n̪iːm,neem,NotAppl,M,4,underived,,,0,0,animate,Z,Tree,0,0,0,"नी,म,न,नीम,ीम","iːm,n̪iː,m,n̪iːm,n̪",,,,
2920,नीयत,नीयत,n̪iːjət̪,intention,NotAppl,F,3,underived,,,0,0,inanimate,X,Abstract,0,1,0,"नी,यत,त,न,ीयत,नीय","n̪iːj,t̪,jət̪,n̪iː,ət̪,n̪","यत,त","t̪,jət̪","यत,त","t̪,jət̪"
2921,नीलगाय,नीलगाय,n̪iːlɡɑːjə,nilgai,NotAppl,F,3,underived,,,0,0,animate,Z,Mammal,0,0,0,"नी,ाय,य,न,नील,गाय","ɑːjə,n̪iːl,n̪iː,ə,jə,n̪",य,jə,य,jə
2922,नीलामी,नीलाम,n̪iːlɑːm,auction,NotAppl,F,1,abstract6,abstract6,abstract6,0,1,inanimate,I,Social,0,0,0,"नी,ाम,म,न,लाम,नील","n̪iː,m,lɑːm,n̪iːl,n̪,ɑːm",,,,
2923,नुकसान,नुकसान,n̪uks̪ɑːn̪,loss,NotAppl,M,4,underived,,,0,0,inanimate,I,Event,0,0,0,"ान,नु,न,सान,नुक","ɑːn̪,n̪u,n̪uk,s̪ɑːn̪,n̪",,,,
2924,नुक्कड़,नुक्कड़,n̪ukkəɽ,nook,NotAppl,M,4,underived,,,0,0,inanimate,M,Physical Place,0,0,0,"कड़,़,ड़,नु,न,नुक","əɽ,n̪u,ɽ,n̪uk,kəɽ,n̪","़,ड़",ɽ,़,
2925,नुक्ताचीनी,नुक्ताचीन,n̪ukt̪ɑːt͡ʃiːn̪,nitpicking,NotAppl,F,1,underived,,,1,0,inanimate,Q,Physical,0,0,0,"नु,न,ीन,चीन,नुक","iːn̪,n̪u,t͡ʃiːn̪,n̪uk,n̪",,,,
2926,नुमाइंद,नुमाइंद,n̪umɑːɪ̃d̪,representative,NotAppl,M,4,underived,,,0,0,animate,Q,Abstract,0,0,0,"द,इंद,नुम,ंद,नु,न","d̪,ɪ̃d̪,n̪u,ɑːɪ̃d̪,n̪,n̪um",ंद,,,
2927,नुमाइंदगी,नुमाइंद,n̪umɑːɪ̃d̪,representation,NotAppl,F,1,position_role,,,0,1,inanimate,G,Abstract,0,1,0,"द,इंद,नुम,ंद,नु,न","d̪,ɪ̃d̪,n̪u,ɑːɪ̃d̪,n̪,n̪um",ंद,,,
2928,नुमाइंदा,नुमाइंद,n̪umɑːɪ̃d̪,representative,NotAppl,M,2,underived,,,0,0,animate,Q,Person,0,1,0,"द,इंद,नुम,ंद,नु,न","d̪,ɪ̃d̪,n̪u,ɑːɪ̃d̪,n̪,n̪um",ंद,,,
2929,नृत्य,नृत्य,n̪ɾɨt̪jə,dance,NotAppl,M,4,underived,,,0,0,inanimate,K,Art,0,0,1,"्य,नृ,त्य,य,न,नृत","n̪ɾɨ,ə,jə,n̪,t̪jə,n̪ɾ","्य,य",jə,य,jə
2930,नेट,नेट,n̪eːʈ,net,NotAppl,M,4,underived,,,0,0,inanimate,O,Artifact,1,0,0,"ने,नेट,ट,न,ेट","n̪eːʈ,n̪eː,eːʈ,ʈ,n̪",,,,
2931,नेटवर्क,नेटवर्क,n̪eːʈʋəɾk,network,NotAppl,M,4,underived,,,0,0,inanimate,S,Communication,1,0,0,"ने,नेट,्क,र्क,न,क","n̪eːʈ,k,n̪eː,ɾk,əɾk,n̪",र्क,"ɾk,əɾk",,
2932,नेटसर्फिंग,नेटसर्फिंग,n̪eːʈs̪əɾpʰɪ̃ɡ,netsurfing,NotAppl,F,3,underived,,,0,0,inanimate,Z,Common Noun,1,0,0,"ने,नेट,न,िंग,ंग,ग","n̪eːʈ,n̪eː,pʰɪ̃ɡ,ɪ̃ɡ,ɡ,n̪","िंग,ंग,ग","ɪ̃ɡ,ɡ","िंग,ंग","ɪ̃ɡ,ɡ"
2933,नेता,नेत,n̪eːt̪,leader,neutral,F,3,underived,,,0,0,animate,S,Person,0,0,1,"ने,नेत,त,न,ेत","t̪,n̪eː,eːt̪,n̪eːt̪,n̪",त,t̪,त,t̪
2934,नेता,नेत,n̪eːt̪,leader,neutral,M,4,underived,,,0,0,animate,S,Person,0,0,1,"ने,नेत,त,न,ेत","t̪,n̪eː,eːt̪,n̪eːt̪,n̪",त,t̪,त,t̪
2935,नेताजी,नेताज,n̪eːt̪ɑːd͡ʒ,netaji,NotAppl,M,4,underived,,,1,0,animate,Z,Person,0,0,0,"ने,ताज,नेत,न,ाज,ज","ɑːd͡ʒ,n̪eː,d͡ʒ,t̪ɑːd͡ʒ,n̪eːt̪,n̪",,,,
2936,नेतृत्व,नेतृत्व,n̪eːt̪ɾɨt̪ʋə,leadership,neutral,F,0,underived,,,0,0,inanimate,S,Action,0,0,1,"ने,व,नेत,्व,न,त्व","ʋə,t̪ʋə,n̪eː,ə,n̪eːt̪,n̪","व,्व",ʋə,व,
2937,नेतृत्व,नेतृत्व,n̪eːt̪ɾɨt̪ʋə,leadership,neutral,M,0,underived,,,0,0,inanimate,S,Action,0,0,1,"ने,व,नेत,्व,न,त्व","ʋə,t̪ʋə,n̪eː,ə,n̪eːt̪,n̪","व,्व",ʋə,व,
2938,नेनुआ,नेनु,n̪eːn̪u,nenua,NotAppl,M,2,underived,,,0,0,inanimate,Z,Edible,1,0,0,"ने,ु,नु,न,ेनु,नेन","n̪eːn̪,n̪eː,u,n̪u,eːn̪u,n̪",,,,
2939,नेपकीन,नेपकीन,n̪eːpkiːn̪,napkin,NotAppl,M,4,underived,,,0,0,inanimate,B,Common Noun,1,0,0,"ने,नेप,कीन,न,ीन","n̪eːp,iːn̪,n̪eː,kiːn̪,n̪",,,,
2940,नेपाल,नेपाल,n̪eːpɑːl,nepal,NotAppl,M,0,underived,,,0,0,inanimate,Z,Physical Place,0,0,1,"ने,नेप,पाल,ाल,न,ल","n̪eːp,n̪eː,pɑːl,l,n̪,ɑːl",,,,
2941,नेवी,नेव,n̪eːʋ,navy,NotAppl,F,1,underived,,,0,0,inanimate,G,Group,1,0,0,"ने,व,नेव,न,ेव","n̪eː,eːʋ,ʋ,n̪,n̪eːʋ",व,ʋ,व,ʋ
2942,नैतिकता,नैतिक,n̪əɪt̪ɪk,ethics,NotAppl,F,3,abstract8,abstract8,abstract8,0,1,inanimate,G,State,0,0,1,"नै,नैत,न,िक,क,तिक","k,ɪk,n̪əɪ,n̪ə,n̪,t̪ɪk",,,,
2943,नैया,नैय,n̪əɪjə,naiya,NotAppl,F,3,underived,,,0,0,inanimate,Z,Artifact,0,0,0,"नै,य,न,नैय,ैय","n̪əɪ,n̪ə,ɪjə,ə,jə,n̪",य,jə,य,jə
2944,नॉटिकल,नॉटिकल,n̪ɔʈɪkəl,nautical,NotAppl,M,4,underived,,,0,0,inanimate,M,Abstract,1,0,0,"नॉ,िकल,न,कल,नॉट,ल","n̪ɔʈ,kəl,əl,n̪ɔ,l,n̪",,əl,,
2945,नॉनवेज,नॉनवेज,n̪ɔn̪ʋeːd͡ʒ,non veg,NotAppl,M,4,underived,,,0,0,inanimate,T,Common Noun,1,0,0,"नॉ,न,वेज,ज,नॉन,ेज","ʋeːd͡ʒ,eːd͡ʒ,n̪ɔn̪,d͡ʒ,n̪ɔ,n̪",,,,
2946,नॉर्थ,नॉर्थ,n̪ɔɾt̪ʰ,north,NotAppl,M,4,underived,,,0,0,inanimate,M,Group,1,0,0,"नॉ,र्थ,्थ,न,थ,नॉर","ɔɾt̪ʰ,t̪ʰ,n̪ɔɾ,n̪ɔ,n̪,ɾt̪ʰ",,,,
2947,नो,न,n̪,no,NotAppl,M,0,underived,,,0,0,inanimate,Z,Artifact,1,0,0,न,n̪,,,,
2948,नोंक,नोंक,n̪õːk,tip,NotAppl,F,3,underived,,,0,0,inanimate,N,Part of,0,0,0,"न,ोंक,नों,क,नो,ंक","k,n̪õːk,n̪õː,õːk,n̪",,,,
2949,नोएडावासी,नोएडा,n̪oːeːɖɑː,noida residents,NotAppl,M,4,resident,,,0,1,animate,Z,Common Noun,0,0,0,"नोए,डा,ा,न,एडा,नो","ɑː,n̪oːeː,eːɖɑː,n̪oː,ɖɑː,n̪",ा,,ा,
2950,नोक,नोक,n̪oːk,nozzle,NotAppl,F,3,underived,,,0,0,inanimate,O,Part of,0,1,0,"नोक,ोक,न,क,नो","k,oːk,n̪oːk,n̪oː,n̪",,,,
2951,नोकझोंक,नोकझोंक,n̪oːkd͡ʒʰõːk,altercation,NotAppl,F,3,underived,,,1,0,inanimate,E,Physical,0,0,0,"नोक,न,ोंक,क,नो,ंक","k,d͡ʒʰõːk,n̪oːk,n̪oː,õːk,n̪",,,,
2952,नोज,नोज,n̪oːd͡ʒ,noose,NotAppl,F,3,underived,,,0,0,inanimate,O,Anatomical,1,0,0,"नोज,ोज,न,ज,नो","oːd͡ʒ,n̪oːd͡ʒ,d͡ʒ,n̪oː,n̪",,,,
2953,नोट,नोट,n̪oːʈ,note,NotAppl,M,4,underived,,,0,0,inanimate,Q,Artifact,1,0,0,"ट,ोट,नोट,न,नो","oːʈ,ʈ,n̪oːʈ,n̪oː,n̪",,,,
2954,नोटिफिकेशन,नोटिफिकेशन,n̪oːʈɪpʰɪkeːʃən̪,notification,NotAppl,M,4,underived,,,0,0,inanimate,Q,Communication,1,0,0,"शन,नोट,ेशन,न,नो","n̪,n̪oːʈ,n̪oː,ən̪,ʃən̪","शन,ेशन",ʃən̪,ेशन,
2955,नोटिस,नोटिस,n̪oːʈɪs̪,notice,neutral,F,3,underived,,,0,0,inanimate,X,information,1,0,0,"स,नोट,िस,टिस,न,नो","ɪs̪,ʈɪs̪,n̪oːʈ,s̪,n̪oː,n̪",,,,
2956,नोटिस,नोटिस,n̪oːʈɪs̪,notice,neutral,M,4,underived,,,0,0,inanimate,X,information,1,0,0,"स,नोट,िस,टिस,न,नो","ɪs̪,ʈɪs̪,n̪oːʈ,s̪,n̪oː,n̪",,,,
2957,नोमिनी,नोमिन,n̪oːmɪn̪,nominee,NotAppl,M,4,underived,,,0,0,animate,X,Concept,1,0,0,"नोम,िन,मिन,न,नो","ɪn̪,n̪oː,n̪,mɪn̪,n̪oːm",,,,
2958,नौकर,नौकर,n̪əukəɾ,servant,NotAppl,M,4,underived,,,0,0,animate,S,Person,0,1,0,"ौकर,कर,र,नौ,नौक,न","n̪əu,n̪ə,ɾ,kəɾ,əɾ,n̪","कर,र","ɾ,kəɾ,əɾ","कर,र","ɾ,kəɾ,əɾ"
2959,नौकरशाह,नौकरशाह,n̪əukəɾʃɑːɦ,bureaucrat,NotAppl,M,4,underived,,,1,0,animate,G,Person,0,0,0,"नौ,ाह,ह,नौक,न,शाह","n̪əu,ɑːɦ,ɦ,n̪ə,ʃɑːɦ,n̪",ाह,ɑːɦ,,
2960,नौकरशाही,नौकरशाह,n̪əukəɾʃɑːɦ,bureaucracy,NotAppl,F,1,abstract6,abstract6,abstract6,0,1,inanimate,G,Social State,0,0,0,"नौ,ाह,ह,नौक,न,शाह","n̪əu,ɑːɦ,ɦ,n̪ə,ʃɑːɦ,n̪",ाह,ɑːɦ,,
2961,नौकरी,नौकर,n̪əukəɾ,job,NotAppl,F,1,abstract6,abstract6,abstract6,0,1,inanimate,I,Physical,0,1,0,"ौकर,कर,र,नौ,नौक,न","n̪əu,n̪ə,ɾ,kəɾ,əɾ,n̪","कर,र","ɾ,kəɾ,əɾ","कर,र","ɾ,kəɾ,əɾ"
2962,नौका,नौक,n̪əuk,yacht,NotAppl,F,3,underived,,,0,0,inanimate,M,Artifact,0,0,1,"ौक,नौ,नौक,न,क","k,n̪əu,n̪ə,əuk,uk,n̪",,,,
2963,नौकायन,कायन,kɑːjən̪,sailing,NotAppl,M,4,new,,,0,1,inanimate,M,Action,0,0,0,"यन,काय,न,ायन,का,क","kɑːj,k,kɑː,jən̪,ən̪,n̪",,,,
2964,नौजवान,जवान,d͡ʒəʋɑːn̪,young man,NotAppl,M,4,new,,,0,1,animate,T,Person,0,0,0,"ान,वान,जवा,न,ज,जव","d͡ʒə,ɑːn̪,d͡ʒ,ʋɑːn̪,d͡ʒəʋ,n̪",,,,
2965,नौबत,नौबत,n̪əubət̪,noob,NotAppl,F,3,underived,,,0,0,inanimate,Z,Period,0,1,0,"बत,नौ,ौबत,त,न,नौब","bət̪,n̪əu,t̪,n̪ə,ət̪,n̪","बत,त","bət̪,t̪",त,t̪
2966,नौसिखिया,सिखिया,s̪ɪkʰɪjɑː,newbie,NotAppl,M,2,new,,,0,1,animate,M,Person,0,0,0,"स,सि,ा,िया,या,सिख","ɪjɑː,s̪ɪkʰ,ɑː,jɑː,s̪ɪ,s̪","ा,या",jɑː,ा,
2967,नौसेना,सेना,s̪eːn̪ɑː,navy,NotAppl,F,3,new,,,0,1,inanimate,G,Group,0,0,0,"स,ेना,ा,ना,सेन,से","eːn̪ɑː,ɑː,s̪eːn̪,s̪,n̪ɑː,s̪eː",ा,,ा,
2968,नौसैनिक,नौसैनि,n̪əus̪əɪn̪ɪ,marine corps,NotAppl,M,4,agentive1,agentive1,agentive1,0,1,animate,Z,Person,0,0,0,"ैनि,नौ,नौस,न,ि,नि","n̪əu,n̪ə,ɪ,n̪ɪ,n̪,ɪn̪ɪ",ि,,ि,
2969,न्यापालिका,न्यापालिक,n̪jɑːpɑːlɪk,judiciary,NotAppl,F,3,underived,,,1,0,inanimate,G,Common Noun,0,0,0,"लिक,न्,न,न्य,िक,क","n̪j,k,n̪jɑː,ɪk,lɪk,n̪",,,,
2970,न्याय,न्याय,n̪jɑːjə,justice,NotAppl,M,4,underived,,,0,0,inanimate,G,Psychological Feature,0,0,1,"ाय,याय,य,न्,न,न्य","n̪j,n̪jɑː,ɑːjə,ə,jə,n̪",य,jə,य,jə
2971,न्यायधीश,न्यायधीश,n̪jɑːjd̪ʰiːʃ,judge,NotAppl,M,4,underived,,,1,0,animate,G,Common Noun,0,0,0,"ीश,श,न्,न,न्य,धीश","n̪j,iːʃ,n̪jɑː,ʃ,d̪ʰiːʃ,n̪",,,,
2972,न्यायपालिका,न्यायपालिक,n̪jɑːjpɑːlɪk,judiciary,NotAppl,F,3,underived,,,1,0,inanimate,G,Group,0,0,0,"लिक,न्,न,न्य,िक,क","n̪j,k,n̪jɑː,ɪk,lɪk,n̪",,,,
2973,न्यायमूर्ति,न्यायमूर्त,n̪jɑːjmuːɾt̪,justice,neutral,F,1,underived,,,1,0,inanimate,G,Person,0,0,0,"्त,र्त,त,न्,न,न्य","n̪j,n̪jɑː,t̪,ɾt̪,uːɾt̪,n̪","्त,त","t̪,uːɾt̪","्त,त",t̪
2974,न्यायमूर्ति,न्यायमूर्त,n̪jɑːjmuːɾt̪,justice,neutral,M,4,underived,,,1,0,inanimate,G,Person,0,0,0,"्त,र्त,त,न्,न,न्य","n̪j,n̪jɑː,t̪,ɾt̪,uːɾt̪,n̪","्त,त","t̪,uːɾt̪","्त,त",t̪
2975,न्यायाधीश,न्यायाधीश,n̪jɑːjɑːd̪ʰiːʃ,judge,NotAppl,M,4,underived,,,1,0,animate,G,Person,0,0,0,"ीश,श,न्,न,न्य,धीश","n̪j,iːʃ,n̪jɑː,ʃ,d̪ʰiːʃ,n̪",,,,
2976,न्यायालय,न्यायालय,n̪jɑːjɑːljə,court,NotAppl,M,4,underived,,,1,0,inanimate,G,Physical Place,0,0,0,"लय,य,न्,न,न्य,ालय","ljə,n̪j,n̪jɑː,ə,jə,n̪","लय,य","ljə,jə",य,jə
2978,न्यूज़,न्यूज़,n̪juːz,news,NotAppl,F,3,underived,,,0,0,inanimate,X,Communication,1,0,0,"़,न्,न,न्य,ूज़,ज़","n̪j,n̪juː,juːz,uːz,n̪,z",़,,़,
2979,न्यूनतम,न्यूनतम,n̪juːn̪t̪əm,minimum,NotAppl,M,4,underived,,,1,0,inanimate,N,Stative,0,0,1,"नतम,तम,न्,म,न्य,न","n̪j,əm,n̪juː,m,t̪əm,n̪",,,,
2980,न्यूरो,न्यूर,n̪juːɾ,neuro,NotAppl,M,4,underived,,,0,0,inanimate,B,Anatomical,1,0,0,"यूर,र,ूर,न्,न,न्य","n̪j,n̪juː,juːɾ,uːɾ,ɾ,n̪",र,ɾ,र,ɾ
2983,न्यौता,न्यौत,n̪jəut̪,invitation,NotAppl,M,2,underived,,,0,0,inanimate,Q,Social,0,0,0,"यौत,ौत,त,न्,न,न्य","əut̪,n̪j,ut̪,t̪,n̪,n̪jə",त,t̪,त,t̪
2984,पंक्ति,पंक्त,pə̃kt̪,line,NotAppl,F,1,underived,,,0,0,inanimate,O,physical State,0,0,1,"्त,प,त,पं,क्त,पंक","pə̃k,t̪,ə̃kt̪,pə̃,p,kt̪","्त,त",t̪,"्त,त",t̪
2985,पंखा,पंख,pə̃kʰ,fan,NotAppl,M,2,underived,,,0,0,inanimate,E,Artifact,0,0,0,"प,ख,पं,पंख,ंख","pə̃kʰ,pə̃,p,kʰ,ə̃kʰ",,,,
2986,पंखुडी,पंखुड,pə̃kʰuɖ,petals,NotAppl,F,1,dimunitive2,,,0,1,inanimate,L,Physical State,0,0,0,"ड,प,खुड,ुड,पं,पंख","pə̃kʰ,uɖ,ɖ,pə̃,p,kʰuɖ",,,,
2987,पंच,पंच,pə̃t͡ʃ,punch,NotAppl,M,4,underived,,,0,0,inanimate,E,Group,0,0,1,"पंच,ंच,प,पं,च","t͡ʃ,pə̃,ə̃t͡ʃ,p,pə̃t͡ʃ",,,,
2988,पंचकेदार,पंचकेदार,pə̃t͡ʃkeːd̪ɑːɾ,panchkedar,NotAppl,M,4,underived,,,1,0,inanimate,Z,Physical State,0,0,0,"पंच,र,ार,प,पं,दार","pə̃,p,ɾ,ɑːɾ,d̪ɑːɾ,pə̃t͡ʃ","र,ार","ɾ,ɑːɾ",र,ɾ
2989,पंचतत्व,पंचतत्व,pə̃t͡ʃət̪t̪ʋə,panchtatva,NotAppl,M,4,underived,,,1,0,inanimate,Z,Natural Object,0,0,0,"पंच,व,प,्व,पं,त्व","ʋə,t̪ʋə,pə̃,p,ə,pə̃t͡ʃ","व,्व",ʋə,व,
2990,पंचतारा,पंचतार,pə̃t͡ʃt̪ɑːɾ,five star,NotAppl,M,2,underived,,,1,0,inanimate,A,Stative,0,0,0,"पंच,तार,र,ार,प,पं","pə̃,p,ɾ,ɑːɾ,t̪ɑːɾ,pə̃t͡ʃ","र,ार","ɾ,ɑːɾ",र,ɾ
2991,पंचनामा,पंचनाम,pə̃t͡ʃn̪ɑːm,panchnama,NotAppl,M,2,underived,,,1,0,inanimate,Z,Artifact,0,0,0,"पंच,प,नाम,पं,म,ाम","pə̃,m,p,n̪ɑːm,ɑːm,pə̃t͡ʃ",,,,
2992,पंचायत,पंचायत,pə̃t͡ʃɑːjət̪,panchayat,neutral,F,3,underived,,,1,0,inanimate,Z,Group,0,0,0,"पंच,प,यत,ायत,त,पं","t̪,jət̪,pə̃,ət̪,p,pə̃t͡ʃ","यत,ायत,त","t̪,jət̪","यत,त","t̪,jət̪"
2993,पंचायत,पंचायत,pə̃t͡ʃɑːjət̪,panchayat,neutral,M,4,underived,,,1,0,inanimate,Z,Group,0,0,0,"पंच,प,यत,ायत,त,पं","t̪,jət̪,pə̃,ət̪,p,pə̃t͡ʃ","यत,ायत,त","t̪,jət̪","यत,त","t̪,jət̪"
2994,पंछी,पंछ,pə̃t͡ʃʰ,birds,NotAppl,M,4,underived,,,0,0,animate,L,Birds,0,0,0,"प,पंछ,ंछ,पं,छ","ə̃t͡ʃʰ,t͡ʃʰ,pə̃,p,pə̃t͡ʃʰ",छ,t͡ʃʰ,छ,t͡ʃʰ
2995,पंजाबी,पंजाब,pə̃d͡ʒɑːb,punjabi,NotAppl,M,4,abstract6,abstract6,abstract6,0,1,inanimate,Z,Person,0,0,0,"पंज,प,पं,ाब,ब,जाब","d͡ʒɑːb,pə̃d͡ʒ,pə̃,p,b,ɑːb",,,,
2996,पंजीकरण,पंजीकर,pə̃d͡ʒiːkəɾ,registration,NotAppl,M,4,abstract7,abstract7,abstract7,0,1,inanimate,Q,Social,0,0,1,"पंज,कर,र,प,ीकर,पं","pə̃d͡ʒ,pə̃,p,ɾ,kəɾ,əɾ","कर,र","ɾ,kəɾ,əɾ","कर,र","ɾ,kəɾ,əɾ"
2997,पंडाल,पंडाल,pə̃ɖɑːl,pandal,NotAppl,M,4,underived,,,0,0,inanimate,Z,Artifact,0,0,0,"डाल,पंड,प,पं,ाल,ल","pə̃ɖ,ɖɑːl,pə̃,p,l,ɑːl",,,,
2998,पंडित,पंडित,pə̃ɖɪt̪,pandit,NotAppl,M,4,underived,,,0,0,animate,Z,Person,0,0,1,"डित,पंड,प,त,पं,ित","ɪt̪,pə̃ɖ,t̪,pə̃,p,ɖɪt̪",त,t̪,त,t̪
2999,पंथ,पंथ,pə̃t̪ʰ,cult,NotAppl,M,4,underived,,,0,0,inanimate,S,Physical Place,0,0,0,"प,पं,ंथ,पंथ,थ","ə̃t̪ʰ,pə̃,t̪ʰ,p,pə̃t̪ʰ",ंथ,ə̃t̪ʰ,,
3000,पंप,पंप,pə̃p,pump,NotAppl,M,4,underived,,,0,0,inanimate,M,Artifact,0,0,0,"पंप,ंप,पं,प","p,pə̃,ə̃p,pə̃p",,,,
3001,पकड,पकड,pəkəɖ,catch,NotAppl,F,3,underived,,,0,0,inanimate,A,Anatomical,0,0,0,"ड,कड,पक,प,पकड","pə,əɖ,ɖ,kəɖ,pək,p",,,,
3003,पकौडा,पकौड,pəkəuɖ,dumplings,NotAppl,M,2,underived,,,0,0,inanimate,F,Edible,0,0,0,"कौड,ड,पक,प,ौड,पकौ","pə,uɖ,ɖ,əuɖ,pək,p",,,,
3004,पकौडी,पकौड,pəkəuɖ,dumplings,NotAppl,F,1,underived,,,0,0,inanimate,F,Edible,0,0,0,"कौड,ड,पक,प,ौड,पकौ","pə,uɖ,ɖ,əuɖ,pək,p",,,,
3005,पक्ष,पक्ष,pəkʂ,party,NotAppl,M,4,underived,,,0,0,inanimate,K,Anatomical,0,0,1,"्ष,पक्,पक,प,ष,क्ष","pə,kʂ,əkʂ,pək,p,ʂ",ष,ʂ,,
3006,पक्षकार,पक्ष,pəkʂ,parties,NotAppl,M,4,agentive_activity1,agentive_activity1,agentive_activity1,0,1,inanimate,S,Person,0,0,0,"्ष,पक्,पक,प,ष,क्ष","pə,kʂ,əkʂ,pək,p,ʂ",ष,ʂ,,
3007,पक्षधर,पक्षधर,pəkʂəd̪ʰəɾ,partisan,NotAppl,M,4,underived,,,0,0,animate,S,Person,0,0,0,"पक्,र,पक,प,षधर,धर","d̪ʰəɾ,pə,pək,p,ɾ,əɾ",र,"ɾ,əɾ",र,"ɾ,əɾ"
3008,पक्षी,पक्ष,pəkʂ,bird,NotAppl,M,4,underived,,,0,0,animate,L,Birds,0,0,1,"्ष,पक्,पक,प,ष,क्ष","pə,kʂ,əkʂ,pək,p,ʂ",ष,ʂ,,
3009,पखवाड़ा,पखवाड़,pəkʰʋɑːɽ,fortnight,NotAppl,M,2,underived,,,1,0,inanimate,T,Period,0,0,0,"ाड़,प,़,ड़,पखव,पख","pə,ɑːɽ,p,ɽ,pəkʰ,ʋɑːɽ","ाड़,़,ड़","ɑːɽ,ɽ",़,
3010,पखवाड़े,पखवाड़,pəkʰʋɑːɽ,fortnight,NotAppl,M,4,underived,,,1,0,inanimate,T,Period,0,0,0,"ाड़,प,़,ड़,पखव,पख","pə,ɑːɽ,p,ɽ,pəkʰ,ʋɑːɽ","ाड़,़,ड़","ɑːɽ,ɽ",़,
3011,पगडंडी,पगडंड,pəɡɖə̃ɖ,trail,NotAppl,F,1,underived,,,1,0,inanimate,O,Physical Place,0,0,0,"पग,ड,प,ंड,पगड,डंड","pə,pəɡ,ə̃ɖ,ɖ,p,ɖə̃ɖ",,,,
3012,पगडी,पगड,pəɡəɖ,turban,NotAppl,F,1,underived,,,0,0,inanimate,Z,Artifact,0,0,0,"पग,ड,प,पगड,गड","pə,pəɡ,əɖ,ɖ,p,ɡəɖ",,,,
3013,पचडा,पचड,pət͡ʃəɖ,pachda,NotAppl,M,2,underived,,,0,0,inanimate,Z,Abstract,0,0,0,"पच,ड,पचड,प,चड","pə,əɖ,ɖ,pət͡ʃ,t͡ʃəɖ,p",,,,
3014,पछुआ,पछु,pət͡ʃʰu,west,NotAppl,F,3,underived,,,0,0,inanimate,M,Natural Object,0,0,0,"पछु,छु,प,ु,पछ","pə,u,t͡ʃʰu,p,ət͡ʃʰu,pət͡ʃʰ",छु,t͡ʃʰu,,
3015,पट,पट,pəʈ,septum,NotAppl,M,4,underived,,,0,0,inanimate,B,Artifact,0,0,0,"ट,पट,प","əʈ,pə,p,ʈ,pəʈ",,əʈ,,
3016,पटकथा,पटकथ,pəʈkət̪ʰ,screenplay,NotAppl,F,3,underived,,,1,0,inanimate,Q,Cognition,0,0,0,"प,पटक,पट,टकथ,थ,कथ","pə,t̪ʰ,p,pəʈ,kət̪ʰ,ət̪ʰ",,ət̪ʰ,,
3017,पटरी,पटर,pəʈəɾ,track,NotAppl,F,1,underived,,,0,0,inanimate,M,Artifact,0,0,0,"र,प,पट,टर,पटर","pə,p,ɾ,pəʈ,əɾ,ʈəɾ","र,टर","ɾ,əɾ,ʈəɾ","र,टर","ɾ,əɾ,ʈəɾ"
3018,पटल,पटल,pəʈəl,table,NotAppl,M,4,underived,,,0,0,inanimate,H,Artifact,0,0,1,"टल,प,पटल,पट,ल","pə,ʈəl,p,əl,pəʈ,l",,əl,,
3019,पटाखा,पटाख,pəʈɑːkʰ,firecracker,NotAppl,M,2,underived,,,0,0,inanimate,Z,Artifact,0,0,0,"प,ख,ाख,पट,टाख,पटा","ʈɑːkʰ,ɑːkʰ,pə,p,pəʈ,kʰ",,,,
3020,पटुवा,पटुव,pəʈuʋ,patuwa,NotAppl,M,2,underived,,,0,0,inanimate,Z,Natural Object,0,0,0,"व,प,पट,पटु,टुव,ुव","uʋ,pə,ʋ,p,pəʈ,ʈuʋ",व,ʋ,व,ʋ
3021,पटैटो,पटैट,pəʈəɪʈ,potato,NotAppl,M,4,underived,,,0,0,inanimate,L,Edible,0,0,0,"ट,पटै,प,टैट,पट,ैट","pə,ɪʈ,əɪʈ,p,ʈ,pəʈ",,ɪʈ,,
3022,पट्टिका,पट्टिक,pəʈʈɪk,plaque,NotAppl,F,3,underived,,,0,0,inanimate,O,Artifact,0,0,1,"प,िक,पट,क,टिक,पट्","k,ɪk,pə,ʈɪk,p,pəʈ",,,,
3023,पट्टी,पट्ट,pəʈʈ,strip,NotAppl,F,1,underived,,,0,0,inanimate,O,Artifact,0,0,0,"ट,प,ट्ट,्ट,पट,पट्","əʈʈ,pə,ʈʈ,p,ʈ,pəʈ",ट्ट,ʈʈ,,
3024,पठार,पठार,pəʈʰɑːɾ,plateau,NotAppl,M,4,underived,,,0,0,inanimate,N,Physical Place,0,0,0,"पठ,पठा,र,ार,प,ठार","pə,pəʈʰ,p,ɾ,ɑːɾ,ʈʰɑːɾ","र,ार","ɾ,ɑːɾ",र,ɾ
3026,पड़ताल,पड़ताल,pəɽt̪ɑːl,investigation,NotAppl,F,3,underived,,,0,0,inanimate,X,Action,0,0,0,"प,पड,ाल,ताल,पड़,ल","pə,t̪ɑːl,p,l,ɑːl,pəɽ",,,,
3027,पड़ाव,पड़ाव,pəɽɑːʋ,stopover,NotAppl,M,4,result_nouns,,,0,1,inanimate,T,Physical Place,0,0,0,"व,ाव,पड,प,़ाव,पड़","pə,ɽɑːʋ,ʋ,p,ɑːʋ,pəɽ","व,ाव",ʋ,"व,ाव",ʋ
3028,पड़ोस,पड़ोस,pəɽoːs̪,neighborhood,NotAppl,M,4,underived,,,0,0,inanimate,N,Physical Place,0,0,0,"स,ोस,प,पड,पड़,़ोस","pə,p,ɽoːs̪,s̪,oːs̪,pəɽ",,,,
3029,पड़ोसी,पड़ोस,pəɽoːs̪,neighbour,NotAppl,M,4,abstract6,abstract6,abstract6,0,1,animate,M,Person,0,0,0,"स,ोस,प,पड,पड़,़ोस","pə,p,ɽoːs̪,s̪,oːs̪,pəɽ",,,,
3033,पढ़ा,पढ़,pəɽʰ,read,NotAppl,F,1,underived,,,0,0,inanimate,Q,Communication,0,0,0,"प,़,पढ़,ढ़,पढ","pə,əɽʰ,pəɽʰ,ɽʰ,p","़,ढ़",ɽʰ,़,
3034,पढ़ाई,पढ़ा,pəɽʰɑː,studies,NotAppl,F,1,abstract1,abstract1,abstract1,0,1,inanimate,P,Physical,0,0,0,"़ा,ा,प,ढ़ा,पढ़,पढ","ɽʰɑː,pə,pəɽʰ,ɑː,p,əɽʰɑː","़ा,ा",,ा,
3035,पतंग,पतंग,pət̪ə̃ɡ,kite,NotAppl,F,3,underived,,,0,0,inanimate,K,Artifact,0,0,1,"प,तंग,पत,ंग,ग,पतं","pə,ə̃ɡ,p,ɡ,t̪ə̃ɡ,pət̪","ंग,ग",ɡ,ंग,ɡ
3036,पतन,पतन,pət̪ən̪,downfall,NotAppl,M,4,underived,,,0,0,inanimate,X,Action,0,0,1,"पतन,प,तन,न,पत","pə,t̪ən̪,p,ən̪,n̪,pət̪",,,,
3037,पता,पत,pət̪,address,NotAppl,M,2,underived,,,0,0,inanimate,H,Abstract,0,1,0,"पत,त,प","pə,t̪,ət̪,p,pət̪",त,t̪,त,t̪
3038,पति,पत,pət̪,husband,NotAppl,M,4,underived,,,0,0,animate,S,Person,0,0,1,"पत,त,प","pə,t̪,ət̪,p,pət̪",त,t̪,त,t̪
3039,पत्तन,पत्तन,pət̪t̪ən̪,port,NotAppl,M,4,underived,,,0,0,inanimate,M,Common Noun,0,0,1,"्तन,पत्,प,तन,न,पत","pə,t̪ən̪,p,ən̪,n̪,pət̪",,,,
3040,पत्ता,पत्त,pət̪t̪,address,NotAppl,M,2,underived,,,0,0,inanimate,H,Natural Object,0,0,0,"्त,त्त,पत्,प,त,पत","pə,ət̪t̪,t̪,t̪t̪,p,pət̪","्त,त्त,त","ət̪t̪,t̪,t̪t̪","्त,त",t̪
3041,पत्ती,पत्त,pət̪t̪,leaf,NotAppl,F,1,underived,,,0,0,inanimate,L,Natural Object,0,0,0,"्त,त्त,पत्,प,त,पत","pə,ət̪t̪,t̪,t̪t̪,p,pət̪","्त,त्त,त","ət̪t̪,t̪,t̪t̪","्त,त",t̪
3042,पत्थर,पत्थर,pət̪t̪ʰəɾ,stone,NotAppl,M,4,underived,,,0,0,inanimate,O,Natural Object,0,0,0,"पत्,र,प,थर,पत,्थर","pə,p,ɾ,t̪ʰəɾ,əɾ,pət̪",र,"ɾ,əɾ",र,"ɾ,əɾ"
3043,पत्थरबाजी,पत्थरबाज,pət̪t̪ʰəɾbɑːd͡ʒ,stonewalling,NotAppl,F,1,abstract6,abstract6,abstract6,0,1,inanimate,Z,Physical,0,0,0,"पत्,प,ाज,ज,पत,बाज","bɑːd͡ʒ,pə,ɑːd͡ʒ,d͡ʒ,p,pət̪",,,,
3044,पत्नी,पत्न,pət̪n̪,wife,NotAppl,F,1,underived,,,0,0,animate,S,Person,0,0,1,"पत्,प,न,त्न,पत,्न","pə,p,ət̪n̪,t̪n̪,n̪,pət̪",,,,
3045,पत्र,पत्र,pət̪ɾ,letter,NotAppl,M,4,underived,,,0,0,inanimate,Q,Artifact,0,0,0,"पत्,र,प,्र,त्र,पत","pə,ət̪ɾ,p,ɾ,t̪ɾ,pət̪",र,ɾ,र,ɾ
3046,पत्रकार,पत्र,pət̪ɾ,journalist,NotAppl,M,4,agentive_activity1,agentive_activity1,agentive_activity1,0,1,animate,Q,Person,0,0,0,"पत्,र,प,्र,त्र,पत","pə,ət̪ɾ,p,ɾ,t̪ɾ,pət̪",र,ɾ,र,ɾ
3047,पत्रकारिता,पत्रकारि,pət̪ɾəkɑːɾɪ,journalism,NotAppl,F,3,abstract8,abstract8,abstract8,0,1,inanimate,Q,Action,0,0,0,"रि,पत्,प,ारि,ि,पत","pə,ɪ,p,ɾɪ,ɑːɾɪ,pət̪",ि,,ि,
3048,पत्रिका,पत्र,pət̪ɾ,magazine,NotAppl,F,3,dimunitive1,dimunitive1,,0,1,inanimate,Q,Artifact,0,0,1,"पत्,र,प,्र,त्र,पत","pə,ət̪ɾ,p,ɾ,t̪ɾ,pət̪",र,ɾ,र,ɾ
3050,पथ,पथ,pət̪ʰ,path,NotAppl,M,4,underived,,,0,0,inanimate,M,Physical Place,0,0,1,"पथ,थ,प","pə,pət̪ʰ,t̪ʰ,p,ət̪ʰ",,ət̪ʰ,,
3051,पथराव,पथराव,pət̪ʰɾɑːʋ,stone pelting,NotAppl,M,4,underived,,,0,0,inanimate,O,Physical,0,0,0,"पथ,व,ाव,प,पथर,राव","pə,pət̪ʰ,ɾɑːʋ,ʋ,p,ɑːʋ","व,ाव",ʋ,"व,ाव",ʋ
3052,पद,पद,pəd̪,post,NotAppl,M,4,underived,,,0,0,inanimate,Q,Abstract,0,0,1,"द,पद,प","d̪,pə,əd̪,pəd̪,p",,,,
3053,पदक,पदक,pəd̪ək,medal,NotAppl,M,4,agentive1,agentive1,agentive1,0,1,inanimate,O,Artifact,0,0,1,"पदक,पद,दक,प,क","k,pə,d̪ək,pəd̪,ək,p",,ək,,
3054,पदचिन्ह,पदचिन्ह,pəd̪t͡ʃɪn̪ɦ,food print,NotAppl,M,4,underived,,,1,0,inanimate,F,property,0,0,0,"न्ह,पद,्ह,प,ह,पदच","pə,ɦ,pəd̪,ɪn̪ɦ,p,n̪ɦ",,,,
3055,पदनाम,पदनाम,pəd̪n̪ɑːm,designation,NotAppl,M,4,underived,,,1,0,inanimate,Z,Title,0,0,0,"पद,प,नाम,म,पदन,ाम","pə,pəd̪,m,p,n̪ɑːm,ɑːm",,,,
3056,पदभार,पदभार,pəd̪bʰɑːɾ,charge,NotAppl,M,4,underived,,,1,0,inanimate,I,Action,0,0,0,"पद,र,ार,प,भार,पदभ","pə,pəd̪,p,ɾ,ɑːɾ,bʰɑːɾ","र,ार","ɾ,ɑːɾ",र,ɾ
3057,पदयात्रा,पदयात्र,pəd̪jɑːt̪ɾ,hiking,NotAppl,F,3,underived,,,1,0,inanimate,M,Physical,0,0,0,"पद,पदय,र,प,्र,त्र","pə,pəd̪,p,ɾ,t̪ɾ,ɑːt̪ɾ",र,ɾ,र,ɾ
3058,पदवी,पद,pəd̪,title,NotAppl,F,1,support_action,,,0,1,inanimate,Q,Title,0,0,1,"द,पद,प","d̪,pə,əd̪,pəd̪,p",,,,
3059,पदाधिकारी,पदाधिकार,pəd̪ɑːd̪ʰɪkɑːɾ,officer,NotAppl,M,4,agentive_activity1,agentive_activity1,agentive_activity1,0,1,animate,G,Person,0,0,0,"पद,र,ार,प,कार,पदा","pə,kɑːɾ,pəd̪,p,ɾ,ɑːɾ","र,ार","ɾ,ɑːɾ",र,ɾ
3060,पदार्थ,पदार्थ,pəd̪ɑːɾt̪ʰ,substance,NotAppl,M,4,underived,,,0,0,inanimate,O,Object,0,0,1,"र्थ,्थ,पद,पदा,प,थ","pə,ɑːɾt̪ʰ,pəd̪,t̪ʰ,p,ɾt̪ʰ",,,,
3061,पदोन्नति,पदोन्नत,pəd̪oːn̪n̪ət̪,promotion,NotAppl,F,1,underived,,,1,0,inanimate,S,Action,0,0,0,"पद,प,्नत,त,नत,पदो","pə,t̪,pəd̪,ət̪,n̪ət̪,p","त,नत","t̪,n̪ət̪",त,t̪
3062,पद्घति,पद्घत,pəd̪ɡʰət̪,method,NotAppl,F,1,underived,,,1,0,inanimate,X,Abstract,0,0,0,"पद्,पद,प,घत,त,्घत","pə,t̪,ɡʰət̪,pəd̪,ət̪,p",त,t̪,त,t̪
3063,पद्धति,पद्धत,pəd̪d̪ʰət̪,methodology,NotAppl,F,1,underived,,,1,0,inanimate,X,Process,0,0,1,"धत,पद्,पद,प,त,्धत","pə,t̪,d̪ʰət̪,pəd̪,ət̪,p",त,t̪,त,t̪
3064,पद्म,पद्म,pəd̪m,padma,NotAppl,M,4,underived,,,0,0,inanimate,Z,Natural Object,0,0,1,"पद्,पद,प,म,द्म,्म","əd̪m,pə,d̪m,pəd̪,m,p",,,,
3065,पनडुब्बी,पनडुब्ब,pən̪ɖubb,submarine,NotAppl,F,1,underived,,,0,0,inanimate,M,Artifact,0,0,0,"प,ब्ब,पनड,ब,्ब,पन","pə,bb,p,pən̪,b,ubb",,,,
3066,पनबिजली,पनबिजल,pən̪bɪd͡ʒəl,hydroelectricity,NotAppl,F,1,underived,,,1,0,inanimate,Z,Common Noun,0,0,0,"पनब,प,जल,पन,ल,िजल","pə,p,pən̪,əl,l,d͡ʒəl",,əl,,
3067,पनाह,पनाह,pən̪ɑːɦ,shelter,NotAppl,F,3,underived,,,0,0,inanimate,H,Abstract,0,1,0,"प,ाह,ह,पन,पना,नाह","pə,ɑːɦ,ɦ,p,pən̪,n̪ɑːɦ",ाह,ɑːɦ,,
3068,पनीर,पनीर,pən̪iːɾ,cheese,NotAppl,M,4,underived,,,0,0,inanimate,F,Edible,0,1,0,"पनी,ीर,र,प,नीर,पन","pə,n̪iːɾ,p,pən̪,ɾ,iːɾ",र,ɾ,र,ɾ
3069,पन्ना,पन्न,pən̪n̪,emerald,NotAppl,M,2,underived,,,0,0,inanimate,O,Natural Object,0,0,0,"प,न्न,न,पन्,पन,्न","ən̪n̪,pə,n̪n̪,p,pən̪,n̪",,,,
3070,पब,पब,pəb,pub,NotAppl,M,4,underived,,,0,0,inanimate,F,Physical Place,0,0,0,"पब,ब,प","pə,p,b,əb,pəb",,,,
3071,पब्लिक,पब्लिक,pəblɪk,public,neutral,F,3,underived,,,0,0,inanimate,S,Group,0,0,0,"प,लिक,िक,पब्,क,पब","k,pə,ɪk,p,lɪk,pəb",,,,
3072,पब्लिक,पब्लिक,pəblɪk,public,neutral,M,4,underived,,,0,0,inanimate,S,Group,0,0,0,"प,लिक,िक,पब्,क,पब","k,pə,ɪk,p,lɪk,pəb",,,,
3073,पब्लिसिटी,पब्लिसिट,pəblɪs̪ɪʈ,publicity,NotAppl,F,1,underived,,,0,0,inanimate,Q,Action,0,0,0,"ट,सिट,प,िट,पब्,पब","pə,ɪʈ,s̪ɪʈ,p,ʈ,pəb",,ɪʈ,,
3074,पयर्टक,पयर्ट,pəjəɾʈ,tourist,NotAppl,M,4,agentive1,agentive1,agentive1,0,1,animate,M,Physical State,0,0,0,"ट,पय,पयर,प,र्ट,्ट","pə,pəj,əɾʈ,p,ʈ,ɾʈ",,,,
3075,पर,पर,pəɾ,but,NotAppl,M,4,underived,,,0,0,inanimate,Z,Anatomical,0,0,1,"र,पर,प","pəɾ,pə,p,ɾ,əɾ",र,"ɾ,əɾ",र,"ɾ,əɾ"
3076,परंपरा,परंपर,pəɾə̃pəɾ,legacy,NotAppl,F,3,underived,,,0,0,inanimate,A,concept,0,0,1,"पर,र,प,परं,ंपर","pəɾ,pə,p,ɾ,əɾ",र,"ɾ,əɾ",र,"ɾ,əɾ"
3077,परंपरानुसार,परंपरानुसार,pəɾə̃pɾɑːn̪us̪ɑːɾ,according to tradition,NotAppl,M,4,underived,,,1,0,inanimate,A,Manner,0,0,0,"पर,र,ार,प,सार,परं","pəɾ,pə,p,ɾ,s̪ɑːɾ,ɑːɾ","र,ार,सार","ɾ,s̪ɑːɾ,ɑːɾ",र,ɾ
3078,परचम,परचम,pəɾt͡ʃəm,parcham,NotAppl,M,4,underived,,,0,0,inanimate,Z,Artifact,0,1,0,"रचम,चम,पर,प,म,परच","əm,pəɾ,pə,m,p,t͡ʃəm",,,,
3079,परत,परत,pəɾət̪,layer,NotAppl,F,3,underived,,,0,0,inanimate,O,Object,0,0,0,"रत,पर,प,परत,त","pəɾ,pə,t̪,ət̪,p,ɾət̪","रत,त","t̪,ɾət̪",त,"t̪,ɾət̪"
3080,परदा,परद,pəɾəd̪,curtain,NotAppl,M,2,underived,,,0,0,inanimate,H,Artifact,0,1,0,"द,पर,प,रद,परद","d̪,pəɾ,pə,əd̪,p,ɾəd̪",,,,
3081,परदाफाश,परदाफाश,pəɾd̪ɑːpʰɑːʃ,exposed,NotAppl,M,4,underived,,,1,0,inanimate,A,Physical,0,0,0,"श,पर,प,परद,फाश,ाश","pəɾ,pə,ʃ,pʰɑːʃ,p,ɑːʃ",,,,
3082,परपौत्र,परपौत्र,pəɾpəut̪ɾ,great grandson,NotAppl,M,4,underived,,,0,0,animate,S,Common Noun,0,0,0,"पर,र,प,्र,त्र,परप","pəɾ,pə,p,ɾ,ut̪ɾ,t̪ɾ",र,ɾ,र,ɾ
3083,परमपिता,परमपित,pəɾəmpɪt̪,the supreme father,NotAppl,M,4,underived,,,1,0,inanimate,Z,Cognition,0,0,0,"पित,पर,प,त,ित,परम","pəɾ,ɪt̪,pə,t̪,p,pɪt̪",त,t̪,त,t̪
3084,परमाणु,परमाण,pəɾmɑːɳ,atom,NotAppl,M,4,underived,,,1,0,inanimate,O,Object,0,0,1,"ण,पर,प,माण,ाण,परम","ɑːɳ,pəɾ,pə,mɑːɳ,p,ɳ",,,,
3085,परमिट,परमिट,pəɾmɪʈ,permit,NotAppl,F,3,underived,,,0,0,inanimate,S,Artifact,0,0,0,"ट,मिट,पर,प,िट,परम","pəɾ,pə,ɪʈ,mɪʈ,p,ʈ",,ɪʈ,,
3086,परमेश्वर,परमेश्वर,pəɾmeːʃʋəɾ,god,NotAppl,M,4,underived,,,1,0,inanimate,Z,Cognition,0,0,0,"वर,पर,र,प,्वर,परम","pəɾ,pə,p,ɾ,əɾ,ʋəɾ",र,"ɾ,əɾ",र,"ɾ,əɾ"
3087,परवरिश,परवरिश,pəɾəʋɾɪʃ,upbringing,NotAppl,F,3,underived,,,0,0,inanimate,P,Physical,0,1,0,"िश,श,पर,प,परव,रिश","pəɾ,pə,ʃ,p,ɪʃ,ɾɪʃ","िश,रिश",ɾɪʃ,,
3088,परवान,परवान,pəɾʋɑːn̪,permission,NotAppl,M,4,agentive_endowment,,,0,1,inanimate,S,Perception,0,0,0,"ान,वान,पर,प,न,परव","pəɾ,pə,ɑːn̪,ʋɑːn̪,p,n̪",,,,
3089,परवाह,परवाह,pəɾʋɑːɦ,care,NotAppl,F,3,underived,,,0,0,inanimate,E,Mental State,0,1,0,"पर,प,ाह,ह,परव,वाह","ʋɑːɦ,pəɾ,pə,ɑːɦ,ɦ,p",ाह,ɑːɦ,,
3090,परहेज,परहेज,pəɾɦeːd͡ʒ,abstinence,NotAppl,M,4,underived,,,0,0,inanimate,A,Physical,0,0,0,"ेज,हेज,पर,प,ज,परह","pəɾ,pə,eːd͡ʒ,ɦeːd͡ʒ,d͡ʒ,p",,,,
3091,पराजय,जय,d͡ʒəjə,defeat,NotAppl,F,3,negation3,,,0,1,inanimate,X,Fatal Event,0,0,1,"जय,ज,य","d͡ʒə,d͡ʒ,d͡ʒəj,əjə,ə,jə",य,"əjə,jə",य,jə
3092,परामर्श,मर्श,məɾʃ,counseling,NotAppl,M,4,negation3,,,0,1,inanimate,Z,Communication,0,0,1,"श,र्श,म,मर्,्श,मर","mə,ʃ,m,əɾʃ,ɾʃ,məɾ",,,,
3093,परामर्शदाता,परामर्शदात,pəɾɑːməɾʃəd̪ɑːt̪,consultant,NotAppl,M,4,underived,,,1,0,animate,B,Person,0,0,0,"पर,प,दात,परा,त,ात","pəɾ,pə,t̪,d̪ɑːt̪,ɑːt̪,p",त,t̪,त,t̪
3094,परिंदा,परिंद,pəɾɪ̃d̪,bird,NotAppl,M,2,underived,,,0,0,animate,L,Birds,0,1,0,"द,पर,प,ंद,परि,िंद","d̪,pəɾ,pə,ɪ̃d̪,p,ɾɪ̃d̪",ंद,,,
3095,परिक्रमा,परिक्रम,pəɾɪkɾəm,orbit,NotAppl,F,3,underived,,,0,0,inanimate,M,Physical,0,0,1,"पर,प,म,्रम,रम,परि","əm,pəɾ,pə,ɾəm,m,p",,,,
3096,परिचय,चय,t͡ʃəjə,introduction,NotAppl,M,4,around1,,,0,1,inanimate,T,property,0,0,1,"च,चय,य","t͡ʃəj,t͡ʃ,t͡ʃə,əjə,ə,jə",य,"əjə,jə",य,jə
3097,परिचायक,परिचायक,pəɾɪt͡ʃɑːjək,introducer,NotAppl,M,4,agentive1,agentive1,agentive1,0,1,inanimate,Q,Cognition,0,0,1,"पर,प,ायक,यक,क,परि","k,pəɾ,pə,ək,p,jək",,ək,,
3098,परिचालन,परिचालन,pəɾɪt͡ʃɑːlən̪,operational,NotAppl,M,4,abstract_noun,abstract_noun,abstract_noun,0,1,inanimate,A,Action,0,0,1,"पर,प,लन,न,ालन,परि","pəɾ,pə,n̪,p,ən̪,lən̪",लन,lən̪,,
3099,परिचित,चित,t͡ʃɪt̪,familiar,NotAppl,M,4,around1,,,0,1,animate,A,Person,0,0,1,"चित,त,च,ित,चि","ɪt̪,t͡ʃ,t̪,t͡ʃɪ,t͡ʃɪt̪",त,t̪,त,t̪
3100,परिजन,जन,d͡ʒən̪,relatives,NotAppl,M,4,around1,,,0,1,animate,S,Group,0,0,1,"ज,जन,न","d͡ʒə,n̪,d͡ʒ,d͡ʒən̪,ən̪",,,,
3101,परिणाम,णाम,ɳɑːm,result,NotAppl,M,4,around1,,,0,1,inanimate,A,State,0,0,1,"णा,म,णाम,ाम,ण","m,ɳɑːm,ɳɑː,ɳ,ɑːm",,,,
3102,परित्याग,त्याग,t̪jɑːɡ,abandonment,NotAppl,M,4,around1,,,0,1,inanimate,M,Action,0,0,1,"ाग,त्य,त,त्,याग,ग","jɑːɡ,t̪,ɑːɡ,t̪j,ɡ,t̪jɑː","ाग,त,ग","t̪,ɡ",त,"t̪,ɡ"
3103,परिदृश्य,दृश्य,d̪ɾɨʃjə,landscape,NotAppl,M,4,around1,,,0,1,inanimate,W,Perception,0,0,1,"द,्य,दृश,दृ,य,श्य","d̪,ʃjə,d̪ɾɨ,ə,d̪ɾ,jə","्य,य",jə,य,jə
3104,परिधान,धान,d̪ʰɑːn̪,apparel,NotAppl,M,4,around1,,,0,1,inanimate,B,Artifact,0,0,1,"ान,धान,धा,न,ध","ɑːn̪,d̪ʰɑːn̪,d̪ʰ,d̪ʰɑː,n̪",धा,d̪ʰɑː,,
3105,परिधि,धि,d̪ʰɪ,circumference,NotAppl,F,1,around1,,,0,1,inanimate,M,Measurement,0,0,1,"धि,ि,ध","ɪ,d̪ʰɪ,d̪ʰ",ि,,ि,
3106,परिपक्वता,परिपक्व,pəɾɪpəkʋ,maturity,NotAppl,F,3,abstract8,abstract8,abstract8,0,1,inanimate,T,physical State,0,0,1,"व,पर,प,्व,क्व,परि","pəɾ,pə,kʋ,ʋ,p,əkʋ","व,्व",ʋ,व,ʋ
3107,परिप्रेक्ष्य,प्रेक्ष्य,pɾeːkʂjə,perspective,NotAppl,M,4,around1,,,0,1,inanimate,X,Perception,0,0,1,"प्,्य,प,प्र,ष्य,य","pɾeː,pɾ,p,ə,ʂjə,jə","्य,य","ʂjə,jə",य,jə
3108,परिभाषा,भाषा,bʰɑːʂɑː,definition,NotAppl,F,3,around1,,,0,1,inanimate,Q,Communication,0,0,1,"षा,ा,भ,भा,भाष,ाषा","ɑːʂɑː,ɑː,ʂɑː,bʰ,bʰɑː,bʰɑːʂ","षा,ा",ʂɑː,ा,
3109,परियोजना,योजना,joːd͡ʒn̪ɑː,project,neutral,F,3,around1,,,0,1,inanimate,A,Action,0,0,1,"ा,जना,योज,य,ना,यो","d͡ʒn̪ɑː,joː,j,ɑː,n̪ɑː,joːd͡ʒ","ा,य",,"ा,य",
3110,परियोजना,योजना,joːd͡ʒn̪ɑː,project,neutral,M,4,around1,,,0,1,inanimate,A,Action,0,0,1,"ा,जना,योज,य,ना,यो","d͡ʒn̪ɑː,joː,j,ɑː,n̪ɑː,joːd͡ʒ","ा,य",,"ा,य",
3111,परिर्वतन,र्वतन,ɾʋət̪ən̪,change,NotAppl,M,4,around1,,,0,1,inanimate,A,Change,0,0,0,"र,तन,र्,न,र्व,वतन","t̪ən̪,ən̪,ɾ,ɾʋ,ɾʋə,n̪","र,र्व","ɾ,ɾʋ",र,ɾ
3112,परिवर्तन,वर्तन,ʋəɾt̪ən̪,change,NotAppl,M,4,around1,,,0,1,inanimate,A,Event,0,0,1,"वर,व,्तन,तन,न,वर्","ʋə,t̪ən̪,ʋ,ən̪,n̪,ʋəɾ",व,"ʋə,ʋ",व,ʋ
3113,परिवहन,वहन,ʋəɦən̪,transportation,NotAppl,M,4,around1,,,0,1,inanimate,M,Artifact,0,0,1,"व,वहन,वह,न,हन","ʋə,ʋ,ʋəɦ,ən̪,ɦən̪,n̪",व,"ʋə,ʋ",व,ʋ
3114,परिवार,वार,ʋɑːɾ,family,NotAppl,M,4,around1,,,0,1,inanimate,S,Group,0,0,1,"व,ार,र,वा,वार","ʋ,ɾ,ʋɑː,ɑːɾ,ʋɑːɾ","व,ार,र","ʋ,ɾ,ɑːɾ","व,र","ʋ,ɾ"
3115,परिवारवाला,परिवार,pəɾɪʋɑːɾ,family man,NotAppl,M,2,possessor2,,,0,1,animate,S,Group,0,0,0,"पर,र,ार,प,परि,वार","pəɾ,pə,p,ɾ,ɑːɾ,ʋɑːɾ","र,ार","ɾ,ɑːɾ",र,ɾ
3116,परिश्रम,श्रम,ʃɾəm,labor,NotAppl,M,4,around1,,,0,1,inanimate,A,Physical,0,0,1,"श्र,श,म,्रम,रम,श्","əm,ʃ,ʃɾə,ɾəm,m,ʃɾ",,,,
3117,परिषद,षद,ʂəd̪,council,neutral,F,3,around1,,,0,1,inanimate,G,Group,0,0,0,"द,ष,षद","d̪,əd̪,ʂ,ʂəd̪,ʂə",ष,ʂ,,
3118,परिषद,षद,ʂəd̪,council,neutral,M,4,around1,,,0,1,inanimate,G,Group,0,0,0,"द,ष,षद","d̪,əd̪,ʂ,ʂəd̪,ʂə",ष,ʂ,,
3120,परिसंपत्ति,संपत्ति,s̪ə̃pət̪t̪ɪ,asset,NotAppl,F,1,around1,,,0,1,inanimate,A,Property,0,0,0,"स,सं,्ति,ति,ि,संप","ɪ,t̪t̪ɪ,t̪ɪ,s̪ə̃,s̪,s̪ə̃p","्ति,ि",,ि,
3121,परिसर,सर,s̪əɾ,premises,NotAppl,M,4,around1,,,0,1,inanimate,H,Physical Place,0,0,1,"स,सर,र","s̪ə,ɾ,s̪,əɾ,s̪əɾ",र,"ɾ,əɾ",र,"ɾ,əɾ"
3122,परिस्थिति,परिस्थित,pəɾɪs̪t̪ʰɪt̪,situation.,NotAppl,F,1,underived,,,0,0,inanimate,A,State,1,0,0,"पर,प,त,थित,ित,परि","pəɾ,ɪt̪,pə,t̪,t̪ʰɪt̪,p",त,t̪,त,t̪
3123,परीक्षण,परीक्ष,pəɾiːkʂ,tests,NotAppl,M,4,abstract7,abstract7,abstract7,0,1,inanimate,P,Action,0,0,1,"्ष,पर,प,ष,क्ष,परी","pəɾ,pə,kʂ,p,iːkʂ,ʂ",ष,ʂ,,
3124,परीक्षा,परीक्ष,pəɾiːkʂ,examination,NotAppl,F,3,around1,,,0,1,inanimate,P,Action,0,0,1,"्ष,पर,प,ष,क्ष,परी","pəɾ,pə,kʂ,p,iːkʂ,ʂ",ष,ʂ,,
3125,परीक्षार्थी,परीक्षार्थ,pəɾiːkʂɑːɾt̪ʰ,candidates,NotAppl,M,4,underived,,,1,0,animate,G,Person,0,0,0,"र्थ,्थ,पर,प,परी,थ","pəɾ,pə,ɑːɾt̪ʰ,t̪ʰ,p,ɾt̪ʰ",,,,
3126,परेड,परेड,pəɾeːɖ,parade,NotAppl,F,3,underived,,,0,0,inanimate,K,Physical,1,0,0,"ड,पर,प,परे,ेड,रेड","eːɖ,pəɾ,pə,ɖ,p,ɾeːɖ",,,,
3127,परेशानी,परेशान,pəɾeːʃɑːn̪,trouble,NotAppl,F,1,abstract6,abstract6,abstract6,0,1,inanimate,E,Mental State,0,1,0,"ान,पर,प,न,परे,शान","pəɾ,pə,ɑːn̪,p,ʃɑːn̪,n̪",शान,ʃɑːn̪,,
3128,परेहज,परेहज,pəɾeːɦəd͡ʒ,abstinence,NotAppl,M,4,underived,,,0,0,inanimate,A,Abstract,0,0,0,"ेहज,पर,प,हज,ज,परे","pəɾ,pə,əd͡ʒ,d͡ʒ,p,ɦəd͡ʒ",,əd͡ʒ,,əd͡ʒ
3129,पर्चा,पर्च,pəɾt͡ʃ,form,NotAppl,M,2,underived,,,0,0,inanimate,A,Artifact,0,0,0,"पर्,पर,प,्च,र्च,च","ɾt͡ʃ,pəɾ,pə,t͡ʃ,əɾt͡ʃ,p",्च,,,
3130,पर्ची,पर्च,pəɾt͡ʃ,slip,NotAppl,F,1,underived,,,0,0,inanimate,M,Artifact,0,0,0,"पर्,पर,प,्च,र्च,च","ɾt͡ʃ,pəɾ,pə,t͡ʃ,əɾt͡ʃ,p",्च,,,
3131,पर्त,पर्त,pəɾt̪,layer,NotAppl,F,3,underived,,,0,0,inanimate,O,Natural Object,0,0,0,"्त,पर्,पर,प,र्त,त","pəɾ,pə,t̪,ɾt̪,p,əɾt̪","्त,त",t̪,"्त,त",t̪
3132,पर्दा,पर्द,pəɾd̪,curtain,NotAppl,M,2,underived,,,0,0,inanimate,H,Artifact,0,0,0,"द,्द,पर्,पर,प,र्द","d̪,pəɾ,pə,ɾd̪,p,əɾd̪",,,,
3134,पर्दाफाश,पर्दाफाश,pəɾd̪ɑːpʰɑːʃ,exposed,NotAppl,M,4,underived,,,1,0,inanimate,A,Physical,0,0,0,"पर्,श,पर,प,फाश,ाश","pəɾ,pə,ʃ,pʰɑːʃ,p,ɑːʃ",,,,
3135,पर्यटक,टक,ʈək,tourist,NotAppl,M,4,around2,,,0,1,animate,M,Person,0,0,1,"ट,टक,क","ʈə,k,ʈək,ək,ʈ",,ək,,
3136,पर्यटन,टन,ʈən̪,tourism,NotAppl,M,4,around2,,,0,1,inanimate,M,Physical,0,0,1,"ट,टन,न","ʈə,ʈən̪,ʈ,ən̪,n̪",,,,
3137,पर्यवेक्षक,वेक्षक,ʋeːkʂək,supervisor,NotAppl,M,4,around2,,,0,1,animate,S,Person,0,0,1,"वे,व,षक,्षक,क,वेक","ʂək,k,ʋeː,ək,ʋ,ʋeːk","वे,व,षक,्षक","ʂək,ək,ʋ",व,ʋ
3138,पर्याआधार,आधार,ɑːd̪ʰɑːɾ,synonym,NotAppl,M,4,around3,,,0,1,inanimate,Q,Physical State,0,0,0,"धार,ार,र,आ,आधा,आध","d̪ʰɑːɾ,ɑː,ɾ,ɑːd̪ʰɑː,ɑːɾ,ɑːd̪ʰ","ार,र","ɾ,ɑːɾ",र,ɾ
3139,पर्याय,पर्याय,pəɾjɑːjə,synonym,NotAppl,M,4,underived,,,0,0,inanimate,Q,property,0,0,1,"ाय,पर्,पर,प,याय,य","pəɾ,pə,ɑːjə,p,ə,jə",य,jə,य,jə
3140,पर्यावरण,वरण,ʋəɾəɳ,environment,NotAppl,M,4,around3,,,0,1,inanimate,W,Physiological  State,0,0,1,"वर,व,वरण,रण,ण","ʋə,əɳ,ʋ,ɾəɳ,ɳ,ʋəɾ","व,रण","ʋə,əɳ,ʋ,ɾəɳ",व,"əɳ,ʋ,ɾəɳ"
3141,पर्व,पर्व,pəɾʋ,festival,NotAppl,M,0,underived,,,0,0,inanimate,K,Social,0,0,1,"व,पर्,पर,प,्व,र्व","pəɾ,pə,əɾʋ,ʋ,p,ɾʋ","व,्व,र्व","ʋ,ɾʋ",व,ʋ
3142,पर्वत,पर्वत,pəɾʋət̪,mountain,NotAppl,M,4,underived,,,0,0,inanimate,W,Physical Place,0,0,1,"पर्,पर,प,त,्वत,वत","pəɾ,pə,t̪,ət̪,ʋət̪,p",त,t̪,त,t̪
3143,पर्वतारोही,पर्वतारोह,pəɾʋət̪ɑːɾoːɦ,mountaineer,NotAppl,M,4,underived,,,1,0,animate,K,Person,0,0,0,"पर्,पर,प,ोह,ह,रोह","pəɾ,pə,ɦ,p,ɾoːɦ,oːɦ",ोह,oːɦ,,
3144,पर्सनल,पर्सनल,pəɾs̪ən̪əl,personal,NotAppl,M,4,underived,,,0,0,inanimate,S,Common Noun,1,0,0,"नल,पर्,पर,प,ल,सनल","pəɾ,pə,n̪əl,p,əl,l",नल,"n̪əl,əl",,
3145,पल,पल,pəl,moment,NotAppl,M,4,underived,,,0,0,inanimate,T,Period,0,0,0,"ल,पल,प","pə,p,əl,l,pəl",,əl,,
3146,पलटन,पलटन,pəlʈən̪,platoon,NotAppl,F,3,underived,,,0,0,inanimate,G,Group,1,0,0,"पल,पलट,प,टन,लटन,न","ʈən̪,pə,p,ən̪,pəl,n̪",,,,
3147,पलटवार,पलटवार,pələʈʋɑːɾ,counterattack,NotAppl,M,4,underived,,,1,0,inanimate,Z,Action,0,0,0,"पल,पलट,र,ार,प,वार","pə,p,ɾ,ɑːɾ,pəl,ʋɑːɾ","र,ार","ɾ,ɑːɾ",र,ɾ
3148,पलडा,पलड,pələɖ,the edge,NotAppl,M,4,underived,,,0,0,inanimate,Z,Common Noun,0,0,0,"पलड,पल,ड,प,लड","ləɖ,pə,əɖ,ɖ,p,pəl",,,,
3149,पलायन,पलायन,pəlɑːjən̪,escape,NotAppl,M,4,underived,,,0,0,inanimate,A,Physical,0,0,1,"पल,पला,प,यन,न,ायन","pə,jən̪,p,ən̪,pəl,n̪",,,,
3150,पल्ला,पल्ल,pəll,palla,NotAppl,M,2,underived,,,0,0,inanimate,Z,Part of,0,1,0,"पल,प,्ल,ल्ल,ल,पल्","əll,pə,ll,p,l,pəl",,,,
3151,पवेलियन,पवेलियन,pəʋeːlɪjən̪,pavilion,NotAppl,M,4,underived,,,0,0,inanimate,H,Physical Place,1,0,0,"प,यन,न,ियन,पव,पवे","n̪,pə,pəʋ,jən̪,p,ən̪",,,,
3152,पशु,पश,pəʃ,animal,NotAppl,M,4,underived,,,0,0,animate,L,Mammal,0,0,1,"श,पश,प","pə,ʃ,əʃ,p,pəʃ",,,,
3153,पश्चिम,पश्चिम,pəʃt͡ʃɪm,west,NotAppl,M,0,underived,,,0,0,inanimate,M,Perception,0,0,1,"पश्,प,चिम,म,पश,िम","pə,ɪm,m,p,pəʃ,t͡ʃɪm",,,,
3154,पसंद,पसंद,pəs̪ə̃d̪,like,homophones,F,3,underived,,,0,0,inanimate,E,Psychological Feature,0,1,0,"द,पसं,प,ंद,पस,संद","d̪,pə,p,pəs̪,s̪ə̃d̪,ə̃d̪",ंद,ə̃d̪,,
3155,पसंद,पसंद,pəs̪ə̃d̪,like,homophones,M,4,underived,,,0,0,inanimate,E,Psychological Feature,0,1,0,"द,पसं,प,ंद,पस,संद","d̪,pə,p,pəs̪,s̪ə̃d̪,ə̃d̪",ंद,ə̃d̪,,
3156,पसंदी,पसंद,pəs̪ə̃d̪,favorite,NotAppl,F,0,abstract6,abstract6,abstract6,0,1,inanimate,E,Common Noun,0,0,0,"द,पसं,प,ंद,पस,संद","d̪,pə,p,pəs̪,s̪ə̃d̪,ə̃d̪",ंद,ə̃d̪,,
3157,पहचान,पहचान,pəɦt͡ʃɑːn̪,identification,NotAppl,F,3,underived,,,0,0,inanimate,X,Physical,0,0,0,"ान,पहच,चान,प,न,पह","pəɦ,pə,ɑːn̪,p,t͡ʃɑːn̪,n̪",,,,
3158,पहरेदारी,पहरेदार,pəɦɾeːd̪ɑːɾ,patrol,NotAppl,F,1,abstract6,abstract6,abstract6,0,1,inanimate,X,Action,0,0,0,"पहर,र,ार,प,पह,दार","pəɦ,pə,p,ɾ,ɑːɾ,d̪ɑːɾ","र,ार","ɾ,ɑːɾ",र,ɾ
3159,पहल,पहल,pəɦəl,initiative,neutral,F,4,underived,,,0,0,inanimate,A,Place,0,1,0,"प,हल,पह,ल,पहल","pəɦ,pə,p,əl,l,ɦəl",,əl,,
3160,पहल,पहल,pəɦəl,initiative,neutral,M,4,underived,,,0,0,inanimate,A,Place,0,1,0,"प,हल,पह,ल,पहल","pəɦ,pə,p,əl,l,ɦəl",,əl,,
3161,पहला,पहल,pəɦəl,first,NotAppl,M,2,underived,,,0,0,inanimate,N,Abstract,0,0,0,"प,हल,पह,ल,पहल","pəɦ,pə,p,əl,l,ɦəl",,əl,,
3162,पहलू,पहल,pəɦəl,aspect,NotAppl,M,4,underived,,,0,0,inanimate,A,Anatomical,0,1,0,"प,हल,पह,ल,पहल","pəɦ,pə,p,əl,l,ɦəl",,əl,,
3164,पहाड़,पहाड़,pəɦɑːɽ,mountain,neutral,F,5,underived,,,0,0,inanimate,W,Physical Place,0,0,0,"ाड़,प,़,ड़,पहा,पह","pəɦ,pə,ɑːɽ,p,ɽ,ɦɑːɽ","ाड़,़,ड़","ɑːɽ,ɽ,ɦɑːɽ",़,
3165,पहाड़,पहाड़,pəɦɑːɽ,mountain,neutral,M,4,underived,,,0,0,inanimate,W,Physical Place,0,0,0,"ाड़,प,़,ड़,पहा,पह","pəɦ,pə,ɑːɽ,p,ɽ,ɦɑːɽ","ाड़,़,ड़","ɑːɽ,ɽ,ɦɑːɽ",़,
3166,पहाड़ी,पहाड़,pəɦɑːɽ,hill,NotAppl,F,1,abstract6,abstract6,abstract6,0,1,inanimate,W,Natural Object,0,0,0,"ाड़,प,़,ड़,पहा,पह","pəɦ,pə,ɑːɽ,p,ɽ,ɦɑːɽ","ाड़,़,ड़","ɑːɽ,ɽ,ɦɑːɽ",़,
3168,पहिया,पहिय,pəɦɪjə,wheel,NotAppl,M,2,underived,,,0,0,inanimate,O,Artifact,0,0,0,"हिय,पहि,िय,प,य,पह","pəɦ,pə,p,ɪjə,ə,jə",य,jə,य,jə
3169,पहुँच,पहुँच,pəɦũt͡ʃ,access,NotAppl,F,3,underived,,,0,0,inanimate,M,Psychological Feature,0,0,0,"प,ँच,पह,च,ुँच,पहु","pəɦ,pə,t͡ʃ,p,ũt͡ʃ,ɦũt͡ʃ",,,,
3171,पाँव,पाँव,pɑ̃ːʋ,feet,NotAppl,M,4,underived,,,0,0,inanimate,B,Anatomical,0,0,0,"व,प,ाँव,पाँ,ँव,पा","ɑ̃ːʋ,pɑ̃ːʋ,ʋ,p,pɑ̃ː",व,ʋ,व,ʋ
3172,पाइप,पाइप,pɑːɪp,pipe,neutral,F,3,underived,,,0,0,inanimate,O,Object,1,0,0,"पाइ,प,इप,पा,ाइप","ɑːɪp,pɑːɪ,p,pɑː,ɪp",,,,
3173,पाइप,पाइप,pɑːɪp,pipe,neutral,M,4,underived,,,0,0,inanimate,O,Object,1,0,0,"पाइ,प,इप,पा,ाइप","ɑːɪp,pɑːɪ,p,pɑː,ɪp",,,,
3174,पाइपलाइन,पाइपलाइन,pɑːɪplɑːɪn̪,line pipe,neutral,F,3,underived,,,0,0,inanimate,O,Artifact,1,0,0,"पाइ,प,ाइन,न,इन,पा","pɑːɪ,ɑːɪn̪,p,ɪn̪,n̪,pɑː",,,,
3175,पाइपलाइन,पाइपलाइन,pɑːɪplɑːɪn̪,line pipe,neutral,M,4,underived,,,0,0,inanimate,O,Artifact,1,0,0,"पाइ,प,ाइन,न,इन,पा","pɑːɪ,ɑːɪn̪,p,ɪn̪,n̪,pɑː",,,,
3176,पाउडर,पाउडर,pɑːuɖəɾ,powder,NotAppl,M,4,underived,,,0,0,inanimate,O,Artifact,1,0,0,"पाउ,र,प,उडर,डर,पा","pɑːu,p,ɾ,əɾ,pɑː,ɖəɾ","र,डर","ɾ,əɾ,ɖəɾ",र,"ɾ,əɾ"
3177,पाकिस्तान,पाकिस्तान,pɑːkɪs̪t̪ɑːn̪,pakistan,NotAppl,M,0,underived,,,0,0,inanimate,Z,Physical Place,0,0,0,"ान,तान,प,पाक,न,पा","t̪ɑːn̪,pɑːk,ɑːn̪,p,n̪,pɑː",,,,
3178,पाकिस्तानी,पाकिस्तान,pɑːkɪs̪t̪ɑːn̪,pakistani,NotAppl,M,4,abstract6,abstract6,abstract6,0,1,animate,Z,Person,0,0,0,"ान,तान,प,पाक,न,पा","t̪ɑːn̪,pɑːk,ɑːn̪,p,n̪,pɑː",,,,
3179,पाट,पाट,pɑːʈ,pate,neutral,F,3,underived,,,0,0,inanimate,F,Part of,0,0,0,"ट,पाट,प,ाट,पा","pɑːʈ,p,ʈ,ɑːʈ,pɑː",,,,
3180,पाट,पाट,pɑːʈ,pate,neutral,M,4,underived,,,0,0,inanimate,F,Part of,0,0,0,"ट,पाट,प,ाट,पा","pɑːʈ,p,ʈ,ɑːʈ,pɑː",,,,
3181,पाठ,पाठ,pɑːʈʰ,"lesson, ",NotAppl,M,4,underived,,,0,0,inanimate,P,Part of,0,0,1,"प,पाठ,ाठ,ठ,पा","ʈʰ,pɑːʈʰ,ɑːʈʰ,p,pɑː",,,,
3182,पाठक,पाठक,pɑːʈʰək,reader,NotAppl,M,4,agentive1,agentive1,agentive1,0,1,animate,Q,Person,0,0,1,"प,पाठ,ाठक,क,ठक,पा","k,pɑːʈʰ,ək,p,ʈʰək,pɑː",,ək,,
3183,पाठशाला,पाठशाल,pɑːʈʰʃɑːl,school,NotAppl,F,3,underived,,,1,0,inanimate,P,Physical Place,0,0,0,"प,पाठ,शाल,ाल,ल,पा","pɑːʈʰ,ʃɑːl,p,l,ɑːl,pɑː",,,,
3184,पाठ्य,पाठ्य,pɑːʈʰjə,text,NotAppl,M,4,underived,,,0,0,inanimate,Q,Qualitative,0,0,1,"्य,प,पाठ,य,ठ्य,पा","pɑːʈʰ,ʈʰjə,p,ə,jə,pɑː","्य,य",jə,य,jə
3185,पाठ्यक्रम,पाठ्यक्रम,pɑːʈʰjəkɾəm,syllabus,NotAppl,M,4,underived,,,1,0,inanimate,P,information,0,0,0,"प,पाठ,म,्रम,रम,पा","əm,pɑːʈʰ,ɾəm,m,p,pɑː",,,,
3186,पात्र,पात्र,pɑːt̪ɾ,character,NotAppl,M,4,underived,,,0,0,animate,S,Artifact,0,0,1,"पात,र,प,्र,त्र,पा","p,ɾ,pɑːt̪,t̪ɾ,ɑːt̪ɾ,pɑː","पात,र","ɾ,pɑːt̪",र,ɾ
3187,पादरी,पादर,pɑːd̪əɾ,pastor,NotAppl,M,4,underived,,,0,0,animate,S,Person,0,0,0,"दर,र,प,पाद,ादर,पा","d̪əɾ,pɑːd̪,p,ɾ,əɾ,pɑː",र,"ɾ,əɾ",र,"ɾ,əɾ"
3188,पान,पान,pɑːn̪,betel,NotAppl,M,4,underived,,,0,0,inanimate,Z,Natural Object,0,0,1,"ान,पान,प,न,पा","ɑːn̪,p,pɑːn̪,n̪,pɑː",,,,
3189,पानी,पान,pɑːn̪,water,NotAppl,M,0,underived,,,0,0,inanimate,O,Natural Object,0,0,0,"ान,पान,प,न,पा","ɑːn̪,p,pɑːn̪,n̪,pɑː",,,,
3190,पाबंदी,पाबंद,pɑːbə̃d̪,restrictions,NotAppl,F,1,abstract6,abstract6,abstract6,0,1,inanimate,A,Action,0,0,0,"द,प,ंद,बंद,पा,पाब","d̪,pɑːb,bə̃d̪,p,ə̃d̪,pɑː","ंद,बंद","bə̃d̪,ə̃d̪",,
3191,पायदान,पायदान,pɑːjd̪ɑːn̪,footrest,NotAppl,M,4,underived,,,0,0,inanimate,Z,Artifact,0,0,0,"ान,प,न,पाय,दान,पा","ɑːn̪,d̪ɑːn̪,p,pɑːj,n̪,pɑː",दान,d̪ɑːn̪,,
3192,पायलट,पायलट,pɑːjləʈ,pilot,NotAppl,M,4,underived,,,0,0,animate,M,Person,1,0,0,"ट,प,लट,यलट,पाय,पा","əʈ,ləʈ,p,ʈ,pɑːj,pɑː",,əʈ,,
3194,पार,पार,pɑːɾ,cross,homophones,F,3,underived,,,0,0,inanimate,M,Physical Place,0,1,0,"ार,र,प,पार,पा","pɑːɾ,p,ɾ,ɑːɾ,pɑː","ार,र","ɾ,ɑːɾ",र,ɾ
3195,पार,पार,pɑːɾ,cross,homophones,M,4,underived,,,0,0,inanimate,M,Physical Place,0,1,0,"ार,र,प,पार,पा","pɑːɾ,p,ɾ,ɑːɾ,pɑː","ार,र","ɾ,ɑːɾ",र,ɾ
3196,पारगमन,गमन,ɡəmən̪,transit,NotAppl,M,4,movement,,,0,1,inanimate,M,Physical,0,0,0,"गम,मन,गमन,न,ग","n̪,ɡə,mən̪,ɡ,ən̪,ɡəm","मन,ग","mən̪,ɡ",,ɡ
3197,पारदर्शिता,दर्शिता,d̪əɾʃɪt̪ɑː,transparency,NotAppl,F,3,movement,,,0,1,inanimate,Q,Quality,0,0,0,"द,दर,िता,ा,ता,दर्","d̪,d̪əɾ,ɪt̪ɑː,d̪ə,ɑː,t̪ɑː","िता,ा",ɪt̪ɑː,ा,
3198,पारा,पार,pɑːɾ,mercury,NotAppl,M,2,underived,,,0,0,inanimate,O,Chemical,0,1,0,"ार,र,प,पार,पा","pɑːɾ,p,ɾ,ɑːɾ,pɑː","ार,र","ɾ,ɑːɾ",र,ɾ
3199,पारी,पार,pɑːɾ,turn,NotAppl,F,1,underived,,,0,0,inanimate,M,Physical,0,0,0,"ार,र,प,पार,पा","pɑːɾ,p,ɾ,ɑːɾ,pɑː","ार,र","ɾ,ɑːɾ",र,ɾ
3200,पारेषण,पारेष,pɑːɾeːʂ,transmission,NotAppl,M,4,movement,,,0,1,inanimate,Q,Abstract,0,0,0,"रेष,प,ष,पार,ेष,पा","eːʂ,pɑːɾ,p,ɾeːʂ,ʂ,pɑː",ष,ʂ,,
3201,पार्क,पार्क,pɑːɾk,park,NotAppl,M,4,underived,,,0,0,inanimate,M,Physical Place,1,0,0,"र्क,्क,प,पार,क,पा","k,pɑːɾ,ɾk,p,ɑːɾk,pɑː",र्क,ɾk,,
3202,पार्टनर,पार्टनर,pɑːɾʈən̪əɾ,partner,neutral,F,3,underived,,,0,0,animate,S,Person,1,0,0,"नर,र,प,पार,टनर,पा","pɑːɾ,p,ɾ,n̪əɾ,əɾ,pɑː",र,"ɾ,əɾ",र,"ɾ,əɾ"
3203,पार्टनर,पार्टनर,pɑːɾʈən̪əɾ,partner,neutral,M,4,underived,,,0,0,animate,S,Person,1,0,0,"नर,र,प,पार,टनर,पा","pɑːɾ,p,ɾ,n̪əɾ,əɾ,pɑː",र,"ɾ,əɾ",र,"ɾ,əɾ"
3204,पार्टी,पार्ट,pɑːɾʈ,party,neutral,F,1,underived,,,0,0,inanimate,K,Social,0,0,0,"ट,प,र्ट,पार,्ट,पा","pɑːɾ,p,ʈ,ɾʈ,ɑːɾʈ,pɑː",,,,
3205,पार्टी,पार्ट,pɑːɾʈ,party,neutral,M,4,underived,,,0,0,inanimate,K,Social,1,0,0,"ट,प,र्ट,पार,्ट,पा","pɑːɾ,p,ʈ,ɾʈ,ɑːɾʈ,pɑː",,,,
3206,पार्टीक्लस,पार्टीक्लस,pɑːɾʈiːkləs̪,partyclass,NotAppl,M,4,underived,,,0,0,inanimate,Z,Abstract,1,0,0,"स,प,पार,्लस,पा,लस","pɑːɾ,p,ləs̪,s̪,əs̪,pɑː",,,,
3207,पार्लियामेंट,पार्लियामेंट,pɑːɾlɪjɑːmẽːʈ,parliament,NotAppl,F,3,underived,,,0,0,inanimate,G,Common Noun,1,0,0,"ट,ेंट,प,ंट,पार,पा","mẽːʈ,pɑːɾ,p,ʈ,pɑː,ẽːʈ","ेंट,ंट",ẽːʈ,,
3208,पार्सल,पार्सल,pɑːɾs̪əl,parcel,NotAppl,M,4,underived,,,0,0,inanimate,A,Artifact,1,0,0,"सल,प,्सल,पार,ल,पा","pɑːɾ,p,əl,l,s̪əl,pɑː",,əl,,
3209,पालक,पालक,pɑːlək,spinach,NotAppl,M,4,underived,,,0,0,inanimate,F,Shrub,0,0,1,"पाल,प,लक,ालक,क,पा","k,lək,ək,pɑːl,p,pɑː",,ək,,
3210,पालकी,पालक,pɑːlək,sedan,NotAppl,F,1,abstract6,abstract6,abstract6,0,1,inanimate,M,Artifact,0,0,0,"पाल,प,लक,ालक,क,पा","k,lək,ək,pɑːl,p,pɑː",,ək,,
3211,पालन,पालन,pɑːlən̪,compliance,NotAppl,M,4,underived,,,0,0,inanimate,A,Physical,0,0,1,"पाल,प,लन,न,ालन,पा","pɑːl,p,ən̪,n̪,pɑː,lən̪",लन,lən̪,,
3212,पाला,पाल,pɑːl,frost,NotAppl,M,2,underived,,,0,0,inanimate,O,Natural Object,0,0,0,"पाल,प,ाल,ल,पा","pɑːl,p,l,ɑːl,pɑː",,,,
3213,पावती,पाव,pɑːʋ,acknowledgement,NotAppl,F,1,underived,,,0,0,inanimate,Q,Artifact,0,0,0,"व,ाव,प,पाव,पा","ʋ,p,pɑːʋ,ɑːʋ,pɑː","व,ाव",ʋ,"व,ाव",ʋ
3214,पावर,पावर,pɑːʋəɾ,power,neutral,F,3,underived,,,0,0,inanimate,S,Perception,1,0,0,"वर,र,प,पाव,ावर,पा","p,ɾ,pɑːʋ,əɾ,ʋəɾ,pɑː",र,"ɾ,əɾ",र,"ɾ,əɾ"
3215,पावर,पावर,pɑːʋəɾ,power,neutral,M,4,underived,,,0,0,inanimate,S,Perception,1,0,0,"वर,र,प,पाव,ावर,पा","p,ɾ,pɑːʋ,əɾ,ʋəɾ,pɑː",र,"ɾ,əɾ",र,"ɾ,əɾ"
3216,पाश्विकता,पाश्विक,pɑːʃʋɪk,bestiality,NotAppl,F,3,abstract8,abstract8,abstract8,0,1,inanimate,E,Abstract,0,0,0,"पाश,प,विक,िक,क,पा","k,ɪk,ʋɪk,p,pɑːʃ,pɑː",,,,
3217,पास,पास,pɑːs̪,near,NotAppl,M,0,underived,,,0,0,inanimate,Z,Artifact,1,0,0,"स,प,पास,ास,पा","pɑːs̪,ɑːs̪,p,s̪,pɑː",ास,,,
3218,पासपोर्ट,पासपोर्ट,pɑːs̪poːɾʈ,passport,NotAppl,M,4,underived,,,0,0,inanimate,G,Artifact,1,0,0,"ट,प,र्ट,पास,्ट,पा","pɑːs̪,oːɾʈ,p,ʈ,ɾʈ,pɑː",,,,
3219,पासबुक,पासबुक,pɑːs̪buk,passbook,NotAppl,F,3,underived,,,0,0,inanimate,G,Artifact,1,0,0,"ुक,प,पास,क,बुक,पा","pɑːs̪,k,buk,p,uk,pɑː",ुक,,,
3220,पासवर्ड,पासवर्ड,pɑːs̪ʋəɾɖ,password,NotAppl,M,4,underived,,,0,0,inanimate,Y,Artifact,1,0,0,"ड,प,्ड,पास,र्ड,पा","pɑːs̪,ɾɖ,ɖ,əɾɖ,p,pɑː",र्ड,ɾɖ,,
3221,पास्टर,पास्टर,pɑːs̪ʈəɾ,pastor,NotAppl,M,4,underived,,,0,0,animate,S,Occupation,1,0,0,"र,प,्टर,पास,टर,पा","pɑːs̪,ʈəɾ,p,ɾ,əɾ,pɑː","र,्टर,टर","ʈəɾ,ɾ,əɾ","र,्टर,टर","ʈəɾ,ɾ,əɾ"
3222,पिकनिक,पिकनिक,pɪkn̪ɪk,picnic,NotAppl,F,3,underived,,,0,0,inanimate,F,Physical,1,0,0,"प,पिक,निक,िक,क,पि","k,ɪk,n̪ɪk,p,pɪk,pɪ",,,,
3223,पिच,पिच,pɪt͡ʃ,pitch,NotAppl,F,3,underived,,,0,0,inanimate,M,Physical Place,1,0,0,"प,पिच,च,िच,पि","t͡ʃ,p,ɪt͡ʃ,pɪt͡ʃ,pɪ",,,,
3224,पिछड़ा,पिछड़,pɪt͡ʃʰəɽ,backward,NotAppl,M,4,underived,,,0,0,inanimate,M,Physical State,0,0,0,"पिछ,प,़,ड़,छड़,पि","pɪt͡ʃʰ,əɽ,t͡ʃʰəɽ,p,ɽ,pɪ","़,ड़",ɽ,़,
3225,पिछडापन,पिछडा,pɪt͡ʃʰɖɑː,backwardness,NotAppl,M,4,state_condition2,state_condition2,,0,1,inanimate,X,Social State,0,0,0,"पिछ,डा,ा,प,छडा,पि","ɑː,pɪt͡ʃʰ,p,t͡ʃʰɖɑː,ɖɑː,pɪ",ा,,ा,
3226,पिटाई,पिटा,pɪʈɑː,beating,NotAppl,F,1,abstract6,abstract6,abstract6,0,1,inanimate,X,Physical,0,0,0,"ा,प,टा,िटा,पिट,पि","ɪʈɑː,ɑː,ʈɑː,p,pɪʈ,pɪ",ा,,ा,
3227,पिटारा,पिटार,pɪʈɑːɾ,box,NotAppl,M,2,underived,,,0,0,inanimate,K,Artifact,0,0,0,"र,ार,प,पिट,टार,पि","p,ɾ,ɑːɾ,ʈɑːɾ,pɪʈ,pɪ","र,ार","ɾ,ɑːɾ",र,ɾ
3228,पिता,पित,pɪt̪,father,NotAppl,M,4,underived,,,0,0,animate,S,Person,0,0,1,"पित,प,त,ित,पि","ɪt̪,t̪,p,pɪt̪,pɪ",त,t̪,त,t̪
3229,पितृ,पितृ,pɪt̪ɾɨ,paternal,NotAppl,M,4,underived,,,0,0,animate,S,Person,0,0,1,"पित,ितृ,प,तृ,ृ,पि","ɾɨ,t̪ɾɨ,p,ɨ,pɪt̪,pɪ",,,,
3230,पिरामिड,पिरामिड,pɪɾɑːmɪɖ,pyramid,NotAppl,M,4,underived,,,0,0,inanimate,H,Artifact,1,0,0,"िड,ड,प,मिड,पिर,पि","mɪɖ,pɪɾ,ɖ,p,ɪɖ,pɪ",,,,
3231,पिलर,पिलर,pɪləɾ,pillar,NotAppl,M,4,underived,,,0,0,inanimate,H,Artifact,1,0,0,"र,प,पिल,लर,िलर,पि","p,ɾ,pɪl,əɾ,pɪ,ləɾ",र,"ɾ,əɾ",र,"ɾ,əɾ"
3232,पिस्तौल,पिस्तौल,pɪs̪t̪əul,pistol,NotAppl,F,3,underived,,,0,0,inanimate,G,Artifact,1,0,0,"ौल,प,तौल,पिस,ल,पि","pɪs̪,ul,əul,p,l,pɪ",,,,
3233,पीएफ,पीएफ,piːeːpʰ,pf,NotAppl,M,0,underived,,,0,0,inanimate,Z,Abbreviation,1,0,0,"फ,प,ीएफ,एफ,पीए,पी","piː,eːpʰ,pʰ,p,iːeːpʰ,piːeː",,,,
3234,पीएसयू,पीएसय,piːeːs̪jə,psu,NotAppl,M,0,underived,,,0,0,inanimate,Z,Group,1,0,0,"सय,प,य,एसय,पीए,पी","piː,s̪jə,p,ə,jə,piːeː",य,jə,य,jə
3235,पीएसी,पीएस,piːeːs̪,pac,NotAppl,F,0,underived,,,0,0,inanimate,Z,Group,1,0,0,"स,ीएस,प,पीए,पी,एस","piː,iːeːs̪,eːs̪,p,s̪,piːeː",,,,
3236,पीठ,पीठ,piːʈʰ,back,NotAppl,F,3,underived,,,0,0,inanimate,M,Anatomical,0,0,1,"ीठ,प,पी,ठ,पीठ","piː,ʈʰ,piːʈʰ,p,iːʈʰ","ीठ,पीठ","piːʈʰ,iːʈʰ",,
3237,पीठिका,पीठिक,piːʈʰɪk,pedestal,NotAppl,F,3,underived,,,0,0,inanimate,O,Object,0,0,1,"प,ठिक,िक,क,पी,पीठ","piː,k,ɪk,piːʈʰ,ʈʰɪk,p",पीठ,piːʈʰ,,
3238,पीड़ा,पीड़,piːɽ,pain,NotAppl,F,3,underived,,,0,0,inanimate,B,Mental State,0,0,0,"प,़,ड़,पीड,पी,ीड़","piː,iːɽ,piːɽ,p,ɽ","़,ड़",ɽ,़,
3239,पीड़ित,पीड़ित,piːɽɪt̪,victim,NotAppl,M,4,underived,,,0,0,animate,A,Person,0,0,0,"प,त,पीड,ित,़ित,पी","piː,ɪt̪,t̪,piːɽ,p,ɽɪt̪",त,t̪,त,t̪
3240,पीड़िता,पीड़ि,piːɽɪ,victim,NotAppl,F,3,abstract8,abstract8,abstract8,0,1,animate,A,Animate,0,0,0,"प,़ि,ि,पीड,पी,ड़ि","piː,ɪ,piːɽ,p,ɽɪ,iːɽɪ",ि,,ि,
3241,पीड़ितों,पीड़ित,piːɽɪt̪,victims,NotAppl,M,4,underived,,,0,0,animate,A,Person,0,0,0,"प,त,पीड,ित,़ित,पी","piː,ɪt̪,t̪,piːɽ,p,ɽɪt̪",त,t̪,त,t̪
3242,पीडा,पीड,piːɖ,pain,NotAppl,F,3,underived,,,0,0,inanimate,B,Abstract,0,0,0,"ड,प,पीड,पी,ीड","piː,iːɖ,ɖ,piːɖ,p",ीड,,,
3244,पीढ़ी,पीढ़,piːɽʰ,generation,NotAppl,F,1,underived,,,0,0,inanimate,T,Artifact,0,0,0,"प,़,ीढ़,पी,ढ़,पीढ","piː,piːɽʰ,iːɽʰ,ɽʰ,p","़,ढ़",ɽʰ,़,
3246,पीतम,पीतम,piːt̪əm,peetam,NotAppl,M,4,underived,,,0,0,inanimate,Z,Drinkable,0,0,0,"तम,प,म,ीतम,पी,पीत","piː,əm,m,piːt̪,p,t̪əm",,,,
3247,पीसीबी,पीसीब,piːs̪iːb,pcb,NotAppl,M,0,underived,,,0,0,inanimate,Z,Abbreviation,1,0,0,"ीब,पीस,प,सीब,ब,पी","s̪iːb,piː,p,b,iːb,piːs̪",,,,
3248,पुआल,पुआल,puɑːl,straw,NotAppl,M,4,underived,,,0,0,inanimate,L,Natural Object,0,0,0,"ुआल,प,पुआ,पु,आल,ल","p,uɑːl,l,puɑː,ɑːl,pu",,,,
3249,पुच्छल,पुच्छल,put͡ʃt͡ʃʰəl,cusp,NotAppl,M,4,underived,,,0,0,inanimate,B,Relational,0,0,0,"पुच,छल,प,पु,ल,्छल","t͡ʃʰəl,p,əl,l,put͡ʃ,pu",,əl,,
3250,पुजारी,पुजा,pud͡ʒɑː,priest,NotAppl,M,4,agent_doer,,,0,1,animate,S,Person,0,0,0,"ा,प,ुजा,जा,पु,पुज","ud͡ʒɑː,ɑː,pud͡ʒ,d͡ʒɑː,p,pu",ा,,ा,
3251,पुण्यतिथि,पुण्यतिथ,puɳjət̪ɪt̪ʰ,death anniversary,NotAppl,F,1,underived,,,1,0,inanimate,L,Period,0,0,0,"िथ,प,तिथ,पु,थ,पुण","t̪ɪt̪ʰ,t̪ʰ,p,ɪt̪ʰ,pu,puɳ",,ɪt̪ʰ,,
3252,पुताई,पुता,put̪ɑː,whitewashing,NotAppl,F,1,abstract6,abstract6,abstract6,0,1,inanimate,O,Physical,0,0,0,"ुता,ा,प,ता,पु,पुत","ɑː,ut̪ɑː,p,t̪ɑː,put̪,pu","ुता,ा",ut̪ɑː,ा,
3253,पुत्र,पुत्र,put̪ɾ,son,NotAppl,M,0,underived,,,0,0,animate,S,Person,0,0,1,"र,प,्र,त्र,पु,पुत","p,ɾ,ut̪ɾ,t̪ɾ,put̪,pu",र,ɾ,र,ɾ
3254,पुत्री,पुत्र,put̪ɾ,daughter,NotAppl,F,1,underived,,,0,0,animate,S,Person,0,0,1,"र,प,्र,त्र,पु,पुत","p,ɾ,ut̪ɾ,t̪ɾ,put̪,pu",र,ɾ,र,ɾ
3255,पुथल,पुथल,put̪ʰəl,shuffle,NotAppl,F,3,underived,,,0,0,inanimate,M,Common Noun,0,0,0,"पुथ,ुथल,प,पु,ल,थल","put̪ʰ,p,əl,t̪ʰəl,l,pu",,əl,,
3256,पुन:,पुन:,pun̪ə:,again:,NotAppl,M,0,underived,,,0,0,inanimate,N,Abstract,0,0,0,"प,पुन,पु,ुन:,:,न:","ə:,n̪ə:,p,:,pun̪,pu",,,,
3257,पुनरावृत्ति,आवृत्त,ɑːʋɾɨt̪t̪,recurrence,NotAppl,F,1,again,,,0,1,inanimate,Z,Physical,0,0,0,"्त,त्त,आव,आ,त,आवृ","ɨt̪t̪,t̪,t̪t̪,ɑː,ɑːʋɾ,ɑːʋ","्त,त्त,त","t̪,t̪t̪","्त,त",t̪
3258,पुनर्गठन,गठन,ɡəʈʰən̪,restructuring,NotAppl,M,4,again,,,0,1,inanimate,S,Action,0,0,0,"ठन,गठ,न,गठन,ग","ʈʰən̪,n̪,ɡəʈʰ,ɡ,ən̪,ɡə",ग,ɡ,,ɡ
3259,पुनर्जागरण,पुनर्जागर,pun̪əɾd͡ʒɑːɡəɾ,renaissance,NotAppl,M,4,abstract7,abstract7,abstract7,0,1,inanimate,A,Social,0,0,0,"र,प,पुन,पु,गर,ागर","p,ɾ,əɾ,pun̪,pu,ɡəɾ",र,"ɾ,əɾ",र,"ɾ,əɾ"
3260,पुनर्निर्धारण,पुनर्निर्धार,pun̪əɾn̪ɪɾd̪ʰɑːɾ,rescheduling,NotAppl,M,4,abstract7,abstract7,abstract7,0,1,inanimate,T,Abstract,0,0,0,"धार,र,ार,प,पुन,पु","d̪ʰɑːɾ,p,ɾ,ɑːɾ,pun̪,pu","र,ार","ɾ,ɑːɾ",र,ɾ
3261,पुनर्निर्माण,पुनर्निर्मा,pun̪əɾn̪ɪɾmɑː,reconstruction,NotAppl,M,4,abstract7,abstract7,abstract7,0,1,inanimate,H,Physical,0,0,0,"मा,ा,प,पुन,पु,्मा","ɑː,ɾmɑː,mɑː,p,pun̪,pu",ा,,ा,
3262,पुनर्मतदान,मतदान,mət̪d̪ɑːn̪,re-poll,NotAppl,M,4,again,,,0,1,inanimate,Z,Action,0,0,0,"ान,मतद,मत,न,म,दान","mə,ɑːn̪,mət̪,d̪ɑːn̪,m,n̪",दान,d̪ɑːn̪,,
3263,पुनर्वास,वास,ʋɑːs̪,rehabilitation,NotAppl,M,4,again,,,0,1,inanimate,B,Social,0,0,0,"स,व,वास,वा,ास","ɑːs̪,ʋɑːs̪,ʋ,ʋɑː,s̪","व,ास",ʋ,व,ʋ
3264,पुनर्विचार,विचार,ʋɪt͡ʃɑːɾ,reconsideration,NotAppl,M,4,again,,,0,1,inanimate,Z,Psychological Feature,0,0,0,"व,ार,र,विच,चार,वि","ʋɪ,ʋɪt͡ʃ,ʋ,ɾ,ɑːɾ,t͡ʃɑːɾ","व,ार,र,चार","ʋ,ɾ,ɑːɾ,t͡ʃɑːɾ","व,र","ʋ,ɾ"
3265,पुरस्कार,स्कार,s̪kɑːɾ,award,NotAppl,M,4,before,,,0,1,inanimate,A,Object,0,0,0,"स,र,ार,स्,कार,स्क","kɑːɾ,ɾ,s̪k,ɑːɾ,s̪,s̪kɑː","र,ार","ɾ,ɑːɾ",र,ɾ
3266,पुराण,पुरा,puɾɑː,puranas,NotAppl,M,4,abstract7,abstract7,abstract7,0,1,inanimate,Z,Artifact,0,0,1,"ा,प,पु,पुर,ुरा,रा","puɾ,ɑː,uɾɑː,ɾɑː,p,pu",ा,,ा,
3267,पुरातत्व,पुरात,puɾɑːt̪,archaeology,NotAppl,M,4,abstract3,,,0,1,inanimate,Y,Cognition,0,0,1,"प,रात,त,पु,पुर,ात","t̪,puɾ,ɑːt̪,p,pu,ɾɑːt̪",त,t̪,त,t̪
3268,पुरातत्वविद,पुरातत्वविद,puɾɑːt̪ət̪ʋəʋɪd̪,archaeologist,NotAppl,M,4,underived,,,1,0,animate,Y,Person,0,0,0,"द,प,पु,पुर,िद,विद","d̪,puɾ,p,ʋɪd̪,ɪd̪,pu",,,,
3269,पुरुष,पुरुष,puɾuʂ,male,NotAppl,M,4,underived,,,0,0,animate,S,Person,0,0,1,"प,ष,ुष,पु,पुर,रुष","puɾ,ɾuʂ,p,uʂ,ʂ,pu",ष,ʂ,,
3271,पुरोहित,	हित,	ɦɪt̪,priest,NotAppl,M,4,before,,,0,1,animate,S,Person,0,0,0,"हित,त,	,	हि,ित,	ह","ɪt̪,t̪,	,	ɦɪ,ɦɪt̪,	ɦ",त,t̪,त,t̪
3272,पुर्नस्थापना,पुर्नस्थापन,puɾn̪əs̪t̪ʰɑːpən̪,restoration,NotAppl,F,3,underived,,,1,0,inanimate,A,Abstract,0,0,0,"प,ापन,न,पु,पुर,पन","n̪,puɾ,p,pən̪,ən̪,pu",,,,
3273,पुल,पुल,pul,bridge,NotAppl,M,4,underived,,,0,0,inanimate,H,Artifact,0,0,1,"प,ुल,पु,पुल,ल","ul,p,pul,l,pu",,,,
3274,पुलिंदा,पुलिंद,pulɪ̃d̪,truss,NotAppl,M,2,underived,,,0,0,inanimate,B,Group,0,0,0,"द,प,ंद,पु,पुल,िंद","d̪,ɪ̃d̪,lɪ̃d̪,p,pul,pu",ंद,,,
3275,पुलिस,पुलिस,pulɪs̪,police,neutral,F,3,underived,,,0,0,animate,G,Group,1,0,0,"स,प,िस,पु,पुल,लिस","ɪs̪,lɪs̪,p,s̪,pul,pu",लिस,lɪs̪,,
3276,पुलिस,पुलिस,pulɪs̪,police,neutral,M,4,underived,,,0,0,animate,G,Group,1,0,0,"स,प,िस,पु,पुल,लिस","ɪs̪,lɪs̪,p,s̪,pul,pu",लिस,lɪs̪,,
3277,पुलिसकर्मी,पुलिसकर्म,pulɪs̪kəɾm,policeman,neutral,F,1,abstract6,abstract6,abstract6,0,1,animate,G,Person,0,0,0,"प,म,पु,पुल,र्म,्म","ɾm,m,p,əɾm,pul,pu",,,,
3278,पुलिसकर्मी,पुलिसकर्म,pulɪs̪kəɾm,policeman,neutral,M,4,underived,,,0,0,animate,G,Person,1,0,0,"प,म,पु,पुल,र्म,्म","ɾm,m,p,əɾm,pul,pu",,,,
3279,पुलिसबल,पुलिसबल,pulɪs̪bəl,police force,NotAppl,M,4,underived,,,1,0,inanimate,G,Common Noun,0,0,0,"बल,प,सबल,पु,पुल,ल","p,əl,bəl,pul,l,pu",,əl,,
3280,पुष्टि,पुष्ट,puʂʈ,confirmation,NotAppl,F,1,underived,,,0,0,inanimate,A,Communication,0,0,1,"ट,प,पुष,ष्ट,पु,्ट","uʂʈ,puʂ,p,ʈ,pu,ʂʈ",,,,
3281,पुस्तक,पुस्तक,pus̪t̪ək,book,neutral,F,3,underived,,,0,0,inanimate,A,Artifact,0,0,1,"प,्तक,पु,पुस,क,तक","k,pus̪,t̪ək,ək,p,pu",,ək,,
3282,पुस्तक,पुस्तक,pus̪t̪ək,book,neutral,M,4,underived,,,0,0,inanimate,A,Artifact,0,0,1,"प,्तक,पु,पुस,क,तक","k,pus̪,t̪ək,ək,p,pu",,ək,,
3283,पुस्तकालय,पुस्तकालय,pus̪t̪əkɑːljə,library,NotAppl,M,4,underived,,,1,0,inanimate,Q,Physical Place,0,0,0,"प,लय,य,पु,पुस,ालय","ljə,pus̪,p,ə,jə,pu","लय,य","ljə,jə",य,jə
3284,पुस्तिका,पुस्त,pus̪t̪,handbook,NotAppl,F,3,dimunitive1,dimunitive1,,0,1,inanimate,Q,Artifact,0,0,0,"्त,प,स्त,त,पु,पुस","pus̪,t̪,us̪t̪,p,s̪t̪,pu","्त,त",t̪,"्त,त",t̪
3285,पूँजी,पूँज,pũːd͡ʒ,capital,NotAppl,F,1,underived,,,0,0,inanimate,I,Artifact,0,0,0,"प,ूँज,पूँ,ज,पू,ँज","d͡ʒ,p,pũː,ũːd͡ʒ,pũːd͡ʒ",,,,
3287,पूंजीपती,पूंजीप,pũːd͡ʒiːp,capitalist,NotAppl,M,4,underived,,,0,0,inanimate,I,Social,0,0,0,"पूं,प,ीप,पू,जीप","d͡ʒiːp,p,pũː,iːp,pũːd͡ʒ",,,,
3288,पूछ,पूछ,puːt͡ʃʰ,ask,NotAppl,F,3,underived,,,0,0,inanimate,Q,Social State,0,0,0,"प,पूछ,ूछ,पू,छ","t͡ʃʰ,uːt͡ʃʰ,puːt͡ʃʰ,p,puː",छ,t͡ʃʰ,छ,t͡ʃʰ
3289,पूछताछ,पूछताछ,puːt͡ʃʰt̪ɑːt͡ʃʰ,inquiry,NotAppl,F,3,underived,,,1,0,inanimate,Q,Physical,0,0,0,"ाछ,प,पूछ,पू,छ,ताछ","t͡ʃʰ,puːt͡ʃʰ,p,t̪ɑːt͡ʃʰ,puː,ɑːt͡ʃʰ",छ,t͡ʃʰ,छ,t͡ʃʰ
3290,पूजन,पूजन,puːd͡ʒən̪,worship,NotAppl,M,4,abstract_noun,abstract_noun,abstract_noun,0,1,inanimate,S,Social,0,0,1,"प,पूज,न,पू,जन,ूजन","p,ən̪,puː,d͡ʒən̪,n̪,puːd͡ʒ",,,,
3291,पूजा,पूज,puːd͡ʒ,prayer,NotAppl,F,3,underived,,,0,0,inanimate,S,Social,0,0,1,"ूज,प,पूज,ज,पू","uːd͡ʒ,d͡ʒ,p,puː,puːd͡ʒ",,,,
3292,पूर्णिमा,पूर्णिम,puːɾɳɪm,full moon,NotAppl,F,3,underived,,,0,0,inanimate,N,Period,0,0,1,"पूर,प,म,पू,णिम,िम","ɳɪm,puːɾ,ɪm,m,p,puː",,,,
3293,पूर्ति,पूर्त,puːɾt̪,fulfilment,NotAppl,F,1,underived,,,0,0,inanimate,E,Action,0,0,1,"पूर,्त,प,र्त,त,पू","t̪,ɾt̪,puːɾ,p,puː,uːɾt̪","्त,त","t̪,uːɾt̪","्त,त",t̪
3294,पूर्वज,पूर्वज,puːɾʋəd͡ʒ,ancestor,NotAppl,M,4,underived,,,1,0,animate,S,Person,0,0,0,"पूर,्वज,प,वज,ज,पू","ʋəd͡ʒ,əd͡ʒ,d͡ʒ,puːɾ,p,puː",,əd͡ʒ,,əd͡ʒ
3295,पूर्ववर्ती,पूर्ववर्त,puːɾʋəʋəɾt̪,predecessors,NotAppl,M,4,underived,,,1,0,inanimate,N,Relational,0,0,0,"पूर,्त,प,र्त,त,पू","t̪,ɾt̪,puːɾ,p,puː,əɾt̪","्त,त",t̪,"्त,त",t̪
3296,पूर्वोत्तर,पूर्वोत्तर,puːɾʋoːt̪t̪əɾ,northeast,NotAppl,M,4,underived,,,1,0,inanimate,Z,concept,0,0,0,"पूर,तर,र,प,पू,्तर","puːɾ,p,ɾ,puː,t̪əɾ,əɾ",र,"ɾ,əɾ",र,"ɾ,əɾ"
3297,पूल,पूल,puːl,pool,NotAppl,M,4,underived,,,0,0,inanimate,W,Action,1,0,0,"प,पूल,पू,ूल,ल","uːl,p,puːl,puː,l",,,,
3298,पृथक्करण,पृथक्कर,pɾɨt̪ʰəkkəɾ,separation,NotAppl,M,4,abstract7,abstract7,abstract7,0,1,inanimate,A,Action,0,0,0,"कर,र,प,पृथ,्कर,पृ","pɾ,p,ɾ,kəɾ,pɾɨ,əɾ","कर,र","ɾ,kəɾ,əɾ","कर,र","ɾ,kəɾ,əɾ"
3299,पृथ्वी,पृथ्व,pɾɨt̪ʰʋ,earth,NotAppl,F,1,underived,,,0,0,inanimate,W,Natural Object,0,0,1,"व,प,्व,पृथ,थ्व,पृ","pɾ,ʋ,p,pɾɨ,t̪ʰʋ,ɨt̪ʰʋ","व,्व",ʋ,व,ʋ
3300,पृष्ठ,पृष्ठ,pɾɨʂʈʰ,page,NotAppl,M,4,underived,,,0,0,inanimate,Q,Artifact,0,0,1,"्ठ,प,पृष,ष्ठ,पृ,ठ","ʂʈʰ,ʈʰ,pɾ,ɨʂʈʰ,p,pɾɨ",,,,
3301,पृष्ठभूमि,पृष्ठभूम,pɾɨʂʈʰəbʰuːm,background,NotAppl,F,1,underived,,,1,0,inanimate,T,Psychological Feature,0,0,0,"ूम,प,पृष,भूम,म,पृ","pɾ,m,p,bʰuːm,uːm,pɾɨ",भूम,bʰuːm,,
3302,पेँदी,पेँद,pẽːd̪,base,NotAppl,F,1,underived,,,0,0,inanimate,M,Part of,0,0,0,"द,पे,प,ँद,ेँद,पेँ","pẽː,d̪,ẽːd̪,p,pẽːd̪",,,,
3303,पेंग,पेंग,pẽːɡ,peng,NotAppl,F,3,underived,,,0,0,inanimate,Z,Action,0,0,0,"पे,प,ेंग,पें,ंग,ग","pẽː,ẽːɡ,p,ɡ,pẽːɡ","ंग,ग",ɡ,ंग,ɡ
3304,पेंच,पेंच,pẽːt͡ʃ,screw,NotAppl,M,4,underived,,,0,0,inanimate,A,Artifact,0,0,0,"ंच,पे,प,पें,च,ेंच","pẽːt͡ʃ,pẽː,ẽːt͡ʃ,t͡ʃ,p",,,,
3305,पेंट,पेंट,pẽːʈ,paint,NotAppl,M,4,underived,,,0,0,inanimate,C,Artifact,1,0,0,"ट,ेंट,पे,प,ंट,पें","pẽː,pẽːʈ,p,ʈ,ẽːʈ","ेंट,ंट",ẽːʈ,,
3306,पेंटिंग,पेंटिंग,pẽːʈɪ̃ɡ,painting,NotAppl,F,5,underived,,,0,0,inanimate,C,Artifact,1,0,0,"पे,प,िंग,पें,ंग,ग","pẽː,pẽːʈ,p,ɪ̃ɡ,ɡ,ʈɪ̃ɡ","िंग,ंग,ग","ɪ̃ɡ,ɡ,ʈɪ̃ɡ","िंग,ंग","ɪ̃ɡ,ɡ"
3308,पेंशन,पेंशन,pẽːʃən̪,pension,NotAppl,F,0,underived,,,0,0,inanimate,I,Artifact,1,0,0,"शन,पे,प,ंशन,न,पें","pẽː,p,ən̪,pẽːʃ,n̪,ʃən̪",शन,ʃən̪,,
3309,पेइंग,पेइंग,peːɪ̃ɡ,paying,NotAppl,M,0,underived,,,0,0,inanimate,I,Common Noun,1,0,0,"पे,प,पेइ,ंग,इंग,ग","peː,p,ɪ̃ɡ,ɡ,eːɪ̃ɡ,peːɪ̃","ंग,ग","ɪ̃ɡ,ɡ",ंग,"ɪ̃ɡ,ɡ"
3310,पेचीदगी,पेचीदग,peːt͡ʃiːd̪əɡ,intricacy,NotAppl,F,1,underived,,,1,0,inanimate,A,State,0,1,0,"पे,प,दग,ग,पेच,ीदग","peː,əɡ,peːt͡ʃ,d̪əɡ,p,ɡ","दग,ग","əɡ,d̪əɡ,ɡ",,ɡ
3311,पेज,पेज,peːd͡ʒ,page,NotAppl,M,4,underived,,,0,0,inanimate,Q,Artifact,1,0,0,"पे,प,पेज,ज,ेज","peː,eːd͡ʒ,d͡ʒ,p,peːd͡ʒ",,,,
3312,पेट,पेट,peːʈ,stomach,NotAppl,M,4,underived,,,0,0,inanimate,B,Anatomical,0,0,0,"ट,पेट,पे,प,ेट","peː,eːʈ,p,ʈ,peːʈ",,,,
3313,पेटी,पेट,peːʈ,thong,NotAppl,F,1,underived,,,0,0,inanimate,Z,Artifact,0,0,0,"ट,पेट,पे,प,ेट","peː,eːʈ,p,ʈ,peːʈ",,,,
3314,पेटेंट,पेटेंट,peːʈẽːʈ,patents,NotAppl,M,4,underived,,,0,0,inanimate,A,State,1,0,0,"ट,पेट,ेंट,पे,प,ंट","peː,p,ʈ,ʈẽːʈ,peːʈ,ẽːʈ","ेंट,ंट",ẽːʈ,,
3315,पेट्रो,पेट्र,peːʈɾə,petro,NotAppl,M,0,underived,,,0,0,inanimate,Z,Common Noun,1,0,0,"पेट,पे,र,प,ट्र,्र","peː,ʈɾə,ɾə,p,ə,peːʈ",र,,र,
3316,पेट्रोल,पेट्रोल,peːʈɾoːl,petrol,NotAppl,M,0,underived,,,0,0,inanimate,O,Chemical,1,0,0,"पेट,पे,प,ोल,रोल,ल","peː,oːl,p,ɾoːl,l,peːʈ",,,,
3317,पेट्रोलियम,पेट्रोलियम,peːʈɾoːlɪjəm,petroleum,NotAppl,M,0,underived,,,0,0,inanimate,O,Natural Object,1,0,0,"पेट,पे,प,म,ियम,यम","peː,əm,m,p,jəm,peːʈ","ियम,यम",jəm,,
3319,पेड़,पेड़,peːɽ,tree,NotAppl,M,4,underived,,,0,0,animate,L,Tree,0,0,0,"पे,प,़,ड़,ेड़,पेड","peː,eːɽ,p,ɽ,peːɽ","़,ड़",ɽ,़,
3320,पेपर,पेपर,peːpəɾ,paper,NotAppl,M,4,underived,,,0,0,inanimate,Q,Artifact,1,0,0,"पर,र,पे,प,पेप,ेपर","peː,pəɾ,peːp,p,ɾ,əɾ",र,"ɾ,əɾ",र,"ɾ,əɾ"
3321,पेय,पेय,peːjə,drinks,NotAppl,M,4,underived,,,0,0,inanimate,F,Edible,0,0,1,"पेय,पे,प,ेय,य","peː,eːjə,p,peːj,ə,jə",य,jə,य,jə
3322,पेयजल,पेयजल,peːjd͡ʒəl,drinking water,NotAppl,M,4,underived,,,1,0,inanimate,F,Natural Object,0,0,0,"पेय,पे,प,जल,यजल,ल","peː,p,əl,peːj,l,d͡ʒəl",,əl,,
3323,पेरेंट्स,पेरेंट्स,peːɾẽːʈs̪,parents,NotAppl,M,5,underived,,,0,0,animate,S,Common Noun,1,0,0,"स,पे,प,ट्स,्स,पेर","peː,ẽːʈs̪,p,ʈs̪,s̪,peːɾ",,,,
3324,पेशकश,पेशकश,peːʃkəʃ,offer,NotAppl,F,3,underived,,,1,0,inanimate,A,Object,0,0,0,"श,पे,कश,प,पेश,शकश","peːʃ,peː,ʃ,kəʃ,əʃ,p",पेश,peːʃ,,
3325,पेशबंदी,पेशबंद,peːʃbə̃d̪,presentation,NotAppl,F,1,systematic_restriction,,,0,1,inanimate,O,Occupation,0,0,0,"द,पे,प,ंद,बंद,पेश","peːʃ,peː,d̪,bə̃d̪,p,ə̃d̪","ंद,बंद,पेश","peːʃ,bə̃d̪,ə̃d̪",,
3326,पेशा,पेश,peːʃ,profession,NotAppl,M,2,underived,,,0,0,inanimate,I,Physical,0,1,0,"श,पे,प,ेश,पेश","peːʃ,peː,ʃ,eːʃ,p","ेश,पेश","peːʃ,eːʃ",,
3327,पेशी,पेश,peːʃ,muscle,NotAppl,F,1,underived,,,0,0,inanimate,B,Action,0,0,1,"श,पे,प,ेश,पेश","peːʃ,peː,ʃ,eːʃ,p","ेश,पेश","peːʃ,eːʃ",,
3328,पेसर,पेसर,peːs̪əɾ,pacer,NotAppl,M,4,underived,,,0,0,inanimate,Z,Physical State,1,0,0,"पे,र,प,सर,ेसर,पेस","peːs̪,peː,p,ɾ,əɾ,s̪əɾ",र,"ɾ,əɾ",र,"ɾ,əɾ"
3329,पैंट,पैंट,pəɪ̃ʈ,pants,NotAppl,M,4,underived,,,0,0,inanimate,B,Artifact,1,0,0,"ट,प,ंट,ैंट,पैं,पै","pə,p,ʈ,əɪ̃ʈ,ɪ̃ʈ,pəɪ̃",ंट,,,
3330,पैक,पैक,pəɪk,pack,NotAppl,M,4,underived,,,0,0,inanimate,A,Group,1,0,0,"प,पैक,क,पै,ैक","k,pə,ɪk,əɪk,p,pəɪ",,,,
3331,पैकेज,पैकेज,pəɪkeːd͡ʒ,package,NotAppl,M,4,underived,,,0,0,inanimate,O,Object,1,0,0,"प,पैक,ज,केज,ेज,पै","keːd͡ʒ,pə,eːd͡ʒ,d͡ʒ,p,pəɪ",,,,
3332,पैकेट,पैकेट,pəɪkeːʈ,package,NotAppl,M,4,underived,,,0,0,inanimate,O,Group,1,0,0,"ट,प,पैक,ेट,केट,पै","pə,eːʈ,p,ʈ,keːʈ,pəɪ",,,,
3333,पैगंबर,पैगंबर,pəɪɡə̃bəɾ,prophet,NotAppl,M,4,underived,,,0,0,animate,T,Person,0,0,0,"ंबर,र,प,बर,पैग,पै","pə,p,ɾ,pəɪ,bəɾ,əɾ",र,"ɾ,əɾ",र,"ɾ,əɾ"
3334,पैटर्न,पैटर्न,pəɪʈəɾn̪,pattern,NotAppl,M,4,underived,,,0,0,inanimate,X,Place,1,0,0,"र्न,पैट,पै,प,न,्न","əɾn̪,pə,ɾn̪,p,pəɪ,n̪",,,,
3335,पैट्रोलिंग,पैट्रोलिंग,pəɪʈɾoːlɪ̃ɡ,patrolling,NotAppl,F,0,underived,,,0,0,inanimate,M,Action,1,0,0,"पैट,प,िंग,ंग,ग,पै","pə,lɪ̃ɡ,p,ɪ̃ɡ,ɡ,pəɪ","िंग,ंग,ग","lɪ̃ɡ,ɪ̃ɡ,ɡ","िंग,ंग","ɪ̃ɡ,ɡ"
3336,पैठ,पैठ,pəɪʈʰ,penetration,NotAppl,F,3,underived,,,0,0,inanimate,M,Action,0,0,0,"पै,प,ैठ,पैठ,ठ","ʈʰ,pə,p,pəɪ,ɪʈʰ,əɪʈʰ",,,,
3337,पैदल,पैदल,pəɪd̪əl,on foot,NotAppl,M,0,underived,,,0,0,inanimate,Z,Person,0,0,0,"पैद,प,दल,ैदल,ल,पै","pə,p,əl,l,pəɪ,d̪əl",,əl,,
3338,पैदावार,पैदावार,pəɪd̪ɑːʋɑːɾ,yield,NotAppl,F,3,underived,,,0,0,inanimate,I,Natural Object,0,1,0,"पैद,र,ार,प,पै,वार","pə,p,ɾ,ɑːɾ,pəɪ,ʋɑːɾ","र,ार","ɾ,ɑːɾ",र,ɾ
3339,पैन,पैन,pəɪn̪,pan,NotAppl,M,4,underived,,,0,0,inanimate,Q,Drinkable,1,0,0,"प,ैन,पैन,न,पै","əɪn̪,pə,p,ɪn̪,pəɪ,n̪",,,,
3340,पैनल,पैनल,pəɪn̪əl,panel,NotAppl,M,4,underived,,,0,0,inanimate,S,Group,1,0,0,"नल,प,पैन,ैनल,ल,पै","pə,n̪əl,p,əl,l,pəɪ",नल,"n̪əl,əl",,
3341,पैमाइश,पैमाइश,pəɪmɑːɪʃ,metering,NotAppl,M,4,underived,,,0,0,inanimate,Z,Action,0,1,0,"ाइश,श,प,पैम,इश,पै","pə,ʃ,p,pəɪ,ɪʃ,ɑːɪʃ",,,,
3342,पैमाना,पैमान,pəɪmɑːn̪,scale,NotAppl,M,2,underived,,,0,0,inanimate,N,concept,0,1,0,"ान,प,न,पैम,मान,पै","pə,ɑːn̪,p,mɑːn̪,pəɪ,n̪",,,,
3343,पैर,पैर,pəɪɾ,feet,NotAppl,M,4,underived,,,0,0,inanimate,B,Anatomical,0,0,0,"र,प,ैर,पै,पैर","ɪɾ,pə,p,ɾ,pəɪ,əɪɾ",र,ɾ,र,ɾ
3344,पैरवी,पैर,pəɪɾ,lobbying,NotAppl,F,1,support_action,,,0,1,inanimate,G,Action,0,1,0,"र,प,ैर,पै,पैर","ɪɾ,pə,p,ɾ,pəɪ,əɪɾ",र,ɾ,र,ɾ
3345,पैराशूट,पैराशूट,pəɪɾɑːʃuːʈ,parachute,NotAppl,M,4,underived,,,0,0,inanimate,M,Artifact,1,0,0,"ट,प,ूट,शूट,पै,पैर","pə,uːʈ,ʃuːʈ,p,ʈ,pəɪ",,,,
3346,पैरोकारी,पैरोकार,pəɪɾoːkɑːɾ,advocacy,NotAppl,F,1,abstract6,abstract6,abstract6,0,1,inanimate,Q,Social,0,0,0,"र,ार,प,कार,पै,पैर","pə,kɑːɾ,p,ɾ,ɑːɾ,pəɪ","र,ार","ɾ,ɑːɾ",र,ɾ
3347,पैलेस,पैलेस,pəɪleːs̪,palace,NotAppl,M,4,underived,,,0,0,inanimate,H,Physical Place,1,0,0,"लेस,स,पै,प,ेस,पैल","pə,eːs̪,p,s̪,pəɪ,leːs̪",,,,
3348,पैसा,पैस,pəɪs̪,money,NotAppl,M,2,underived,,,0,0,inanimate,I,possession,0,0,0,"स,प,पैस,पै,ैस","pə,ɪs̪,p,s̪,pəɪ,əɪs̪",,,,
3349,पैसेंजर,पैसेंजर,pəɪs̪ẽːd͡ʒəɾ,passenger,NotAppl,M,4,underived,,,0,0,animate,M,Person,1,0,0,"र,पैस,प,ंजर,जर,पै","d͡ʒəɾ,pə,p,ɾ,pəɪ,əɾ",र,"ɾ,əɾ",र,"ɾ,əɾ"
3350,पॉइंट,पॉइंट,pɔɪ̃ʈ,point,NotAppl,M,4,underived,,,0,0,inanimate,Q,Abstract,1,0,0,"ट,पॉ,प,इंट,ंट,पॉइ","pɔ,pɔɪ̃,p,ʈ,ɪ̃ʈ,ɔɪ̃ʈ","इंट,ंट",,,
3351,पॉप,पॉप,pɔp,pop,NotAppl,M,4,underived,,,0,0,inanimate,X,Qualitative,1,0,0,"पॉ,पॉप,ॉप,प","p,pɔ,pɔp,ɔp",,,,
3352,पॉलिथीन,पॉलिथीन,pɔlɪt̪ʰiːn̪,polythene,NotAppl,M,4,underived,,,0,0,inanimate,O,Common Noun,1,0,0,"पॉ,प,थीन,न,ीन,पॉल","pɔ,iːn̪,pɔl,p,t̪ʰiːn̪,n̪",,,,
3353,पॉलिसी,पॉलिस,pɔlɪs̪,policy,NotAppl,F,1,underived,,,0,0,inanimate,X,Artifact,1,0,0,"स,पॉ,प,िस,पॉल,लिस","pɔ,ɪs̪,pɔl,lɪs̪,p,s̪",लिस,lɪs̪,,
3354,पॉवर,पॉवर,pɔʋəɾ,power,neutral,F,3,underived,,,0,0,inanimate,S,Physical State,1,0,0,"वर,ॉवर,पॉ,र,प,पॉव","pɔ,p,ɾ,əɾ,ʋəɾ,pɔʋ",र,"ɾ,əɾ",र,"ɾ,əɾ"
3355,पॉवर,पॉवर,pɔʋəɾ,power,neutral,M,4,underived,,,0,0,inanimate,S,Common Noun,1,0,0,"वर,ॉवर,पॉ,र,प,पॉव","pɔ,p,ɾ,əɾ,ʋəɾ,pɔʋ",र,"ɾ,əɾ",र,"ɾ,əɾ"
3356,पोटा,पोट,poːʈ,pot,NotAppl,M,4,underived,,,0,0,inanimate,O,Birds,1,0,0,"ट,ोट,पोट,प,पो","oːʈ,p,poː,ʈ,poːʈ",,,,
3357,पोटेशियम,पोटेशियम,poːʈeːʃɪjəm,potassium,NotAppl,M,4,underived,,,0,0,inanimate,O,Chemical,1,0,0,"पोट,प,म,पो,ियम,यम","əm,m,p,poː,jəm,poːʈ","ियम,यम",jəm,,
3358,पोत,पोत,poːt̪,vessel,NotAppl,M,4,underived,,,0,0,inanimate,M,Artifact,0,0,1,"पोत,प,त,पो,ोत","t̪,p,poː,oːt̪,poːt̪",त,t̪,त,t̪
3359,पोता,पोत,poːt̪,grandson,NotAppl,M,2,underived,,,0,0,animate,S,Person,0,1,0,"पोत,प,त,पो,ोत","t̪,p,poː,oːt̪,poːt̪",त,t̪,त,t̪
3360,पोती,पोत,poːt̪,granddaughter,NotAppl,F,1,underived,,,0,0,animate,S,Person,0,0,0,"पोत,प,त,पो,ोत","t̪,p,poː,oːt̪,poːt̪",त,t̪,त,t̪
3361,पोप,पोप,poːp,pope,NotAppl,M,4,underived,,,0,0,animate,S,Person,1,0,0,"पो,ोप,पोप,प","p,poː,oːp,poːp",,,,
3362,पोर्ट,पोर्ट,poːɾʈ,port,NotAppl,M,4,underived,,,0,0,inanimate,M,Drinkable,1,0,0,"पोर,ट,प,र्ट,पो,्ट","oːɾʈ,p,poː,poːɾ,ɾʈ,ʈ",,,,
3363,पोर्टफोलियो,पोर्टफोलिय,poːɾʈəpʰoːlɪjə,portfolio,NotAppl,M,4,underived,,,0,0,inanimate,I,Artifact,1,0,0,"पोर,िय,प,य,पो,लिय","p,poː,poːɾ,ɪjə,ə,jə",य,jə,य,jə
3364,पोर्टल,पोर्टल,poːɾʈəl,portal,NotAppl,M,4,underived,,,0,0,inanimate,H,Common Noun,1,0,0,"पोर,टल,प,पो,्टल,ल","ʈəl,p,poː,poːɾ,əl,l",,əl,,
3365,पोल,पोल,poːl,poll,NotAppl,F,4,underived,,,0,0,inanimate,G,Part of,0,1,0,"प,ोल,पो,ल,पोल","oːl,p,poː,l,poːl",,,,
3366,पोलिंग,पोलिंग,poːlɪ̃ɡ,polling,NotAppl,F,0,underived,,,0,0,inanimate,G,Abstract,1,0,0,"प,पो,िंग,ंग,ग,पोल","lɪ̃ɡ,p,poː,ɪ̃ɡ,ɡ,poːl","िंग,ंग,ग","lɪ̃ɡ,ɪ̃ɡ,ɡ","िंग,ंग","ɪ̃ɡ,ɡ"
3367,पोलित,पोलित,poːlɪt̪,polit,NotAppl,M,0,underived,,,0,0,inanimate,Z,Common Noun,1,0,0,"लित,प,त,पो,ित,पोल","ɪt̪,t̪,p,poː,lɪt̪,poːl",त,t̪,त,t̪
3368,पोल्ट्री,पोल्ट्र,poːlʈɾə,poultry,NotAppl,M,4,underived,,,0,0,inanimate,L,Common Noun,1,0,0,"र,प,ट्र,्र,पो,पोल","ʈɾə,ɾə,p,poː,ə,poːl",र,,र,
3369,पोषण,पोषण,poːʂəɳ,nutrition,NotAppl,M,4,underived,,,0,0,inanimate,F,Action,0,0,1,"पोष,प,पो,षण,ोषण,ण","əɳ,poːʂ,ʂəɳ,p,poː,ɳ",षण,"əɳ,ʂəɳ",,əɳ
3370,पोस्ट,पोस्ट,poːs̪ʈ,post,NotAppl,M,4,underived,,,0,0,inanimate,Q,Common Noun,1,0,0,"ट,प,पो,्ट,पोस,स्ट","poːs̪,oːs̪ʈ,p,poː,s̪ʈ,ʈ",स्ट,s̪ʈ,,s̪ʈ
3371,पोस्टमार्टम,पोस्टमार्टम,poːs̪ʈəmɑːɾʈəm,post mortem,NotAppl,M,4,underived,,,0,0,inanimate,T,Physical,1,0,0,"प,म,पो,टम,्टम,पोस","əm,poːs̪,m,p,poː,ʈəm",,,,
3372,पोस्टर,पोस्टर,poːs̪ʈəɾ,poster,NotAppl,M,4,underived,,,0,0,inanimate,Q,Artifact,1,0,0,"र,प,्टर,पो,टर,पोस","poːs̪,p,poː,ɾ,əɾ,ʈəɾ","र,्टर,टर","ɾ,əɾ,ʈəɾ","र,्टर,टर","ɾ,əɾ,ʈəɾ"
3373,पोस्टिंग,पोस्टिंग,poːs̪ʈɪ̃ɡ,postings,NotAppl,F,3,underived,,,0,0,inanimate,Q,Common Noun,1,0,0,"प,पो,िंग,ंग,ग,पोस","poːs̪,p,poː,ɪ̃ɡ,ɡ,ʈɪ̃ɡ","िंग,ंग,ग","ɪ̃ɡ,ɡ,ʈɪ̃ɡ","िंग,ंग","ɪ̃ɡ,ɡ"
3374,पौ,पौ,pəu,pau,NotAppl,F,0,underived,,,0,0,inanimate,Z,Time,0,0,0,"ौ,पौ,प","pə,u,pəu,p,əu",,,,
3375,पौंड,पौंड,pəũɖ,pound,NotAppl,M,4,underived,,,0,0,inanimate,I,Artifact,1,0,0,"ड,प,ौंड,ंड,पौं,पौ","pəũ,pə,ɖ,ũɖ,p,əũɖ",,,,
3376,पौत्री,पौत्र,pəut̪ɾ,granddaughter,NotAppl,F,1,underived,,,0,0,animate,S,Person,0,0,1,"र,प,्र,त्र,पौत,पौ","pə,pəu,p,ɾ,ut̪ɾ,t̪ɾ",र,ɾ,र,ɾ
3377,पौध,पौध,pəud̪ʰ,seedlings,NotAppl,M,4,underived,,,0,0,animate,L,Shrub,0,0,0,"प,पौध,ौध,ध,पौ","əud̪ʰ,pə,ud̪ʰ,pəu,d̪ʰ,p",,,,
3378,पौधा,पौध,pəud̪ʰ,plant,NotAppl,M,2,underived,,,0,0,animate,L,Flora,0,0,0,"प,पौध,ौध,ध,पौ","əud̪ʰ,pə,ud̪ʰ,pəu,d̪ʰ,p",,,,
3379,पौष्टिकता,पौष्टिकत,pəuʂʈɪkət̪,nutrition,NotAppl,F,0,underived,,,0,0,inanimate,F,Qualitative,0,0,0,"िकत,प,त,कत,पौष,पौ","pə,t̪,pəu,ət̪,p,kət̪","त,कत","t̪,kət̪",त,t̪
3380,प्नदेश,प्नदेश,pn̪əd̪eːʃ,instruction,NotAppl,M,4,underived,,,0,0,inanimate,Q,Common Noun,0,0,0,"प्,श,प्न,प,ेश,देश","pn̪ə,pn̪,ʃ,d̪eːʃ,eːʃ,p","ेश,देश","d̪eːʃ,eːʃ",,
3381,प्याज,प्याज,pjɑːd͡ʒ,onion,NotAppl,M,4,underived,,,0,0,inanimate,F,Edible,0,0,0,"प्,प्य,प,याज,ाज,ज","pjɑː,jɑːd͡ʒ,ɑːd͡ʒ,pj,d͡ʒ,p",,,,
3382,प्यार,प्यार,pjɑːɾ,love,NotAppl,M,4,underived,,,0,0,inanimate,S,Psychological Feature,0,0,0,"प्,प्य,र,ार,प,यार","pjɑː,pj,jɑːɾ,p,ɾ,ɑːɾ","र,ार","ɾ,ɑːɾ",र,ɾ
3383,प्याला,प्याल,pjɑːl,cup,NotAppl,M,2,underived,,,0,0,inanimate,O,Artifact,0,1,0,"प्,याल,प्य,प,ाल,ल","pjɑː,jɑːl,pj,p,l,ɑːl",,,,
3384,प्रकरण,प्रकरण,pɾəkɾəɳ,case,neutral,F,3,underived,,,0,0,inanimate,A,Cognition,0,0,1,"प्,करण,रण,प,प्र,ण","pɾ,əɳ,pɾə,p,ɾəɳ,ɳ",रण,"əɳ,ɾəɳ",,"əɳ,ɾəɳ"
3385,प्रकरण,प्रकरण,pɾəkɾəɳ,case,neutral,M,4,underived,,,0,0,inanimate,A,Cognition,0,0,1,"प्,करण,रण,प,प्र,ण","pɾ,əɳ,pɾə,p,ɾəɳ,ɳ",रण,"əɳ,ɾəɳ",,"əɳ,ɾəɳ"
3386,प्रकार,प्रकार,pɾəkɑːɾ,type,neutral,F,3,underived,,,0,0,inanimate,A,concept,0,0,1,"प्,र,प्र,ार,प,कार","pɾ,kɑːɾ,pɾə,p,ɾ,ɑːɾ","र,ार","ɾ,ɑːɾ",र,ɾ
3387,प्रकार,प्रकार,pɾəkɑːɾ,type,neutral,M,4,underived,,,0,0,inanimate,A,concept,0,0,1,"प्,र,प्र,ार,प,कार","pɾ,kɑːɾ,pɾə,p,ɾ,ɑːɾ","र,ार","ɾ,ɑːɾ",र,ɾ
3388,प्रकाश,प्रकाश,pɾəkɑːʃ,light,NotAppl,M,4,underived,,,0,0,inanimate,W,Perception,0,0,1,"प्,श,प,प्र,ाश,काश","pɾ,ʃ,pɾə,kɑːʃ,p,ɑːʃ",,,,
3389,प्रकाशक,प्रकाशक,pɾəkɑːʃək,publisher,neutral,F,3,agentive1,agentive1,agentive1,0,1,animate,Q,Person,0,0,1,"प्,प,प्र,शक,ाशक,क","pɾ,k,ʃək,pɾə,ək,p",,ək,,
3390,प्रकाशक,प्रकाशक,pɾəkɑːʃək,publisher,neutral,M,4,agentive1,agentive1,agentive1,0,1,animate,Q,Person,0,0,1,"प्,प,प्र,शक,ाशक,क","pɾ,k,ʃək,pɾə,ək,p",,ək,,
3391,प्रकाशन,प्रकाशन,pɾəkɑːʃən̪,publications,NotAppl,M,4,abstract_noun,abstract_noun,abstract_noun,0,1,inanimate,Q,Action,0,0,1,"प्,ाशन,शन,प,प्र,न","pɾ,pɾə,p,ən̪,n̪,ʃən̪",शन,ʃən̪,,
3392,प्रकाशवर्ष,प्रकाशवर्ष,pɾəkɑːʃʋəɾʂ,light year,NotAppl,M,4,underived,,,1,0,inanimate,T,Measurement,0,0,0,"प्,्ष,र्ष,प,प्र,ष","pɾ,əɾʂ,pɾə,p,ɾʂ,ʂ",ष,ʂ,,
3393,प्रकिया,प्रकिय,pɾəkɪjə,process,NotAppl,F,3,underived,,,0,0,inanimate,A,Natural Process,0,0,0,"प्,िय,प,प्र,य,किय","pɾ,pɾə,p,ɪjə,ə,jə",य,jə,य,jə
3394,प्रकृति,प्रकृत,pɾəkɾɨt̪,nature,NotAppl,F,1,underived,,,0,0,inanimate,W,Group,0,0,1,"प्,प,प्र,ृत,त,कृत","pɾ,t̪,pɾə,ɨt̪,p,ɾɨt̪","ृत,त,कृत","t̪,ɨt̪,ɾɨt̪",त,t̪
3395,प्रकोप,प्रकोप,pɾəkoːp,outbreak,NotAppl,M,4,underived,,,0,0,inanimate,B,Mental State,0,0,1,"प्,ोप,प,प्र,कोप","pɾ,oːp,pɾə,p,koːp",,,,
3396,प्रकोष्ठ,प्रकोष्ठ,pɾəkoːʂʈʰ,cell,NotAppl,M,4,underived,,,0,0,inanimate,B,Anatomical,0,0,0,"प्,्ठ,प,प्र,ष्ठ,ठ","ʂʈʰ,ʈʰ,pɾ,oːʂʈʰ,pɾə,p",,,,
3397,प्रक्रिया,प्रक्रिय,pɾəkɾɪjə,process,NotAppl,F,3,underived,,,0,0,inanimate,A,Process,0,0,1,"प्,िय,प,प्र,य,रिय","pɾ,pɾə,p,ɪjə,ə,jə",य,jə,य,jə
3398,प्रक्षेपण,प्रक्षेप,pɾəkʂeːp,launch,NotAppl,M,4,abstract7,abstract7,abstract7,0,1,inanimate,M,Action,0,0,1,"प्,ेप,प्र,प,षेप","pɾ,pɾə,ʂeːp,p,eːp",,,,
3399,प्रक्षेपास्त्र,प्रक्षेपास्त्र,pɾəkʂeːpɑːs̪t̪ɾ,missile,NotAppl,M,4,underived,,,1,0,inanimate,G,Artifact,0,0,0,"प्,र,प्र,प,्र,त्र","pɾ,pɾə,p,ɾ,t̪ɾ,s̪t̪ɾ",र,ɾ,र,ɾ
3400,प्रगति,प्रगत,pɾəɡət̪,progress,NotAppl,F,1,underived,,,0,0,inanimate,A,State,0,0,1,"प्,गत,प,प्र,त,रगत","pɾ,ɡət̪,t̪,pɾə,ət̪,p","गत,त","ɡət̪,t̪",त,t̪
3401,प्रगाढ़ता,प्रगाढ़,pɾəɡɑːɽʰ,intensity,NotAppl,F,3,abstract8,abstract8,abstract8,0,1,inanimate,N,Stative,0,0,0,"प्,प,प्र,़,ाढ़,ढ़","pɾ,pɾə,ɽʰ,ɑːɽʰ,p,ɡɑːɽʰ","़,ढ़",ɽʰ,़,
3402,प्रचलन,प्रचलन,pɾət͡ʃlən̪,prevalence,NotAppl,M,4,abstract_noun,abstract_noun,abstract_noun,0,1,inanimate,A,State,0,0,1,"प्,प,प्र,लन,न,चलन","pɾ,pɾə,p,ən̪,n̪,lən̪",लन,lən̪,,
3403,प्रचार,प्रचार,pɾət͡ʃɑːɾ,publicity,NotAppl,M,4,underived,,,0,0,inanimate,Q,Communication,0,0,1,"प्,र,प्र,ार,प,चार","pɾ,pɾə,p,ɾ,ɑːɾ,t͡ʃɑːɾ","र,ार,चार","ɾ,ɑːɾ,t͡ʃɑːɾ",र,ɾ
3404,प्रचारक,प्रचारक,pɾət͡ʃɑːɾək,campaigner,NotAppl,M,4,agentive1,agentive1,agentive1,0,1,animate,X,Person,0,0,1,"प्,प,प्र,ारक,रक,क","pɾ,k,pɾə,ək,p,ɾək",,ək,,
3405,प्रजनन,प्रजनन,pɾəd͡ʒn̪ən̪,reproduction,NotAppl,M,4,underived,,,0,0,inanimate,A,Verb of Action,0,0,1,"प्,नन,प,प्र,न,जनन","pɾ,pɾə,p,ən̪,n̪ən̪,n̪",,,,
3406,प्रजातंत्र,प्रजातंत्र,pɾəd͡ʒɑːt̪ə̃t̪ɾ,democracy,NotAppl,M,4,underived,,,1,0,inanimate,G,Social State,0,0,0,"प्,र,प्र,प,्र,त्र","pɾ,pɾə,ə̃t̪ɾ,p,ɾ,t̪ɾ",र,ɾ,र,ɾ
3407,प्रजाति,प्रजा,pɾəd͡ʒɑː,species,NotAppl,F,1,form_result,form_result,,0,1,inanimate,A,Group,0,0,0,"प्,ा,प,प्र,रजा,जा","pɾ,pɾə,ɑː,d͡ʒɑː,p,əd͡ʒɑː",ा,,ा,
3408,प्रणाली,प्रणाल,pɾəɳɑːl,system,NotAppl,F,1,underived,,,0,0,inanimate,X,Process,0,0,1,"प्,प,प्र,ाल,णाल,ल","pɾ,pɾə,p,l,ɑːl,ɳɑːl",,,,
3409,प्रताडना,प्रताडन,pɾət̪ɑːɖən̪,harassment,NotAppl,F,3,underived,,,0,0,inanimate,G,Abstract,0,0,0,"प्,प,प्र,डन,न,ाडन","pɾ,ɖən̪,pɾə,p,ən̪,n̪",,,,
3410,प्रति,प्रत,pɾət̪,per,homophones,F,1,underived,,,0,0,inanimate,Z,Artifact,0,0,1,"प्,रत,प,प्र,त,्रत","pɾ,t̪,pɾə,ət̪,p,ɾət̪","रत,त","t̪,ɾət̪",त,"t̪,ɾət̪"
3411,प्रति,प्रत,pɾət̪,per,homophones,M,4,underived,,,0,0,inanimate,Z,Artifact,0,0,1,"प्,रत,प,प्र,त,्रत","pɾ,t̪,pɾə,ət̪,p,ɾət̪","रत,त","t̪,ɾət̪",त,"t̪,ɾət̪"
3412,प्रतिकार,प्रतिकार,pɾət̪ɪkɑːɾ,retribution,NotAppl,M,4,agentive_activity1,agentive_activity1,agentive_activity1,0,1,inanimate,E,Action,0,0,1,"प्,र,प्र,ार,प,कार","pɾ,kɑːɾ,pɾə,p,ɾ,ɑːɾ","र,ार","ɾ,ɑːɾ",र,ɾ
3413,प्रतिक्रिया,क्रिया,kɾɪjɑː,feedback,NotAppl,F,3,every,,,0,1,inanimate,X,Action,0,0,1,"क्र,ा,क्,िया,या,क","k,ɪjɑː,ɑː,jɑː,kɾɪ,kɾ","ा,या",jɑː,ा,
3414,प्रतिज्ञा,ज्ञा,d͡ʒɲɑː,pledge,NotAppl,F,3,every,,,0,1,inanimate,A,Action,0,0,1,"ञा,ा,ज्ञ,ज्,ज,्ञा","ɑː,d͡ʒ,ɲɑː,d͡ʒɲ,d͡ʒɲɑː",ा,,ा,
3415,प्रतिदिन,दिन,d̪ɪn̪,daily,NotAppl,M,4,every,,,0,1,inanimate,Q,Time,0,0,1,"द,िन,दिन,न,दि","d̪,d̪ɪn̪,d̪ɪ,ɪn̪,n̪",,,,
3416,प्रतिद्वंद्विता,द्वंद्विता,d̪ʋə̃d̪ʋɪt̪ɑː,rivalry,NotAppl,F,3,every,,,0,1,inanimate,S,Action,0,0,1,"द,िता,ा,द्व,ता,द्","d̪,ɪt̪ɑː,ɑː,d̪ʋ,d̪ʋə̃,t̪ɑː","िता,ा",ɪt̪ɑː,ा,
3417,प्रतिद्वंद्वी,द्वंद्वी,d̪ʋə̃d̪ʋiː,rival,neutral,F,1,every,,,0,1,inanimate,S,Person,0,0,1,"द,्वी,द्व,वी,ी,द्","iː,d̪,d̪ʋiː,d̪ʋ,d̪ʋə̃,ʋiː",ी,,ी,
3418,प्रतिद्वंद्वी,द्वंद्वी,d̪ʋə̃d̪ʋiː,rival,neutral,M,4,every,,,0,1,inanimate,S,Person,0,0,1,"द,्वी,द्व,वी,ी,द्","iː,d̪,d̪ʋiː,d̪ʋ,d̪ʋə̃,ʋiː",ी,,ी,
3419,प्रतिनिधि,निधि,n̪ɪd̪ʰɪ,representative,NotAppl,M,4,every,,,0,1,inanimate,Q,Person,0,0,1,"न,ि,निध,िधि,धि,नि","n̪ɪd̪ʰ,ɪ,n̪ɪ,d̪ʰɪ,ɪd̪ʰɪ,n̪",ि,,ि,
3420,प्रतिनिधित्व,प्रतिनिधि,pɾət̪ɪn̪ɪd̪ʰɪ,representation,NotAppl,M,4,abstract3,,,0,1,inanimate,G,State,0,0,1,"प्,प,प्र,ि,िधि,धि","pɾ,pɾə,ɪ,p,d̪ʰɪ,ɪd̪ʰɪ",ि,,ि,
3421,प्रतिनिधिदल,प्रतिनिधिदल,pɾət̪ɪn̪ɪd̪ʰɪd̪əl,delegation,NotAppl,M,4,underived,,,1,0,inanimate,S,Collective Noun,0,0,0,"प्,प,प्र,दल,िदल,ल","pɾ,pɾə,p,əl,l,d̪əl",,əl,,
3422,प्रतिनिधिमंडल,प्रतिनिधिमंडल,pɾət̪ɪn̪ɪd̪ʰɪmə̃ɖəl,delegation,NotAppl,M,4,underived,,,1,0,inanimate,S,Group,0,0,0,"प्,प,प्र,डल,ंडल,ल","pɾ,pɾə,p,əl,l,ɖəl",,əl,,
3423,प्रतिनियुक्ति,प्रतिनियुक्त,pɾət̪ɪn̪ɪjukt̪,deputation,NotAppl,F,1,underived,,,1,0,inanimate,S,Abstract,0,0,0,"प्,्त,प,प्र,त,क्त","pɾ,t̪,pɾə,p,ukt̪,kt̪","्त,त",t̪,"्त,त",t̪
3424,प्रतिपक्ष,पक्ष,pəkʂ,counterpart,NotAppl,M,4,every,,,0,1,animate,A,Group,0,0,1,"्ष,पक्,पक,प,ष,क्ष","pə,kʂ,əkʂ,pək,p,ʂ",ष,ʂ,,
3425,प्रतिपालक,प्रतिपाल,pɾət̪ɪpɑːl,guardian,NotAppl,M,4,agentive1,agentive1,agentive1,0,1,animate,S,Person,0,0,1,"प्,पाल,प,प्र,ाल,ल","pɾ,pɾə,pɑːl,p,l,ɑːl",,,,
3426,प्रतिपूर्ति,पूर्ति,puːɾt̪ɪ,reimbursement,NotAppl,F,1,every,,,0,1,inanimate,Z,Physical,0,0,0,"पूर,प,्ति,ति,ि,पू","puːɾ,ɪ,p,t̪ɪ,puː,ɾt̪ɪ","्ति,ि",,ि,
3427,प्रतिबंध,बंध,bə̃d̪ʰ,restrictions,NotAppl,M,4,every,,,0,1,inanimate,A,Action,0,0,1,"बं,ब,ध,ंध,बंध","ə̃d̪ʰ,d̪ʰ,b,bə̃,bə̃d̪ʰ",बंध,bə̃d̪ʰ,,
3429,प्रतिबद्धता,प्रतिबद्ध,pɾət̪ɪbəd̪d̪ʰ,commitment,NotAppl,F,3,abstract8,abstract8,abstract8,0,1,inanimate,S,State,0,0,0,"प्,प,प्र,्ध,ध,द्ध","pɾ,d̪d̪ʰ,pɾə,d̪ʰ,p,əd̪d̪ʰ",,,,
3430,प्रतिबिम्ब,बिम्ब,bɪmb,reflection,NotAppl,M,4,every,,,0,1,inanimate,X,Perception,0,0,0,"बिम,म्ब,ब,्ब,बि","bɪ,mb,ɪmb,b,bɪm",,,,
3431,प्रतिभा,भा,bʰɑː,talent,NotAppl,F,3,every,,,0,1,inanimate,X,Quality,0,0,1,"ा,भ,भा","ɑː,bʰ,bʰɑː",ा,,ा,
3432,प्रतिभागी,प्रतिभाग,pɾət̪ɪbʰɑːɡ,participants,neutral,F,1,abstract6,abstract6,abstract6,0,1,animate,S,Tree,0,0,0,"प्,ाग,भाग,प,प्र,ग","pɾ,pɾə,ɑːɡ,p,ɡ,bʰɑːɡ","ाग,ग",ɡ,,ɡ
3433,प्रतिभागी,प्रतिभाग,pɾət̪ɪbʰɑːɡ,participants,neutral,M,4,abstract6,abstract6,abstract6,0,1,animate,S,Tree,0,0,0,"प्,ाग,भाग,प,प्र,ग","pɾ,pɾə,ɑːɡ,p,ɡ,bʰɑːɡ","ाग,ग",ɡ,,ɡ
3434,प्रतिमा,मा,mɑː,statue,NotAppl,F,3,every,,,0,1,inanimate,C,Artifact,0,0,1,"मा,ा,म","mɑː,ɑː,m",ा,,ा,
3435,प्रतियोगिता,प्रतियोगि,pɾət̪ɪjoːɡɪ,competition,NotAppl,F,3,abstract8,abstract8,abstract8,0,1,inanimate,K,Social,0,0,1,"प्,गि,प,प्र,ोगि,ि","pɾ,ɡɪ,pɾə,ɪ,oːɡɪ,p",ि,,ि,
3436,प्रतियोगी,योगी,joːɡiː,competitors,NotAppl,M,4,every,,,0,1,animate,S,Person,0,0,1,"गी,ोगी,य,योग,ी,यो","iː,joː,j,joːɡ,ɡiː,oːɡiː","य,योग,ी",joːɡ,"य,ी",
3437,प्रतिरोधक,प्रतिरोधक,pɾət̪ɪɾoːd̪ʰək,resistor,NotAppl,M,4,agentive1,agentive1,agentive1,0,1,inanimate,Z,Qualitative,0,0,1,"प्,धक,प,प्र,क,ोधक","pɾ,k,pɾə,ək,p,d̪ʰək",,ək,,
3438,प्रतिलिपि,लिपि,lɪpɪ,copy,NotAppl,F,1,every,,,0,1,inanimate,A,Artifact,0,0,1,"िपि,ि,लि,लिप,ल,पि","ɪpɪ,lɪp,ɪ,lɪ,l,pɪ",ि,,ि,
3439,प्रतिवर्ष,वर्ष,ʋəɾʂ,every year,NotAppl,M,4,every,,,0,1,inanimate,N,Time,0,0,1,"वर,्ष,व,र्ष,ष,वर्","ʋə,əɾʂ,ʋ,ɾʂ,ʂ,ʋəɾ","व,ष","ʋə,ʋ,ʂ",व,ʋ
3440,प्रतिवेदन,वेदन,ʋeːd̪ən̪,report,NotAppl,M,4,every,,,0,1,inanimate,Q,Communication,0,0,1,"वे,व,दन,वेद,न,ेदन","n̪,d̪ən̪,ʋeː,ʋ,ʋeːd̪,ən̪","वे,व",ʋ,व,ʋ
3441,प्रतिशत,शत,ʃət̪,percentage,neutral,F,3,every,,,0,1,inanimate,N,Cognition,0,0,1,"त,श,शत","ʃət̪,ʃ,t̪,ʃə,ət̪",त,t̪,त,t̪
3442,प्रतिशत,शत,ʃət̪,percentage,neutral,M,4,every,,,0,1,inanimate,N,Cognition,0,0,1,"त,श,शत","ʃət̪,ʃ,t̪,ʃə,ət̪",त,t̪,त,t̪
3443,प्रतिष्ठा,ष्ठा,ʂʈʰɑː,prestige,NotAppl,F,3,every,,,0,1,inanimate,S,Social State,0,0,1,"ष्,ठा,ा,ष,ष्ठ,्ठा","ʂʈʰ,ʈʰɑː,ɑː,ʂʈʰɑː,ʂ","ा,ष",ʂ,ा,
3444,प्रतिष्ठान,ष्ठान,ʂʈʰɑːn̪,establishment,NotAppl,M,4,every,,,0,1,inanimate,T,Physical,0,0,1,"ान,ष्,ष,न,ष्ठ,ठान","ʂʈʰ,ɑːn̪,ʈʰɑːn̪,ʂʈʰɑː,ʂ,n̪",ष,ʂ,,
3445,प्रतिस्पर्धा,स्पर्धा,s̪pəɾd̪ʰɑː,competition,NotAppl,F,3,every,,,0,1,inanimate,K,Social,0,0,1,"स,ा,्धा,धा,स्,स्प","ɾd̪ʰɑː,ɑː,d̪ʰɑː,s̪,s̪pə,s̪p","ा,धा",d̪ʰɑː,ा,
3446,प्रतीक,प्रतीक,pɾət̪iːk,sign ,NotAppl,M,4,every,,,0,1,inanimate,Q,Object,0,0,1,"प्,प,प्र,तीक,क,ीक","pɾ,k,pɾə,p,t̪iːk,iːk",,,,
3447,प्रतीक्षा,प्रतीक्ष,pɾət̪iːkʂ,wait,NotAppl,F,3,every,,,0,1,inanimate,T,Action,0,0,1,"प्,्ष,प,प्र,ष,क्ष","pɾ,pɾə,kʂ,p,iːkʂ,ʂ",ष,ʂ,,
3448,प्रत्यर्पण,र्पण,ɾpəɳ,extradition,NotAppl,M,4,reversal_action,,,0,1,inanimate,G,Physical,0,0,1,"र,र्,पण,र्प,्पण,ण","əɳ,pəɳ,ɾp,ɾ,ɾpə,ɳ",र,"əɳ,ɾ",र,"əɳ,ɾ"
3449,प्रत्यारोप,आरोप,ɑːɾoːp,recrimination,NotAppl,M,4,reversal_action,,,0,1,inanimate,E,Communication,0,0,0,"रोप,ोप,प,आर,आ,आरो","oːp,ɑːɾoː,ɑː,ɾoːp,p,ɑːɾ",,ɑːɾ,,
3450,प्रत्यारोपण,आरोपण,ɑːɾoːpəɳ,transplant,NotAppl,M,4,reversal_action,,,0,1,inanimate,B,Physical,0,0,0,"आर,आ,आरो,पण,ोपण,ण","ɑːɾoː,əɳ,pəɳ,ɑː,ɑːɾ,ɳ",,"əɳ,ɑːɾ",,əɳ
3451,प्रत्यार्पण,आर्पण,ɑːɾpəɳ,extradition,NotAppl,M,4,reversal_action,,,0,1,inanimate,G,Abstract,0,0,0,"आर,आ,पण,्पण,आर्,ण","əɳ,pəɳ,ɑː,ɑːɾp,ɑːɾ,ɳ",,"əɳ,ɑːɾ",,əɳ
3452,प्रत्याशिता,आशित,ɑːʃɪt̪,candidacy,NotAppl,F,3,reversal_action,,,0,1,inanimate,G,Abstract,0,0,0,"आ,आशि,त,शित,ित,आश","ɪt̪,t̪,ɑː,ʃɪt̪,ɑːʃ,ɑːʃɪ",त,t̪,त,t̪
3453,प्रत्याशी,आश,ɑːʃ,candidate,neutral,F,1,reversal_action,,,0,1,animate,G,Person,0,0,1,"आ,आश,श","ɑː,ɑːʃ,ʃ",,,,
3454,प्रत्याशी,आश,ɑːʃ,candidate,neutral,M,4,reversal_action,,,0,1,animate,G,Person,0,0,1,"आ,आश,श","ɑː,ɑːʃ,ʃ",,,,
3455,प्रथमदृष्ट्या,प्रथमदृष्ट्य,pɾət̪ʰməd̪ɾɨʂʈjə,prima facie,NotAppl,M,2,underived,,,1,0,inanimate,T,Concept,0,0,0,"प्,ट्य,्य,प,प्र,य","pɾ,ʈjə,pɾə,p,ə,jə","्य,य",jə,य,jə
3456,प्रथा,प्रथ,pɾət̪ʰ,custom,NotAppl,F,3,underived,,,0,0,inanimate,A,concept,0,0,1,"प्,प,प्र,रथ,थ,्रथ","pɾ,pɾə,t̪ʰ,p,ət̪ʰ,ɾət̪ʰ",,ət̪ʰ,,
3457,प्रदर्शन,दर्शन,d̪əɾʃən̪,display,NotAppl,M,4,forward,forward,forward,0,1,inanimate,A,Action,0,0,1,"द,दर,शन,न,्शन,दर्","d̪,d̪əɾ,d̪ə,ən̪,n̪,ʃən̪",शन,ʃən̪,,
3458,प्रदर्शनकारी,प्रदर्शन,pɾəd̪əɾʃən̪,demonstrator,NotAppl,M,4,agentive_doer,,,0,1,animate,G,Person,0,0,0,"प्,शन,प,प्र,न,्शन","pɾ,pɾə,p,ən̪,n̪,ʃən̪",शन,ʃən̪,,
3459,प्रदर्शनी,प्रदर्शन,pɾəd̪əɾʃən̪,exhibition,NotAppl,F,1,abstract6,abstract6,abstract6,0,1,inanimate,A,Action,0,0,1,"प्,शन,प,प्र,न,्शन","pɾ,pɾə,p,ən̪,n̪,ʃən̪",शन,ʃən̪,,
3460,प्रदाता,दाता,d̪ɑːt̪ɑː,provider,NotAppl,M,2,forward,forward,forward,0,1,animate,A,Person,0,0,1,"द,ा,दात,ाता,ता,दा","d̪,d̪ɑː,d̪ɑːt̪,ɑː,t̪ɑː,ɑːt̪ɑː",ा,,ा,
3461,प्रदान,दान,d̪ɑːn̪,provide,NotAppl,M,4,forward,forward,forward,0,1,inanimate,A,Physical,0,0,1,"द,ान,न,दा,दान","d̪,n̪,ɑːn̪,d̪ɑː,d̪ɑːn̪",दान,d̪ɑːn̪,,
3462,प्रदूषण,दूषण,d̪uːʂəɳ,pollution,NotAppl,M,4,forward,forward,forward,0,1,inanimate,W,State,0,0,0,"द,दू,दूष,ूषण,षण,ण","d̪,əɳ,ʂəɳ,d̪uː,d̪uːʂ,ɳ",षण,"əɳ,ʂəɳ",,əɳ
3463,प्रदेश,देश,d̪eːʃ,state,NotAppl,M,4,forward,forward,forward,0,1,inanimate,G,Physical Place,0,0,1,"द,श,ेश,देश,दे","d̪,ʃ,d̪eːʃ,d̪eː,eːʃ","ेश,देश","d̪eːʃ,eːʃ",,
3464,प्रदेशाध्यक्ष,प्रदेशाध्यक्ष,pɾəd̪eːʃɑːd̪ʰjəkʂ,state president,NotAppl,M,4,underived,,,1,0,animate,G,Title,0,0,0,"प्,्ष,प,प्र,ष,क्ष","pɾ,pɾə,kʂ,əkʂ,p,ʂ",ष,ʂ,,
3465,प्रधान,प्रधान,pɾəd̪ʰɑːn̪,prime,neutral,F,3,underived,,,0,0,animate,Q,Person,0,0,1,"प्,ान,धान,प,प्र,न","pɾ,ɑːn̪,pɾə,d̪ʰɑːn̪,p,n̪",,,,
3466,प्रधान,प्रधान,pɾəd̪ʰɑːn̪,prime,neutral,M,4,underived,,,0,0,animate,Q,Person,0,0,1,"प्,ान,धान,प,प्र,न","pɾ,ɑːn̪,pɾə,d̪ʰɑːn̪,p,n̪",,,,
3467,प्रधानगी,प्रधान,pɾəd̪ʰɑːn̪,headship,NotAppl,F,1,position_role,,,0,1,inanimate,S,Abstract,0,0,0,"प्,ान,धान,प,प्र,न","pɾ,ɑːn̪,pɾə,d̪ʰɑːn̪,p,n̪",,,,
3468,प्रधानता,प्रधान,pɾəd̪ʰɑːn̪,primacy,NotAppl,F,3,abstract8,abstract8,abstract8,0,1,inanimate,A,Perception,0,0,1,"प्,ान,धान,प,प्र,न","pɾ,ɑːn̪,pɾə,d̪ʰɑːn̪,p,n̪",,,,
3469,प्रधानमंत्री,प्रधानमंत्र,pɾəd̪ʰɑːn̪mə̃t̪ɾ,prime minister,NotAppl,M,4,underived,,,1,0,animate,Z,Person,0,0,0,"प्,र,प्र,प,्र,त्र","pɾ,pɾə,ə̃t̪ɾ,p,ɾ,t̪ɾ",र,ɾ,र,ɾ
3470,प्रधानाचार्या,प्रधानाचार्य,pɾəd̪ʰɑːn̪ɑːt͡ʃɑːɾjə,principal,NotAppl,F,3,underived,,,1,0,animate,S,Person,0,0,0,"प्,्य,प,प्र,य,र्य","pɾ,pɾə,p,ə,jə,ɾjə","्य,य",jə,य,jə
3471,प्रबंध,बंध,bə̃d̪ʰ,management,NotAppl,M,4,forward,forward,forward,0,1,inanimate,S,Action,0,0,1,"बं,ब,ध,ंध,बंध","ə̃d̪ʰ,d̪ʰ,b,bə̃,bə̃d̪ʰ",बंध,bə̃d̪ʰ,,
3472,प्रबंधक,प्रबंधक,pɾəbə̃d̪ʰək,manager,NotAppl,M,4,agentive1,agentive1,agentive1,0,1,animate,S,Person,0,0,1,"प्,धक,ंधक,प,प्र,क","pɾ,k,pɾə,ək,p,d̪ʰək",,ək,,
3473,प्रबंधतंत्र,प्रबंधतंत्र,pɾəbə̃d̪ʰt̪ə̃t̪ɾ,management,NotAppl,M,4,underived,,,1,0,inanimate,S,Common Noun,0,0,0,"प्,र,प्र,प,्र,त्र","pɾ,pɾə,ə̃t̪ɾ,p,ɾ,t̪ɾ",र,ɾ,र,ɾ
3474,प्रबंधन,प्रबंधन,pɾəbə̃d̪ʰən̪,management,NotAppl,M,4,abstract_noun,abstract_noun,abstract_noun,0,1,inanimate,S,Physical,0,0,1,"प्,धन,प,प्र,न,ंधन","pɾ,pɾə,p,ən̪,d̪ʰən̪,n̪",धन,d̪ʰən̪,,
3475,प्रभार,भार,bʰɑːɾ,charges,NotAppl,M,4,forward,forward,forward,0,1,inanimate,I,Action,0,0,0,"र,ार,भार,भ,भा","ɾ,ɑːɾ,bʰɑːɾ,bʰ,bʰɑː","र,ार","ɾ,ɑːɾ",र,ɾ
3476,प्रभारी,प्रभार,pɾəbʰɑːɾ,incharge,neutral,F,1,abstract6,abstract6,abstract6,0,1,animate,Z,Person,0,0,0,"प्,र,प्र,ार,प,भार","pɾ,pɾə,p,ɾ,ɑːɾ,bʰɑːɾ","र,ार","ɾ,ɑːɾ",र,ɾ
3477,प्रभारी,प्रभार,pɾəbʰɑːɾ,incharge,neutral,M,4,abstract6,abstract6,abstract6,0,1,animate,Z,Person,0,0,0,"प्,र,प्र,ार,प,भार","pɾ,pɾə,p,ɾ,ɑːɾ,bʰɑːɾ","र,ार","ɾ,ɑːɾ",र,ɾ
3478,प्रभाव,प्रभाव,pɾəbʰɑːʋ,effect,NotAppl,M,4,result_nouns,,,0,1,inanimate,A,State,0,0,1,"प्,व,ाव,प्र,प,भाव","pɾ,pɾə,ʋ,p,ɑːʋ,bʰɑːʋ","व,ाव",ʋ,"व,ाव",ʋ
3479,प्रभावित,प्रभा,pɾəbʰɑː,affected,NotAppl,M,4,affected_one,,,0,1,inanimate,A,Relational,0,0,1,"प्,ा,प,प्र,रभा,भा","pɾ,pɾə,ɑː,p,əbʰɑː,bʰɑː",ा,,ा,
3480,प्रभुत्व,प्रभु,pɾəbʰu,dominance,NotAppl,M,4,abstract3,,,0,1,inanimate,S,State,0,0,1,"प्,रभु,भु,प्र,प,ु","pɾ,u,pɾə,p,bʰu,əbʰu",,,,
3481,प्रमाण,प्रमाण,pɾəmɑːɳ,proof,NotAppl,M,4,underived,,,0,0,inanimate,A,Abstract,0,0,1,"प्,ण,प,प्र,माण,ाण","pɾ,ɑːɳ,pɾə,mɑːɳ,p,ɳ",,,,
3482,प्रमाणन,प्रमाणन,pɾəmɑːɳən̪,certification,NotAppl,M,4,abstract_noun,abstract_noun,abstract_noun,0,1,inanimate,Q,Abstract,0,0,0,"प्,णन,प्र,प,न,ाणन","ɳən̪,pɾ,pɾə,p,ən̪,n̪",,,,
3483,प्रमुख,मुख,mukʰ,chief,NotAppl,M,4,forward,forward,forward,0,1,animate,S,Person,0,0,1,"मु,ुख,ख,म,मुख","mu,mukʰ,m,kʰ,ukʰ",,,,
3484,प्रमुखता,प्रमुख,pɾəmukʰ,prominence,NotAppl,F,3,abstract8,abstract8,abstract8,0,1,inanimate,A,Perception,0,0,1,"प्,ुख,प,ख,प्र,मुख","pɾ,mukʰ,pɾə,p,kʰ,ukʰ",,,,
3485,प्रमोटर्स,प्रमोटर्स,pɾəmoːʈəɾs̪,promoters,NotAppl,M,5,underived,,,0,0,inanimate,Q,Common Noun,1,0,0,"प्,स,र्स,प,प्र,्स","pɾ,pɾə,p,s̪,əɾs̪,ɾs̪",,,,
3486,प्रयास,यास,jɑːs̪,attempt,NotAppl,M,4,forward,forward,forward,0,1,inanimate,X,Action,0,0,1,"स,यास,य,या,ास","j,ɑːs̪,jɑː,s̪,jɑːs̪","य,या,ास",jɑː,य,
3487,प्रयोग,योग,joːɡ,use,NotAppl,M,4,forward,forward,forward,0,1,inanimate,A,Action,0,0,1,"ोग,य,ग,योग,यो","oːɡ,joː,j,joːɡ,ɡ","ोग,य,ग,योग","oːɡ,joːɡ,ɡ",य,ɡ
3488,प्रयोगशाला,प्रयोगशाल,pɾəjoːɡʃɑːl,laboratory,NotAppl,F,3,underived,,,1,0,inanimate,Y,Physical Place,0,0,0,"प्,प,प्र,शाल,ाल,ल","pɾ,pɾə,ʃɑːl,p,l,ɑːl",,,,
3489,प्रलय,लय,ləjə,cataclysm,NotAppl,M,4,forward,forward,forward,0,1,inanimate,Z,Fatal Event,0,0,1,"ल,लय,य","lə,əjə,ə,l,jə,ləj","लय,य","əjə,jə",य,jə
3490,प्रलोभन,प्रलोभन,pɾəloːbʰən̪,temptation,NotAppl,M,4,underived,,,1,0,inanimate,O,Physical,0,0,1,"प्,प,प्र,न,ोभन,भन","pɾ,pɾə,p,ən̪,n̪,bʰən̪",,,,
3491,प्रवक्ता,प्रवक्,pɾəʋək,spokesperson,neutral,F,3,abstract8,abstract8,abstract8,0,1,animate,Q,Person,0,0,1,"प्,प,प्र,क्,वक्,्","pɾ,k,pɾə,ək,ʋək,p",,ək,,
3492,प्रवक्ता,प्रवक्,pɾəʋək,spokesperson,neutral,M,2,abstract8,abstract8,abstract8,0,1,animate,Q,Person,0,0,1,"प्,प,प्र,क्,वक्,्","pɾ,k,pɾə,ək,ʋək,p",,ək,,
3493,प्रवचन,वचन,ʋət͡ʃən̪,discourse,NotAppl,M,4,forward,forward,forward,0,1,inanimate,Q,Communication,0,0,1,"व,वच,वचन,न,चन","ʋə,ʋət͡ʃ,ʋ,t͡ʃən̪,ən̪,n̪",व,"ʋə,ʋ",व,ʋ
3494,प्रवर्तन,वर्तन,ʋəɾt̪ən̪,enforcement,NotAppl,M,4,forward,forward,forward,0,1,inanimate,A,Action,0,0,1,"वर,व,्तन,तन,न,वर्","ʋə,t̪ən̪,ʋ,ən̪,n̪,ʋəɾ",व,"ʋə,ʋ",व,ʋ
3495,प्रवास,वास,ʋɑːs̪,migration,NotAppl,M,4,forward,forward,forward,0,1,inanimate,M,Action,0,0,1,"स,व,वास,वा,ास","ɑːs̪,ʋɑːs̪,ʋ,ʋɑː,s̪","व,ास",ʋ,व,ʋ
3496,प्रवाह,वाह,ʋɑːɦ,flow,NotAppl,M,4,forward,forward,forward,0,1,inanimate,M,Object,0,0,1,"व,ाह,ह,वा,वाह","ʋɑːɦ,ɑːɦ,ɦ,ʋ,ʋɑː","व,ाह","ɑːɦ,ʋ",व,ʋ
3498,प्रवृत्ति,वृत्ति,ʋɾɨt̪t̪ɪ,trend,NotAppl,F,1,forward,forward,forward,0,1,inanimate,A,Quality,0,0,1,"व,वृत,्ति,वृ,ति,ि","ɪ,ʋ,t̪t̪ɪ,t̪ɪ,ʋɾ,ʋɾɨ","व,्ति,ि",ʋ,"व,ि",ʋ
3499,प्रवृष्टी,वृष्टी,ʋɾɨʂʈiː,entry,NotAppl,F,1,forward,forward,forward,0,1,inanimate,M,Biological State,0,0,0,"व,वृष,्टी,वृ,टी,ी","iː,ʂʈiː,ʋ,ʋɾ,ʋɾɨ,ʈiː","व,ी",ʋ,"व,ी",ʋ
3500,प्रवेश,वेश,ʋeːʃ,entry,NotAppl,M,4,forward,forward,forward,0,1,inanimate,M,Action,0,0,1,"वे,व,वेश,श,ेश","ʃ,ʋeː,eːʃ,ʋ,ʋeːʃ","वे,व,ेश","eːʃ,ʋ",व,ʋ
3501,प्रशंसक,प्रशंस,pɾəʃə̃s̪,fan,NotAppl,M,4,agentive1,agentive1,agentive1,0,1,animate,E,Person,0,0,1,"प्,स,ंस,प,प्र,शंस","pɾ,pɾə,p,ə̃s̪,s̪,ʃə̃s̪",,,,
3502,प्रशंसा,शंसा,ʃə̃s̪ɑː,appreciation,NotAppl,F,3,forward,forward,forward,0,1,inanimate,E,Physical,0,0,1,"श,ा,शं,सा,शंस,ंसा","ʃ,ɑː,ə̃s̪ɑː,ʃə̃,ʃə̃s̪,s̪ɑː","ा,सा",,ा,
3503,प्रशस्ति,शस्ति,ʃəs̪t̪ɪ,commendation,NotAppl,F,1,forward,forward,forward,0,1,inanimate,S,Physical,0,0,1,"श,्ति,ति,ि,शस्,शस","ʃ,ɪ,s̪t̪ɪ,ʃə,t̪ɪ,ʃəs̪","्ति,ि",,ि,
3504,प्रशासक,प्रशास,pɾəʃɑːs̪,administrator,NotAppl,M,4,agentive1,agentive1,agentive1,0,1,animate,S,Person,0,0,1,"प्,स,प,प्र,ास,शास","pɾ,pɾə,ɑːs̪,p,s̪,ʃɑːs̪",ास,,,
3505,प्रशासन,प्रशासन,pɾəʃɑːs̪ən̪,administration,NotAppl,M,4,abstract_noun,abstract_noun,abstract_noun,0,1,inanimate,S,Action,0,0,1,"प्,सन,प,प्र,न,ासन","pɾ,pɾə,p,ən̪,s̪ən̪,n̪","सन,ासन",s̪ən̪,,
3506,प्रशिक्षक,प्रशिक्षक,pɾəʃɪkʂək,coach,NotAppl,M,4,agentive1,agentive1,agentive1,0,1,animate,K,Person,0,0,0,"प्,षक,प,प्र,्षक,क","ʂək,pɾ,k,pɾə,ək,p","षक,्षक","ʂək,ək",,
3507,प्रशिक्षण,प्रशिक्ष,pɾəʃɪkʂ,training,NotAppl,M,4,abstract7,abstract7,abstract7,0,1,inanimate,P,Action,0,0,1,"प्,्ष,प,प्र,ष,क्ष","pɾ,pɾə,ɪkʂ,kʂ,p,ʂ",ष,ʂ,,
3508,प्रश्न,प्रश्न,pɾəʃn̪,question,NotAppl,M,4,underived,,,0,0,inanimate,Q,Cognition,0,0,1,"प्,प,प्र,न,श्न,्न","pɾ,pɾə,p,ʃn̪,əʃn̪,n̪",,,,
3509,प्रश्नकाल,प्रश्नकाल,pɾəʃn̪əkɑːl,question hour,NotAppl,M,4,underived,,,1,0,inanimate,Q,Abstract,0,0,0,"प्,काल,प,प्र,ाल,ल","pɾ,kɑːl,pɾə,p,l,ɑːl",काल,kɑːl,,
3510,प्रश्नचिह्न,प्रश्नचिह्न,pɾəʃn̪ət͡ʃɪɦn̪,question mark,NotAppl,M,4,underived,,,1,0,inanimate,Q,Abstract,0,0,0,"प्,ह्न,प,प्र,न,्न","pɾ,pɾə,p,ɪɦn̪,ɦn̪,n̪",,,,
3511,प्रश्नोत्तरकाल,प्रश्नोत्तरकाल,pɾəʃn̪oːt̪t̪əɾkɑːl,question and answer period,NotAppl,M,4,underived,,,1,0,inanimate,T,Concept,0,0,0,"प्,काल,प,प्र,ाल,ल","pɾ,kɑːl,pɾə,p,l,ɑːl",काल,kɑːl,,
3512,प्रसन्नता,प्रसन्न,pɾəs̪ən̪n̪,happiness,NotAppl,F,3,abstract8,abstract8,abstract8,0,1,inanimate,E,Psychological Feature,0,0,1,"प्,प,प्र,न्न,न,्न","pɾ,ən̪n̪,pɾə,n̪n̪,p,n̪",,,,
3513,प्रसाद,साद,s̪ɑːd̪,offering,NotAppl,M,4,forward,forward,forward,0,1,inanimate,A,Edible,0,0,1,"द,स,सा,ाद,साद","d̪,ɑːd̪,s̪,s̪ɑːd̪,s̪ɑː",सा,,,
3514,प्रसाधन,प्रसाधन,pɾəs̪ɑːd̪ʰən̪,toiletries,NotAppl,M,4,abstract_noun,abstract_noun,abstract_noun,0,1,inanimate,B,Object,0,0,0,"प्,ाधन,धन,प,प्र,न","pɾ,pɾə,p,ən̪,d̪ʰən̪,n̪",धन,d̪ʰən̪,,
3515,प्रसार,सार,s̪ɑːɾ,spread,NotAppl,M,4,forward,forward,forward,0,1,inanimate,A,Action,0,0,1,"स,सार,र,ार,सा","ɾ,s̪ɑːɾ,ɑːɾ,s̪,s̪ɑː","सार,र,ार,सा","ɾ,s̪ɑːɾ,ɑːɾ",र,ɾ
3516,प्रसारण,प्रसार,pɾəs̪ɑːɾ,broadcast,NotAppl,M,4,abstract7,abstract7,abstract7,0,1,inanimate,Q,Action,0,0,1,"प्,र,प्र,ार,प,सार","pɾ,pɾə,p,ɾ,s̪ɑːɾ,ɑːɾ","र,ार,सार","ɾ,s̪ɑːɾ,ɑːɾ",र,ɾ
3517,प्रस्ताव,प्रस्ताव,pɾəs̪t̪ɑːʋ,proposal,NotAppl,M,4,result_nouns,,,0,1,inanimate,Q,Abstract,0,0,1,"प्,व,ाव,प्र,प,ताव","t̪ɑːʋ,pɾ,pɾə,ʋ,p,ɑːʋ","व,ाव",ʋ,"व,ाव",ʋ
3518,प्रस्तुति,प्रस्तु,pɾəs̪t̪u,presentation,NotAppl,F,1,form_result,form_result,,0,1,inanimate,O,Action,0,0,1,"प्,प,प्र,ु,तु,्तु","pɾ,u,pɾə,t̪u,s̪t̪u,p",,,,
3519,प्रस्थान,स्थान,s̪t̪ʰɑːn̪,departure,NotAppl,M,4,forward,forward,forward,0,1,inanimate,M,Physical,0,0,1,"ान,स,न,स्,स्थ,थान","s̪t̪ʰ,ɑːn̪,s̪,s̪t̪ʰɑː,t̪ʰɑːn̪,n̪",,,,
3520,प्रहार,हार,ɦɑːɾ,poke,NotAppl,M,4,forward,forward,forward,0,1,inanimate,E,Physical,0,0,1,"ार,र,ह,हा,हार","ɦɑː,ɦ,ɦɑːɾ,ɾ,ɑːɾ","ार,र","ɾ,ɑːɾ",र,ɾ
3521,प्रांगण,आंगण,ɑ̃ːɡəɳ,courtyard,NotAppl,M,4,forward,forward,forward,0,1,inanimate,H,Physical Place,0,0,1,"आं,आ,आंग,गण,ंगण,ण","ɑ̃ː,əɳ,ɑ̃ːɡə,ɡəɳ,ɑ̃ːɡ,ɳ",,"əɳ,ɑ̃ːɡ",,əɳ
3522,प्रांत,अंत,ə̃t̪,province,NotAppl,M,4,forward,forward,forward,0,1,inanimate,M,Physical Place,0,0,1,"त,अंत,ंत,अ,अं","ə̃t̪,ə̃,t̪","त,अं","ə̃,t̪","त,अं","ə̃,t̪"
3523,प्राइमरी,प्राइमर,pɾɑːɪməɾ,primary,NotAppl,M,0,underived,,,0,0,inanimate,A,Common Noun,1,0,0,"प्,र,प्र,प,इमर,मर","pɾ,p,ɾ,əɾ,pɾɑː,məɾ",र,"ɾ,əɾ",र,"ɾ,əɾ"
3524,प्राइवेसी,प्राइवेस,pɾɑːɪʋeːs̪,privacy,NotAppl,F,0,underived,,,0,0,inanimate,A,State,1,0,0,"प्,स,प,प्र,ेस,वेस","pɾ,ʋeːs̪,eːs̪,p,s̪,pɾɑː",,,,
3525,प्राचार्य,आचार्य,ɑːt͡ʃɑːɾjə,principal,NotAppl,M,4,forward,forward,forward,0,1,animate,S,Person,0,0,1,"्य,आचा,आ,य,र्य,आच","ɑː,ɑːt͡ʃɑː,ɑːt͡ʃ,ə,jə,ɾjə","्य,य",jə,य,jə
3526,प्राणी,प्राण,pɾɑːɳ,creature,NotAppl,M,4,underived,,,0,0,inanimate,L,Animate,0,0,1,"प्,ण,प,प्र,राण,ाण","pɾ,ɑːɳ,p,ɾɑːɳ,ɳ,pɾɑː",,,,
3527,प्रातः,अतः,ət̪hə̆,in the morning,NotAppl,M,0,forward,forward,forward,0,1,inanimate,Z,Period,0,0,1,"तः,अत,ः,अतः,अ","t̪hə̆,ət̪,ə̆,hə̆,ət̪h,ə",,,,
3528,प्राथमिकता,प्राथमिक,pɾɑːt̪ʰmɪk,priority,NotAppl,F,3,abstract8,abstract8,abstract8,0,1,inanimate,A,State,0,0,1,"प्,प,प्र,मिक,िक,क","pɾ,k,ɪk,p,mɪk,pɾɑː",,,,
3529,प्राथमिकी,प्राथमिक,pɾɑːt̪ʰmɪk,fir,NotAppl,F,0,abstract6,abstract6,abstract6,0,1,inanimate,L,Artifact,0,0,0,"प्,प,प्र,मिक,िक,क","pɾ,k,ɪk,p,mɪk,pɾɑː",,,,
3530,प्राधिकरण,प्राधिकर,pɾɑːd̪ʰɪkəɾ,authority,NotAppl,M,4,abstract7,abstract7,abstract7,0,1,inanimate,G,Social,0,0,1,"प्,कर,र,प्र,प,िकर","pɾ,p,ɾ,kəɾ,əɾ,pɾɑː","कर,र","ɾ,kəɾ,əɾ","कर,र","ɾ,kəɾ,əɾ"
3531,प्राप्ति,प्राप्त,pɾɑːpt̪,receipt,NotAppl,F,1,abstract6,abstract6,abstract6,0,1,inanimate,Q,Action,0,0,1,"प्,्त,प,प्र,त,प्त","pɾ,pt̪,t̪,ɑːpt̪,p,pɾɑː","्त,त",t̪,"्त,त",t̪
3532,प्रायश्चित,प्रायश्चित,pɾɑːjəʃt͡ʃɪt̪,atonement,NotAppl,M,4,underived,,,1,0,inanimate,S,Social,0,0,0,"प्,चित,प,प्र,त,ित","pɾ,ɪt̪,t̪,p,t͡ʃɪt̪,pɾɑː",त,t̪,त,t̪
3533,प्रायोजक,प्रायोज,pɾɑːjoːd͡ʒ,sponsors,NotAppl,M,4,agentive1,agentive1,agentive1,0,1,inanimate,A,Group,0,0,0,"प्,प,प्र,योज,ोज,ज","oːd͡ʒ,pɾ,d͡ʒ,p,joːd͡ʒ,pɾɑː",,,,
3534,प्रारंभ,आरंभ,ɑːɾə̃bʰ,start,NotAppl,M,4,forward,forward,forward,0,1,inanimate,T,Part of,0,0,1,"रंभ,आर,आ,ंभ,आरं,भ","ə̃bʰ,ɑː,ɑːɾə̃,ɑːɾ,bʰ,ɾə̃bʰ",,ɑːɾ,,
3535,प्रारूप,आरूप,ɑːɾuːp,format,NotAppl,M,4,forward,forward,forward,0,1,inanimate,O,Artifact,0,0,1,"रूप,प,आर,आ,ूप,आरू","ɑːɾuː,ɑː,p,ɑːɾ,uːp,ɾuːp",,ɑːɾ,,
3536,प्रार्थना,आर्थन,ɑːɾt̪ʰən̪,prayer,NotAppl,F,3,forward,forward,forward,0,1,inanimate,S,Action,0,0,1,"आर,आ,थन,न,्थन,आर्","n̪,t̪ʰən̪,ɑːɾt̪ʰ,ɑː,ɑːɾ,ən̪",,ɑːɾ,,
3537,प्रावधान,आवधान,ɑːʋd̪ʰɑːn̪,provision,NotAppl,M,4,forward,forward,forward,0,1,inanimate,A,Physical,0,0,0,"ान,धान,आव,आ,न,आवध","ɑːʋd̪ʰ,ɑːn̪,ɑː,d̪ʰɑːn̪,ɑːʋ,n̪",,,,
3538,प्रासीक्यूटर,प्रासीक्यूटर,pɾɑːs̪iːkjuːʈəɾ,prosecutor,NotAppl,M,4,underived,,,0,0,animate,G,Applied Sciences,1,0,0,"प्,ूटर,र,प्र,प,टर","pɾ,p,ɾ,əɾ,ʈəɾ,pɾɑː","र,टर","ɾ,əɾ,ʈəɾ","र,टर","ɾ,əɾ,ʈəɾ"
3539,प्रिंट,प्रिंट,pɾɪ̃ʈ,print,neutral,F,3,underived,,,0,0,inanimate,Q,Artifact,1,0,0,"प्,ट,प,प्र,ंट,िंट","pɾ,pɾɪ̃,p,ʈ,ɪ̃ʈ,ɾɪ̃ʈ",ंट,,,
3540,प्रिंट,प्रिंट,pɾɪ̃ʈ,print,neutral,M,4,underived,,,0,0,inanimate,Q,Abstract,1,0,0,"प्,ट,प,प्र,ंट,िंट","pɾ,pɾɪ̃,p,ʈ,ɪ̃ʈ,ɾɪ̃ʈ",ंट,,,
3541,प्रिंटलाइन,प्रिंटलाइन,pɾɪ̃ʈlɑːɪn̪,printline,NotAppl,F,3,underived,,,0,0,inanimate,Z,Common Noun,1,0,0,"प्,प,प्र,ाइन,न,इन","pɾ,pɾɪ̃,ɑːɪn̪,p,ɪn̪,n̪",,,,
3542,प्रिंटिंग,प्रिंटिंग,pɾɪ̃ʈɪ̃ɡ,printing,NotAppl,F,0,underived,,,0,0,inanimate,Q,Applied Sciences,1,0,0,"प्,प,प्र,िंग,ंग,ग","pɾ,pɾɪ̃,p,ɪ̃ɡ,ɡ,ʈɪ̃ɡ","िंग,ंग,ग","ɪ̃ɡ,ɡ,ʈɪ̃ɡ","िंग,ंग","ɪ̃ɡ,ɡ"
3543,प्रिंस,प्रिंस,pɾɪ̃s̪,prince,NotAppl,M,4,underived,,,0,0,animate,S,Person,1,0,0,"प्,स,ंस,प,प्र,िंस","ɾɪ̃s̪,pɾ,pɾɪ̃,p,s̪,ɪ̃s̪",,,,
3544,प्रिंसिपल,प्रिंसिपल,pɾɪ̃s̪ɪpəl,principal,NotAppl,M,4,underived,,,0,0,animate,S,Person,1,0,0,"प्,पल,प,प्र,िपल,ल","pɾ,pɾɪ̃,p,əl,l,pəl",,əl,,
3545,प्रिंसेस,प्रिंसेस,pɾɪ̃s̪eːs̪,princess,NotAppl,F,3,underived,,,0,0,animate,S,Common Noun,1,0,0,"प्,स,प,प्र,ेस,सेस","pɾ,pɾɪ̃,s̪eːs̪,eːs̪,p,s̪",,,,
3546,प्रियजन,प्रिय,pɾɪjə,loved one,NotAppl,M,4,underived,,,0,0,animate,E,Collective Noun,0,0,0,"प्,िय,प,प्र,य,रिय","pɾ,pɾɪ,p,ɪjə,ə,jə",य,jə,य,jə
3547,प्रिसिंपल,प्रिसिंपल,pɾɪs̪ɪ̃pəl,principal,NotAppl,F,3,underived,,,0,0,animate,S,Occupation,1,0,0,"प्,पल,ंपल,प,प्र,ल","pɾ,pɾɪ,p,əl,l,pəl",,əl,,
3548,प्री,प्र,pɾ,pre,NotAppl,M,0,underived,,,0,0,inanimate,N,Common Noun,1,0,0,"प्,र,प्र,प,्र","p,ɾ,pɾ",र,ɾ,र,ɾ
3549,प्रीमियर,प्रीमियर,pɾiːmɪjəɾ,premiere,NotAppl,M,0,underived,,,0,0,inanimate,N,Title,1,0,0,"प्,यर,र,प्र,प,ियर","pɾ,jəɾ,pɾiː,p,ɾ,əɾ","र,ियर","ɾ,əɾ",र,"ɾ,əɾ"
3550,प्रेक्टिस,प्रेक्टिस,pɾeːkʈɪs̪,practice,NotAppl,F,3,underived,,,0,0,inanimate,A,Action,1,0,0,"प्,स,प,प्र,िस,टिस","pɾeː,pɾ,ɪs̪,p,ʈɪs̪,s̪",,,,
3551,प्रेम,प्रेम,pɾeːm,love,NotAppl,M,0,underived,,,0,0,inanimate,S,Psychological Feature,0,0,1,"प्,प,प्र,म,रेम,ेम","pɾeː,pɾ,ɾeːm,m,eːm,p",,eːm,,
3552,प्रेमिका,प्रेम,pɾeːm,lover,NotAppl,F,3,dimunitive1,dimunitive1,,0,1,animate,S,Person,0,0,1,"प्,प,प्र,म,रेम,ेम","pɾeː,pɾ,ɾeːm,m,eːm,p",,eːm,,
3553,प्रेमी,प्रेम,pɾeːm,lover,NotAppl,M,4,abstract6,abstract6,abstract6,0,1,animate,S,Person,0,0,1,"प्,प,प्र,म,रेम,ेम","pɾeː,pɾ,ɾeːm,m,eːm,p",,eːm,,
3554,प्रेरणा,प्रेरण,pɾeːɾəɳ,inspiration,NotAppl,F,3,underived,,,0,0,inanimate,S,Psychological Feature,0,0,1,"प्,रण,प,प्र,ेरण,ण","pɾeː,pɾ,əɳ,p,ɾəɳ,ɳ",रण,"əɳ,ɾəɳ",,"əɳ,ɾəɳ"
3555,प्रेरणास्त्रोत,प्रेरणास्त्रोत,pɾeːɾɳɑːs̪t̪ɾoːt̪,inspiration,NotAppl,M,4,underived,,,1,0,inanimate,S,Concept,0,0,0,"प्,प,प्र,त,ोत,रोत","pɾeː,pɾ,t̪,p,oːt̪,ɾoːt̪",त,t̪,त,t̪
3556,प्रेशर,प्रेशर,pɾeːʃəɾ,pressure,NotAppl,M,4,underived,,,0,0,inanimate,N,Physical State,1,0,0,"प्,र,प्र,प,शर,ेशर","pɾeː,pɾ,p,ɾ,ʃəɾ,əɾ",र,"ɾ,əɾ",र,"ɾ,əɾ"
3557,प्रेस,प्रेस,pɾeːs̪,press,neutral,F,0,underived,,,0,0,inanimate,Q,Group,1,0,0,"प्,स,प,प्र,ेस,रेस","pɾeː,pɾ,ɾeːs̪,eːs̪,p,s̪",,,,
3558,प्रेस,प्रेस,pɾeːs̪,press,neutral,M,0,underived,,,0,0,inanimate,Q,Group,1,0,0,"प्,स,प,प्र,ेस,रेस","pɾeː,pɾ,ɾeːs̪,eːs̪,p,s̪",,,,
3559,प्रेसकांफ्रेंस,प्रेसकांफ्रेंस,pɾeːs̪kɑ̃ːpʰɾẽːs̪,pressconference,NotAppl,F,3,underived,,,0,0,inanimate,Z,Physical,1,0,0,"प्,स,ेंस,ंस,प,प्र","pɾeː,pɾ,ẽːs̪,p,s̪,ɾẽːs̪",,,,
3560,प्रेसीडेंट,प्रेसीडेंट,pɾeːs̪iːɖẽːʈ,president,NotAppl,M,4,underived,,,0,0,animate,G,Common Noun,1,0,0,"प्,ट,ेंट,प,प्र,ंट","pɾeː,pɾ,ɖẽːʈ,p,ʈ,ẽːʈ","ेंट,ंट",ẽːʈ,,
3563,प्रॉपर्टी,प्रॉपर्ट,pɾɔpəɾʈ,property,NotAppl,F,1,underived,,,0,0,inanimate,A,Object,1,0,0,"प्,ट,प,प्र,र्ट,्ट","pɾ,əɾʈ,pɾɔ,p,ʈ,ɾʈ",,,,
3564,प्रो.,प्रो.,pɾoː.,pro.,neutral,F,0,underived,,,0,0,inanimate,I,Abbreviation,0,0,0,"प्,प,.,प्र,रो.,ो.","pɾ,.,p,ɾoː.,pɾoː,oː.",,,,
3565,प्रो.,प्रो.,pɾoː.,pro.,neutral,M,0,underived,,,0,0,inanimate,I,Abbreviation,0,0,0,"प्,प,.,प्र,रो.,ो.","pɾ,.,p,ɾoː.,pɾoː,oː.",,,,
3566,प्रोग्राम,प्रोग्राम,pɾoːɡɾɑːm,program,NotAppl,M,4,underived,,,0,0,inanimate,Y,Action,1,0,0,"प्,प,प्र,म,राम,ाम","ɾɑːm,pɾ,m,p,pɾoː,ɑːm",,,,
3567,प्रोग्रामर,प्रोग्रामर,pɾoːɡɾɑːməɾ,programmer,NotAppl,M,4,underived,,,0,0,animate,Y,Occupation,1,0,0,"प्,ामर,र,प्र,प,मर","pɾ,p,ɾ,pɾoː,əɾ,məɾ",र,"ɾ,əɾ",र,"ɾ,əɾ"
3569,प्रोटेक्टर,प्रोटेक्टर,pɾoːʈeːkʈəɾ,protector,NotAppl,M,4,underived,,,0,0,inanimate,S,Common Noun,1,0,0,"प्,र,प्र,प,्टर,टर","pɾ,p,ɾ,pɾoː,əɾ,ʈəɾ","र,्टर,टर","ɾ,əɾ,ʈəɾ","र,्टर,टर","ɾ,əɾ,ʈəɾ"
3570,प्रोटेक्शन,प्रोटेक्शन,pɾoːʈeːkʃən̪,protection,NotAppl,M,4,underived,,,0,0,inanimate,S,Physical,1,0,0,"प्,शन,प,प्र,न,्शन","pɾ,p,ən̪,pɾoː,n̪,ʃən̪",शन,ʃən̪,,
3571,प्रोटोकॉल,प्रोटोकॉल,pɾoːʈoːkɔl,protocol,NotAppl,M,4,underived,,,0,0,inanimate,G,Group,1,0,0,"प्,ॉल,प,प्र,कॉल,ल","pɾ,kɔl,p,ɔl,l,pɾoː",,,,
3572,प्रोडक्ट,प्रोडक्ट,pɾoːɖəkʈ,product,NotAppl,M,4,underived,,,0,0,inanimate,O,Artifact,1,0,0,"प्,ट,क्ट,प,प्र,्ट","pɾ,p,ʈ,pɾoː,əkʈ,kʈ",,,,
3573,प्रोडक्शन,प्रोडक्शन,pɾoːɖəkʃən̪,production,NotAppl,M,4,underived,,,0,0,inanimate,A,Common Noun,1,0,0,"प्,शन,प,प्र,न,्शन","pɾ,p,ən̪,pɾoː,n̪,ʃən̪",शन,ʃən̪,,
3574,प्रोड्यूसर,प्रोड्यूसर,pɾoːɖjuːs̪əɾ,producer,NotAppl,M,4,underived,,,0,0,animate,K,Person,1,0,0,"प्,र,प्र,सर,प,ूसर","pɾ,p,ɾ,pɾoː,əɾ,s̪əɾ",र,"ɾ,əɾ",र,"ɾ,əɾ"
3575,प्रोत्साहन,प्रोत्साहन,pɾoːt̪s̪ɑːɦən̪,incentive,NotAppl,M,4,abstract_noun,abstract_noun,abstract_noun,0,1,inanimate,X,Physical,0,0,1,"प्,प,प्र,न,ाहन,हन","pɾ,p,ən̪,ɦən̪,pɾoː,n̪",,,,
3576,प्रोन्नति,प्रोन्न,pɾoːn̪n̪,promotions,NotAppl,F,1,form_result,form_result,,0,1,inanimate,S,Action,0,0,0,"प्,प,प्र,न्न,न,्न","pɾ,oːn̪n̪,n̪n̪,p,pɾoː,n̪",,,,
3577,प्रोपलशन,प्रोपलशन,pɾoːpəlʃən̪,propulsion,NotAppl,M,4,underived,,,0,0,inanimate,M,Abstract,1,0,0,"प्,शन,प,प्र,न,लशन","pɾ,p,ən̪,pɾoː,n̪,ʃən̪",शन,ʃən̪,,
3578,प्रोफाइल,प्रोफाइल,pɾoːpʰɑːɪl,profile,NotAppl,M,4,underived,,,0,0,inanimate,Q,Anatomical,1,0,0,"प्,प,प्र,ाइल,इल,ल","pɾ,ɪl,p,l,pɾoː,ɑːɪl",,,,
3579,प्रोफेशनल,प्रोफेशनल,pɾoːpʰeːʃn̪əl,professional,NotAppl,M,4,underived,,,0,0,inanimate,I,Common Noun,1,0,0,"प्,नल,प,प्र,शनल,ल","pɾ,n̪əl,p,əl,l,pɾoː",नल,"n̪əl,əl",,
3580,प्रोफेसर,प्रोफेसर,pɾoːpʰeːs̪əɾ,professor,NotAppl,M,4,underived,,,0,0,animate,P,Person,1,0,0,"प्,र,प्र,सर,प,ेसर","pɾ,p,ɾ,pɾoː,əɾ,s̪əɾ",र,"ɾ,əɾ",र,"ɾ,əɾ"
3581,प्रोबेट,प्रोबेट,pɾoːbeːʈ,probate,NotAppl,M,0,underived,,,0,0,inanimate,G,Abstract,1,0,0,"प्,ट,प,प्र,ेट,बेट","pɾ,beːʈ,eːʈ,p,ʈ,pɾoː",,,,
3582,प्रोब्लम,प्रोब्लम,pɾoːbləm,problem,NotAppl,F,3,underived,,,0,0,inanimate,A,Common Noun,1,0,0,"प्,प,प्र,्लम,म,लम","əm,pɾ,m,ləm,p,pɾoː",,,,
3583,प्रोविंग,प्रोविंग,pɾoːʋɪ̃ɡ,proving,NotAppl,M,4,underived,,,0,0,inanimate,A,Common Noun,1,0,0,"प्,प,प्र,िंग,ंग,ग","pɾ,p,ʋɪ̃ɡ,ɪ̃ɡ,ɡ,pɾoː","िंग,ंग,ग","ɪ̃ɡ,ɡ","िंग,ंग","ɪ̃ɡ,ɡ"
3584,प्रोविडेंट,प्रोविडेंट,pɾoːʋɪɖẽːʈ,provident,NotAppl,M,4,underived,,,0,0,inanimate,A,Common Noun,1,0,0,"प्,ट,ेंट,प,प्र,ंट","pɾ,ɖẽːʈ,p,ʈ,pɾoː,ẽːʈ","ेंट,ंट",ẽːʈ,,
3585,प्रोसीक्यूटर,प्रोसीक्यूटर,pɾoːs̪iːkjuːʈəɾ,prosecutor,NotAppl,M,4,underived,,,0,0,animate,G,Applied Sciences,1,0,0,"प्,ूटर,र,प्र,प,टर","pɾ,p,ɾ,pɾoː,əɾ,ʈəɾ","र,टर","ɾ,əɾ,ʈəɾ","र,टर","ɾ,əɾ,ʈəɾ"
3586,प्रोसेसिंग,प्रोसेसिंग,pɾoːs̪eːs̪ɪ̃ɡ,processing,NotAppl,F,0,underived,,,0,0,inanimate,A,Action,1,0,0,"प्,प,प्र,िंग,ंग,ग","pɾ,s̪ɪ̃ɡ,p,ɪ̃ɡ,ɡ,pɾoː","िंग,ंग,ग","s̪ɪ̃ɡ,ɪ̃ɡ,ɡ","िंग,ंग","ɪ̃ɡ,ɡ"
3587,प्रौजेक्ट,प्रौजेक्ट,pɾəud͡ʒeːkʈ,project,NotAppl,M,4,underived,,,0,0,inanimate,A,Applied Sciences,1,0,0,"प्,ट,क्ट,प,प्र,्ट","pɾ,eːkʈ,pɾə,p,ʈ,kʈ",,,,
3588,प्रौद्योगिकी,प्रौद्योगिक,pɾəud̪joːɡɪk,technology,neutral,F,1,abstract6,abstract6,abstract6,0,1,inanimate,Y,Cognition,0,0,1,"प्,गिक,प,प्र,िक,क","pɾ,k,ɪk,pɾə,p,ɡɪk",,,,
3589,प्रौद्योगिकी,प्रौद्योगिक,pɾəud̪joːɡɪk,technology,neutral,M,4,abstract6,abstract6,abstract6,0,1,inanimate,Y,Cognition,0,0,1,"प्,गिक,प,प्र,िक,क","pɾ,k,ɪk,pɾə,p,ɡɪk",,,,
3591,प्लांट,प्लांट,plɑ̃ːʈ,plant,NotAppl,M,4,underived,,,0,0,inanimate,L,Physical Place,1,0,0,"प्,ट,ांट,प,ंट,प्ल","lɑ̃ːʈ,p,pl,ʈ,ɑ̃ːʈ,plɑ̃ː",ंट,,,
3593,प्लान,प्लान,plɑːn̪,plan,NotAppl,M,4,underived,,,0,0,inanimate,X,Psychological Feature,1,0,0,"प्,ान,प,न,प्ल,लान","plɑː,ɑːn̪,p,pl,n̪,lɑːn̪",,,,
3594,प्लास्टिक,प्लास्टिक,plɑːs̪ʈɪk,plastic,neutral,F,3,underived,,,0,0,inanimate,O,Artifact,1,0,0,"प्,प,िक,प्ल,क,टिक","plɑː,k,ɪk,ʈɪk,p,pl",,,,
3595,प्लास्टिक,प्लास्टिक,plɑːs̪ʈɪk,plastic,neutral,M,4,underived,,,0,0,inanimate,O,Artifact,1,0,0,"प्,प,िक,प्ल,क,टिक","plɑː,k,ɪk,ʈɪk,p,pl",,,,
3596,प्लूटोनियम,प्लूटोनियम,pluːʈoːn̪ɪjəm,plutonium,NotAppl,M,4,underived,,,0,0,inanimate,O,Chemical,1,0,0,"प्,प,म,प्ल,ियम,यम","əm,pluː,m,p,pl,jəm","ियम,यम",jəm,,
3597,प्लेट,प्लेट,pleːʈ,plate,NotAppl,F,3,underived,,,0,0,inanimate,O,Artifact,1,0,0,"प्,ट,प,लेट,प्ल,ेट","pleː,eːʈ,p,pl,ʈ,leːʈ",,,,
3599,प्लेटफॉर्म,प्लेटफॉर्म,pleːʈpʰɔɾm,platform,NotAppl,M,4,underived,,,0,0,inanimate,M,Artifact,1,0,0,"प्,प,म,प्ल,र्म,्म","ɔɾm,ɾm,m,pleː,p,pl",,,,
3600,प्लेन,प्लेन,pleːn̪,plane,NotAppl,M,4,underived,,,0,0,inanimate,M,Artifact,1,0,0,"प्,ेन,प,न,प्ल,लेन","pleː,p,pl,eːn̪,n̪,leːn̪",,,,
3601,प्लेनेटेरियम,प्लेनेटेरियम,pleːn̪eːʈeːɾɪjəm,planetarium,NotAppl,M,4,underived,,,0,0,inanimate,Z,Physical Place,1,0,0,"प्,प,म,प्ल,ियम,यम","əm,m,pleː,p,pl,jəm","ियम,यम",jəm,,
3603,प्लॉट,प्लॉट,plɔʈ,plot,NotAppl,M,4,underived,,,0,0,inanimate,G,Physical Place,1,0,0,"प्,ट,प,ॉट,प्ल,लॉट","lɔʈ,plɔ,p,pl,ʈ,ɔʈ",,,,
3605,प्वाइंट,प्वाइंट,pʋɑːɪ̃ʈ,point,NotAppl,M,4,underived,,,0,0,inanimate,Q,Mathematics,1,0,0,"प्,ट,प,इंट,ंट,प्व","pʋɑː,ɑːɪ̃ʈ,p,ʈ,pʋ,ɪ̃ʈ","इंट,ंट",,,
3606,फंगस,फंगस,pʰə̃ɡəs̪,fungus,NotAppl,F,3,underived,,,0,0,animate,L,Flora,1,0,0,"स,फ,फंग,फं,ंगस,गस","pʰ,pʰə̃,pʰə̃ɡ,ɡəs̪,əs̪,s̪",,,,
3607,फंड,फंड,pʰə̃ɖ,fund,NotAppl,M,4,underived,,,0,0,inanimate,I,Object,1,0,0,"ड,फ,फं,ंड,फंड","ə̃ɖ,pʰ,ɖ,pʰə̃ɖ,pʰə̃",,,,
3608,फकीर,फकीर,pʰəkiːɾ,saint,NotAppl,M,4,underived,,,0,0,animate,S,Person,0,0,0,"फकी,ीर,र,फक,फ,कीर","pʰ,kiːɾ,ɾ,pʰə,pʰək,iːɾ",र,ɾ,र,ɾ
3609,फजीहत,फजीहत,pʰəd͡ʒiːɦət̪,embarrassment,NotAppl,F,3,underived,,,0,0,inanimate,E,Anti-social,0,0,0,"फज,फ,त,फजी,ीहत,हत","t̪,pʰ,ət̪,pʰəd͡ʒ,ɦət̪,pʰə",त,t̪,त,t̪
3610,फटकार,फटकार,pʰəʈkɑːɾ,reprimand,NotAppl,F,3,agentive_activity1,agentive_activity1,agentive_activity1,0,1,inanimate,Q,Communication,0,0,0,"र,ार,फ,फटक,कार,फट","kɑːɾ,pʰ,pʰəʈ,ɾ,pʰə,ɑːɾ","र,ार","ɾ,ɑːɾ",र,ɾ
3611,फतवा,फतव,pʰət̪əʋ,fatwa,NotAppl,M,2,underived,,,0,0,inanimate,Z,Communication,0,0,0,"फतव,व,फ,तव,फत","t̪əʋ,əʋ,pʰ,ʋ,pʰə,pʰət̪",व,ʋ,व,ʋ
3612,फन,फन,pʰən̪,fun,NotAppl,M,0,underived,,,0,0,inanimate,E,Anatomical,1,0,0,"न,फन,फ","n̪,pʰ,pʰə,pʰən̪,ən̪",,,,
3613,फरमान,फरमान,pʰəɾmɑːn̪,decree,NotAppl,M,4,underived,,,0,0,inanimate,Q,Communication,0,0,0,"ान,फ,फरम,न,फर,मान","ɑːn̪,pʰ,pʰə,mɑːn̪,pʰəɾ,n̪",,,,
3614,फरेबी,फरेब,pʰəɾeːb,false,NotAppl,M,4,abstract6,abstract6,abstract6,0,1,animate,A,Person,0,0,0,"फरे,फ,रेब,ब,ेब,फर","pʰ,b,ɾeːb,pʰə,eːb,pʰəɾ",,,,
3615,फरोख्त,फरोख्त,pʰəɾoːkʰt̪,sale,NotAppl,F,3,underived,,,0,0,inanimate,I,Action,0,0,0,"्त,फरो,फ,त,फर,ख्त","t̪,pʰ,oːkʰt̪,pʰə,pʰəɾ,kʰt̪","्त,त",t̪,"्त,त",t̪
3617,फर्म,फर्म,pʰəɾm,firm,NotAppl,F,3,underived,,,0,0,inanimate,I,Group,1,0,0,"फ,म,फर्,फर,र्म,्म","pʰ,ɾm,m,əɾm,pʰə,pʰəɾ",,,,
3618,फर्श,फर्श,pʰəɾʃ,floor,NotAppl,M,4,underived,,,0,0,inanimate,H,Physical Place,0,0,0,"श,र्श,फ,्श,फर्,फर","ʃ,pʰ,pʰə,pʰəɾ,əɾʃ,ɾʃ",,,,
3619,फर्स्ट,फर्स्ट,pʰəɾs̪ʈ,first,NotAppl,M,0,underived,,,0,0,inanimate,N,Artifact,1,0,0,"ट,फ,्ट,फर्,फर,स्ट","ɾs̪ʈ,pʰ,s̪ʈ,ʈ,pʰə,pʰəɾ",स्ट,s̪ʈ,,s̪ʈ
3620,फल,फल,pʰəl,fruit,NotAppl,M,4,underived,,,0,0,inanimate,F,Natural Object,0,1,0,"फल,ल,फ","pʰ,əl,pʰə,pʰəl,l",फल,"əl,pʰəl",,
3621,फसल,फसल,pʰəs̪əl,crop,neutral,F,3,underived,,,0,0,inanimate,F,Natural Object,0,0,0,"सल,फ,फसल,फस,ल","pʰ,əl,pʰə,l,pʰəs̪,s̪əl",,əl,,
3622,फसल,फसल,pʰəs̪əl,crop,neutral,M,4,underived,,,0,0,inanimate,F,Natural Object,0,0,0,"सल,फ,फसल,फस,ल","pʰ,əl,pʰə,l,pʰəs̪,s̪əl",,əl,,
3623,फ़र्क,फ़र्क,fəɾk,difference,NotAppl,M,0,underived,,,0,0,inanimate,A,Physical State,0,0,0,"र्क,्क,फ,फ़,क,फ़र","k,ɾk,əɾk,fə,fəɾ,f",र्क,"ɾk,əɾk",,
3624,फ़िजां,फ़िज,fɪd͡ʒ,fizaan,NotAppl,F,3,underived,,,0,0,inanimate,Z,Common Noun,0,0,0,"फ,फ़,ज,़िज,िज,फ़ि","d͡ʒ,fɪ,fɪd͡ʒ,f,ɪd͡ʒ",,,,
3625,फ़ीसदी,फ़ीसद,fiːs̪əd̪,percent,neutral,F,1,underived,,,0,0,inanimate,N,Cognition,0,0,0,"द,फ,फ़ी,फ़,ीसद,सद","d̪,əd̪,fiːs̪,fiː,s̪əd̪,f",,,,
3626,फ़ीसदी,फ़ीसद,fiːs̪əd̪,percent,neutral,M,4,underived,,,0,0,inanimate,N,Cognition,0,0,0,"द,फ,फ़ी,फ़,ीसद,सद","d̪,əd̪,fiːs̪,fiː,s̪əd̪,f",,,,
3627,फ़ॉग,फ़ॉग,fɔɡ,fog,NotAppl,M,0,underived,,,0,0,inanimate,W,Physical State,1,0,0,"फ,़ॉग,फ़,ॉग,ग,फ़ॉ","ɔɡ,fɔ,fɔɡ,ɡ,f",ग,ɡ,,ɡ
3628,फाँस,फाँस,pʰɑ̃ːs̪,trap,neutral,F,3,underived,,,0,0,inanimate,A,Part of,0,0,0,"स,फ,फाँ,ँस,फा,ाँस","pʰɑ̃ː,ɑ̃ːs̪,pʰ,s̪,pʰɑ̃ːs̪",,,,
3629,फाँस,फाँस,pʰɑ̃ːs̪,trap,neutral,M,4,underived,,,0,0,inanimate,A,Part of,0,0,0,"स,फ,फाँ,ँस,फा,ाँस","pʰɑ̃ː,ɑ̃ːs̪,pʰ,s̪,pʰɑ̃ːs̪",,,,
3630,फाँसी,फाँस,pʰɑ̃ːs̪,hanging,NotAppl,F,1,underived,,,0,0,inanimate,M,Action,0,0,0,"स,फ,फाँ,ँस,फा,ाँस","pʰɑ̃ː,ɑ̃ːs̪,pʰ,s̪,pʰɑ̃ːs̪",,,,
3631,फाइट,फाइट,pʰɑːɪʈ,fight,NotAppl,F,3,underived,,,0,0,inanimate,S,Action,1,0,0,"ट,फाइ,फ,इट,ाइट,फा","ɪʈ,pʰ,pʰɑːɪ,ʈ,ɑːɪʈ,pʰɑː","इट,ाइट","ɪʈ,ɑːɪʈ",,
3632,फाइनल,फाइनल,pʰɑːɪn̪əl,final,NotAppl,M,4,underived,,,0,0,inanimate,N,Action,1,0,0,"नल,फाइ,फ,ल,फा,इनल","pʰ,n̪əl,pʰɑːɪ,əl,l,pʰɑː",नल,"n̪əl,əl",,
3633,फाइल,फाइल,pʰɑːɪl,file,NotAppl,F,3,underived,,,0,0,inanimate,O,Group,1,0,0,"फाइ,फ,ाइल,इल,ल,फा","ɪl,pʰ,pʰɑːɪ,l,ɑːɪl,pʰɑː",,,,
3634,फाइव,फाइव,pʰɑːɪʋ,five,NotAppl,M,4,underived,,,0,0,inanimate,N,Common Noun,1,0,0,"व,फाइ,फ,इव,ाइव,फा","pʰ,pʰɑːɪ,ʋ,ɪʋ,ɑːɪʋ,pʰɑː",व,ʋ,व,ʋ
3635,फानन,फानन,pʰɑːn̪ən̪,funan,NotAppl,M,4,underived,,,0,0,inanimate,Z,Physical State,0,0,0,"नन,फ,ानन,न,फान,फा","pʰɑːn̪,pʰ,ən̪,n̪ən̪,n̪,pʰɑː",,,,
3636,फायदा,फायद,pʰɑːjəd̪,benefit,NotAppl,M,2,underived,,,0,0,inanimate,S,Quality,0,0,0,"द,फ,ायद,यद,फाय,फा","d̪,əd̪,pʰ,pʰɑːj,jəd̪,pʰɑː",,,,
3637,फायर,फायर,pʰɑːjəɾ,fire,neutral,F,3,underived,,,0,0,inanimate,O,Physical State,1,0,0,"यर,र,फ,ायर,फाय,फा","jəɾ,pʰ,pʰɑːj,ɾ,əɾ,pʰɑː",र,"ɾ,əɾ",र,"ɾ,əɾ"
3638,फायर,फायर,pʰɑːjəɾ,fire,neutral,M,4,underived,,,0,0,inanimate,O,Common Noun,1,0,0,"यर,र,फ,ायर,फाय,फा","jəɾ,pʰ,pʰɑːj,ɾ,əɾ,pʰɑː",र,"ɾ,əɾ",र,"ɾ,əɾ"
3639,फायरिंग,फायरिंग,pʰɑːjɾɪ̃ɡ,firing,NotAppl,F,0,underived,,,0,0,inanimate,I,Physical,1,0,0,"फ,ग,िंग,ंग,फाय,फा","pʰ,pʰɑːj,ɾɪ̃ɡ,ɪ̃ɡ,ɡ,pʰɑː","ग,िंग,ंग","ɾɪ̃ɡ,ɪ̃ɡ,ɡ","िंग,ंग","ɪ̃ɡ,ɡ"
3640,फारमूला,फारमूल,pʰɑːɾmuːl,formula,NotAppl,M,4,underived,,,0,0,inanimate,Y,Abstract,1,0,0,"फार,फ,मूल,ूल,ल,फा","uːl,pʰ,l,muːl,pʰɑːɾ,pʰɑː",,,,
3641,फारेस्ट,फारेस्ट,pʰɑːɾeːs̪ʈ,forest,NotAppl,M,4,underived,,,0,0,inanimate,W,Common Noun,1,0,0,"ट,फार,फ,्ट,फा,स्ट","eːs̪ʈ,pʰ,s̪ʈ,ʈ,pʰɑːɾ,pʰɑː",स्ट,s̪ʈ,,s̪ʈ
3642,फार्म,फार्म,pʰɑːɾm,form,NotAppl,M,4,underived,,,0,0,inanimate,A,Artifact,1,0,0,"फार,र्म,फ,म,फा,्म","ɑːɾm,pʰ,ɾm,m,pʰɑːɾ,pʰɑː",,,,
3643,फार्मा,फार्म,pʰɑːɾm,pharma,NotAppl,M,4,underived,,,0,0,inanimate,Z,Applied Sciences,1,0,0,"फार,र्म,फ,म,फा,्म","ɑːɾm,pʰ,ɾm,m,pʰɑːɾ,pʰɑː",,,,
3644,फार्मासिस्ट,फार्मासिस्ट,pʰɑːɾmɑːs̪ɪs̪ʈ,pharmacist,NotAppl,M,4,underived,,,0,0,animate,B,Occupation,1,0,0,"ट,फार,फ,्ट,फा,स्ट","pʰ,s̪ʈ,ʈ,ɪs̪ʈ,pʰɑːɾ,pʰɑː",स्ट,s̪ʈ,,s̪ʈ
3645,फार्मास्युटिकल्स,फार्मास्युटिकल्स,pʰɑːɾmɑːs̪juʈɪkəls̪,pharmaceuticals,NotAppl,M,4,underived,,,0,0,inanimate,B,Common Noun,1,0,0,"फार,स,फ,्स,ल्स,फा","ls̪,əls̪,pʰ,s̪,pʰɑːɾ,pʰɑː",,,,
3646,फार्मूला,फार्मूल,pʰɑːɾmuːl,formula,NotAppl,M,2,underived,,,0,0,inanimate,Y,Artifact,1,0,0,"फार,फ,मूल,ूल,ल,फा","uːl,pʰ,l,muːl,pʰɑːɾ,pʰɑː",,,,
3647,फार्मेसी,फार्मेस,pʰɑːɾmeːs̪,pharmacy,NotAppl,F,1,underived,,,0,0,inanimate,B,Physical Place,1,0,0,"फार,स,फ,ेस,मेस,फा","meːs̪,pʰ,eːs̪,s̪,pʰɑːɾ,pʰɑː",,,,
3648,फाल्कन,फाल्कन,pʰɑːlkən̪,falcon,NotAppl,M,4,underived,,,0,0,animate,L,Mythological Character,1,0,0,"फ,कन,्कन,न,फाल,फा","pʰɑːl,pʰ,ən̪,kən̪,n̪,pʰɑː",,,,
3649,फाल्ट,फाल्ट,pʰɑːlʈ,fault,NotAppl,M,0,underived,,,0,0,inanimate,E,Physical State,1,0,0,"ट,ल्ट,फ,फाल,्ट,फा","pʰɑːl,pʰ,ʈ,ɑːlʈ,lʈ,pʰɑː",,,,
3650,फासला,फासल,pʰɑːs̪əl,distance,NotAppl,M,2,underived,,,0,0,inanimate,N,Place,0,0,0,"सल,फास,फ,ासल,ल,फा","pʰɑːs̪,pʰ,əl,l,s̪əl,pʰɑː",,əl,,
3651,फासीवाद,फासी,pʰɑːs̪iː,fascism,NotAppl,M,4,speaker,,,0,1,inanimate,G,Concept,0,0,0,"सी,फास,फ,ासी,फा,ी","iː,pʰɑːs̪,pʰ,s̪iː,ɑːs̪iː,pʰɑː",ी,,ी,
3652,फिंगर,फिंगर,pʰɪ̃ɡəɾ,finger,NotAppl,F,3,underived,,,0,0,inanimate,B,Anatomical,1,0,0,"र,फ,फिं,फि,गर,ंगर","pʰ,pʰɪ̃ɡ,ɾ,pʰɪ̃,əɾ,ɡəɾ","र,फि","ɾ,əɾ",र,"ɾ,əɾ"
3653,फिक्चर,फिक्चर,pʰɪkt͡ʃəɾ,fixtures,NotAppl,M,4,underived,,,0,0,inanimate,O,Common Noun,1,0,0,"फिक,चर,र,फ,्चर,फि","t͡ʃəɾ,pʰɪk,pʰ,ɾ,əɾ,pʰɪ","र,फि","ɾ,əɾ,pʰɪ",र,"ɾ,əɾ"
3654,फिक्शन,फिक्शन,pʰɪkʃən̪,fiction,NotAppl,F,3,underived,,,0,0,inanimate,A,Common Noun,1,0,0,"शन,फिक,फ,न,फि,्शन","pʰɪk,pʰ,ən̪,n̪,pʰɪ,ʃən̪","शन,फि","pʰɪ,ʃən̪",,
3655,फिजिबिलिटी,फिजिबिलिट,pʰɪd͡ʒɪbɪlɪʈ,feasibility,NotAppl,F,1,underived,,,0,0,inanimate,A,Abstract,1,0,0,"ट,फ,फिज,फि,िट,लिट","pʰɪd͡ʒ,ɪʈ,pʰ,ʈ,lɪʈ,pʰɪ",फि,"ɪʈ,pʰɪ",,
3656,फिजूल,फिजूल,pʰɪd͡ʒuːl,fidget,NotAppl,M,0,underived,,,0,0,inanimate,X,Qualitative,0,0,0,"जूल,फ,फिज,फि,ूल,ल","pʰɪd͡ʒ,uːl,pʰ,d͡ʒuːl,l,pʰɪ",फि,pʰɪ,,
3657,फिजूलखर्ची,फिजूलखर्च,pʰɪd͡ʒuːlkʰəɾt͡ʃ,extravagance,NotAppl,F,1,abstract6,abstract6,abstract6,0,1,inanimate,N,Physical,0,0,0,"फ,्च,र्च,फिज,फि,च","ɾt͡ʃ,pʰɪd͡ʒ,t͡ʃ,pʰ,əɾt͡ʃ,pʰɪ","्च,फि",pʰɪ,,
3658,फिटनेस,फिटनेस,pʰɪʈn̪eːs̪,fitness,NotAppl,M,0,underived,,,0,0,inanimate,A,Physiological  State,1,0,0,"स,फ,ेस,फि,नेस,फिट","pʰ,eːs̪,s̪,pʰɪʈ,pʰɪ,n̪eːs̪",फि,pʰɪ,,
3660,फिराक़,फिराक़,pʰɪɾɑːq,firaaq,NotAppl,F,3,underived,,,0,0,inanimate,Z,Concept,1,0,0,"ाक़,क़,फ,़,फि,फिर","pʰ,ɾɑːq,ɑːq,q,pʰɪɾ,pʰɪ","़,फि",pʰɪ,़,
3661,फिरौती,फिरौत,pʰɪɾəut̪,ransom,NotAppl,F,1,abstract6,abstract6,abstract6,0,1,inanimate,I,Artifact,0,0,0,"फ,ौत,त,रौत,फि,फिर","əut̪,ut̪,t̪,pʰ,pʰɪɾ,pʰɪ","त,फि","t̪,pʰɪ",त,t̪
3662,फिल्म,फिल्म,pʰɪlm,movie,NotAppl,F,3,underived,,,0,0,inanimate,Q,Communication,1,0,0,"ल्म,फ,म,फि,्म,फिल","pʰɪl,lm,pʰ,m,ɪlm,pʰɪ",फि,pʰɪ,,
3663,फिल्मांकन,फिल्मांकन,pʰɪlmɑ̃ːkən̪,filming,NotAppl,M,4,abstract_noun,abstract_noun,abstract_noun,0,1,inanimate,Q,Action,0,0,0,"फ,कन,न,फि,ंकन,फिल","pʰɪl,pʰ,ən̪,kən̪,n̪,pʰɪ",फि,pʰɪ,,
3664,फिश,फिश,pʰɪʃ,fish,NotAppl,F,3,underived,,,0,0,animate,L,Fish,1,0,0,"िश,फिश,श,फ,फि","ʃ,pʰ,pʰɪʃ,ɪʃ,pʰɪ","िश,फि",pʰɪ,,
3665,फिसलन,फिसलन,pʰɪs̪lən̪,slippery,NotAppl,F,3,abstract8,abstract8,abstract8,0,1,inanimate,O,Physiological  State,0,0,0,"फ,लन,फिस,न,फि,सलन","pʰ,ən̪,pʰɪs̪,n̪,pʰɪ,lən̪","लन,फि","pʰɪ,lən̪",,
3666,फीट,फीट,pʰiːʈ,feet,NotAppl,M,5,underived,,,0,0,inanimate,B,Measurement,1,0,0,"ट,फ,फी,ीट,फीट","pʰ,pʰiː,pʰiːʈ,ʈ,iːʈ",,,,
3667,फीताशाही,फीताशाह,pʰiːt̪ɑːʃɑːɦ,laceration,NotAppl,M,4,underived,,,1,0,inanimate,Z,Abstract,0,0,0,"फ,फी,ह,ाह,फीत,शाह","pʰiːt̪,ɑːɦ,ɦ,pʰ,pʰiː,ʃɑːɦ",ाह,ɑːɦ,,
3668,फीलगुड,फीलगुड,pʰiːlɡuɖ,feelgood,NotAppl,M,0,underived,,,0,0,inanimate,Z,Common Noun,1,0,0,"फील,ड,फ,फी,ुड,गुड","uɖ,pʰ,ɖ,pʰiː,pʰiːl,ɡuɖ",,,,
3669,फील्ड,फील्ड,pʰiːlɖ,field,neutral,F,3,underived,,,0,0,inanimate,F,Physical Place,1,0,0,"फील,ड,फ,्ड,फी,ल्ड","iːlɖ,pʰ,ɖ,pʰiː,lɖ,pʰiːl",,,,
3670,फील्ड,फील्ड,pʰiːlɖ,field,neutral,M,4,underived,,,0,0,inanimate,F,Physical Place,1,0,0,"फील,ड,फ,्ड,फी,ल्ड","iːlɖ,pʰ,ɖ,pʰiː,lɖ,pʰiːl",,,,
3671,फील्डमैन,फील्डमैन,pʰiːlɖəməɪn̪,fieldman,NotAppl,M,4,underived,,,0,0,animate,F,Occupation,1,0,0,"फील,मैन,फ,फी,ैन,न","əɪn̪,pʰ,pʰiː,pʰiːl,ɪn̪,n̪",,,,
3672,फील्डिंग,फील्डिंग,pʰiːlɖɪ̃ɡ,fielding,NotAppl,F,0,underived,,,0,0,inanimate,K,Action,1,0,0,"फील,फ,फी,िंग,ंग,ग","ɖɪ̃ɡ,pʰ,pʰiː,pʰiːl,ɪ̃ɡ,ɡ","िंग,ंग,ग","ɖɪ̃ɡ,ɪ̃ɡ,ɡ","िंग,ंग","ɪ̃ɡ,ɡ"
3673,फीस,फीस,pʰiːs̪,fees,NotAppl,F,3,underived,,,0,0,inanimate,I,Object,1,0,0,"स,फ,फी,फीस,ीस","pʰiːs̪,iːs̪,pʰ,pʰiː,s̪",,,,
3674,फीसदी,फीसद,pʰiːs̪əd̪,percentage,neutral,F,1,underived,,,0,0,inanimate,N,Cognition,0,0,0,"द,फ,फी,ीसद,फीस,सद","d̪,əd̪,pʰiːs̪,pʰ,s̪əd̪,pʰiː",,,,
3675,फीसदी,फीसद,pʰiːs̪əd̪,percentage,neutral,M,4,underived,,,0,0,inanimate,N,Cognition,0,0,0,"द,फ,फी,ीसद,फीस,सद","d̪,əd̪,pʰiːs̪,pʰ,s̪əd̪,pʰiː",,,,
3676,फुट,फुट,pʰuʈ,foot,homophones,F,5,underived,,,0,0,inanimate,B,Measurement,1,0,0,"फु,ट,फ,ुट,फुट","pʰ,pʰuʈ,ʈ,pʰu,uʈ",,,,
3677,फुट,फुट,pʰuʈ,foot,homophones,M,5,underived,,,0,0,inanimate,B,Measurement,1,0,0,"फु,ट,फ,ुट,फुट","pʰ,pʰuʈ,ʈ,pʰu,uʈ",,,,
3678,फुटपाथ,फुटपाथ,pʰuʈpɑːt̪ʰ,sidewalks,NotAppl,M,4,underived,,,0,0,inanimate,M,Physical Place,1,0,0,"फु,फ,ाथ,पाथ,फुट,थ","pʰ,pʰuʈ,t̪ʰ,pʰu,ɑːt̪ʰ,pɑːt̪ʰ",,,,
3679,फुटबाल,फुटबाल,pʰuʈbɑːl,football,NotAppl,F,3,underived,,,0,0,inanimate,K,Physical,1,0,0,"फु,बाल,फ,ाल,फुट,ल","pʰ,pʰuʈ,l,pʰu,bɑːl,ɑːl",,,,
3680,फुटेज,फुटेज,pʰuʈeːd͡ʒ,footage,NotAppl,M,4,underived,,,0,0,inanimate,Q,Artifact,1,0,0,"फु,फ,टेज,ज,फुट,ेज","eːd͡ʒ,pʰ,pʰuʈ,d͡ʒ,ʈeːd͡ʒ,pʰu",,,,
3681,फुर्सत,फुर्सत,pʰuɾs̪ət̪,leisure time,NotAppl,F,3,underived,,,0,0,inanimate,K,Period,0,0,0,"फु,फुर,सत,फ,त,्सत","t̪,pʰ,s̪ət̪,pʰuɾ,ət̪,pʰu","सत,त","t̪,s̪ət̪",त,t̪
3682,फूट,फूट,pʰuːʈ,split,NotAppl,F,5,underived,,,0,0,inanimate,A,Action,1,0,0,"ट,फ,ूट,फूट,फू","uːʈ,pʰ,pʰuː,pʰuːʈ,ʈ",,,,
3683,फूड,फूड,pʰuːɖ,food,NotAppl,M,0,underived,,,0,0,inanimate,F,Edible,1,0,0,"ड,फ,फू,फूड,ूड","pʰ,ɖ,pʰuː,uːɖ,pʰuːɖ",,,,
3684,फूफी,फूफ,pʰuːpʰ,fufi,NotAppl,F,1,underived,,,0,0,animate,Z,Person,0,0,0,"फूफ,फू,ूफ,फ","pʰ,uːpʰ,pʰuːpʰ,pʰuː",,,,
3685,फूल,फूल,pʰuːl,flower,NotAppl,M,4,underived,,,1,0,inanimate,L,Natural Object,0,0,0,"फूल,फ,ूल,फू,ल","uːl,pʰ,pʰuː,l,pʰuːl",,,,
3686,फेर,फेर,pʰeːɾ,ferry,NotAppl,F,1,underived,,,0,0,inanimate,M,Anti-social,1,0,0,"र,फ,फेर,फे,ेर","pʰ,pʰeːɾ,ɾ,pʰeː,eːɾ",र,ɾ,र,ɾ
3687,फेरबदल,फेरबदल,pʰeːɾəbd̪əl,shuffle,neutral,F,3,underived,,,1,0,inanimate,M,Action,0,0,0,"बदल,फ,दल,फेर,फे,ल","pʰ,pʰeːɾ,əl,l,pʰeː,d̪əl",,əl,,
3688,फेरबदल,फेरबदल,pʰeːɾəbd̪əl,shuffle,neutral,M,4,underived,,,0,0,inanimate,M,Action,0,0,0,"बदल,फ,दल,फेर,फे,ल","pʰ,pʰeːɾ,əl,l,pʰeː,d̪əl",,əl,,
3689,फेरा,फेर,pʰeːɾ,fera,NotAppl,M,2,underived,,,0,0,inanimate,Z,Physical,0,0,0,"र,फ,फेर,फे,ेर","pʰ,pʰeːɾ,ɾ,pʰeː,eːɾ",र,ɾ,र,ɾ
3690,फेलो,फेल,pʰeːl,fellows,NotAppl,M,0,underived,,,0,0,animate,S,Common Noun,1,0,0,"ेल,फ,फेल,फे,ल","pʰ,l,eːl,pʰeː,pʰeːl",,,,
3691,फेलोशिप,फेलोशिप,pʰeːloːʃɪp,fellowship,NotAppl,F,3,underived,,,0,0,inanimate,S,Applied Sciences,1,0,0,"प,फ,फेल,शिप,फे,िप","pʰ,pʰeːl,p,ʃɪp,pʰeː,ɪp",,,,
3692,फेसिलिटी,फेसिलिट,pʰeːs̪ɪlɪʈ,facility,NotAppl,M,4,underived,,,0,0,inanimate,H,Physical State,1,0,0,"ट,फ,िट,फे,लिट,फेस","ɪʈ,pʰ,ʈ,lɪʈ,pʰeːs̪,pʰeː",,ɪʈ,,
3693,फेस्टिवल,फेस्टिवल,pʰeːs̪ʈɪʋəl,festival,NotAppl,M,4,underived,,,0,0,inanimate,K,Social,1,0,0,"फ,िवल,वल,फे,ल,फेस","pʰ,əl,l,ʋəl,pʰeːs̪,pʰeː",,əl,,
3694,फेहरिस्त,फेहरिस्त,pʰeːɦɾɪs̪t̪,list,NotAppl,F,3,underived,,,1,0,inanimate,Q,Artifact,0,0,0,"्त,फ,स्त,त,फे,फेह","t̪,pʰ,ɪs̪t̪,pʰeːɦ,s̪t̪,pʰeː","्त,त",t̪,"्त,त",t̪
3695,फैक्टर,फैक्टर,pʰəɪkʈəɾ,factor,NotAppl,M,4,underived,,,0,0,inanimate,A,Mathematics,1,0,0,"फै,र,फ,्टर,फैक,टर","pʰ,ɾ,pʰə,əɾ,ʈəɾ,pʰəɪ","र,्टर,टर","ɾ,əɾ,ʈəɾ","र,्टर,टर","ɾ,əɾ,ʈəɾ"
3697,फैक्ट्री,फैक्ट्र,pʰəɪkʈɾə,factory,NotAppl,F,1,underived,,,0,0,inanimate,I,Physical Place,1,0,0,"फै,र,फ,ट्र,्र,फैक","pʰ,ʈɾə,ɾə,pʰə,ə,pʰəɪ",र,,र,
3698,फैक्स,फैक्स,pʰəɪks̪,fax,NotAppl,M,4,underived,,,0,0,inanimate,Q,Common Noun,1,0,0,"स,फै,फ,फैक,क्स,्स","ks̪,pʰ,pʰə,s̪,ɪks̪,pʰəɪ",क्स,ks̪,,
3699,फैशन,फैशन,pʰəɪʃən̪,fashion,NotAppl,M,4,underived,,,0,0,inanimate,B,Art,1,0,0,"फैश,शन,फै,फ,न,ैशन","pʰ,ən̪,pʰə,ʃən̪,n̪,pʰəɪ",शन,ʃən̪,,
3700,फैसला,फैसल,pʰəɪs̪əl,decision,NotAppl,M,2,underived,,,0,0,inanimate,X,Action,0,0,0,"सल,ैसल,फै,फ,फैस,ल","pʰ,əl,pʰə,l,s̪əl,pʰəɪ",,əl,,
3701,फॉरेस्ट,फॉरेस्ट,pʰɔɾeːs̪ʈ,forrest,NotAppl,M,4,underived,,,0,0,inanimate,Z,Natural Object,1,0,0,"ट,फॉ,फ,्ट,स्ट,फॉर","eːs̪ʈ,pʰ,pʰɔ,ʈ,s̪ʈ,pʰɔɾ",स्ट,s̪ʈ,,s̪ʈ
3702,फॉर्म,फॉर्म,pʰɔɾm,form,NotAppl,M,4,underived,,,0,0,inanimate,A,Artifact,1,0,0,"फॉ,फ,म,र्म,्म,फॉर","ɔɾm,pʰ,ɾm,m,pʰɔ,pʰɔɾ",,,,
3703,फोकस,फोकस,pʰoːkəs̪,focus,NotAppl,M,0,underived,,,0,0,inanimate,X,Physical,1,0,0,"स,ोकस,कस,फोक,फ,फो","pʰoːk,pʰoː,pʰ,kəs̪,əs̪,s̪",कस,kəs̪,,
3704,फोटो,फोट,pʰoːʈ,photo,neutral,F,3,underived,,,0,0,inanimate,C,Artifact,1,0,0,"ट,ोट,फ,फो,फोट","pʰoː,pʰ,pʰoːʈ,oːʈ,ʈ",,,,
3705,फोटो,फोट,pʰoːʈ,photo,neutral,M,4,underived,,,0,0,inanimate,C,Artifact,1,0,0,"ट,ोट,फ,फो,फोट","pʰoː,pʰ,pʰoːʈ,oːʈ,ʈ",,,,
3706,फोटोग्राफर,फोटोग्राफर,pʰoːʈoːɡɾɑːpʰəɾ,photographer,NotAppl,M,4,underived,,,0,0,animate,C,Person,1,0,0,"र,फ,फो,ाफर,फर,फोट","pʰoː,pʰ,pʰoːʈ,ɾ,pʰəɾ,əɾ",र,"ɾ,əɾ",र,"ɾ,əɾ"
3707,फोड़,फोड़,pʰoːɽ,burst,NotAppl,F,0,underived,,,0,0,inanimate,A,Anatomical,0,0,0,"ोड़,फ,़,ड़,फो,फोड","oːɽ,pʰoː,pʰ,ɽ,pʰoːɽ","़,ड़",ɽ,़,
3708,फोन,फोन,pʰoːn̪,phone,NotAppl,M,4,underived,,,0,0,inanimate,Q,Abstract,1,0,0,"फोन,फ,फो,न,ोन","pʰoːn̪,pʰoː,pʰ,n̪,oːn̪",,,,
3709,फोरम,फोरम,pʰoːɾəm,forum,neutral,F,3,underived,,,0,0,inanimate,S,Planned Event,1,0,0,"फ,फो,म,रम,फोर,ोरम","əm,pʰoː,pʰ,ɾəm,m,pʰoːɾ",,,,
3710,फोरम,फोरम,pʰoːɾəm,forum,neutral,M,4,underived,,,0,0,inanimate,S,Planned Event,1,0,0,"फ,फो,म,रम,फोर,ोरम","əm,pʰoː,pʰ,ɾəm,m,pʰoːɾ",,,,
3711,फोरेंसिक,फोरेंसिक,pʰoːɾẽːs̪ɪk,forensics,neutral,F,3,underived,,,0,0,inanimate,G,Applied Sciences,1,0,0,"फ,फो,िक,सिक,क,फोर","k,ɪk,pʰoː,pʰ,pʰoːɾ,s̪ɪk",,,,
3712,फोरेंसिक,फोरेंसिक,pʰoːɾẽːs̪ɪk,forensics,neutral,M,4,underived,,,0,0,inanimate,G,Applied Sciences,1,0,0,"फ,फो,िक,सिक,क,फोर","k,ɪk,pʰoː,pʰ,pʰoːɾ,s̪ɪk",,,,
3713,फोर्स,फोर्स,pʰoːɾs̪,force,NotAppl,F,0,underived,,,0,0,inanimate,E,Group,1,0,0,"स,र्स,फ,फो,्स,फोर","oːɾs̪,pʰoː,pʰ,pʰoːɾ,s̪,ɾs̪",,,,
3714,फौज,फौज,pʰəud͡ʒ,army,NotAppl,F,4,underived,,,0,0,inanimate,G,Group,0,0,0,"फौ,फ,ज,ौज,फौज","pʰ,d͡ʒ,ud͡ʒ,pʰə,pʰəu,əud͡ʒ",,,,
3715,फौजी,फौज,pʰəud͡ʒ,soldier,NotAppl,M,4,underived,,,0,0,animate,G,Person,0,0,0,"फौ,फ,ज,ौज,फौज","pʰ,d͡ʒ,ud͡ʒ,pʰə,pʰəu,əud͡ʒ",,,,
3716,फ्यूर्ड,फ्यूर्ड,pʰjuːɾɖ,fuard,NotAppl,M,0,underived,,,0,0,inanimate,Z,Physical Place,1,0,0,"ड,फ,्ड,फ्,फ्य,र्ड","ɾɖ,pʰ,ɖ,pʰjuː,uːɾɖ,pʰj",र्ड,ɾɖ,,
3717,फ्रंट,फ्रंट,pʰɾə̃ʈ,front,NotAppl,M,4,underived,,,0,0,inanimate,M,Common Noun,1,0,0,"ट,रंट,फ,ंट,फ्,फ्र","pʰɾ,pʰ,ə̃ʈ,ʈ,ɾə̃ʈ,pʰɾə̃",ंट,,,
3718,फ्रिगेट,फ्रिगेट,pʰɾɪɡeːʈ,frigate,NotAppl,M,0,underived,,,0,0,inanimate,M,Common Noun,1,0,0,"ट,फ,गेट,फ्,ेट,फ्र","pʰɾ,pʰ,eːʈ,ʈ,ɡeːʈ,pʰɾɪ",,,,
3719,फ्रीक्वेंसी,फ्रीक्वेंस,pʰɾiːkʋẽːs̪,frequency,NotAppl,F,1,underived,,,0,0,inanimate,N,Abstract,1,0,0,"स,ेंस,ंस,फ,फ्,फ्र","pʰɾ,ẽːs̪,pʰ,ʋẽːs̪,s̪,pʰɾiː",,,,
3720,फ्रेट,फ्रेट,pʰɾeːʈ,freight,NotAppl,M,4,underived,,,0,0,inanimate,M,Common Noun,1,0,0,"ट,फ,रेट,फ्,ेट,फ्र","pʰɾ,pʰ,ɾeːʈ,pʰɾeː,eːʈ,ʈ",,,,
3721,फ्लडलाइट,फ्लडलाइट,pʰləɖlɑːɪʈ,floodlight,NotAppl,F,3,underived,,,0,0,inanimate,O,Physical State,1,0,0,"ट,फ,फ्ल,इट,फ्,ाइट","ɪʈ,pʰ,pʰl,pʰlə,ʈ,ɑːɪʈ","इट,ाइट","ɪʈ,ɑːɪʈ",,
3722,फ्लश,फ्लश,pʰləʃ,flush,NotAppl,M,4,underived,,,0,0,inanimate,N,Drinkable,1,0,0,"्लश,श,फ,फ्ल,फ्,लश","ʃ,ləʃ,pʰ,pʰl,pʰlə,əʃ",,,,
3723,फ्लाइंग,फ्लाइंग,pʰlɑːɪ̃ɡ,flying,NotAppl,F,0,underived,,,0,0,inanimate,M,Common Noun,1,0,0,"फ,फ्ल,फ्,ंग,इंग,ग","pʰlɑː,pʰ,pʰl,ɑːɪ̃ɡ,ɪ̃ɡ,ɡ","ंग,ग","ɪ̃ɡ,ɡ",ंग,"ɪ̃ɡ,ɡ"
3724,फ्लाइट,फ्लाइट,pʰlɑːɪʈ,flight,NotAppl,F,3,underived,,,0,0,inanimate,M,Action,1,0,0,"ट,फ,फ्ल,इट,फ्,ाइट","pʰlɑː,ɪʈ,pʰ,pʰl,ʈ,ɑːɪʈ","इट,ाइट","ɪʈ,ɑːɪʈ",,
3725,फ्लाइटों,फ्लाइट,pʰlɑːɪʈ,flights,NotAppl,F,3,underived,,,0,0,inanimate,M,Common Noun,1,0,0,"ट,फ,फ्ल,इट,फ्,ाइट","pʰlɑː,ɪʈ,pʰ,pʰl,ʈ,ɑːɪʈ","इट,ाइट","ɪʈ,ɑːɪʈ",,
3726,फ्लाई,फ्ला,pʰlɑː,fly,NotAppl,M,0,underived,,,0,0,inanimate,M,Insects,1,0,0,"ा,ला,फ,फ्ल,्ला,फ्","pʰlɑː,pʰ,pʰl,ɑː,lɑː","ा,ला",lɑː,"ा,ला",lɑː
3727,फ्लास्क,फ्लास्क,pʰlɑːs̪k,flask,NotAppl,M,4,underived,,,0,0,inanimate,O,Artifact,1,0,0,"्क,फ,फ्ल,फ्,क,स्क","pʰlɑː,k,pʰ,pʰl,s̪k,ɑːs̪k",,,,
3728,फ्लीट,फ्लीट,pʰliːʈ,fleet,NotAppl,M,4,underived,,,0,0,inanimate,M,Common Noun,1,0,0,"ट,फ,फ्ल,फ्,लीट,ीट","pʰliː,pʰ,pʰl,liːʈ,ʈ,iːʈ",,,,
3729,फ्लैट,फ्लैट,pʰləɪʈ,flat,NotAppl,M,4,underived,,,0,0,inanimate,O,Artifact,1,0,0,"ट,फ,फ्ल,फ्,ैट,लैट","ɪʈ,pʰ,pʰl,pʰlə,əɪʈ,ʈ",,ɪʈ,,
3730,फ्लो,फ्ल,pʰl,flow,NotAppl,M,0,underived,,,0,0,inanimate,M,Common Noun,1,0,0,"फ,्ल,फ्ल,फ्,ल","pʰ,pʰl,l",,,,
3731,बँटवारा,बँटवार,bə̃ʈʋɑːɾ,partition,NotAppl,M,2,underived,,,0,0,inanimate,A,Physical,0,0,0,"ार,र,बँट,ब,बँ,वार","b,ɾ,ɑːɾ,bə̃,bə̃ʈ,ʋɑːɾ","ार,र","ɾ,ɑːɾ",र,ɾ
3732,बंगला,बंगल,bə̃ɡəl,bungalow,NotAppl,M,2,underived,,,0,0,inanimate,H,Physical Place,0,0,0,"बं,ंगल,गल,ब,ल,बंग","bə̃ɡ,b,əl,bə̃,l,ɡəl",,əl,,
3734,बंडी,बंड,bə̃ɖ,bandy,NotAppl,F,1,underived,,,0,0,inanimate,Q,Artifact,0,0,0,"बं,ड,बंड,ंड,ब","ə̃ɖ,bə̃ɖ,ɖ,b,bə̃",,,,
3735,बंद,बंद,bə̃d̪,close,NotAppl,M,4,underived,,,0,0,inanimate,N,Action,0,1,0,"द,बं,ंद,बंद,ब","d̪,bə̃d̪,b,bə̃,ə̃d̪","ंद,बंद","bə̃d̪,ə̃d̪",,
3736,बंदर,बंदर,bə̃d̪əɾ,monkey,NotAppl,M,4,underived,,,0,0,animate,L,Mammal,0,1,0,"दर,बं,र,बंद,ब,ंदर","d̪əɾ,bə̃d̪,b,ɾ,bə̃,əɾ","र,बंद","bə̃d̪,ɾ,əɾ",र,"ɾ,əɾ"
3737,बंदरगाह,बंदरगाह,bə̃d̪əɾɡɑːɦ,port,NotAppl,M,4,underived,,,0,0,inanimate,M,Physical Place,0,0,0,"बं,गाह,ाह,ह,बंद,ब","ɑːɦ,ɦ,bə̃d̪,b,ɡɑːɦ,bə̃","ाह,बंद","ɑːɦ,bə̃d̪",,
3738,बंदिश,बंदिश,bə̃d̪ɪʃ,confinement,NotAppl,F,3,underived,,,0,0,inanimate,A,property,0,1,0,"बं,िश,श,बंद,दिश,ब","d̪ɪʃ,ʃ,bə̃d̪,b,bə̃,ɪʃ","िश,बंद",bə̃d̪,,
3739,बंदी,बंद,bə̃d̪,captive,NotAppl,M,4,underived,,,0,0,animate,A,Person,0,1,0,"द,बं,ंद,बंद,ब","d̪,bə̃d̪,b,bə̃,ə̃d̪","ंद,बंद","bə̃d̪,ə̃d̪",,
3740,बंदूक,बंदूक,bə̃d̪uːk,gun,NotAppl,F,3,underived,,,0,0,inanimate,G,Artifact,0,0,0,"बं,दूक,ूक,बंद,क,ब","k,d̪uːk,uːk,bə̃d̪,b,bə̃",बंद,bə̃d̪,,
3741,बंदोबस्त,बंदोबस्त,bə̃d̪oːbəs̪t̪,settlement,NotAppl,M,0,underived,,,0,0,inanimate,M,Action,0,0,0,"बं,्त,स्त,त,बंद,ब","t̪,əs̪t̪,bə̃d̪,b,bə̃,s̪t̪","्त,त,बंद","t̪,bə̃d̪","्त,त",t̪
3742,बंध,बंध,bə̃d̪ʰ,bond,NotAppl,M,0,underived,,,0,0,inanimate,S,Artifact,0,0,1,"बं,ब,ध,ंध,बंध","ə̃d̪ʰ,d̪ʰ,b,bə̃,bə̃d̪ʰ",बंध,bə̃d̪ʰ,,
3743,बंधक,बंधक,bə̃d̪ʰək,mortgage,NotAppl,M,4,agentive1,agentive1,agentive1,0,1,inanimate,I,Person,0,0,1,"बं,धक,ंधक,ब,क,बंध","k,ək,b,d̪ʰək,bə̃,bə̃d̪ʰ",बंध,"ək,bə̃d̪ʰ",,
3744,बंधु,बंधु,bə̃d̪ʰu,brother,NotAppl,M,4,underived,,,0,0,animate,S,Noun,0,0,1,"बं,ु,ब,ंधु,धु,बंध","d̪ʰu,ə̃d̪ʰu,u,b,bə̃,bə̃d̪ʰ",बंध,bə̃d̪ʰ,,
3745,बकवास,बकवास,bəkʋɑːs̪,nonsense,NotAppl,F,3,underived,,,0,0,inanimate,A,Action,0,0,0,"स,वास,बकव,बक,ास,ब","bə,ɑːs̪,ʋɑːs̪,bək,b,s̪",ास,,,
3746,बकाया,बकाय,bəkɑːjə,arrears,NotAppl,M,2,underived,,,0,0,inanimate,I,Artifact,0,0,0,"ाय,बक,य,काय,ब,बका","bə,ɑːjə,bək,b,ə,jə",य,jə,य,jə
3747,बखिया,बखिया,bəkʰɪjɑː,backrest,NotAppl,F,3,underived,,,0,0,inanimate,O,Artifact,0,0,0,"ा,बख,िया,या,ब,बखि","bə,ɪjɑː,ɑː,jɑː,b,bəkʰ","ा,या",jɑː,ा,
3748,बखेडा,बखेड,bəkʰeːɖ,fuss,NotAppl,M,2,underived,,,0,0,inanimate,E,Common Noun,0,0,0,"बखे,ड,बख,खेड,ब,ेड","eːɖ,bə,ɖ,b,kʰeːɖ,bəkʰ",,,,
3749,बगल,बगल,bəɡəl,next,NotAppl,F,0,underived,,,0,0,inanimate,N,Part of,0,0,0,"बग,गल,ब,बगल,ल","bə,bəɡ,b,əl,l,ɡəl",,əl,,
3750,बगावत,बगावत,bəɡɑːʋət̪,revolt,NotAppl,F,3,underived,,,0,0,inanimate,G,Physical,0,0,0,"बगा,बग,त,ब,वत,ावत","bə,t̪,ət̪,bəɡ,ʋət̪,b",त,t̪,त,t̪
3751,बगीचा,बगीच,bəɡiːt͡ʃ,garden,NotAppl,M,2,underived,,,0,0,inanimate,L,Physical Place,0,0,0,"बग,गीच,च,ब,बगी,ीच","t͡ʃ,bə,ɡiːt͡ʃ,bəɡ,b,iːt͡ʃ",,,,
3752,बचत,बचत,bət͡ʃət̪,savings,NotAppl,F,3,underived,,,0,0,inanimate,I,Action,0,0,0,"बचत,त,ब,चत,बच","t͡ʃət̪,bə,t̪,ət̪,b,bət͡ʃ",त,t̪,त,t̪
3753,बचपन,बचपन,bət͡ʃpən̪,childhood,NotAppl,M,4,underived,,,0,0,inanimate,T,physical State,0,0,0,"न,ब,पन,बचप,चपन,बच","n̪,bə,b,pən̪,bət͡ʃ,ən̪",,,,
3754,बचाव,बचाव,bət͡ʃɑːʋ,rescue,NotAppl,M,4,underived,,,0,0,inanimate,S,Action,0,0,0,"व,ाव,बचा,चाव,ब,बच","bə,ʋ,b,bət͡ʃ,ɑːʋ,t͡ʃɑːʋ","व,ाव",ʋ,"व,ाव",ʋ
3755,बच्चा,बच्च,bət͡ʃt͡ʃ,child,neutral,F,2,underived,,,0,0,animate,S,Person,0,1,0,"च्च,बच्,्च,च,ब,बच","t͡ʃ,t͡ʃt͡ʃ,bə,ət͡ʃt͡ʃ,b,bət͡ʃ",्च,,,
3756,बच्चा,बच्चा,bət͡ʃt͡ʃɑː,child,neutral,M,4,underived,,,0,0,animate,S,Person,0,1,0,"ा,बच्,चा,ब,्चा,बच","bə,t͡ʃɑː,ɑː,t͡ʃt͡ʃɑː,b,bət͡ʃ",ा,,ा,
3757,बच्ची,बच्च,bət͡ʃt͡ʃ,baby girl,NotAppl,F,1,underived,,,0,0,animate,T,Person,0,0,0,"च्च,बच्,्च,च,ब,बच","t͡ʃ,t͡ʃt͡ʃ,bə,ət͡ʃt͡ʃ,b,bət͡ʃ",्च,,,
3759,बज,बज,bəd͡ʒ,ringing,NotAppl,M,2,underived,,,0,0,inanimate,Q,Common Noun,0,0,0,"ज,बज,ब","bə,əd͡ʒ,d͡ʒ,b,bəd͡ʒ",,əd͡ʒ,,əd͡ʒ
3760,बजट,बजट,bəd͡ʒəʈ,budget,NotAppl,M,4,underived,,,0,0,inanimate,I,Process,1,0,0,"ट,बजट,जट,बज,ब","əʈ,bə,d͡ʒəʈ,ʈ,b,bəd͡ʒ",,əʈ,,
3761,बजरी,बजर,bəd͡ʒəɾ,gravel,NotAppl,F,1,underived,,,0,0,inanimate,O,Object,0,0,0,"बजर,र,बज,ब,जर","d͡ʒəɾ,bə,bəd͡ʒ,b,ɾ,əɾ",र,"ɾ,əɾ",र,"ɾ,əɾ"
3762,बजे,बजे,bəd͡ʒeː,o&#39;clock,neutral,F,0,underived,,,0,0,inanimate,Z,Physical State,0,0,0,"बजे,े,बज,ब,जे","bə,eː,b,əd͡ʒeː,bəd͡ʒ,d͡ʒeː",,eː,,
3763,बजे,बजे,bəd͡ʒeː,o&#39;clock,neutral,M,0,underived,,,0,0,inanimate,Z,Common Noun,0,0,0,"बजे,े,बज,ब,जे","bə,eː,b,əd͡ʒeː,bəd͡ʒ,d͡ʒeː",,eː,,
3764,बटन,बटन,bəʈən̪,button,NotAppl,M,4,underived,,,0,0,inanimate,B,Artifact,0,0,0,"टन,न,बट,बटन,ब","n̪,ʈən̪,bə,b,bəʈ,ən̪",,,,
3765,बटालियन,बटालियन,bəʈɑːlɪjən̪,battalion,neutral,F,3,underived,,,0,0,inanimate,G,Collective Noun,1,0,0,"बटा,यन,न,बट,ब,ियन","n̪,bə,jən̪,b,bəʈ,ən̪",,,,
3766,बटालियन,बटालियन,bəʈɑːlɪjən̪,battalion,neutral,M,4,underived,,,0,0,inanimate,G,Collective Noun,1,0,0,"बटा,यन,न,बट,ब,ियन","n̪,bə,jən̪,b,bəʈ,ən̪",,,,
3767,बटेर,बटेर,bəʈeːɾ,quail,NotAppl,M,4,underived,,,0,0,inanimate,L,Birds,0,0,0,"बटे,र,बट,ब,ेर,टेर","bə,b,ɾ,ʈeːɾ,bəʈ,eːɾ",र,ɾ,र,ɾ
3768,बड़ा,बड़,bəɽ,big,NotAppl,M,2,underived,,,0,0,inanimate,N,Edible,0,0,0,"़,बड,ड़,ब,बड़","bə,əɽ,b,ɽ,bəɽ","़,ड़",ɽ,़,
3769,बढ़ई,बढ़,bəɽʰ,carpenter,NotAppl,M,4,underived,,,0,0,animate,I,Person,0,0,0,"बढ़,़,बढ,ब,ढ़","əɽʰ,bə,ɽʰ,b,bəɽʰ","़,ढ़",ɽʰ,़,
3770,बढ़त,बढ़त,bəɽʰət̪,edge,NotAppl,F,3,underived,,,0,0,inanimate,O,Action,0,0,0,"़त,बढ़,त,बढ,ब,ढ़त","bə,t̪,ɽʰət̪,ət̪,b,bəɽʰ",त,t̪,त,t̪
3771,बढ़ावा,बढ़ाव,bəɽʰɑːʋ,boost,NotAppl,M,2,abstract2,,,0,1,inanimate,S,Physical,0,0,0,"व,बढ़,ाव,़ाव,बढ,ब","bə,ɽʰɑːʋ,ʋ,b,bəɽʰ,ɑːʋ","व,ाव",ʋ,"व,ाव",ʋ
3773,बढ़ोत्तरी,बढ़ोत्तर,bəɽʰoːt̪t̪əɾ,increase,NotAppl,F,1,abstract1,abstract1,abstract1,0,1,inanimate,N,Action,0,0,0,"तर,बढ़,र,बढ,ब,्तर","bə,b,ɾ,bəɽʰ,t̪əɾ,əɾ",र,"ɾ,əɾ",र,"ɾ,əɾ"
3774,बढावा,बढाव,bəɖʰɑːʋ,boost,NotAppl,M,2,abstract2,,,0,1,inanimate,S,Abstract,0,0,0,"व,ढाव,ाव,बढ,ब,बढा","bə,ɖʰɑːʋ,ʋ,b,ɑːʋ,bəɖʰ","व,ाव",ʋ,"व,ाव",ʋ
3776,बतंगड़,बतंगड़,bət̪ə̃ɡəɽ,batangad,NotAppl,M,4,underived,,,0,0,inanimate,Z,Communication,0,0,0,"बत,़,ड़,बतं,गड़,ब","bə,ɡəɽ,əɽ,b,ɽ,bət̪","बत,़,ड़","ɽ,bət̪",़,
3777,बत्ती,बत्त,bət̪t̪,light,NotAppl,F,1,underived,,,0,0,inanimate,W,Artifact,0,0,0,"्त,बत,त्त,त,ब,बत्","ət̪t̪,bə,t̪,t̪t̪,b,bət̪","्त,बत,त्त,त","ət̪t̪,t̪,t̪t̪,bət̪","्त,त",t̪
3778,बदइंतजामी,बदइंतजाम,bəd̪ə_ɪ̃t̪d͡ʒɑːm,mismanagement,NotAppl,F,1,underived,,,1,0,inanimate,S,State,0,0,0,"जाम,बदइ,बद,म,ब,ाम","bə,m,d͡ʒɑːm,b,bəd̪,ɑːm",,,,
3779,बदतमीजी,बदतमीज,bəd̪ət̪miːd͡ʒ,insolence,NotAppl,F,1,underived,,,0,0,inanimate,S,Quality,0,0,0,"बदत,बद,ज,ब,ीज,मीज","bə,iːd͡ʒ,d͡ʒ,b,miːd͡ʒ,bəd̪",,,,
3780,बदन,बदन,bəd̪ən̪,body,NotAppl,M,4,underived,,,0,0,inanimate,B,Natural Object,0,1,0,"दन,बद,न,बदन,ब","n̪,bə,d̪ən̪,b,bəd̪,ən̪",,,,
3781,बदनामी,बदनाम,bəd̪n̪ɑːm,infamy,NotAppl,F,1,underived,,,0,0,inanimate,G,Quality,0,0,0,"नाम,बद,म,बदन,ब,ाम","bə,m,b,bəd̪,n̪ɑːm,ɑːm",,,,
3782,बदमाश,बदमाश,bəd̪mɑːʃ,rogue,NotAppl,M,4,underived,,,0,0,animate,G,Person,0,0,0,"बदम,श,माश,बद,ब,ाश","ʃ,bə,b,ɑːʃ,mɑːʃ,bəd̪",,,,
3783,बदल,बदल,bəd̪əl,change,NotAppl,F,3,underived,,,0,0,inanimate,A,Change,0,1,0,"बदल,बद,दल,ब,ल","bə,b,əl,l,bəd̪,d̪əl",,əl,,
3784,बदला,बदल,bəd̪əl,revenge,NotAppl,M,2,underived,,,0,0,inanimate,E,Action,0,1,0,"बदल,बद,दल,ब,ल","bə,b,əl,l,bəd̪,d̪əl",,əl,,
3785,बदलाव,बदलाव,bəd̪lɑːʋ,shift,NotAppl,M,4,underived,,,0,0,inanimate,A,Event,0,0,0,"बदल,व,ाव,बद,ब,लाव","bə,ʋ,b,ɑːʋ,bəd̪,lɑːʋ","व,ाव",ʋ,"व,ाव",ʋ
3786,बदले,बदल,bəd̪əl,change,NotAppl,M,2,underived,,,0,0,inanimate,A,Action,0,0,0,"बदल,बद,दल,ब,ल","bə,b,əl,l,bəd̪,d̪əl",,əl,,
3787,बदसलूकी,बदसलूक,bəd̪əs̪luːk,mistreatment,NotAppl,F,1,underived,,,0,0,inanimate,Z,Communication,0,0,0,"लूक,ूक,बद,ब,क,बदस","k,bə,uːk,luːk,b,bəd̪",,,,
3788,बदहाली,बदहाल,bəd̪ɦɑːl,misery,NotAppl,F,1,underived,,,0,0,inanimate,E,State,0,0,0,"बद,ाल,ब,ल,हाल,बदह","bə,ɦɑːl,b,l,bəd̪,ɑːl",,,,
3789,बधाई,बधा,bəd̪ʰɑː,congrats,NotAppl,F,1,underived,,,0,0,inanimate,Z,Communication,0,0,0,"ा,धा,ब,बधा,बध","bəd̪ʰ,bə,ɑː,b,əd̪ʰɑː,d̪ʰɑː","ा,धा",d̪ʰɑː,ा,
3790,बधिर,बधिर,bəd̪ʰɪɾ,deaf,NotAppl,M,4,underived,,,0,0,animate,X,Person,0,0,1,"र,िर,धिर,ब,बधि,बध","ɪɾ,bəd̪ʰ,bə,d̪ʰɪɾ,b,ɾ",र,ɾ,र,ɾ
3791,बनियान,बनियान,bən̪ɪjɑːn̪,vest,NotAppl,F,3,underived,,,0,0,inanimate,B,Artifact,0,0,0,"ान,बन,बनि,यान,न,ब","bən̪,jɑːn̪,bə,ɑːn̪,b,n̪",,,,
3792,बफर,बफर,bəpʰəɾ,buffer,NotAppl,M,4,underived,,,0,0,inanimate,M,Common Noun,1,0,0,"र,ब,फर,बफ,बफर","bə,bəpʰ,b,ɾ,pʰəɾ,əɾ",र,"ɾ,əɾ",र,"ɾ,əɾ"
3793,बम,बम,bəm,bomb,NotAppl,M,4,underived,,,0,0,inanimate,G,Artifact,0,1,0,"ब,बम,म","əm,bə,m,b,bəm",,,,
3794,बमकांड,बमकांड,bəmkɑ̃ːɖ,bombing,NotAppl,M,4,underived,,,1,0,inanimate,G,Event,0,0,0,"ड,बमक,ांड,ंड,ब,बम","ɑ̃ːɖ,bə,ɖ,b,bəm,kɑ̃ːɖ",,,,
3795,बमबारी,बमबार,bəmbɑːɾ,bombing,NotAppl,F,1,underived,,,0,0,inanimate,G,Physical,0,0,0,"ार,र,बमब,बार,ब,बम","bɑːɾ,bə,b,bəm,ɾ,ɑːɾ","ार,र","ɾ,ɑːɾ",र,ɾ
3796,बयाँ,बयाँ,bəjɑ̃ː,bayan,NotAppl,M,4,underived,,,0,0,animate,Z,Birds,0,0,0,"ाँ,बया,याँ,ब,ँ,बय","ɑ̃ː,bə,bəj,jɑ̃ː,b,əjɑ̃ː",,,,
3798,बयान,बयान,bəjɑːn̪,statement,NotAppl,M,4,underived,,,0,0,inanimate,Q,Communication,0,1,0,"ान,बया,यान,न,ब,बय","jɑːn̪,bə,ɑːn̪,bəj,b,n̪",,,,
3799,बयानबाजी,बयानबाज,bəjɑːn̪bɑːd͡ʒ,rhetoric,NotAppl,F,1,underived,,,1,0,inanimate,Q,Action,0,0,0,"बया,ाज,ज,ब,बाज,बय","bɑːd͡ʒ,ɑːd͡ʒ,bə,bəj,d͡ʒ,b",,,,
3800,बरखास्तगी,बरखास्तग,bəɾkʰɑːs̪t̪əɡ,dismissal,NotAppl,F,1,agentive_occupation3,,,0,1,inanimate,A,Action,0,0,0,"्तग,बर,बरख,ब,तग,ग","bə,əɡ,b,ɡ,bəɾ,t̪əɡ",ग,"əɡ,ɡ",,ɡ
3801,बरछी,बरछ,bəɾət͡ʃʰ,spear,NotAppl,F,1,underived,,,0,0,inanimate,E,Artifact,0,0,0,"रछ,बर,ब,बरछ,छ","bə,t͡ʃʰ,ət͡ʃʰ,b,bəɾ,ɾət͡ʃʰ",छ,t͡ʃʰ,छ,t͡ʃʰ
3803,बरताव,बरताव,bəɾt̪ɑːʋ,behaviour,NotAppl,M,4,underived,,,0,0,inanimate,S,Action,0,0,0,"व,ाव,बर,ब,बरत,ताव","t̪ɑːʋ,bə,ʋ,b,ɑːʋ,bəɾ","व,ाव",ʋ,"व,ाव",ʋ
3804,बरस,बरस,bəɾəs̪,showers,NotAppl,M,4,underived,,,0,0,inanimate,B,Abstract,0,0,0,"स,बर,रस,ब,बरस","bə,ɾəs̪,b,s̪,bəɾ,əs̪",,,,
3805,बरसात,बरसात,bəɾs̪ɑːt̪,rainy,NotAppl,F,3,underived,,,0,0,inanimate,W,Natural Event,0,0,0,"बर,सात,त,ात,ब,बरस","bə,t̪,ɑːt̪,b,bəɾ,s̪ɑːt̪",त,t̪,त,t̪
3806,बरसी,बरस,bəɾəs̪,anniversary,NotAppl,F,1,underived,,,0,0,inanimate,T,Social,0,0,0,"स,बर,रस,ब,बरस","bə,ɾəs̪,b,s̪,bəɾ,əs̪",,,,
3807,बराबरी,बराबर,bəɾɑːbəɾ,equality,NotAppl,F,1,underived,,,0,0,inanimate,A,State,0,1,0,"र,बर,ाबर,ब,बरा","bə,b,ɾ,bəɾ,əɾ",र,"ɾ,əɾ",र,"ɾ,əɾ"
3808,बरामदगी,बरामदग,bəɾɑːmd̪əɡ,recovery,NotAppl,F,1,underived,,,0,0,inanimate,B,Action,0,0,0,"बर,ग,ब,दग,बरा,मदग","bə,əɡ,d̪əɡ,b,ɡ,bəɾ","ग,दग","əɡ,d̪əɡ,ɡ",,ɡ
3809,बरामदा,बरामद,bəɾɑːməd̪,veranda,NotAppl,M,2,underived,,,0,0,inanimate,H,Physical Place,0,1,0,"द,बर,मद,ब,बरा,ामद","d̪,əd̪,bə,məd̪,b,bəɾ",,,,
3810,बर्खास्तगी,बर्खास्तग,bəɾkʰɑːs̪t̪əɡ,dismissal,NotAppl,F,1,underived,,,0,0,inanimate,A,Action,0,0,0,"्तग,बर,ब,तग,ग,बर्","bə,əɡ,b,ɡ,bəɾ,t̪əɡ",ग,"əɡ,ɡ",,ɡ
3811,बर्तन,बर्तन,bəɾt̪ən̪,utensil,NotAppl,M,4,underived,,,0,0,inanimate,O,Artifact,0,0,0,"्तन,तन,बर,न,ब,बर्","n̪,bə,t̪ən̪,b,bəɾ,ən̪",,,,
3812,बर्ताव,बर्ताव,bəɾt̪ɑːʋ,behaviour,NotAppl,M,4,underived,,,0,0,inanimate,S,Action,0,0,0,"व,ताव,ाव,बर,ब,बर्","t̪ɑːʋ,bə,ʋ,b,ɑːʋ,bəɾ","व,ाव",ʋ,"व,ाव",ʋ
3813,बर्दाशत,बर्दाशत,bəɾd̪ɑːʃət̪,tolerate,NotAppl,M,0,underived,,,0,0,inanimate,E,Abstract,0,0,0,"बर,त,शत,ाशत,ब,बर्","ʃət̪,bə,t̪,ət̪,b,bəɾ",त,t̪,त,t̪
3814,बर्नर,बर्नर,bəɾn̪əɾ,burner,NotAppl,M,4,underived,,,0,0,inanimate,O,Common Noun,1,0,0,"नर,र,बर,्नर,ब,बर्","bə,b,ɾ,bəɾ,n̪əɾ,əɾ",र,"ɾ,əɾ",र,"ɾ,əɾ"
3815,बर्फ,बर्फ,bəɾpʰ,ice,NotAppl,F,3,underived,,,0,0,inanimate,O,Object,0,0,0,"फ,बर,र्फ,ब,्फ,बर्","əɾpʰ,bə,pʰ,b,bəɾ,ɾpʰ",,,,
3817,बर्फ़बारी,बर्फ़बार,bəɾfəbɑːɾ,snowfall,NotAppl,F,1,underived,,,1,0,inanimate,W,Natural Event,0,0,0,"ार,र,बर,बार,ब,बर्","bɑːɾ,bə,b,ɾ,ɑːɾ,bəɾ","ार,र","ɾ,ɑːɾ",र,ɾ
3818,बर्बरता,बर्बरता,bəɾbəɾt̪ɑː,vandalism,NotAppl,F,3,underived,,,0,0,animate,G,Person,0,0,0,"ा,बर,ता,रता,ब,बर्","bə,ɾt̪ɑː,ɑː,b,bəɾ,t̪ɑː","ा,रता",ɾt̪ɑː,ा,
3819,बल,बल,bəl,force,homophones,F,3,underived,,,0,0,inanimate,E,Quality,0,0,0,"ल,ब,बल","bə,b,bəl,əl,l",,əl,,
3820,बल,बल,bəl,force,homophones,M,4,underived,,,0,0,inanimate,E,Quality,0,0,0,"ल,ब,बल","bə,b,bəl,əl,l",,əl,,
3821,बलात्कार,बलात्कार,bəlɑːt̪kɑːɾ,rape,NotAppl,M,4,agentive_activity1,agentive_activity1,agentive_activity1,0,1,inanimate,G,Anti-social,0,0,1,"बला,बल,ार,र,ब,कार","bə,kɑːɾ,b,bəl,ɾ,ɑːɾ","ार,र","ɾ,ɑːɾ",र,ɾ
3822,बलि,बल,bəl,sacrifice,NotAppl,F,1,underived,,,0,0,inanimate,S,Physical,0,0,1,"ल,ब,बल","bə,b,bəl,əl,l",,əl,,
3823,बलिदान,बलिदान,bəlɪd̪ɑːn̪,sacrifice,NotAppl,M,4,underived,,,1,0,inanimate,S,Physical,0,0,0,"ान,बल,न,ब,बलि,दान","bə,ɑːn̪,d̪ɑːn̪,b,bəl,n̪",दान,d̪ɑːn̪,,
3824,बल्ला,बल्ल,bəll,bat,NotAppl,M,2,underived,,,0,0,inanimate,K,Artifact,0,1,0,"बल,्ल,बल्,ल्ल,ब,ल","əll,bə,ll,b,bəl,l",,,,
3825,बल्लेबाज,बल्लेबाज,bəlleːbɑːd͡ʒ,batsman,NotAppl,M,4,underived,,,0,0,animate,K,Person,0,0,0,"बल,बल्,ाज,ज,ब,बाज","bɑːd͡ʒ,bə,ɑːd͡ʒ,d͡ʒ,b,bəl",,,,
3826,बल्लेबाजी,बल्लेबाज,bəlleːbɑːd͡ʒ,batting,NotAppl,F,1,underived,,,0,0,inanimate,K,Physical,0,0,0,"बल,बल्,ाज,ज,ब,बाज","bɑːd͡ʒ,bə,ɑːd͡ʒ,d͡ʒ,b,bəl",,,,
3827,बवाल,बवाल,bəʋɑːl,uproar,NotAppl,M,4,underived,,,0,0,inanimate,X,Event,0,1,0,"ाल,ब,बवा,बव,वाल,ल","bə,b,ʋɑːl,l,ɑːl,bəʋ",,,,
3828,बस,बस,bəs̪,bus,neutral,F,3,underived,,,0,0,inanimate,M,Artifact,1,0,0,"स,ब,बस","bəs̪,bə,b,s̪,əs̪",,,,
3829,बस,बस,bəs̪,bus,neutral,M,4,underived,,,0,0,inanimate,M,Artifact,0,1,0,"स,ब,बस","bəs̪,bə,b,s̪,əs̪",,,,
3830,बस्ता,बस्त,bəs̪t̪,school bag,NotAppl,M,2,underived,,,0,0,inanimate,P,Artifact,0,1,0,"्त,बस,बस्,स्त,त,ब","bəs̪,bə,t̪,əs̪t̪,b,s̪t̪","्त,त",t̪,"्त,त",t̪
3831,बस्ती,बस्त,bəs̪t̪,settlement,NotAppl,F,1,underived,,,0,0,inanimate,M,Physical Place,0,0,0,"्त,बस,बस्,स्त,त,ब","bəs̪,bə,t̪,əs̪t̪,b,s̪t̪","्त,त",t̪,"्त,त",t̪
3832,बहन,बहन,bəɦən̪,sister,NotAppl,F,3,underived,,,0,0,animate,S,Person,0,0,0,"बह,न,ब,बहन,हन","n̪,bə,b,ɦən̪,bəɦ,ən̪",,,,
3833,बहरीन,बहरीन,bəɦɾiːn̪,bahrain,NotAppl,M,4,underived,,,0,0,inanimate,Z,Physical Place,0,0,0,"बह,बहर,न,ीन,ब,रीन","ɾiːn̪,iːn̪,bə,b,bəɦ,n̪",,,,
3834,बहस,बहस,bəɦəs̪,discussion,neutral,F,3,underived,,,0,0,inanimate,Q,Abstract,0,1,0,"स,बह,ब,हस,बहस","bə,ɦəs̪,b,s̪,əs̪,bəɦ",,,,
3835,बहस,बहस,bəɦəs̪,discussion,neutral,M,4,underived,,,0,0,inanimate,Q,Abstract,0,1,0,"स,बह,ब,हस,बहस","bə,ɦəs̪,b,s̪,əs̪,bəɦ",,,,
3836,बहादुर,बहादुर,bəɦɑːd̪uɾ,brave,NotAppl,M,4,underived,,,0,0,animate,E,Person,0,1,0,"बह,र,बहा,दुर,ब,ुर","bə,d̪uɾ,b,ɾ,bəɦ,uɾ",र,ɾ,र,ɾ
3837,बहादुरी,बहादुर,bəɦɑːd̪uɾ,bravery,NotAppl,F,1,underived,,,0,0,inanimate,E,Quality,0,1,0,"बह,र,बहा,दुर,ब,ुर","bə,d̪uɾ,b,ɾ,bəɦ,uɾ",र,ɾ,र,ɾ
3838,बहाना,बहान,bəɦɑːn̪,excuse,NotAppl,M,2,underived,,,0,0,inanimate,Q,Communication,0,1,0,"ान,बह,हान,न,बहा,ब","bə,ɑːn̪,ɦɑːn̪,b,bəɦ,n̪",,,,
3839,बहाली,बहाल,bəɦɑːl,restoration,NotAppl,F,1,underived,,,0,0,inanimate,A,Action,0,0,0,"बह,ाल,बहा,ब,ल,हाल","bə,ɦɑːl,b,l,bəɦ,ɑːl",,,,
3840,बहाव,बहाव,bəɦɑːʋ,flow,NotAppl,M,4,underived,,,0,0,inanimate,M,Action,0,0,0,"व,बह,ाव,बहा,ब,हाव","bə,ɦɑːʋ,ʋ,b,ɑːʋ,bəɦ","व,ाव",ʋ,"व,ाव",ʋ
3841,बहिर्गमन,बहिर्गमन,bəɦɪɾɡəmən̪,outcast,NotAppl,M,4,underived,,,1,0,inanimate,A,Action,0,0,0,"बह,मन,गमन,न,ब,बहि","n̪,bə,b,mən̪,bəɦ,ən̪",मन,mən̪,,
3842,बहिष्कार,बहिष्कार,bəɦɪʂkɑːɾ,boycott,NotAppl,M,4,agentive_activity1,agentive_activity1,agentive_activity1,0,1,inanimate,S,Action,0,0,0,"बह,ार,र,ब,बहि,कार","bə,kɑːɾ,b,ɾ,ɑːɾ,bəɦ","ार,र","ɾ,ɑːɾ",र,ɾ
3843,बही,बह,bəɦ,ledger,NotAppl,F,1,underived,,,0,0,inanimate,Q,Artifact,0,0,0,"ह,ब,बह","bə,ɦ,əɦ,b,bəɦ",,,,
3844,बहुमत,बहुमत,bəɦumət̪,majority,NotAppl,M,4,underived,,,0,0,inanimate,N,Abstract,0,0,0,"बह,मत,ुमत,त,ब,बहु","bə,t̪,mət̪,ət̪,b,bəɦ",त,t̪,त,t̪
3845,बहू,बहू,bəɦuː,daughter in law,NotAppl,F,3,underived,,,0,0,animate,S,Person,0,0,0,"बह,बहू,ू,ब,हू","bə,əɦuː,ɦuː,b,uː,bəɦ",,,,
3846,बाँध,बाँध,bɑ̃ːd̪ʰ,dam,NotAppl,M,4,underived,,,0,0,inanimate,H,Artifact,0,0,0,"बा,ँध,ब,ध,बाँ,ाँध","bɑ̃ː,bɑ̃ːd̪ʰ,d̪ʰ,b,ɑ̃ːd̪ʰ",बा,,,
3847,बाँस,बाँस,bɑ̃ːs̪,bamboo,NotAppl,M,4,underived,,,0,0,inanimate,L,Anatomical,0,0,0,"स,बा,ब,ँस,बाँ,ाँस","bɑ̃ː,ɑ̃ːs̪,b,bɑ̃ːs̪,s̪",बा,,,
3848,बांग्लादेशी,बांग्लादेशी,bɑ̃ːɡlɑːd̪eːʃiː,bangladeshi,NotAppl,M,4,underived,,,0,0,animate,Z,Person,0,0,0,"बा,ेशी,शी,ब,ी,बां","iː,eːʃiː,ʃiː,bɑ̃ː,b,bɑ̃ːɡ","बा,शी,ी",ʃiː,ी,
3849,बांच,बांच,bɑ̃ːt͡ʃ,bach,NotAppl,F,3,underived,,,0,0,inanimate,Z,Communication,0,0,0,"बा,ंच,च,ब,ांच,बां","bɑ̃ː,bɑ̃ːt͡ʃ,t͡ʃ,b,ɑ̃ːt͡ʃ",बा,,,
3850,बांछ,बांछ,bɑ̃ːt͡ʃʰ,wish,NotAppl,F,3,underived,,,0,0,inanimate,X,Common Noun,0,0,0,"बा,ांछ,ंछ,ब,छ,बां","bɑ̃ː,t͡ʃʰ,bɑ̃ːt͡ʃʰ,b,ɑ̃ːt͡ʃʰ","बा,छ",t͡ʃʰ,छ,t͡ʃʰ
3851,बांध,बांध,bɑ̃ːd̪ʰ,dam,NotAppl,M,4,underived,,,0,0,inanimate,H,Artifact,0,0,0,"बा,ब,ध,ंध,ांध,बां","bɑ̃ː,bɑ̃ːd̪ʰ,d̪ʰ,b,ɑ̃ːd̪ʰ",बा,,,
3852,बांह,बांह,bɑ̃ːɦ,arm,NotAppl,F,3,underived,,,0,0,inanimate,B,Part of,0,0,0,"ंह,बा,ह,ांह,ब,बां","bɑ̃ː,ɦ,b,ɑ̃ːɦ,bɑ̃ːɦ",बा,,,
3853,बाइक,बाइक,bɑːɪk,bike,NotAppl,F,3,underived,,,0,0,inanimate,M,Artifact,1,0,0,"ाइक,बा,इक,ब,क,बाइ","k,ɪk,bɑː,b,bɑːɪ,ɑːɪk",बा,bɑː,,
3854,बाइप्रोडक्ट,बाइप्रोडक्ट,bɑːɪpɾoːɖəkʈ,byproducts,NotAppl,M,4,underived,,,0,0,inanimate,Z,Common Noun,1,0,0,"ट,बा,क्ट,्ट,ब,बाइ","bɑː,ʈ,b,bɑːɪ,əkʈ,kʈ",बा,bɑː,,
3855,बाईपास,बाईपास,bɑːiːpɑːs̪,bypass,NotAppl,M,4,underived,,,0,0,inanimate,M,Artifact,1,0,0,"बाई,स,बा,पास,ास,ब","pɑːs̪,bɑː,bɑːiː,ɑːs̪,b,s̪","बा,ास",bɑː,,
3856,बाउंड्रीवाल,बाउंड्रीवाल,bɑːũɖɾiːʋɑːl,boundary wall,NotAppl,F,3,underived,,,0,0,inanimate,M,Physical Object,1,0,0,"बा,ाल,बाउ,ब,वाल,ल","bɑːũ,bɑː,b,ʋɑːl,l,ɑːl",बा,bɑː,,
3857,बाउंसर,बाउंसर,bɑːũs̪əɾ,bouncer,NotAppl,M,4,underived,,,0,0,inanimate,G,Occupation,1,0,0,"बा,र,सर,बाउ,ब,ंसर","bɑːũ,bɑː,b,ɾ,əɾ,s̪əɾ","बा,र","bɑː,ɾ,əɾ",र,"ɾ,əɾ"
3858,बाएं,बाएं,bɑːẽː,left,NotAppl,M,0,underived,,,0,0,inanimate,M,Direction,0,0,0,"एं,बा,ब,ाएं,ं,बाए","bɑːẽː,bɑː,ɑːẽː,b,ẽː",बा,bɑː,,
3859,बाकी,बाकी,bɑːkiː,balance,NotAppl,M,4,underived,,,0,0,inanimate,O,Object,0,0,0,"बा,की,बाक,ाकी,ब,ी","iː,bɑːk,ɑːkiː,bɑː,kiː,b","बा,ी",bɑː,ी,
3860,बाग,बाग,bɑːɡ,garden,NotAppl,M,4,underived,,,0,0,inanimate,L,Physical Place,0,0,0,"ाग,बा,बाग,ब,ग","bɑːɡ,bɑː,ɑːɡ,b,ɡ","ाग,बा,ग","bɑː,ɡ",,ɡ
3861,बागडोर,बागडोर,bɑːɡɖoːɾ,reins,NotAppl,F,3,underived,,,1,0,inanimate,O,Physical,0,0,0,"डोर,बा,ोर,र,बाग,ब","bɑːɡ,bɑː,oːɾ,b,ɾ,ɖoːɾ","बा,र","bɑː,ɾ",र,ɾ
3862,बागी,बागी,bɑːɡiː,rebel,NotAppl,M,4,underived,,,0,0,animate,G,Person,0,0,0,"बा,बाग,ागी,ब,ी,गी","iː,bɑːɡ,ɑːɡiː,bɑː,b,ɡiː","बा,ी",bɑː,ी,
3863,बाघ,बाघ,bɑːɡʰ,tiger,NotAppl,M,4,underived,,,0,0,animate,L,Mammal,0,0,0,"बा,बाघ,ाघ,घ,ब","ɑːɡʰ,bɑː,ɡʰ,b,bɑːɡʰ",बा,bɑː,,
3864,बाचतीत,बाचतीत,bɑːt͡ʃt̪iːt̪,out of conversation,NotAppl,F,3,underived,,,0,0,inanimate,Z,Abstract,0,0,0,"ीत,बा,त,बाच,ब,तीत","t̪,bɑː,bɑːt͡ʃ,t̪iːt̪,iːt̪,b","ीत,बा,त","t̪,bɑː,iːt̪",त,t̪
3865,बाछ,बाछ,bɑːt͡ʃʰ,bacch,NotAppl,F,3,underived,,,0,0,inanimate,Z,Common Noun,1,0,0,"बा,ाछ,ब,बाछ,छ","t͡ʃʰ,bɑː,bɑːt͡ʃʰ,b,ɑːt͡ʃʰ","बा,छ","t͡ʃʰ,bɑː",छ,t͡ʃʰ
3866,बाज,बाज,bɑːd͡ʒ,hawk,NotAppl,M,4,underived,,,0,0,animate,I,Birds,0,0,0,"बा,ाज,ज,ब,बाज","bɑːd͡ʒ,ɑːd͡ʒ,bɑː,d͡ʒ,b",बा,bɑː,,
3867,बाजार,बाजार,bɑːd͡ʒɑːɾ,market,NotAppl,M,4,underived,,,0,0,inanimate,I,Physical Place,0,0,0,"बा,ार,र,ब,बाज,जार","d͡ʒɑːɾ,bɑːd͡ʒ,bɑː,b,ɾ,ɑːɾ","बा,ार,र","bɑː,ɾ,ɑːɾ",र,ɾ
3868,बाजी,बाज,bɑːd͡ʒ,bet,NotAppl,F,1,underived,,,0,0,inanimate,I,Action,0,0,0,"बा,ाज,ज,ब,बाज","bɑːd͡ʒ,ɑːd͡ʒ,bɑː,d͡ʒ,b",बा,bɑː,,
3869,बाट,बाट,bɑːʈ,weights,homophones,F,3,underived,,,0,0,inanimate,N,Artifact,0,0,0,"ट,बा,ाट,बाट,ब","bɑː,bɑːʈ,ʈ,b,ɑːʈ",बा,bɑː,,
3870,बाट,बाट,bɑːʈ,weights,homophones,M,4,underived,,,0,0,inanimate,N,Artifact,0,0,0,"ट,बा,ाट,बाट,ब","bɑː,bɑːʈ,ʈ,b,ɑːʈ",बा,bɑː,,
3871,बाड़,बाड़,bɑːɽ,fence,NotAppl,F,3,underived,,,0,0,inanimate,H,Object,0,0,0,"ाड़,बा,़,ड़,ब,बाड","bɑː,ɑːɽ,bɑːɽ,b,ɽ","ाड़,बा,़,ड़","bɑː,ɑːɽ,ɽ",़,
3872,बाड़बंदी,बाड़बंद,bɑːɽbə̃d̪,fencing,NotAppl,F,1,underived,,,1,0,inanimate,A,Abstract,0,0,0,"द,बा,ंद,बंद,ब,बाड","d̪,bɑː,bɑːɽ,bə̃d̪,b,ə̃d̪","बा,ंद,बंद","bɑː,bə̃d̪,ə̃d̪",,
3873,बाडी,बाड,bɑːɖ,body,NotAppl,F,1,underived,,,0,0,inanimate,B,Anatomical,1,0,0,"ाड,ड,बा,ब,बाड","bɑːɖ,ɑːɖ,ɖ,bɑː,b",बा,bɑː,,
3875,बाढ़,बाढ़,bɑːɽʰ,flood,NotAppl,F,3,underived,,,0,0,inanimate,W,Natural Event,0,0,0,"बा,ाढ़,़,ब,ढ़,बाढ","ɽʰ,bɑː,ɑːɽʰ,b,bɑːɽʰ","बा,़,ढ़","ɽʰ,bɑː",़,
3876,बात,बात,bɑːt̪,talk,NotAppl,F,3,underived,,,0,0,inanimate,Q,property,0,0,0,"बा,त,ात,ब,बात","t̪,bɑː,ɑːt̪,b,bɑːt̪","बा,त","t̪,bɑː",त,t̪
3877,बातचीत,बातचीत,bɑːt̪t͡ʃiːt̪,conversation,NotAppl,F,3,underived,,,0,0,inanimate,Q,Communication,0,0,0,"ीत,बा,त,ब,चीत,बात","t̪,bɑː,iːt̪,t͡ʃiːt̪,b,bɑːt̪","ीत,बा,त","t̪,bɑː,iːt̪",त,t̪
3878,बाथरूम,बाथरूम,bɑːt̪ʰɾuːm,bathroom,NotAppl,M,4,underived,,,0,0,inanimate,B,Common Noun,1,0,0,"ूम,बा,बाथ,रूम,म,ब","bɑː,m,b,uːm,bɑːt̪ʰ,ɾuːm",बा,bɑː,,
3879,बादल,बादल,bɑːd̪əl,cloud,NotAppl,M,4,underived,,,0,0,inanimate,W,Natural Object,0,0,0,"ादल,बा,बाद,दल,ब,ल","bɑː,bɑːd̪,b,əl,l,d̪əl",बा,"bɑː,əl",,
3880,बादशाह,बादशाह,bɑːd̪ʃɑːɦ,king,NotAppl,M,4,underived,,,0,0,animate,S,Person,0,1,0,"बा,ाह,ह,बाद,ब,शाह","ɑːɦ,ɦ,bɑː,bɑːd̪,b,ʃɑːɦ","बा,ाह","ɑːɦ,bɑː",,
3881,बादाम,बादाम,bɑːd̪ɑːm,almond,NotAppl,M,4,underived,,,0,0,inanimate,L,Part of,0,1,0,"बा,बाद,म,दाम,ब,ाम","d̪ɑːm,bɑː,bɑːd̪,m,b,ɑːm",बा,bɑː,,
3882,बाधा,बाधा,bɑːd̪ʰɑː,obstacle,NotAppl,F,3,underived,,,0,0,inanimate,S,Abstract,0,0,1,"बा,ा,धा,बाध,ब,ाधा","bɑː,bɑːd̪ʰ,ɑː,b,ɑːd̪ʰɑː,d̪ʰɑː","बा,ा,धा","bɑː,d̪ʰɑː",ा,
3883,बाध्यता,बाध्यता,bɑːd̪ʰjət̪ɑː,obligation,NotAppl,F,3,underived,,,0,0,inanimate,S,State,0,0,0,"बा,ा,बाध,ता,यता,ब","bɑː,bɑːd̪ʰ,ɑː,b,t̪ɑː,ət̪ɑː","बा,ा,यता","bɑː,ət̪ɑː",ा,ət̪ɑː
3884,बानगी,बानग,bɑːn̪əɡ,hallmark,NotAppl,F,1,underived,,,0,0,inanimate,C,Part of,0,0,0,"बा,नग,ब,ानग,ग,बान","əɡ,bɑː,n̪əɡ,b,ɡ,bɑːn̪","बा,ग,बान","əɡ,bɑː,ɡ,bɑːn̪",,ɡ
3885,बाप,बाप,bɑːp,father,NotAppl,M,4,underived,,,0,0,animate,S,Person,0,0,0,"ाप,बाप,बा,प,ब","ɑːp,bɑː,p,b,bɑːp",बा,bɑː,,
3886,बाबा,बाबा,bɑːbɑː,dad,NotAppl,M,4,underived,,,0,0,animate,S,Person,0,1,0,"बा,ा,ाबा,ब,बाब","bɑː,ɑː,bɑːb,b,ɑːbɑː","बा,ा",bɑː,ा,
3887,बाबू,बाबू,bɑːbuː,baboo,NotAppl,M,4,underived,,,0,0,animate,Z,Person,0,1,0,"बा,ू,ब,बाब,ाबू,बू","ɑːbuː,bɑː,buː,bɑːb,b,uː",बा,bɑː,,
3888,बाय,बाय,bɑːjə,bye,NotAppl,M,0,underived,,,0,0,inanimate,Z,Common Noun,1,0,0,"ाय,बा,बाय,य,ब","ɑːjə,bɑː,b,ə,bɑːj,jə","बा,य","bɑː,jə",य,jə
3889,बायां,बाय,bɑːjə,left,NotAppl,M,2,underived,,,0,0,inanimate,M,Artifact,0,0,0,"ाय,बा,बाय,य,ब","ɑːjə,bɑː,b,ə,bɑːj,jə","बा,य","bɑː,jə",य,jə
3890,बायो,बाय,bɑːjə,bio,NotAppl,M,4,underived,,,0,0,inanimate,Z,Biological State,1,0,0,"ाय,बा,बाय,य,ब","ɑːjə,bɑː,b,ə,bɑːj,jə","बा,य","bɑː,jə",य,jə
3891,बायोगैस,बायोगैस,bɑːjoːɡəɪs̪,biogas,NotAppl,F,3,underived,,,0,0,inanimate,Z,Common Noun,1,0,0,"स,बा,बाय,ब,ैस,गैस","bɑː,ɪs̪,b,s̪,bɑːj,əɪs̪",बा,bɑː,,
3892,बायोडाटा,बायोडाट,bɑːjoːɖɑːʈ,resume,NotAppl,M,4,underived,,,0,0,inanimate,T,Artifact,1,0,0,"ट,बा,बाय,ाट,ब,डाट","bɑː,ʈ,b,bɑːj,ɑːʈ,ɖɑːʈ",बा,bɑː,,
3893,बार,बार,bɑːɾ,times,homophones,F,0,underived,,,0,0,inanimate,T,Period,0,1,0,"बा,ार,र,बार,ब","bɑːɾ,bɑː,b,ɾ,ɑːɾ","बा,ार,र","bɑː,ɾ,ɑːɾ",र,ɾ
3894,बार,बार,bɑːɾ,times,homophones,M,0,underived,,,0,0,inanimate,T,Period,0,1,0,"बा,ार,र,बार,ब","bɑːɾ,bɑː,b,ɾ,ɑːɾ","बा,ार,र","bɑː,ɾ,ɑːɾ",र,ɾ
3895,बारात,बारात,bɑːɾɑːt̪,procession,NotAppl,F,3,underived,,,0,0,inanimate,S,Group,0,0,0,"बा,रात,त,बार,ात,ब","bɑːɾ,t̪,bɑː,ɑːt̪,b,ɾɑːt̪","बा,त","t̪,bɑː",त,t̪
3896,बारिश,बारिश,bɑːɾɪʃ,rain,NotAppl,F,3,underived,,,0,0,inanimate,W,Natural Object,0,1,0,"िश,बा,श,बार,ब,रिश","bɑːɾ,ʃ,bɑː,b,ɪʃ,ɾɪʃ","िश,बा,रिश","bɑː,ɾɪʃ",,
3897,बारी,बार,bɑːɾ,turn,NotAppl,F,1,underived,,,0,0,inanimate,M,State,0,0,0,"बा,ार,र,बार,ब","bɑːɾ,bɑː,b,ɾ,ɑːɾ","बा,ार,र","bɑː,ɾ,ɑːɾ",र,ɾ
3898,बारीकी,बारीक,bɑːɾiːk,detail,NotAppl,F,1,abstract1,abstract1,abstract1,0,1,inanimate,A,Abstract,0,1,0,"बा,बार,ब,क,रीक,ीक","bɑːɾ,ɾiːk,k,bɑː,b,iːk",बा,bɑː,,
3899,बारूद,बारूद,bɑːɾuːd̪,gunpowder,neutral,F,3,underived,,,0,0,inanimate,G,Artifact,0,1,0,"द,बा,रूद,बार,ूद,ब","bɑːɾ,d̪,uːd̪,bɑː,ɾuːd̪,b",बा,bɑː,,
3900,बारूद,बारूद,bɑːɾuːd̪,gunpowder,neutral,M,4,underived,,,0,0,inanimate,G,Artifact,0,1,0,"द,बा,रूद,बार,ूद,ब","bɑːɾ,d̪,uːd̪,bɑː,ɾuːd̪,b",बा,bɑː,,
3902,बाल,बाल,bɑːl,hair,NotAppl,M,4,underived,,,0,0,inanimate,B,Part of,0,1,0,"बाल,बा,ाल,ब,ल","bɑː,b,l,bɑːl,ɑːl",बा,bɑː,,
3903,बालकनी,बालकन,bɑːlkən̪,balcony,NotAppl,F,1,underived,,,0,0,inanimate,H,Physical Place,1,0,0,"बाल,बा,कन,न,ब,लकन","n̪,bɑː,bɑːl,b,kən̪,ən̪",बा,bɑː,,
3904,बाला,बाला,bɑːlɑː,bala,NotAppl,F,3,underived,,,0,0,inanimate,Z,Person,0,0,1,"बाल,ाला,बा,ा,ला,ब","bɑː,ɑː,b,lɑː,bɑːl,ɑːlɑː","बा,ा,ला","bɑː,lɑː,ɑːlɑː","ा,ला",lɑː
3905,बालिका,बालिका,bɑːlɪkɑː,girl child,NotAppl,F,3,dimunitive1,dimunitive1,,0,1,animate,S,Person,0,0,1,"बाल,बा,ा,िका,का,ब","kɑː,ɪkɑː,bɑː,ɑː,b,bɑːl","बा,ा",bɑː,ा,
3906,बाशिंदा,बाशिंद,bɑːʃɪ̃d̪,resident,NotAppl,M,2,underived,,,0,0,animate,H,Person,0,1,0,"द,बा,ंद,बाश,ब,िंद","ʃɪ̃d̪,d̪,ɪ̃d̪,bɑː,b,bɑːʃ","बा,ंद",bɑː,,
3907,बास्केट,बास्केट,bɑːs̪keːʈ,basket,NotAppl,F,3,underived,,,0,0,inanimate,O,Artifact,1,0,0,"ट,बा,ेट,ब,केट,बास","bɑːs̪,bɑː,eːʈ,ʈ,b,keːʈ",बा,bɑː,,
3908,बिंदी,बिंद,bɪ̃d̪,bindi,NotAppl,F,1,underived,,,0,0,inanimate,Z,Artifact,0,0,0,"द,बिं,ंद,ब,बि,िंद","d̪,ɪ̃d̪,b,bɪ̃,bɪ̃d̪",ंद,,,
3909,बिंदु,बिंदु,bɪ̃d̪u,point,NotAppl,M,4,underived,,,0,0,inanimate,Q,Place,0,0,1,"बिं,ु,ंदु,दु,ब,बि","d̪u,u,b,ɪ̃d̪u,bɪ̃,bɪ̃d̪",,,,
3910,बिक्री,बिक्र,bɪkɾ,sale,NotAppl,F,1,underived,,,0,0,inanimate,I,Action,0,0,0,"क्र,र,्र,बिक,ब,बि","bɪ,bɪk,ɪkɾ,b,ɾ,kɾ",र,ɾ,र,ɾ
3911,बिक्रीकर,बिक्रीकर,bɪkɾiːkəɾ,sales tax,NotAppl,M,4,underived,,,1,0,inanimate,I,Object,0,0,0,"कर,र,ीकर,बिक,ब,बि","bɪ,bɪk,b,ɾ,kəɾ,əɾ","कर,र","ɾ,kəɾ,əɾ","कर,र","ɾ,kəɾ,əɾ"
3912,बिगुल,बिगुल,bɪɡul,bugle,NotAppl,M,4,underived,,,0,0,inanimate,K,Artifact,1,0,0,"ुल,ब,ल,बि,गुल,बिग","bɪ,bɪɡ,ul,ɡul,b,l",,,,
3913,बिजनेस,बिजनेस,bɪd͡ʒn̪eːs̪,business,NotAppl,M,4,underived,,,0,0,inanimate,I,Occupation,1,0,0,"स,ेस,बिज,ब,नेस,बि","bɪ,eːs̪,b,s̪,bɪd͡ʒ,n̪eːs̪",,,,
3914,बिजनेसमैन,बिजनेसमैन,bɪd͡ʒn̪eːs̪məɪn̪,businessman,NotAppl,M,4,underived,,,0,0,animate,I,Person,1,0,0,"मैन,ैन,बिज,न,ब,बि","bɪ,əɪn̪,b,ɪn̪,n̪,bɪd͡ʒ",,,,
3915,बिजली,बिजल,bɪd͡ʒəl,electricity,NotAppl,F,1,underived,,,0,0,inanimate,O,Perception,0,0,0,"जल,बिज,ब,ल,बि,िजल","bɪ,b,əl,l,d͡ʒəl,bɪd͡ʒ",,əl,,
3916,बिजलीघर,बिजलीघर,bɪd͡ʒliːɡʰəɾ,electricity house,NotAppl,M,4,underived,,,1,0,inanimate,O,Physical Place,0,0,0,"र,घर,बिज,ीघर,ब,बि","bɪ,ɡʰəɾ,b,ɾ,əɾ,bɪd͡ʒ","र,घर","ɡʰəɾ,ɾ,əɾ",र,"ɾ,əɾ"
3917,बिडिंग,बिडिंग,bɪɖɪ̃ɡ,bidding,NotAppl,F,3,underived,,,0,0,inanimate,I,Abstract,1,0,0,"िंग,बिड,ब,ंग,ग,बि","bɪ,ɖɪ̃ɡ,b,ɪ̃ɡ,ɡ,bɪɖ","िंग,ंग,ग","ɖɪ̃ɡ,ɪ̃ɡ,ɡ","िंग,ंग","ɪ̃ɡ,ɡ"
3918,बिड्डा,बिड्ड,bɪɖɖ,bidda,NotAppl,M,2,underived,,,0,0,inanimate,Z,Common Noun,0,0,0,"ड,्ड,ड्ड,बिड,ब,बि","bɪ,ɪɖɖ,ɖ,b,ɖɖ,bɪɖ",,,,
3919,बिना,बिना,bɪn̪ɑː,without,NotAppl,M,0,underived,,,0,0,inanimate,Z,Artifact,0,0,1,"िना,ा,ना,बिन,ब,बि","bɪ,ɪn̪ɑː,ɑː,b,n̪ɑː,bɪn̪",ा,,ा,
3920,बिन्दु,बिन्दु,bɪn̪d̪u,point,NotAppl,M,4,underived,,,0,0,inanimate,Q,Place,0,0,0,"ु,दु,बिन,ब,्दु,बि","bɪ,n̪d̪u,d̪u,u,b,bɪn̪",,,,
3921,बिरादरी,बिरादर,bɪɾɑːd̪əɾ,fraternities,NotAppl,F,1,underived,,,0,0,inanimate,S,Group,0,1,0,"दर,र,बिर,ादर,ब,बि","bɪ,d̪əɾ,bɪɾ,b,ɾ,əɾ",र,"ɾ,əɾ",र,"ɾ,əɾ"
3922,बिल,बिल,bɪl,bill,NotAppl,M,4,underived,,,0,0,inanimate,I,Physical Place,1,0,0,"ब,ल,बि,िल,बिल","bɪ,ɪl,b,bɪl,l",,,,
3923,बिलिंग,बिलिंग,bɪlɪ̃ɡ,billing,NotAppl,F,0,underived,,,0,0,inanimate,I,Physical State,1,0,0,"िंग,ब,ंग,ग,बि,बिल","bɪ,lɪ̃ɡ,b,bɪl,ɪ̃ɡ,ɡ","िंग,ंग,ग","lɪ̃ɡ,ɪ̃ɡ,ɡ","िंग,ंग","ɪ̃ɡ,ɡ"
3924,बिल्डिंग,बिल्डिंग,bɪlɖɪ̃ɡ,building,NotAppl,F,3,underived,,,0,0,inanimate,H,Artifact,1,0,0,"िंग,ब,ंग,ग,बि,बिल","bɪ,ɖɪ̃ɡ,b,bɪl,ɪ̃ɡ,ɡ","िंग,ंग,ग","ɖɪ̃ɡ,ɪ̃ɡ,ɡ","िंग,ंग","ɪ̃ɡ,ɡ"
3925,बिल्ली,बिल्ल,bɪll,cat,NotAppl,F,1,underived,,,0,0,animate,L,Mammal,0,0,0,"्ल,ल्ल,ब,ल,बि,बिल","bɪ,ll,b,bɪl,ɪll,l",,,,
3926,बिवरेज,बिवरेज,bɪʋɾeːd͡ʒ,beverages,NotAppl,M,4,underived,,,0,0,inanimate,F,Drinkable,1,0,0,"रेज,ेज,ज,ब,बि,बिव","bɪ,eːd͡ʒ,d͡ʒ,b,ɾeːd͡ʒ,bɪʋ",,,,
3927,बिसात,बिसात,bɪs̪ɑːt̪,chessboard,NotAppl,F,3,underived,,,0,0,inanimate,K,Quality,0,1,0,"बिस,सात,त,ात,ब,बि","bɪ,t̪,ɑːt̪,b,s̪ɑːt̪,bɪs̪",त,t̪,त,t̪
3928,बिस्तर,बिस्तर,bɪs̪t̪əɾ,bed,NotAppl,M,4,underived,,,0,0,inanimate,H,Artifact,0,1,0,"तर,र,बिस,ब,बि,्तर","bɪ,b,ɾ,t̪əɾ,əɾ,bɪs̪",र,"ɾ,əɾ",र,"ɾ,əɾ"
3929,बिहारवासी,बिहारवासी,bɪɦɑːɾʋɑːs̪iː,biharis,NotAppl,M,4,underived,,,1,0,inanimate,Z,Common Noun,0,0,0,"सी,बिह,ब,ासी,बि,ी","bɪ,iː,bɪɦ,s̪iː,b,ɑːs̪iː",ी,,ी,
3930,बी.,बी.,biː.,b.,NotAppl,M,0,underived,,,0,0,inanimate,Z,Abbreviation,1,0,0,"बी.,.,बी,ब,ी.",".,biː.,b,iː.,biː",,,,
3931,बीघा,बीघ,biːɡʰ,bigha,NotAppl,M,2,underived,,,0,0,inanimate,Z,Measurement,0,0,0,"बी,बीघ,घ,ब,ीघ","iːɡʰ,ɡʰ,b,biːɡʰ,biː",,,,
3932,बीच,बीच,biːt͡ʃ,between,NotAppl,M,4,underived,,,0,0,inanimate,Z,Part of,0,0,0,"बीच,बी,च,ब,ीच","t͡ʃ,biːt͡ʃ,b,iːt͡ʃ,biː",,,,
3933,बीचबचाव,बीचबचाव,biːt͡ʃəbt͡ʃɑːʋ,mediation,NotAppl,M,4,underived,,,1,0,inanimate,S,Common Noun,0,0,0,"व,बीच,ाव,बी,चाव,ब","ʋ,b,ɑːʋ,biːt͡ʃ,t͡ʃɑːʋ,biː","व,ाव",ʋ,"व,ाव",ʋ
3934,बीज,बीज,biːd͡ʒ,seed,NotAppl,M,4,underived,,,0,0,inanimate,L,Natural Object,0,0,0,"बीज,बी,ज,ब,ीज","biːd͡ʒ,iːd͡ʒ,d͡ʒ,b,biː",,,,
3935,बीड,बीड,biːɖ,bead,NotAppl,M,4,underived,,,0,0,inanimate,A,Physical Place,0,0,0,"ड,बी,ब,बीड,ीड","ɖ,iːɖ,b,biː,biːɖ",ीड,,,
3936,बीडवर्क,बीडवर्क,biːɖʋəɾk,beadwork,NotAppl,M,4,underived,,,1,0,inanimate,C,Common Noun,0,0,0,"र्क,्क,बी,ब,क,बीड","k,ɾk,əɾk,b,biː,biːɖ",र्क,"ɾk,əɾk",,
3937,बीड़ा,बीड़,biːɽ,bida,NotAppl,M,2,underived,,,0,0,inanimate,Z,Artifact,0,0,0,"़,बी,ड़,ब,बीड,ीड़","iːɽ,biːɽ,b,ɽ,biː","़,ड़",ɽ,़,
3938,बीन,बीन,biːn̪,bean,NotAppl,F,3,underived,,,0,0,inanimate,F,Artifact,0,0,0,"बी,न,ीन,ब,बीन","biːn̪,iːn̪,b,n̪,biː",,,,
3939,बीबी,बीब,biːb,bibi,NotAppl,F,1,underived,,,0,0,animate,Z,Person,0,1,0,"ीब,बी,ब,बीब","biːb,b,biː,iːb",,,,
3940,बीमा,बीम,biːm,insurance,NotAppl,M,2,underived,,,0,0,inanimate,I,Action,0,1,0,"बी,म,बीम,ब,ीम","iːm,m,b,biːm,biː",,,,
3941,बीमारी,बीमार,biːmɑːɾ,disease,NotAppl,F,1,underived,,,0,0,inanimate,B,Biological State,0,1,0,"र,ार,बी,मार,बीम,ब","mɑːɾ,b,ɾ,ɑːɾ,biːm,biː","र,ार,मार","mɑːɾ,ɾ,ɑːɾ",र,ɾ
3942,बीवी,बीव,biːʋ,wife,NotAppl,F,1,underived,,,0,0,animate,S,Person,0,1,0,"व,बी,ब,ीव,बीव","iːʋ,biːʋ,ʋ,b,biː",व,ʋ,व,ʋ
3944,बुक,बुक,buk,to book,NotAppl,F,0,underived,,,0,0,inanimate,Z,Common Noun,1,0,0,"ुक,बु,ब,क,बुक","buk,k,uk,b,bu",ुक,,,
3945,बुकिंग,बुकिंग,bukɪ̃ɡ,booking,NotAppl,F,3,underived,,,0,0,inanimate,A,Physical,1,0,0,"बु,िंग,ब,ंग,ग,बुक","kɪ̃ɡ,buk,b,ɪ̃ɡ,bu,ɡ","िंग,ंग,ग","ɪ̃ɡ,ɡ","िंग,ंग","ɪ̃ɡ,ɡ"
3946,बुखार,बुखार,bukʰɑːɾ,fever,NotAppl,M,4,underived,,,0,0,inanimate,B,Disease,0,0,0,"बु,र,ार,बुख,खार,ब","kʰɑːɾ,b,ɾ,ɑːɾ,bu,bukʰ","र,ार","ɾ,ɑːɾ",र,ɾ
3947,बुजुर्ग,बुजुर्ग,bud͡ʒuɾɡ,elderly,NotAppl,M,4,underived,,,0,0,animate,T,Person,0,0,0,"बु,र्ग,्ग,ब,ग,बुज","b,bud͡ʒ,uɾɡ,bu,ɡ,ɾɡ","र्ग,ग","ɡ,ɾɡ",,ɡ
3948,बुद्धिजीवी,बुद्धिजीवी,bud̪d̪ʰɪd͡ʒiːʋiː,intellectual,NotAppl,M,4,underived,,,1,0,animate,X,Person,0,0,0,"बु,ीवी,वी,ब,बुद,ी","iː,bud̪,b,iːʋiː,bu,ʋiː",ी,,ी,
3949,बुनकर,बुनकर,bun̪kəɾ,weaver,NotAppl,M,4,underived,,,0,0,animate,B,Person,0,0,0,"बु,नकर,कर,र,बुन,ब","b,bun̪,ɾ,bu,kəɾ,əɾ","कर,र","ɾ,kəɾ,əɾ","कर,र","ɾ,kəɾ,əɾ"
3950,बुराई,बुरा,buɾɑː,evil,NotAppl,F,1,underived,,,0,0,inanimate,G,Quality,0,0,0,"बु,ा,ब,ुरा,रा,बुर","ɑː,uɾɑː,ɾɑː,buɾ,b,bu",ा,,ा,
3951,बुर्का,बुर्क,buɾk,burqa,NotAppl,M,2,underived,,,0,0,inanimate,Z,Artifact,0,0,0,"र्क,्क,बु,ब,क,बुर","k,ɾk,buɾ,b,bu,uɾk",र्क,ɾk,,
3952,बुर्ज,बुर्ज,buɾd͡ʒ,turret,NotAppl,M,4,underived,,,0,0,inanimate,H,Part of,0,1,0,"बु,र्ज,ज,ब,्ज,बुर","d͡ʒ,buɾ,b,uɾd͡ʒ,bu,ɾd͡ʒ",,,,
3953,बुलावा,बुलाव,bulɑːʋ,call,NotAppl,M,2,underived,,,0,0,inanimate,Q,Communication,0,0,0,"व,बु,बुल,ाव,ब,लाव","ʋ,b,bu,ɑːʋ,bul,lɑːʋ","व,ाव",ʋ,"व,ाव",ʋ
3954,बुलेट,बुलेट,buleːʈ,bullet,NotAppl,F,3,underived,,,0,0,inanimate,G,Common Noun,0,0,0,"ट,बु,बुल,लेट,ेट,ब","eːʈ,ʈ,b,leːʈ,bu,bul",,,,
3955,बुवाई,बुवा,buʋɑː,sowing,NotAppl,F,1,underived,,,0,0,inanimate,F,Common Noun,0,0,0,"बु,ा,बुव,वा,ब,ुवा","ɑː,uʋɑː,b,ʋɑː,bu,buʋ",ा,,ा,
3956,बूँद,बूँद,bũːd̪,drop,NotAppl,F,3,underived,,,0,0,inanimate,M,Object,0,0,0,"द,बूँ,ँद,ब,ूँद,बू","d̪,bũːd̪,ũːd̪,b,bũː",,,,
3958,बूंदाबांदी,बूंदाबांद,bũːd̪ɑːbɑ̃ːd̪,drizzle,NotAppl,F,1,underived,,,0,0,inanimate,W,Natural Event,0,0,0,"द,ांद,बूं,ंद,ब,बू","d̪,bũːd̪,bɑ̃ːd̪,ɑ̃ːd̪,b,bũː",ंद,,,
3959,बूता,बूत,buːt̪,boot,NotAppl,M,2,underived,,,0,0,inanimate,B,Quality,0,0,0,"बूत,ूत,त,ब,बू","t̪,uːt̪,buː,b,buːt̪",त,t̪,त,t̪
3960,बूथ,बूथ,buːt̪ʰ,booth,NotAppl,M,4,underived,,,0,0,inanimate,H,Common Noun,1,0,0,"ूथ,बूथ,ब,बू,थ","buːt̪ʰ,buː,t̪ʰ,b,uːt̪ʰ",,,,
3961,बेंच,बेंच,bẽːt͡ʃ,bench,NotAppl,F,3,underived,,,0,0,inanimate,H,Artifact,1,0,0,"ंच,बें,च,ब,बे,ेंच","ẽːt͡ʃ,t͡ʃ,bẽː,b,bẽːt͡ʃ",,,,
3962,बेअदबी,बेअदब,beːəd̪əb,irreverence,NotAppl,F,1,underived,,,0,0,inanimate,S,Quality,0,0,0,"दब,बेअ,ब,बे,अदब","beːə,beː,b,əb,d̪əb",,,,
3963,बेकरी,बेकर,beːkəɾ,bakery,NotAppl,F,1,underived,,,0,0,inanimate,F,Physical Place,1,0,0,"कर,र,ब,बे,बेक,ेकर","beː,b,ɾ,beːk,kəɾ,əɾ","कर,र","ɾ,kəɾ,əɾ","कर,र","ɾ,kəɾ,əɾ"
3964,बेकार,बेकार,beːkɑːɾ,useless,NotAppl,M,4,agentive_activity1,agentive_activity1,agentive_activity1,0,1,inanimate,A,Qualitative,0,0,0,"र,ार,ब,बे,बेक,कार","kɑːɾ,beː,b,ɾ,beːk,ɑːɾ","र,ार","ɾ,ɑːɾ",र,ɾ
3965,बेगार,बेगार,beːɡɑːɾ,forced labor,NotAppl,M,4,underived,,,0,0,inanimate,S,Action,0,0,0,"बेग,र,ार,ब,बे,गार","beː,ɡɑːɾ,beːɡ,b,ɾ,ɑːɾ","र,ार","ɾ,ɑːɾ",र,ɾ
3966,बेगारी,बेगार,beːɡɑːɾ,forced labor,NotAppl,F,1,underived,,,0,0,inanimate,S,Action,0,0,0,"बेग,र,ार,ब,बे,गार","beː,ɡɑːɾ,beːɡ,b,ɾ,ɑːɾ","र,ार","ɾ,ɑːɾ",र,ɾ
3967,बेचैनी,बेचैन,beːt͡ʃəɪn̪,restlessness,NotAppl,F,1,underived,,,0,0,inanimate,X,Mental State,0,0,0,"ैन,चैन,न,बेच,ब,बे","əɪn̪,beːt͡ʃ,beː,b,ɪn̪,n̪",,,,
3968,बेटा,बेट,beːʈ,son,NotAppl,M,2,underived,,,0,0,animate,S,Person,0,0,0,"ट,ेट,ब,बे,बेट","beːʈ,beː,eːʈ,ʈ,b",,,,
3969,बेटी,बेट,beːʈ,daughter,NotAppl,F,1,underived,,,0,0,animate,S,Person,0,0,0,"ट,ेट,ब,बे,बेट","beːʈ,beː,eːʈ,ʈ,b",,,,
3970,बेड,बेड,beːɖ,bed,NotAppl,M,4,underived,,,0,0,inanimate,H,Common Noun,1,0,0,"ड,ब,बे,ेड,बेड","eːɖ,ɖ,beː,beːɖ,b",,,,
3971,बेड़ा,बेड़,beːɽ,fleet,NotAppl,M,4,underived,,,0,0,inanimate,M,Group,1,0,0,"़,ड़,ब,बे,ेड़,बेड","eːɽ,beː,b,ɽ,beːɽ","़,ड़",ɽ,़,
3973,बेरीकेडिंग,बेरीकेडिंग,beːɾiːkeːɖɪ̃ɡ,barricading,NotAppl,M,4,underived,,,0,0,inanimate,H,Common Noun,1,0,0,"ग,िंग,ब,बे,ंग,बेर","ɖɪ̃ɡ,beː,b,ɪ̃ɡ,ɡ,beːɾ","ग,िंग,ंग","ɖɪ̃ɡ,ɪ̃ɡ,ɡ","िंग,ंग","ɪ̃ɡ,ɡ"
3974,बेरुखी,बेरुख,beːɾukʰ,indifference,NotAppl,F,1,underived,,,0,0,inanimate,X,Social State,0,0,0,"ुख,ख,रुख,ब,बे,बेर","beː,b,kʰ,ɾukʰ,ukʰ,beːɾ",,,,
3975,बेरोजगार,बेरोजगार,beːɾoːd͡ʒɡɑːɾ,unemployed,NotAppl,M,4,without,,,0,1,animate,I,Person,0,0,0,"ार,र,गार,ब,बे,बेर","beː,ɡɑːɾ,b,ɾ,ɑːɾ,beːɾ","ार,र","ɾ,ɑːɾ",र,ɾ
3976,बेरोजगारी,बेरोजगार,beːɾoːd͡ʒɡɑːɾ,unemployment,NotAppl,F,1,without,,,0,1,inanimate,I,State,0,0,0,"ार,र,गार,ब,बे,बेर","beː,ɡɑːɾ,b,ɾ,ɑːɾ,beːɾ","ार,र","ɾ,ɑːɾ",र,ɾ
3977,बेल,बेल,beːl,bell,NotAppl,M,4,underived,,,0,0,inanimate,O,Climber,0,1,0,"ेल,बेल,ब,बे,ल","beː,b,beːl,l,eːl",,,,
3978,बेलदार,बेलदार,beːld̪ɑːɾ,beldar,NotAppl,M,4,agentive3,,,0,1,animate,Z,Person,0,0,0,"ार,र,बेल,ब,बे,दार","beː,b,ɾ,beːl,ɑːɾ,d̪ɑːɾ","ार,र","ɾ,ɑːɾ",र,ɾ
3979,बेल्ट,बेल्ट,beːlʈ,belt,NotAppl,F,3,underived,,,0,0,inanimate,E,Artifact,0,0,0,"ट,ल्ट,्ट,बेल,ब,बे","eːlʈ,beː,ʈ,b,beːl,lʈ",,,,
3980,बेस,बेस,beːs̪,base,NotAppl,M,4,underived,,,0,0,inanimate,M,Place,1,0,0,"स,ेस,ब,बे,बेस","beː,eːs̪,b,beːs̪,s̪",,,,
3981,बेहतरी,बेहतर,beːɦt̪əɾ,betterment,NotAppl,F,1,underived,,,0,0,inanimate,A,State,0,1,0,"तर,र,बेह,ब,बे,हतर","beː,b,ɾ,beːɦ,t̪əɾ,əɾ",र,"ɾ,əɾ",र,"ɾ,əɾ"
3982,बेहोशी,बेहोश,beːɦoːʃ,unconsciousness,NotAppl,F,1,underived,,,0,0,inanimate,Z,State,0,0,0,"ोश,श,होश,बेह,ब,बे","ʃ,beː,ɦoːʃ,oːʃ,b,beːɦ",,,,
3983,बैंक,बैंक,bəɪ̃k,bank,NotAppl,M,4,underived,,,0,0,inanimate,I,Group,1,0,0,"ैंक,बै,क,ब,बैं,ंक","k,bə,ɪ̃k,bəɪ̃,b,əɪ̃k",,,,
3984,बैंकर,बैंकर,bəɪ̃kəɾ,banker,NotAppl,M,4,underived,,,0,0,animate,I,Person,1,0,0,"कर,र,बै,ंकर,ब,बैं","bə,bəɪ̃,b,ɾ,kəɾ,əɾ","कर,र","ɾ,kəɾ,əɾ","कर,र","ɾ,kəɾ,əɾ"
3985,बैंकर्स,बैंकर्स,bəɪ̃kəɾs̪,bankers,NotAppl,M,5,underived,,,0,0,inanimate,I,Occupation,1,0,0,"स,र्स,बै,्स,ब,बैं","bə,bəɪ̃,b,s̪,əɾs̪,ɾs̪",,,,
3986,बैंकिंग,बैंकिंग,bəɪ̃kɪ̃ɡ,banking,neutral,F,0,underived,,,0,0,inanimate,I,Relational,1,0,0,"बै,िंग,ब,ंग,ग,बैं","kɪ̃ɡ,bə,bəɪ̃,b,ɪ̃ɡ,ɡ","िंग,ंग,ग","ɪ̃ɡ,ɡ","िंग,ंग","ɪ̃ɡ,ɡ"
3987,बैंकिंग,बैंकिंग,bəɪ̃kɪ̃ɡ,banking,neutral,M,0,underived,,,0,0,inanimate,I,Relational,1,0,0,"बै,िंग,ब,ंग,ग,बैं","kɪ̃ɡ,bə,bəɪ̃,b,ɪ̃ɡ,ɡ","िंग,ंग,ग","ɪ̃ɡ,ɡ","िंग,ंग","ɪ̃ɡ,ɡ"
3988,बैंक्वेट,बैंक्वेट,bəɪ̃kʋeːʈ,banquet,NotAppl,M,4,underived,,,0,0,inanimate,F,Common Noun,1,0,0,"ट,बै,ेट,ब,वेट,बैं","bə,bəɪ̃,eːʈ,ʈ,b,ʋeːʈ",,,,
3989,बैंड,बैंड,bəɪ̃ɖ,band,NotAppl,M,4,underived,,,0,0,inanimate,K,Group,1,0,0,"ड,बै,ैंड,ंड,ब,बैं","bə,bəɪ̃,ɖ,b,ɪ̃ɖ,əɪ̃ɖ",,,,
3990,बैंडबाजा,बैंडबाज,bəɪ̃ɖbɑːd͡ʒ,bandwagon,NotAppl,M,2,underived,,,1,0,inanimate,S,Artifact,0,0,0,"बै,ाज,ज,ब,बाज,बैं","bɑːd͡ʒ,ɑːd͡ʒ,bə,bəɪ̃,d͡ʒ,b",,,,
3991,बैग,बैग,bəɪɡ,bag,NotAppl,M,4,underived,,,0,0,inanimate,B,Artifact,1,0,0,"ैग,बैग,बै,ब,ग","bəɪ,bə,əɪɡ,b,ɡ,ɪɡ",ग,ɡ,,ɡ
3992,बैगपाइपर,बैगपाइपर,bəɪɡpɑːɪpəɾ,bagpiper,NotAppl,M,4,underived,,,0,0,inanimate,Z,Mammal,1,0,0,"पर,र,बैग,बै,इपर,ब","pəɾ,bəɪ,bə,b,ɾ,əɾ",र,"ɾ,əɾ",र,"ɾ,əɾ"
3993,बैच,बैच,bəɪt͡ʃ,batch,NotAppl,M,4,underived,,,0,0,inanimate,A,Common Noun,1,0,0,"ैच,बै,बैच,च,ब","t͡ʃ,bəɪ,bə,əɪt͡ʃ,b,ɪt͡ʃ",,,,
3994,बैटरी,बैटर,bəɪʈəɾ,battery,NotAppl,F,1,underived,,,0,0,inanimate,O,Artifact,1,0,0,"ैटर,र,बै,बैट,ब,टर","bəɪ,bə,b,ɾ,əɾ,ʈəɾ","र,टर","ɾ,əɾ,ʈəɾ","र,टर","ɾ,əɾ,ʈəɾ"
3995,बैटिंग,बैटिंग,bəɪʈɪ̃ɡ,batting,NotAppl,F,0,underived,,,0,0,inanimate,K,Physical,1,0,0,"बै,बैट,िंग,ब,ंग,ग","bəɪ,bə,b,ɪ̃ɡ,ɡ,ʈɪ̃ɡ","िंग,ंग,ग","ɪ̃ɡ,ɡ,ʈɪ̃ɡ","िंग,ंग","ɪ̃ɡ,ɡ"
3996,बैठक,बैठक,bəɪʈʰək,meeting,neutral,F,3,underived,,,0,0,inanimate,S,Physical Place,0,0,0,"बैठ,बै,क,ब,ैठक,ठक","k,bəɪ,bə,ək,b,ʈʰək",,ək,,
3997,बैठक,बैठक,bəɪʈʰək,meeting,neutral,M,4,underived,,,0,0,inanimate,S,Physical Place,0,0,0,"बैठ,बै,क,ब,ैठक,ठक","k,bəɪ,bə,ək,b,ʈʰək",,ək,,
3998,बैनर,बैनर,bəɪn̪əɾ,banner,NotAppl,M,4,underived,,,0,0,inanimate,O,Artifact,1,0,0,"नर,र,ैनर,बै,ब,बैन","bəɪ,bə,b,ɾ,n̪əɾ,əɾ",र,"ɾ,əɾ",र,"ɾ,əɾ"
3999,बैरक,बैरक,bəɪɾək,barracks,NotAppl,M,4,underived,,,0,0,inanimate,G,Physical Place,1,0,0,"बैर,बै,ैरक,क,रक,ब","k,bəɪ,bə,ək,b,ɾək",,ək,,
4000,बैरल,बैरल,bəɪɾəl,barrel,NotAppl,M,4,underived,,,0,0,inanimate,O,Artifact,1,0,0,"ैरल,रल,बैर,बै,ब,ल","bəɪ,bə,ɾəl,b,əl,l",,əl,,
4001,बैराज,बैराज,bəɪɾɑːd͡ʒ,barrage,NotAppl,M,4,underived,,,0,0,inanimate,N,Physical Object,1,0,0,"बैर,बै,राज,ाज,ज,ब","bəɪ,bə,ɑːd͡ʒ,d͡ʒ,b,ɾɑːd͡ʒ",राज,ɾɑːd͡ʒ,,
4002,बैरियर,बैरियर,bəɪɾɪjəɾ,barrier,NotAppl,M,4,underived,,,0,0,inanimate,S,Artifact,1,0,0,"यर,र,ियर,बैर,बै,ब","bəɪ,bə,jəɾ,b,ɾ,əɾ","र,ियर","ɾ,əɾ",र,"ɾ,əɾ"
4003,बैरीकेडिंग,बैरीकेडिंग,bəɪɾiːkeːɖɪ̃ɡ,barricading,NotAppl,F,0,underived,,,0,0,inanimate,H,Action,1,0,0,"बैर,बै,िंग,ब,ंग,ग","bəɪ,bə,ɖɪ̃ɡ,b,ɪ̃ɡ,ɡ","िंग,ंग,ग","ɖɪ̃ɡ,ɪ̃ɡ,ɡ","िंग,ंग","ɪ̃ɡ,ɡ"
4004,बैले,बैल,bəɪl,ballet,NotAppl,M,0,underived,,,0,0,inanimate,K,Art,1,0,0,"ैल,बै,बैल,ब,ल","əɪl,bəɪ,bə,ɪl,b,l",,,,
4005,बैलेंस,बैलेंस,bəɪlẽːs̪,balance,NotAppl,M,4,underived,,,0,0,inanimate,O,Physical State,1,0,0,"स,ेंस,ंस,बै,बैल,ब","ẽːs̪,bəɪ,bə,b,s̪,lẽːs̪",,,,
4006,बॉक्स,बॉक्स,bɔks̪,box,NotAppl,M,4,underived,,,0,0,inanimate,K,Object,1,0,0,"स,क्स,बॉ,्स,ब,बॉक","ks̪,b,s̪,bɔk,bɔ,ɔks̪",क्स,ks̪,,
4007,बॉटमलाइन,बॉटमलाइन,bɔʈəmlɑːɪn̪,the bottomline,NotAppl,M,4,underived,,,0,0,inanimate,Z,Common Noun,1,0,0,"ाइन,न,बॉ,इन,ब,बॉट","ɑːɪn̪,b,bɔʈ,ɪn̪,n̪,bɔ",,,,
4008,बॉडी,बॉड,bɔɖ,body,NotAppl,F,1,underived,,,0,0,inanimate,B,Natural Object,1,0,0,"ड,बॉड,बॉ,ॉड,ब","bɔɖ,ɔɖ,ɖ,b,bɔ",,,,
4009,बॉन्ड,बॉन्ड,bɔn̪ɖ,bond,NotAppl,M,4,underived,,,0,0,inanimate,S,Artifact,1,0,0,"ड,न्ड,्ड,बॉ,ब,बॉन","ɔn̪ɖ,ɖ,bɔn̪,b,bɔ,n̪ɖ",,,,
4010,बॉयफ्रेंड,बॉयफ्रेंड,bɔjəpʰɾẽːɖ,boyfriend,NotAppl,M,4,underived,,,0,0,animate,S,Person,1,0,0,"ेंड,बॉय,ड,बॉ,ंड,ब","ɾẽːɖ,ɖ,b,bɔj,ẽːɖ,bɔ",,,,
4012,बॉर्डर,बॉर्डर,bɔɾɖəɾ,border,NotAppl,M,4,underived,,,0,0,inanimate,M,Physical Place,1,0,0,"र,डर,बॉ,बॉर,ब,्डर","b,ɾ,əɾ,bɔɾ,bɔ,ɖəɾ","र,डर","ɾ,əɾ,ɖəɾ",र,"ɾ,əɾ"
4013,बॉस,बॉस,bɔs̪,boss,NotAppl,M,4,underived,,,0,0,animate,S,Common Noun,1,0,0,"स,बॉ,ॉस,ब,बॉस","ɔs̪,b,bɔs̪,s̪,bɔ",,,,
4014,बोइंग,बोइंग,boːɪ̃ɡ,boeing,NotAppl,M,0,underived,,,0,0,inanimate,Z,Common Noun,1,0,0,"बोइ,ब,ंग,इंग,ग,बो","boːɪ̃,b,ɪ̃ɡ,oːɪ̃ɡ,boː,ɡ","ंग,ग","ɪ̃ɡ,ɡ",ंग,"ɪ̃ɡ,ɡ"
4016,बोगी,बोग,boːɡ,bogie,NotAppl,F,1,underived,,,0,0,inanimate,Z,Artifact,1,0,0,"बोग,ोग,ब,ग,बो","oːɡ,boːɡ,b,boː,ɡ","ोग,ग","oːɡ,ɡ",,ɡ
4017,बोझ,बोझ,boːd͡ʒʰ,burden,NotAppl,M,4,underived,,,0,0,inanimate,A,Object,0,0,0,"ोझ,झ,ब,बोझ,बो","boːd͡ʒʰ,d͡ʒʰ,b,boː,oːd͡ʒʰ",,,,
4018,बोट,बोट,boːʈ,boat,NotAppl,F,3,underived,,,0,0,inanimate,M,Artifact,1,0,0,"ट,ोट,ब,बो,बोट","oːʈ,boːʈ,ʈ,b,boː",,,,
4019,बोटिंग,बोटिंग,boːʈɪ̃ɡ,boating,NotAppl,F,0,underived,,,0,0,inanimate,M,Action,1,0,0,"िंग,ब,ंग,ग,बो,बोट","boːʈ,b,ɪ̃ɡ,boː,ɡ,ʈɪ̃ɡ","िंग,ंग,ग","ɪ̃ɡ,ɡ,ʈɪ̃ɡ","िंग,ंग","ɪ̃ɡ,ɡ"
4020,बोतल,बोतल,boːt̪əl,bottle,NotAppl,F,3,underived,,,0,0,inanimate,O,Artifact,1,0,0,"तल,ोतल,ब,ल,बोत,बो","b,əl,boː,l,t̪əl,boːt̪",,əl,,
4021,बोतलबाजी,बोतलबाज,boːt̪əlbɑːd͡ʒ,bottling,NotAppl,F,1,underived,,,1,0,inanimate,A,Social Event,0,0,0,"ाज,ज,ब,बाज,बोत,बो","bɑːd͡ʒ,ɑːd͡ʒ,d͡ʒ,b,boː,boːt̪",,,,
4022,बोध,बोध,boːd̪ʰ,realization,NotAppl,M,4,underived,,,0,0,inanimate,X,Psychological Feature,0,0,1,"बोध,ोध,ब,ध,बो","boːd̪ʰ,oːd̪ʰ,d̪ʰ,b,boː",ोध,oːd̪ʰ,,
4023,बोनस,बोनस,boːn̪əs̪,bonus,NotAppl,M,4,underived,,,0,0,inanimate,I,Artifact,1,0,0,"स,बोन,ोनस,ब,बो,नस","boːn̪,b,boː,s̪,əs̪,n̪əs̪",,,,
4024,बोर,बोर,boːɾ,bore,NotAppl,M,0,underived,,,0,0,inanimate,X,Artifact,1,0,0,"ोर,र,ब,बोर,बो","boːɾ,oːɾ,b,ɾ,boː",र,ɾ,र,ɾ
4025,बोरिया,बोरिय,boːɾɪjə,borya,NotAppl,M,2,underived,,,0,0,inanimate,Z,Artifact,0,0,0,"िय,य,रिय,ब,बोर,बो","boːɾ,b,boː,ə,ɪjə,jə",य,jə,य,jə
4026,बोरी,बोर,boːɾ,sack,NotAppl,F,1,underived,,,0,0,inanimate,O,Artifact,0,0,0,"ोर,र,ब,बोर,बो","boːɾ,oːɾ,b,ɾ,boː",र,ɾ,र,ɾ
4027,बोर्ड,बोर्ड,boːɾɖ,board,NotAppl,M,4,underived,,,0,0,inanimate,S,Group,1,0,0,"ड,्ड,ब,बोर,र्ड,बो","boːɾ,ɾɖ,ɖ,oːɾɖ,b,boː",र्ड,ɾɖ,,
4028,बोलबाला,बोलबाल,boːlbɑːl,sway,NotAppl,M,2,underived,,,1,0,inanimate,M,physical State,0,0,0,"बाल,बोल,ाल,ब,ल,बो","bɑːl,b,boː,l,boːl,ɑːl",,,,
4029,बोली,बोल,boːl,languages,NotAppl,F,1,underived,,,0,0,inanimate,Q,Communication,0,0,0,"बोल,ोल,ब,ल,बो","oːl,b,boː,l,boːl",,,,
4031,बौद्ध,बौद्ध,bəud̪d̪ʰ,buddhist,NotAppl,M,4,underived,,,0,0,animate,Z,Person,0,0,1,"बौ,्ध,ब,ध,बौद,द्ध","d̪d̪ʰ,bə,bəu,ud̪d̪ʰ,d̪ʰ,b",,,,
4032,ब्याज,ब्याज,bjɑːd͡ʒ,interest,NotAppl,M,4,underived,,,0,0,inanimate,X,Artifact,0,1,0,"ब्,याज,ब्य,ाज,ज,ब","jɑːd͡ʒ,ɑːd͡ʒ,d͡ʒ,bj,b,bjɑː",ब्,,,
4033,ब्याह,ब्याह,bjɑːɦ,splice,NotAppl,M,0,underived,,,0,0,inanimate,Z,Social,0,0,0,"ब्,ाह,ब्य,ह,ब,याह","ɑːɦ,ɦ,jɑːɦ,bj,b,bjɑː","ब्,ाह",ɑːɦ,,
4035,ब्योरा,ब्योर,bjoːɾ,details,NotAppl,M,2,underived,,,0,0,inanimate,A,Cognition,0,1,0,"ब्,ोर,योर,र,ब्य,ब","bjoː,oːɾ,bj,b,ɾ,joːɾ","ब्,र",ɾ,र,ɾ
4036,ब्यौरा,ब्यौर,bjəuɾ,details,NotAppl,M,2,underived,,,0,0,inanimate,A,Cognition,0,0,0,"ौर,ब्,र,ब्य,ब,यौर","bj,b,ɾ,bjə,əuɾ,uɾ","ब्,र",ɾ,र,ɾ
4037,ब्रजवासी,ब्रजवासी,bɾəd͡ʒʋɑːs̪iː,brajwasi,NotAppl,M,4,underived,,,1,0,animate,Z,Person,0,0,0,"ब्,सी,ब्र,ब,ासी,ी","iː,bɾə,s̪iː,b,ɑːs̪iː,bɾ","ब्,ी",,ी,
4038,ब्रश,ब्रश,bɾəʃ,brush,NotAppl,M,4,underived,,,0,0,inanimate,B,Artifact,0,0,0,"ब्,श,रश,ब्र,ब,्रश","ʃ,bɾə,əʃ,b,ɾəʃ,bɾ",ब्,,,
4039,ब्रह्मचारी,ब्रह्मचारी,bɾəɦmət͡ʃɑːɾiː,brahmachari,NotAppl,M,4,agentive_occupation3,,,0,1,animate,Z,Person,0,0,0,"री,ब्,ारी,ब्र,ब,ी","iː,ɑːɾiː,bɾə,b,ɾiː,bɾ","ब्,ी",,ी,
4040,ब्रह्मांड,ब्रह्मांड,bɾəɦmɑ̃ːɖ,universe,NotAppl,M,4,underived,,,0,0,inanimate,W,Natural Object,0,0,0,"ड,ब्,ांड,ंड,ब्र,ब","ɑ̃ːɖ,mɑ̃ːɖ,ɖ,bɾə,b,bɾ",ब्,,,
4041,ब्रांच,ब्रांच,bɾɑ̃ːt͡ʃ,branch,NotAppl,F,3,underived,,,0,0,inanimate,S,Part of,1,0,0,"ब्,ंच,च,ब्र,ब,ांच","t͡ʃ,b,ɑ̃ːt͡ʃ,ɾɑ̃ːt͡ʃ,bɾ,bɾɑ̃ː",ब्,,,
4042,ब्रांड,ब्रांड,bɾɑ̃ːɖ,brand,neutral,F,3,underived,,,0,0,inanimate,A,Artifact,1,0,0,"ड,ब्,ांड,ंड,ब्र,ब","ɑ̃ːɖ,ɾɑ̃ːɖ,ɖ,b,bɾ,bɾɑ̃ː",ब्,,,
4043,ब्रांड,ब्रांड,bɾɑ̃ːɖ,brand,neutral,M,4,underived,,,0,0,inanimate,A,Artifact,1,0,0,"ड,ब्,ांड,ंड,ब्र,ब","ɑ̃ːɖ,ɾɑ̃ːɖ,ɖ,b,bɾ,bɾɑ̃ː",ब्,,,
4044,ब्राह्मण,ब्राह्मण,bɾɑːɦməɳ,brahmin,NotAppl,M,4,underived,,,0,0,animate,Z,Person,0,0,1,"ब्,मण,ब्र,ब,्मण,ण","bɾɑː,əɳ,məɳ,b,ɳ,bɾ",ब्,əɳ,,əɳ
4045,ब्रिगेड,ब्रिगेड,bɾɪɡeːɖ,brigade,NotAppl,M,4,underived,,,0,0,inanimate,G,Collective Noun,1,0,0,"ड,ब्,गेड,ब्र,ब,ेड","eːɖ,ɖ,bɾɪ,b,ɡeːɖ,bɾ",ब्,,,
4046,ब्रिगेडियर,ब्रिगेडियर,bɾɪɡeːɖɪjəɾ,brig.,NotAppl,M,4,underived,,,0,0,animate,M,Person,1,0,0,"ब्,यर,र,ियर,ब्र,ब","jəɾ,bɾɪ,b,ɾ,əɾ,bɾ","ब्,र,ियर","ɾ,əɾ",र,"ɾ,əɾ"
4047,ब्रिटिश,ब्रिटिश,bɾɪʈɪʃ,british,NotAppl,M,4,underived,,,0,0,animate,Z,Person,1,0,0,"टिश,िश,ब्,श,ब्र,ब","ʃ,bɾɪ,b,bɾ,ʈɪʃ,ɪʃ","िश,ब्",,,
4048,ब्रेक,ब्रेक,bɾeːk,brake,NotAppl,M,4,underived,,,0,0,inanimate,O,Artifact,1,0,0,"ब्,ेक,ब्र,क,ब,रेक","k,ɾeːk,eːk,b,bɾeː,bɾ",ब्,eːk,,
4049,ब्रेकर,ब्रेकर,bɾeːkəɾ,breaker,NotAppl,M,4,underived,,,0,0,inanimate,W,Physical State,1,0,0,"ब्,कर,र,ब्र,ब,ेकर","b,ɾ,kəɾ,əɾ,bɾeː,bɾ","ब्,कर,र","ɾ,kəɾ,əɾ","कर,र","ɾ,kəɾ,əɾ"
4050,ब्रेड,ब्रेड,bɾeːɖ,bread,NotAppl,F,3,underived,,,0,0,inanimate,F,Artifact,1,0,0,"ड,ब्,ब्र,ब,ेड,रेड","eːɖ,ɖ,b,ɾeːɖ,bɾeː,bɾ",ब्,,,
4051,ब्रेन,ब्रेन,bɾeːn̪,brain,NotAppl,M,4,underived,,,0,0,inanimate,B,Anatomical,1,0,0,"ब्,ेन,न,ब्र,ब,रेन","n̪,ɾeːn̪,b,eːn̪,bɾeː,bɾ",ब्,,,
4052,ब्रोकर,ब्रोकर,bɾoːkəɾ,broker,NotAppl,M,4,underived,,,0,0,animate,I,Person,1,0,0,"ब्,कर,र,ोकर,ब्र,ब","b,ɾ,kəɾ,əɾ,bɾ,bɾoː","ब्,कर,र","ɾ,kəɾ,əɾ","कर,र","ɾ,kəɾ,əɾ"
4053,ब्लास्ट,ब्लास्ट,blɑːs̪ʈ,blast,NotAppl,M,4,underived,,,0,0,inanimate,A,Action,1,0,0,"ट,ब्,्ट,ब,ब्ल,स्ट","blɑː,ɑːs̪ʈ,ʈ,b,s̪ʈ,bl","ब्,स्ट",s̪ʈ,,s̪ʈ
4054,ब्लास्टर,ब्लास्टर,blɑːs̪ʈəɾ,blaster,NotAppl,M,4,underived,,,0,0,inanimate,O,Common Noun,1,0,0,"ब्ल,ब्,र,्टर,ब,टर","blɑː,b,ɾ,əɾ,bl,ʈəɾ","ब्,र,्टर,टर","ɾ,əɾ,ʈəɾ","र,्टर,टर","ɾ,əɾ,ʈəɾ"
4055,ब्लू,ब्ल,bl,blue,NotAppl,M,0,underived,,,0,0,inanimate,O,Insects,1,0,0,"ब्,्ल,ब,ब्ल,ल","b,bl,l",ब्,,,
4056,ब्लैकमेल,ब्लैकमेल,bləɪkmeːl,blackmail,NotAppl,M,4,underived,,,0,0,inanimate,G,Action,1,0,0,"ेल,ब्,ब,मेल,ब्ल,ल","blə,b,meːl,l,eːl,bl",ब्,,,
4057,ब्लॉक,ब्लॉक,blɔk,block,NotAppl,M,4,underived,,,0,0,inanimate,O,Physical Place,1,0,0,"ब्,लॉक,क,ब,ब्ल,ॉक","blɔ,k,ɔk,b,lɔk,bl",ब्,,,
4058,भंग,भंग,bʰə̃ɡ,dissolve,homophones,F,3,underived,,,0,0,inanimate,A,Event,0,0,1,"भंग,भं,ंग,भ,ग","bʰə̃ɡ,ə̃ɡ,bʰə̃,ɡ,bʰ","ंग,ग",ɡ,ंग,ɡ
4059,भंग,भंग,bʰə̃ɡ,dissolve,homophones,M,4,underived,,,0,0,inanimate,A,Event,0,0,1,"भंग,भं,ंग,भ,ग","bʰə̃ɡ,ə̃ɡ,bʰə̃,ɡ,bʰ","ंग,ग",ɡ,ंग,ɡ
4060,भंगिमा,भंगिमा,bʰə̃ɡɪmɑː,posture,NotAppl,F,3,noun_forming,,,0,1,inanimate,O,Physiological  State,0,0,1,"मा,भंग,ा,भं,िमा,भ","bʰə̃ɡ,ɑː,ɪmɑː,mɑː,bʰə̃,bʰ",ा,,ा,
4061,भंडाफोड,भंडाफोड,bʰə̃ɖɑːpʰoːɖ,busted,NotAppl,M,0,underived,,,0,0,inanimate,B,Action,0,0,0,"ड,भंड,भं,फोड,भ,ोड","ɖ,bʰə̃ɖ,pʰoːɖ,bʰə̃,oːɖ,bʰ",,,,
4062,भंडार,भंडार,bʰə̃ɖɑːɾ,store,NotAppl,M,4,underived,,,0,0,inanimate,I,Physical Place,0,0,0,"भंड,डार,ार,र,भं,भ","ɖɑːɾ,bʰə̃ɖ,bʰə̃,ɾ,ɑːɾ,bʰ","ार,र","ɾ,ɑːɾ",र,ɾ
4063,भंडारण,भंडारण,bʰə̃ɖɑːɾəɳ,storage,NotAppl,M,4,abstract7,abstract7,abstract7,0,1,inanimate,A,Action,0,0,0,"रण,भंड,भं,ारण,भ,ण","əɳ,bʰə̃ɖ,bʰə̃,ɾəɳ,ɳ,bʰ",रण,"əɳ,ɾəɳ",,"əɳ,ɾəɳ"
4064,भंडारा,भंडार,bʰə̃ɖɑːɾ,bhandara,NotAppl,M,2,underived,,,0,0,inanimate,Z,Social,0,0,0,"भंड,डार,ार,र,भं,भ","ɖɑːɾ,bʰə̃ɖ,bʰə̃,ɾ,ɑːɾ,bʰ","ार,र","ɾ,ɑːɾ",र,ɾ
4065,भक्त,भक्त,bʰəkt̪,devotee,NotAppl,M,4,underived,,,0,0,animate,Z,Person,0,0,1,"भक,्त,त,क्त,भ,भक्","t̪,bʰ,bʰək,bʰə,kt̪,əkt̪","्त,त",t̪,"्त,त",t̪
4066,भक्तजन,भक्तजन,bʰəkt̪əd͡ʒən̪,devotees,NotAppl,M,0,underived,,,0,0,inanimate,A,Collective Noun,0,0,0,"भक,न,तजन,जन,भ,भक्","n̪,bʰək,bʰə,d͡ʒən̪,bʰ,ən̪",,,,
4067,भक्ति,भक्त,bʰəkt̪,devotion,NotAppl,F,1,underived,,,0,0,inanimate,E,Psychological Feature,0,0,1,"भक,्त,त,क्त,भ,भक्","t̪,bʰ,bʰək,bʰə,kt̪,əkt̪","्त,त",t̪,"्त,त",t̪
4069,भगदड़,भगदड़,bʰəɡd̪əɽ,stampede,NotAppl,F,3,underived,,,0,0,inanimate,L,Physical,0,0,0,"भग,़,ड़,दड़,भ,भगद","d̪əɽ,əɽ,bʰəɡ,ɽ,bʰə,bʰ","़,ड़",ɽ,़,
4070,भगवाकरण,भगवाकरण,bʰəɡʋɑːkɾəɳ,saffronisation,NotAppl,M,4,underived,,,1,0,inanimate,Z,Abstract,0,0,0,"करण,रण,भग,भगव,भ,ण","əɳ,bʰəɡ,ɾəɳ,bʰə,ɳ,bʰ",रण,"əɳ,ɾəɳ",,"əɳ,ɾəɳ"
4071,भगवान,भगवान,bʰəɡʋɑːn̪,god,NotAppl,M,4,underived,,,1,0,inanimate,Z,Cognition,0,0,1,"ान,वान,भग,भगव,न,भ","ɑːn̪,ʋɑːn̪,bʰəɡ,bʰə,bʰ,n̪",,,,
4072,भग्नावशेष,भग्नावशेष,bʰəɡn̪ɑːʋʃeːʂ,ruins,NotAppl,M,4,underived,,,0,0,inanimate,A,Object,0,0,0,"भग,ष,शेष,ेष,भग्,भ","eːʂ,bʰ,bʰəɡ,bʰə,ʃeːʂ,ʂ",ष,ʂ,,
4073,भतीजा,भतीज,bʰət̪iːd͡ʒ,nephew,NotAppl,M,2,underived,,,0,0,animate,S,Person,0,0,0,"भती,ज,तीज,भत,ीज,भ","iːd͡ʒ,bʰət̪,d͡ʒ,bʰə,bʰ,t̪iːd͡ʒ",,,,
4074,भतीजी,भतीज,bʰət̪iːd͡ʒ,niece,NotAppl,F,1,underived,,,0,0,animate,S,Person,0,0,0,"भती,ज,तीज,भत,ीज,भ","iːd͡ʒ,bʰət̪,d͡ʒ,bʰə,bʰ,t̪iːd͡ʒ",,,,
4075,भत्ता,भत्त,bʰət̪t̪,allowance,NotAppl,M,2,underived,,,0,0,inanimate,I,Artifact,0,0,0,"्त,त्त,भत्,त,भत,भ","ət̪t̪,t̪,t̪t̪,bʰət̪,bʰə,bʰ","्त,त्त,त","ət̪t̪,t̪,t̪t̪","्त,त",t̪
4076,भनक,भनक,bʰən̪ək,inking,NotAppl,F,3,underived,,,0,0,inanimate,Q,Psychological Feature,0,0,0,"भनक,भन,क,भ,नक","k,n̪ək,ək,bʰə,bʰ,bʰən̪",,ək,,
4077,भय,भय,bʰəjə,fear,NotAppl,M,4,underived,,,0,0,inanimate,E,Noun,0,0,1,"य,भ,भय","bʰəj,əjə,ə,bʰə,jə,bʰ",य,"əjə,jə",य,jə
4078,भयावहता,भयावहता,bʰəjɑːʋəɦt̪ɑː,horror,NotAppl,F,3,underived,,,0,0,inanimate,E,Qualitative,0,0,0,"हता,ा,ता,भया,भ,भय","bʰəj,ɑː,ɦt̪ɑː,bʰə,t̪ɑː,bʰ",ा,,ा,
4079,भरण,भरण,bʰəɾəɳ,filling,NotAppl,M,4,underived,,,0,0,inanimate,N,Abstract,0,0,1,"भरण,रण,भर,भ,ण","bʰəɾ,əɳ,ɾəɳ,bʰə,ɳ,bʰ",रण,"əɳ,ɾəɳ",,"əɳ,ɾəɳ"
4080,भरती,भर,bʰəɾ,recruitment,NotAppl,F,1,underived,,,0,0,inanimate,I,Action,0,0,0,"भर,भ,र","bʰəɾ,ɾ,bʰə,əɾ,bʰ",र,"ɾ,əɾ",र,"ɾ,əɾ"
4081,भरपाई,भरपा,bʰəɾpɑː,compensation,NotAppl,F,1,underived,,,0,0,inanimate,S,Action,0,0,0,"ा,भर,भ,भरप,पा,रपा","bʰəɾ,ɾpɑː,ɑː,bʰə,bʰ,pɑː",ा,,ा,
4082,भरमार,भरमार,bʰəɾmɑːɾ,glut,NotAppl,F,3,underived,,,0,0,inanimate,N,State,0,0,0,"ार,र,मार,भरम,भर,भ","bʰəɾ,mɑːɾ,ɾ,ɑːɾ,bʰə,bʰ","ार,र,मार","mɑːɾ,ɾ,ɑːɾ",र,ɾ
4083,भरोसा,भरोस,bʰəɾoːs̪,reliance,NotAppl,M,2,underived,,,0,0,inanimate,S,Psychological Feature,0,0,0,"स,ोस,रोस,भर,भरो,भ","bʰəɾ,ɾoːs̪,s̪,bʰə,oːs̪,bʰ",,,,
4084,भर्ती,भर्त,bʰəɾt̪,recruitment,neutral,F,1,underived,,,0,0,inanimate,I,Action,0,0,0,"्त,र्त,त,भर,भ,भर्","bʰəɾ,t̪,ɾt̪,bʰə,əɾt̪,bʰ","्त,त",t̪,"्त,त",t̪
4085,भर्ती,भर्ती,bʰəɾt̪iː,recruitment,neutral,M,4,underived,,,0,0,inanimate,I,Action,0,0,0,"्ती,भर,भ,भर्,ी,ती","iː,bʰəɾ,ɾt̪iː,bʰə,bʰ,t̪iː",ी,,ी,
4086,भला,भल,bʰəl,well,NotAppl,M,2,underived,,,0,0,inanimate,A,Action,0,0,0,"भल,ल,भ","bʰəl,əl,bʰə,l,bʰ",,əl,,
4087,भलाई,भला,bʰəlɑː,wellbeing,NotAppl,F,1,abstract1,abstract1,abstract1,0,1,inanimate,B,Action,0,0,0,"भल,ा,ला,भला,भ","əlɑː,ɑː,bʰəl,bʰə,lɑː,bʰ","ा,ला",lɑː,"ा,ला",lɑː
4088,भवन,भवन,bʰəʋən̪,building,NotAppl,M,4,underived,,,0,0,inanimate,H,Artifact,0,0,1,"न,वन,भवन,भ,भव","bʰəʋ,n̪,bʰə,bʰ,ən̪,ʋən̪",,,,
4089,भविष्य,भविष्य,bʰəʋɪʂjə,future,NotAppl,M,4,underived,,,0,0,inanimate,T,Time,0,0,1,"्य,ष्य,य,भ,भवि,भव","bʰəʋ,ə,bʰə,ʂjə,jə,bʰ","्य,य","ʂjə,jə",य,jə
4090,भविष्यवाणी,भविष्यवाण,bʰəʋɪʂjəʋɑːɳ,prediction,NotAppl,F,1,underived,,,1,0,inanimate,Q,Communication,0,0,0,"ण,वाण,भ,भवि,भव,ाण","bʰəʋ,ɑːɳ,ʋɑːɳ,bʰə,ɳ,bʰ",,,,
4091,भस्म,भस्म,bʰəs̪m,ashes,NotAppl,F,3,underived,,,0,0,inanimate,O,Object,0,0,1,"म,्म,भस,स्म,भ,भस्","əs̪m,m,s̪m,bʰə,bʰəs̪,bʰ",,əs̪m,,
4092,भांग,भांग,bʰɑ̃ːɡ,cannabis,NotAppl,F,3,underived,,,0,0,inanimate,F,Natural Object,0,0,0,"ांग,ंग,भ,ग,भा,भां","bʰɑ̃ːɡ,bʰɑ̃ː,ɡ,ɑ̃ːɡ,bʰ","ांग,ंग,ग","ɡ,ɑ̃ːɡ",ंग,ɡ
4093,भांजी,भांज,bʰɑ̃ːd͡ʒ,niece,NotAppl,F,1,underived,,,0,0,animate,S,Person,0,0,0,"ांज,ज,ंज,भ,भा,भां","d͡ʒ,bʰɑ̃ː,ɑ̃ːd͡ʒ,bʰɑ̃ːd͡ʒ,bʰ",,,,
4094,भाई,भाई,bʰɑːiː,brother,NotAppl,M,4,abstract1,abstract1,abstract1,0,1,animate,S,Person,0,0,0,"ाई,ई,भाई,भ,भा","iː,ɑːiː,bʰɑːiː,bʰ,bʰɑː",,,,
4095,भाईचारा,भाईचार,bʰɑːiːt͡ʃɑːɾ,brotherhood,NotAppl,M,2,underived,,,1,0,inanimate,S,State,0,0,0,"ार,र,चार,भाई,भ,भा","ɾ,ɑːɾ,bʰɑːiː,bʰ,t͡ʃɑːɾ,bʰɑː","ार,र,चार","ɾ,ɑːɾ,t͡ʃɑːɾ",र,ɾ
4096,भाकपा,भाकपा,bʰɑːkpɑː,cpi,NotAppl,F,0,underived,,,0,0,inanimate,Z,Group,0,0,0,"भाक,ा,कपा,भ,भा,पा","ɑː,bʰɑːk,kpɑː,bʰ,pɑː,bʰɑː",ा,,ा,
4097,भाग,भाग,bʰɑːɡ,part,NotAppl,M,4,underived,,,0,0,inanimate,N,Part of,0,0,1,"ाग,भाग,भ,भा,ग","bʰɑː,ɑːɡ,ɡ,bʰ,bʰɑːɡ","ाग,ग",ɡ,,ɡ
4098,भागीदार,भागीदार,bʰɑːɡiːd̪ɑːɾ,partners,NotAppl,M,4,underived,,,0,0,animate,S,Person,0,0,0,"भाग,र,ार,भ,भा,दार","bʰɑː,ɾ,ɑːɾ,bʰ,d̪ɑːɾ,bʰɑːɡ","र,ार","ɾ,ɑːɾ",र,ɾ
4099,भागीदारी,भागीदार,bʰɑːɡiːd̪ɑːɾ,partnership,NotAppl,F,1,abstract1,abstract1,abstract1,0,1,inanimate,S,State,0,0,0,"भाग,र,ार,भ,भा,दार","bʰɑː,ɾ,ɑːɾ,bʰ,d̪ɑːɾ,bʰɑːɡ","र,ार","ɾ,ɑːɾ",र,ɾ
4100,भाग्य,भाग्य,bʰɑːɡjə,luck,NotAppl,M,4,underived,,,0,0,inanimate,A,Perception,0,0,1,"भाग,्य,य,भ,भा,ग्य","bʰɑː,ɡjə,ə,jə,bʰ,bʰɑːɡ","्य,य",jə,य,jə
4101,भाजपा,भाजपा,bʰɑːd͡ʒpɑː,bjp,NotAppl,F,0,underived,,,0,0,inanimate,Z,Group,0,0,0,"भाज,ा,जपा,भ,भा,पा","bʰɑːd͡ʒ,d͡ʒpɑː,ɑː,bʰ,pɑː,bʰɑː",ा,,ा,
4102,भाटा,भाट,bʰɑːʈ,reflux,NotAppl,M,2,underived,,,0,0,inanimate,Z,Natural Event,0,0,0,"ट,भाट,ाट,भ,भा","ʈ,bʰɑːʈ,bʰ,ɑːʈ,bʰɑː",,,,
4103,भाड़,भाड़,bʰɑːɽ,fuck,NotAppl,F,3,underived,,,0,0,inanimate,S,Artifact,0,0,0,"ाड़,़,ड़,भाड,भ,भा","ɑːɽ,ɽ,bʰɑːɽ,bʰ,bʰɑː","ाड़,़,ड़","ɑːɽ,ɽ",़,
4104,भार,भार,bʰɑːɾ,burden,NotAppl,M,4,underived,,,0,0,inanimate,A,Measurement,0,0,0,"र,ार,भार,भ,भा","ɾ,ɑːɾ,bʰɑːɾ,bʰ,bʰɑː","र,ार","ɾ,ɑːɾ",र,ɾ
4105,भारत,भारत,bʰɑːɾət̪,india,NotAppl,M,4,underived,,,0,0,inanimate,Z,Physical Place,0,0,1,"ारत,रत,भार,त,भ,भा","t̪,ət̪,bʰɑːɾ,bʰ,ɾət̪,bʰɑː","रत,त","t̪,ɾət̪",त,"t̪,ɾət̪"
4106,भारतीय,भारतीय,bʰɑːɾt̪iːjə,indian,NotAppl,M,4,agentive_occupation4,,,0,1,animate,Z,Person,0,0,1,"भार,य,ीय,भ,भा,तीय","iːjə,ə,bʰɑːɾ,jə,bʰ,bʰɑː",य,jə,य,jə
4107,भाल,भाल,bʰɑːl,ferrule,NotAppl,F,3,underived,,,0,0,inanimate,Z,Anatomical,0,1,0,"भाल,ाल,भ,भा,ल","l,bʰɑːl,bʰ,ɑːl,bʰɑː",,,,
4108,भाव,भाव,bʰɑːʋ,expressions,NotAppl,M,4,underived,,,0,0,inanimate,Q,Cognition,0,0,1,"व,ाव,भाव,भ,भा","ʋ,ɑːʋ,bʰ,bʰɑːʋ,bʰɑː","व,ाव",ʋ,"व,ाव",ʋ
4109,भावना,भावना,bʰɑːʋn̪ɑː,emotion,NotAppl,F,3,underived,,,0,0,inanimate,E,Perception,0,0,1,"ा,भाव,ना,वना,भ,भा","ɑː,n̪ɑː,ʋn̪ɑː,bʰ,bʰɑːʋ,bʰɑː",ा,,ा,
4110,भाषण,भाषण,bʰɑːʂəɳ,speech,NotAppl,M,4,underived,,,0,0,inanimate,Q,Communication,0,0,1,"ाषण,भ,भा,षण,भाष,ण","əɳ,ʂəɳ,ɳ,bʰ,bʰɑː,bʰɑːʂ",षण,"əɳ,ʂəɳ",,əɳ
4111,भाषा,भाषा,bʰɑːʂɑː,language,NotAppl,F,3,underived,,,0,0,inanimate,Q,Language,0,0,1,"षा,ा,भ,भा,भाष,ाषा","ɑːʂɑː,ɑː,ʂɑː,bʰ,bʰɑː,bʰɑːʂ","षा,ा",ʂɑː,ा,
4112,भिंडी,भिंड,bʰɪ̃ɖ,ladyfinger,NotAppl,F,1,underived,,,0,0,inanimate,Z,Edible,0,0,0,"ड,ंड,भिं,िंड,भि,भ","bʰɪ̃,bʰɪ̃ɖ,ɖ,ɪ̃ɖ,bʰ",,,,
4113,भिक्षा,भिक्षा,bʰɪkʂɑː,alms,NotAppl,F,3,underived,,,0,0,inanimate,I,Physical,0,0,1,"षा,भिक,ा,भि,भ,्षा","ɑː,ʂɑː,bʰɪk,kʂɑː,bʰ,bʰɪ","षा,ा,्षा","ʂɑː,kʂɑː",ा,
4114,भिक्षु,भिक्ष,bʰɪkʂ,monk,NotAppl,M,4,underived,,,0,0,animate,S,Person,0,0,1,"्ष,भिक,ष,क्ष,भि,भ","ɪkʂ,kʂ,bʰ,bʰɪk,ʂ,bʰɪ",ष,ʂ,,
4115,भिखारी,भिखारी,bʰɪkʰɑːɾiː,beggar,NotAppl,M,4,agentive_occupation3,,,0,1,animate,I,Person,0,0,0,"री,ारी,भिख,भि,भ,ी","iː,bʰɪkʰ,ɑːɾiː,ɾiː,bʰ,bʰɪ",ी,,ी,
4116,भित्ति,भित्त,bʰɪt̪t̪,wall,NotAppl,F,1,underived,,,0,0,inanimate,H,Artifact,0,0,1,"्त,त्त,त,भित,भि,भ","ɪt̪t̪,t̪,t̪t̪,bʰ,bʰɪ,bʰɪt̪","्त,त्त,त","t̪,t̪t̪","्त,त",t̪
4117,भिन्नता,भिन्नता,bʰɪn̪n̪ət̪ɑː,variation,NotAppl,F,3,underived,,,0,0,inanimate,A,State,0,0,1,"नता,ा,भिन,ता,भि,भ","ɑː,bʰɪn̪,t̪ɑː,ət̪ɑː,bʰ,bʰɪ","नता,ा",ət̪ɑː,ा,ət̪ɑː
4118,भीख,भीख,bʰiːkʰ,begging,NotAppl,F,3,underived,,,0,0,inanimate,Q,Physical,0,0,0,"भीख,ख,भी,ीख,भ","bʰiː,iːkʰ,kʰ,bʰiːkʰ,bʰ",,,,
4120,भीडभाड,भीडभाड,bʰiːɖbʰɑːɖ,overcrowding,NotAppl,F,3,underived,,,1,0,inanimate,N,Common Noun,0,0,0,"भीड,ाड,ड,भी,भाड,भ","bʰiː,ɑːɖ,bʰiːɖ,ɖ,bʰɑːɖ,bʰ",,,,
4121,भीड़,भीड़,bʰiːɽ,crowd,NotAppl,F,0,underived,,,0,0,inanimate,N,Group,0,0,0,"भीड,़,ड़,भी,भ,ीड़","bʰiː,iːɽ,ɽ,bʰiːɽ,bʰ","़,ड़",ɽ,़,
4122,भुखमरी,भुखमर,bʰukʰməɾ,starvation,NotAppl,F,1,underived,,,0,0,inanimate,F,State,0,0,0,"खमर,र,भु,भुख,भ,मर","bʰukʰ,ɾ,bʰu,əɾ,bʰ,məɾ",र,"ɾ,əɾ",र,"ɾ,əɾ"
4123,भुगतान,भुगतान,bʰuɡt̪ɑːn̪,payment,NotAppl,M,4,underived,,,0,0,inanimate,I,Physical,0,0,0,"ान,तान,भु,न,भ,भुग","t̪ɑːn̪,ɑːn̪,bʰu,bʰ,n̪,bʰuɡ",,,,
4124,भू,भू,bʰuː,earth,neutral,F,0,underived,,,0,0,inanimate,W,Natural Object,0,0,1,"ू,भ,भू","bʰ,bʰuː,uː",,,,
4125,भू,भू,bʰuː,earth,neutral,M,0,underived,,,0,0,inanimate,W,Natural Object,0,0,1,"ू,भ,भू","bʰ,bʰuː,uː",,,,
4127,भूकंप,भूकंप,bʰuːkə̃p,earthquake,NotAppl,M,4,underived,,,0,0,inanimate,W,Natural Event,0,0,0,"भूक,भू,प,कंप,भ,ंप","kə̃p,bʰ,p,bʰuːk,bʰuː,ə̃p",,,,
4129,भूखंड,भूखंड,bʰuːkʰə̃ɖ,plots,NotAppl,M,4,underived,,,0,0,inanimate,G,Physical Place,0,0,0,"ड,भूख,ंड,खंड,भ,भू","bʰuːkʰ,ə̃ɖ,ɖ,kʰə̃ɖ,bʰ,bʰuː",,,,
4130,भूगोल,भूगोल,bʰuːɡoːl,geography,NotAppl,M,4,underived,,,1,0,inanimate,P,Geography,0,0,0,"ोल,भूग,भ,भू,ल,गोल","ɡoːl,oːl,bʰuːɡ,l,bʰ,bʰuː",,,,
4131,भूजा,भूज,bʰuːd͡ʒ,bhuja,NotAppl,M,2,underived,,,0,0,inanimate,Z,Common Noun,0,0,0,"भूज,ूज,ज,भ,भू","bʰuːd͡ʒ,uːd͡ʒ,d͡ʒ,bʰ,bʰuː",,,,
4133,भूमंडलीयकरण,भूमंडलीयकरण,bʰuːmə̃ɖliːjəkɾəɳ,globalization,NotAppl,M,4,underived,,,1,0,inanimate,Z,Natural State,0,0,0,"करण,रण,भूम,भ,भू,ण","əɳ,ɾəɳ,bʰuːm,ɳ,bʰ,bʰuː","रण,भूम","əɳ,ɾəɳ,bʰuːm",,"əɳ,ɾəɳ"
4134,भूमि,भूम,bʰuːm,land,NotAppl,F,1,underived,,,0,0,inanimate,W,Physical Place,0,0,1,"ूम,भूम,म,भ,भू","m,bʰuːm,uːm,bʰ,bʰuː",भूम,bʰuːm,,
4135,भूमिका,भूमिका,bʰuːmɪkɑː,role,NotAppl,F,3,underived,,,0,0,inanimate,I,Physical,0,0,1,"ा,भूम,िका,का,भ,भू","kɑː,ɪkɑː,ɑː,bʰuːm,bʰ,bʰuː","ा,भूम",bʰuːm,ा,
4136,भूल,भूल,bʰuːl,mistake,homophones,F,3,underived,,,0,0,inanimate,A,Physical,0,0,0,"भू,ूल,भ,ल,भूल","bʰuːl,uːl,l,bʰ,bʰuː",,,,
4137,भूल,भूल,bʰuːl,mistake,homophones,M,4,underived,,,0,0,inanimate,A,Physical,0,0,0,"भू,ूल,भ,ल,भूल","bʰuːl,uːl,l,bʰ,bʰuː",,,,
4138,भूस्खलन,भूस्खलन,bʰuːs̪kʰələn̪,landslide,NotAppl,M,4,underived,,,0,0,inanimate,X,Action,0,0,0,"लन,न,खलन,भ,भू,भूस","n̪,bʰuːs̪,bʰ,ən̪,bʰuː,lən̪",लन,lən̪,,
4139,भेंट,भेंट,bʰẽːʈ,gift,NotAppl,F,3,underived,,,0,0,inanimate,A,Object,0,0,0,"ट,ेंट,ंट,भ,भें,भे","bʰẽːʈ,bʰẽː,ʈ,bʰ,ẽːʈ","ेंट,ंट",ẽːʈ,,
4140,भेद,भेद,bʰeːd̪,distinction,NotAppl,M,0,underived,,,0,0,inanimate,A,Abstract,0,0,1,"द,भे,ेद,भ,भेद","d̪,bʰeː,bʰeːd̪,eːd̪,bʰ",,,,
4141,भेदभाव,भेदभाव,bʰeːd̪bʰɑːʋ,discrimination,NotAppl,M,4,underived,,,1,0,inanimate,A,Physical,0,0,0,"व,भे,ाव,भाव,भ,भेद","bʰeː,ʋ,bʰeːd̪,ɑːʋ,bʰ,bʰɑːʋ","व,ाव",ʋ,"व,ाव",ʋ
4142,भेदिया,भेदिय,bʰeːd̪ɪjə,informer,NotAppl,M,2,agentive_occupation1,,,0,1,animate,G,Person,0,0,0,"दिय,भे,िय,य,भ,भेद","bʰeː,bʰeːd̪,ɪjə,ə,jə,bʰ",य,jə,य,jə
4143,भैंस,भैंस,bʰəɪ̃s̪,buffalo,NotAppl,F,4,underived,,,0,0,animate,L,Mammal,0,0,0,"स,भैं,ंस,भै,ैंस,भ","əɪ̃s̪,bʰ,s̪,bʰə,ɪ̃s̪,bʰəɪ̃",,,,
4144,भोग,भोग,bʰoːɡ,indulgence,NotAppl,M,4,underived,,,0,0,inanimate,S,Edible,0,0,1,"ोग,ग,भोग,भ,भो","oːɡ,bʰoːɡ,ɡ,bʰoː,bʰ","ोग,ग,भो","oːɡ,ɡ,bʰoː",,ɡ
4145,भोगी,भोगी,bʰoːɡiː,enjoyer,NotAppl,M,4,underived,,,0,0,animate,Z,Person,0,0,1,"ोगी,भोग,भ,भो,ी,गी","iː,ɡiː,bʰoːɡ,bʰoː,bʰ,oːɡiː","भो,ी",bʰoː,ी,
4146,भोज,भोज,bʰoːd͡ʒ,feast,NotAppl,M,4,underived,,,0,0,inanimate,F,Social Event,0,0,0,"ोज,ज,भ,भो,भोज","oːd͡ʒ,d͡ʒ,bʰoːd͡ʒ,bʰoː,bʰ",भो,bʰoː,,
4147,भोजन,भोजन,bʰoːd͡ʒən̪,meal,NotAppl,M,4,underived,,,0,0,inanimate,F,Edible,0,0,1,"ोजन,न,जन,भ,भो,भोज","n̪,d͡ʒən̪,bʰoːd͡ʒ,bʰoː,bʰ,ən̪",भो,bʰoː,,
4148,भोजनावकाश,भोजनावकाश,bʰoːd͡ʒn̪ɑːʋkɑːʃ,lunch break,NotAppl,M,4,underived,,,1,0,inanimate,T,Abstract,0,0,0,"श,काश,भ,भो,ाश,भोज","ʃ,bʰoːd͡ʒ,kɑːʃ,ɑːʃ,bʰoː,bʰ",भो,bʰoː,,
4149,भोज्य,भोज्य,bʰoːd͡ʒjə,edible,NotAppl,M,4,underived,,,0,0,inanimate,F,Qualitative,0,0,1,"्य,ज्य,य,भ,भो,भोज","bʰoːd͡ʒ,jə,ə,bʰoː,bʰ,d͡ʒjə","्य,य,भो","jə,bʰoː",य,jə
4150,भौतिक,भौतिक,bʰəut̪ɪk,physical,NotAppl,M,4,underived,,,0,0,inanimate,B,Relational,0,0,1,"भौ,िक,क,भ,तिक,भौत","k,t̪ɪk,ɪk,bʰə,bʰ,bʰəu",,,,
4151,भौतिकशास्त्री,भौतिकशास्त्री,bʰəut̪ɪkʃɑːs̪t̪ɾiː,physicist,NotAppl,M,4,underived,,,1,0,animate,Y,Person,0,0,0,"री,भौ,भ,्री,भौत,ी","iː,t̪ɾiː,bʰə,ɾiː,bʰ,bʰəu",ी,,ी,
4152,भ्रम,भ्रम,bʰɾəm,confusion,NotAppl,M,4,underived,,,0,0,inanimate,X,Psychological Feature,0,0,1,"भ्र,म,भ्,्रम,भ,रम","əm,bʰɾə,ɾəm,m,bʰɾ,bʰ",,,,
4153,भ्रमण,भ्रमण,bʰɾəməɳ,excursion,NotAppl,M,4,underived,,,0,0,inanimate,M,Action,0,0,1,"मण,भ्र,भ्,रमण,भ,ण","bʰɾə,əɳ,məɳ,bʰɾ,ɳ,bʰ",,əɳ,,əɳ
4154,भ्रष्टाचार,भ्रष्टाचार,bʰɾəʂʈɑːt͡ʃɑːɾ,corruption,NotAppl,M,4,underived,,,0,0,inanimate,G,Anti-social,0,0,0,"ार,र,भ्र,चार,भ्,भ","bʰɾə,bʰɾ,ɾ,ɑːɾ,bʰ,t͡ʃɑːɾ","ार,र,चार","ɾ,ɑːɾ,t͡ʃɑːɾ",र,ɾ
4156,भ्रांति,भ्रांत,bʰɾɑ̃ːt̪,misconception,NotAppl,F,1,underived,,,0,0,inanimate,X,Psychological Feature,0,0,1,"ांत,भ्र,त,भ्,ंत,भ","t̪,bʰɾ,bʰɾɑ̃ː,ɾɑ̃ːt̪,bʰ,ɑ̃ːt̪",त,t̪,त,t̪
4157,भ्रूण,भ्रूण,bʰɾuːɳ,embryo,NotAppl,M,4,underived,,,0,0,inanimate,Z,Natural Object,0,0,1,"रूण,ूण,भ्र,भ्,भ,ण","ɾuːɳ,bʰɾ,uːɳ,ɳ,bʰ,bʰɾuː",,,,
4158,मंगलवार,मंगलवार,mə̃ɡəlʋɑːɾ,tuesday,NotAppl,M,4,underived,,,1,0,inanimate,T,Period,0,0,0,"मंग,र,ार,म,मं,वार","mə̃ɡ,m,mə̃,ɾ,ɑːɾ,ʋɑːɾ","र,ार","ɾ,ɑːɾ",र,ɾ
4159,मंच,मंच,mə̃t͡ʃ,stage,NotAppl,M,4,underived,,,0,0,inanimate,T,Physical Place,0,0,1,"ंच,मंच,म,च,मं","t͡ʃ,mə̃t͡ʃ,ə̃t͡ʃ,m,mə̃",,,,
4160,मंजर,मंजर,mə̃d͡ʒəɾ,scene,NotAppl,M,4,underived,,,0,0,inanimate,K,Perception,0,0,1,"मंज,र,म,ंजर,जर,मं","d͡ʒəɾ,m,mə̃,ɾ,mə̃d͡ʒ,əɾ",र,"ɾ,əɾ",र,"ɾ,əɾ"
4161,मंजिल,मंजिल,mə̃d͡ʒɪl,destination,NotAppl,F,4,underived,,,0,0,inanimate,M,Physical Place,0,0,0,"जिल,मंज,म,ल,मं,िल","ɪl,m,mə̃,mə̃d͡ʒ,l,d͡ʒɪl",,,,
4162,मंजिला,मंजिला,mə̃d͡ʒɪlɑː,storey,NotAppl,F,3,underived,,,0,0,inanimate,H,Relational,0,0,0,"िला,मंज,ा,ला,म,मं","ɑː,m,mə̃,mə̃d͡ʒ,ɪlɑː,lɑː","ा,ला",lɑː,"ा,ला",lɑː
4163,मंजूरी,मंजूर,mə̃d͡ʒuːɾ,approval,NotAppl,F,1,underived,,,0,0,inanimate,S,Communication,0,0,0,"मंज,र,जूर,ूर,म,मं","d͡ʒuːɾ,m,mə̃,uːɾ,ɾ,mə̃d͡ʒ",र,ɾ,र,ɾ
4164,मंडल,मंडल,mə̃ɖəl,board,NotAppl,M,4,underived,,,0,0,inanimate,S,Physical Place,0,0,0,"मंड,डल,म,ंडल,ल,मं","mə̃ɖ,m,mə̃,əl,l,ɖəl",,əl,,
4165,मंडी,मंड,mə̃ɖ,market,neutral,F,1,underived,,,0,0,inanimate,I,Physical Place,0,0,0,"ड,मंड,म,ंड,मं","mə̃ɖ,ə̃ɖ,ɖ,m,mə̃",,,,
4166,मंडी,मंडी,mə̃ɖiː,market,neutral,M,4,underived,,,0,0,inanimate,I,Physical Place,0,0,0,"मंड,ंडी,म,डी,ी,मं","mə̃ɖ,iː,m,mə̃,ɖiː,ə̃ɖiː","डी,ी",ɖiː,ी,
4167,मंतव्य,मंतव्य,mə̃t̪ʋjə,purpose,NotAppl,M,4,verbal_noun1,,,0,1,inanimate,X,Communication,0,0,0,"्य,य,म,मंत,मं,व्य","m,mə̃,ʋjə,ə,jə,mə̃t̪","्य,य",jə,य,jə
4168,मंत्र,मंत्र,mə̃t̪ɾ,mantra,NotAppl,M,4,underived,,,0,0,inanimate,Q,property,0,0,1,"र,्र,त्र,म,मंत,मं","m,mə̃,ə̃t̪ɾ,ɾ,t̪ɾ,mə̃t̪",र,ɾ,र,ɾ
4169,मंत्रणा,मंत्रणा,mə̃t̪ɾəɳɑː,consultation,NotAppl,F,3,underived,,,0,0,inanimate,Q,Communication,0,0,1,"ा,रणा,म,मंत,मं,णा","əɳɑː,ɑː,m,mə̃,ɳɑː,mə̃t̪",ा,,ा,
4170,मंत्रालय,मंत्रालय,mə̃t̪ɾɑːljə,ministry,NotAppl,M,4,state_place2,,,0,1,inanimate,G,Physical Place,0,0,0,"ालय,लय,य,म,मंत,मं","ljə,m,mə̃,ə,jə,mə̃t̪","लय,य","ljə,jə",य,jə
4171,मंत्रिगण,मंत्रिगण,mə̃t̪ɾɪɡəɳ,ministers,NotAppl,M,4,underived,,,1,0,inanimate,G,Collective Noun,0,0,0,"िगण,म,मंत,गण,मं,ण","əɳ,m,mə̃,ɡəɳ,ɳ,mə̃t̪",,əɳ,,əɳ
4172,मंत्रिपरिषद,मंत्रिपरिषद,mə̃t̪ɾɪpɾɪʂəd̪,council of ministers,neutral,F,3,underived,,,1,0,inanimate,G,Group,0,0,0,"द,षद,म,मंत,िषद,मं","d̪,əd̪,ʂəd̪,m,mə̃,mə̃t̪",,,,
4173,मंत्रिपरिषद,मंत्रिपरिषद,mə̃t̪ɾɪpɾɪʂəd̪,council of ministers,neutral,M,4,underived,,,1,0,inanimate,G,Group,0,0,0,"द,षद,म,मंत,िषद,मं","d̪,əd̪,ʂəd̪,m,mə̃,mə̃t̪",,,,
4175,मंत्री,मंत्र,mə̃t̪ɾ,minister,neutral,F,1,underived,,,0,0,animate,G,Person,0,0,1,"र,्र,त्र,म,मंत,मं","m,mə̃,ə̃t̪ɾ,ɾ,t̪ɾ,mə̃t̪",र,ɾ,र,ɾ
4176,मंत्री,मंत्री,mə̃t̪ɾiː,minister,neutral,M,4,underived,,,0,0,animate,G,Person,0,0,1,"री,म,मंत,्री,ी,मं","iː,t̪ɾiː,m,mə̃,ɾiː,mə̃t̪",ी,,ी,
4177,मंत्रीपद,मंत्रीपद,mə̃t̪ɾiːpəd̪,ministerial post,NotAppl,M,4,underived,,,1,0,inanimate,T,Abstract,0,0,0,"द,पद,ीपद,म,मंत,मं","d̪,əd̪,pəd̪,m,mə̃,mə̃t̪",,,,
4178,मंत्रीमंडल,मंत्रीमंडल,mə̃t̪ɾiːmə̃ɖəl,cabinet,NotAppl,M,4,underived,,,1,0,inanimate,H,Group,0,0,0,"डल,म,ंडल,मंत,ल,मं","m,mə̃,əl,ɖəl,l,mə̃t̪",,əl,,
4179,मंत्रोचार,मंत्रोचार,mə̃t̪ɾoːt͡ʃɑːɾ,mantras,NotAppl,M,4,underived,,,1,0,inanimate,Q,Abstract,0,0,0,"र,ार,चार,म,मंत,मं","t͡ʃɑːɾ,m,mə̃,ɾ,ɑːɾ,mə̃t̪","र,ार,चार","t͡ʃɑːɾ,ɾ,ɑːɾ",र,ɾ
4181,मंत्रोच्चार,मंत्रोच्चार,mə̃t̪ɾoːt͡ʃt͡ʃɑːɾ,chanting,NotAppl,M,4,underived,,,0,0,inanimate,K,Action,0,0,0,"र,ार,चार,म,मंत,मं","t͡ʃɑːɾ,m,mə̃,ɾ,ɑːɾ,mə̃t̪","र,ार,चार","t͡ʃɑːɾ,ɾ,ɑːɾ",र,ɾ
4182,मंत्रोच्चारण,मंत्रोच्चारण,mə̃t̪ɾoːt͡ʃt͡ʃɑːɾəɳ,chanting,NotAppl,M,4,underived,,,1,0,inanimate,K,Abstract,0,0,0,"रण,म,ारण,मंत,मं,ण","əɳ,m,mə̃,ɾəɳ,ɳ,mə̃t̪",रण,"əɳ,ɾəɳ",,"əɳ,ɾəɳ"
4183,मंदिर,मंदिर,mə̃d̪ɪɾ,temple,NotAppl,M,4,underived,,,0,0,inanimate,S,Artifact,0,0,0,"दिर,र,िर,म,मंद,मं","ɪɾ,m,mə̃,ɾ,d̪ɪɾ,mə̃d̪",र,ɾ,र,ɾ
4184,मंशा,मंशा,mə̃ʃɑː,intent,NotAppl,F,3,underived,,,0,0,inanimate,X,Psychological Feature,0,1,0,"ा,शा,म,मंश,मं,ंशा","ə̃ʃɑː,ɑː,ʃɑː,m,mə̃,mə̃ʃ","ा,शा",ʃɑː,ा,
4185,मंसूबा,मंसूब,mə̃s̪uːb,intention,NotAppl,M,2,underived,,,0,0,inanimate,X,Abstract,0,0,0,"ूब,म,ब,सूब,मंस,मं","uːb,m,mə̃,b,mə̃s̪,s̪uːb",,,,
4186,मंहगाई,मंहगा,mə̃ɦɡɑː,inflation,NotAppl,F,1,underived,,,0,0,inanimate,I,Common Noun,0,0,0,"ा,हगा,म,मंह,मं,गा","ɡɑː,ɑː,m,mə̃,ɦɡɑː,mə̃ɦ",ा,,ा,
4187,मकई,मक,mək,corn,NotAppl,F,1,abstract1,abstract1,abstract1,0,1,inanimate,F,Edible,0,0,0,"मक,क,म","mə,k,ək,m,mək",,ək,,
4188,मकड़जाल,मकड़जाल,məkəɽd͡ʒɑːl,spider web,NotAppl,M,4,underived,,,1,0,inanimate,Z,Object,0,0,0,"ाल,म,मक,ल,जाल,मकड","mə,m,mək,l,d͡ʒɑːl,ɑːl",,,,
4189,मकबरा,मकबर,məkbəɾ,tomb,NotAppl,M,2,underived,,,0,0,inanimate,L,Relational,0,0,0,"र,बर,कबर,म,मक,मकब","mə,m,ɾ,bəɾ,əɾ,mək",र,"ɾ,əɾ",र,"ɾ,əɾ"
4190,मकसद,मकसद,məks̪əd̪,motive,NotAppl,M,4,underived,,,0,0,inanimate,A,Abstract,0,0,0,"द,कसद,मकस,म,मक,सद","mə,d̪,əd̪,s̪əd̪,m,mək",,,,
4191,मकान,मकान,məkɑːn̪,house,NotAppl,M,4,underived,,,0,0,inanimate,H,Physical Place,0,1,0,"ान,कान,न,म,मका,मक","mə,ɑːn̪,m,kɑːn̪,n̪,mək",,,,
4192,मखौल,मखौल,məkʰəul,mockery,NotAppl,M,4,underived,,,0,0,inanimate,Q,Quality,0,0,0,"ौल,मख,म,खौल,मखौ,ल","mə,ul,m,əul,məkʰ,l",,,,
4193,मगरमच्छ,मगरमच्छ,məɡəɾmət͡ʃt͡ʃʰ,crocodile,NotAppl,M,4,underived,,,0,0,animate,L,Reptile,0,0,0,"मगर,्छ,मग,म,च्छ,छ","mə,t͡ʃʰ,m,məɡ,t͡ʃt͡ʃʰ,ət͡ʃt͡ʃʰ",छ,t͡ʃʰ,छ,t͡ʃʰ
4194,मच्छर,मच्छर,mət͡ʃt͡ʃʰəɾ,mosquito,NotAppl,M,4,underived,,,0,0,animate,L,Insects,0,1,0,"मच,र,मच्,म,छर,्छर","mə,m,ɾ,t͡ʃʰəɾ,əɾ,mət͡ʃ",र,"ɾ,əɾ",र,"ɾ,əɾ"
4195,मछली,मछल,mət͡ʃʰəl,fish,NotAppl,F,1,underived,,,0,0,animate,L,Fish,0,0,0,"छल,म,ल,मछल,मछ","mə,mət͡ʃʰ,t͡ʃʰəl,m,əl,l",,əl,,
4196,मछुआरा,मछुआर,mət͡ʃʰuɑːɾ,fisherman,NotAppl,M,2,underived,,,0,0,animate,F,Person,0,0,0,"मछु,र,आर,ुआर,म,मछ","mə,mət͡ʃʰ,m,ɾ,ɑːɾ,uɑːɾ",र,"ɾ,ɑːɾ",र,ɾ
4197,मजदूर,मजदूर,məd͡ʒd̪uːɾ,laborer,NotAppl,M,4,underived,,,0,0,animate,I,Person,0,0,0,"मज,र,ूर,मजद,म,दूर","mə,d̪uːɾ,məd͡ʒ,m,uːɾ,ɾ",र,ɾ,र,ɾ
4198,मजदूरी,मजदूर,məd͡ʒd̪uːɾ,labour,NotAppl,F,1,underived,,,0,0,inanimate,A,Physical,0,0,0,"मज,र,ूर,मजद,म,दूर","mə,d̪uːɾ,məd͡ʒ,m,uːɾ,ɾ",र,ɾ,र,ɾ
4199,मजबूती,मजबूत,məd͡ʒbuːt̪,strength,NotAppl,F,1,underived,,,0,0,inanimate,S,State,0,0,0,"मजब,बूत,मज,ूत,त,म","mə,t̪,uːt̪,məd͡ʒ,m,buːt̪",त,t̪,त,t̪
4200,मजबूरी,मजबूर,məd͡ʒbuːɾ,compulsion,NotAppl,F,1,underived,,,0,0,inanimate,S,State,0,1,0,"मजब,मज,र,ूर,बूर,म","mə,buːɾ,məd͡ʒ,m,uːɾ,ɾ",र,ɾ,र,ɾ
4201,मजहब,मजहब,məd͡ʒɦəb,religion,NotAppl,M,4,underived,,,0,0,inanimate,S,Perception,0,0,0,"मज,म,ब,जहब,मजह,हब","mə,məd͡ʒ,m,b,əb,ɦəb",,,,
4202,मजा,मज,məd͡ʒ,fun,NotAppl,M,2,underived,,,0,0,inanimate,E,Cognition,0,0,0,"ज,मज,म","mə,məd͡ʒ,əd͡ʒ,d͡ʒ,m",,əd͡ʒ,,əd͡ʒ
4203,मजाक,मजाक,məd͡ʒɑːk,joke,NotAppl,M,4,agentive1,agentive1,agentive1,0,1,inanimate,E,Physical,0,0,0,"मजा,मज,जाक,म,क,ाक","mə,k,d͡ʒɑːk,məd͡ʒ,m,ɑːk",,,,
4204,मजार,मजार,məd͡ʒɑːɾ,mazar,NotAppl,F,3,underived,,,0,0,inanimate,Z,Physical Place,1,0,0,"मजा,मज,र,ार,म,जार","mə,d͡ʒɑːɾ,məd͡ʒ,m,ɾ,ɑːɾ","र,ार","ɾ,ɑːɾ",र,ɾ
4205,मजिस्ट्रेट,मजिस्ट्रेट,məd͡ʒɪs̪ʈɾeːʈ,magistrate,NotAppl,M,4,underived,,,0,0,animate,G,Person,1,0,0,"ट,मज,मजि,म,ेट,रेट","mə,məd͡ʒ,ɾeːʈ,m,eːʈ,ʈ",,,,
4206,मजूदर,मजूदर,məd͡ʒuːd̪əɾ,laborer,NotAppl,M,4,underived,,,0,0,animate,I,Physical State,0,0,0,"दर,मज,र,मजू,म,ूदर","mə,d̪əɾ,məd͡ʒ,m,ɾ,əɾ",र,"ɾ,əɾ",र,"ɾ,əɾ"
4207,मजूबरी,मजूबर,məd͡ʒuːbəɾ,compulsion,NotAppl,F,1,underived,,,0,0,inanimate,S,Social,0,0,0,"मज,र,मजू,बर,म,ूबर","mə,məd͡ʒ,m,ɾ,bəɾ,əɾ",र,"ɾ,əɾ",र,"ɾ,əɾ"
4208,मटका,मटक,məʈək,pot,NotAppl,M,2,underived,,,0,0,inanimate,O,Artifact,0,0,0,"मटक,मट,म,टक,क","mə,k,məʈ,ʈək,ək,m",,ək,,
4209,मटर,मटर,məʈəɾ,pea,NotAppl,F,3,underived,,,0,0,inanimate,F,Natural Object,0,1,0,"मट,र,म,टर,मटर","mə,məʈ,m,ɾ,əɾ,ʈəɾ","र,टर","ɾ,əɾ,ʈəɾ","र,टर","ɾ,əɾ,ʈəɾ"
4210,मठ,मठ,məʈʰ,monastery,NotAppl,M,4,underived,,,0,0,inanimate,S,Physical Place,0,0,1,"ठ,मठ,म","mə,ʈʰ,əʈʰ,m,məʈʰ",,,,
4211,मठाधीश,मठाधीश,məʈʰɑːd̪ʰiːʃ,abbot,NotAppl,M,4,underived,,,1,0,animate,S,Person,0,0,0,"ीश,मठ,श,मठा,म,धीश","mə,iːʃ,ʃ,d̪ʰiːʃ,m,məʈʰ",,,,
4212,मत,मत,mət̪,don&#39;t,NotAppl,M,4,underived,,,0,0,inanimate,Z,Perception,0,0,1,"मत,त,म","mə,t̪,mət̪,m,ət̪",त,t̪,त,t̪
4213,मतगणना,मतगणना,mət̪ɡəɳn̪ɑː,counting of votes,neutral,F,3,underived,,,1,0,inanimate,N,Physical Process,0,0,0,"मतग,ा,मत,ना,म,णना","mə,mət̪,ɳn̪ɑː,ɑː,m,n̪ɑː",ा,,ा,
4214,मतगणना,मतगणन,mət̪əɡɳən̪,counting of votes,neutral,M,2,underived,,,1,0,inanimate,N,Physical Process,0,0,0,"मतग,गणन,णन,मत,न,म","mə,ɳən̪,mət̪,m,ən̪,n̪",,,,
4215,मतदाता,मतदाता,mət̪d̪ɑːt̪ɑː,voters,NotAppl,M,4,underived,,,1,0,animate,G,Person,0,0,0,"मतद,ा,मत,ाता,म,ता","mə,mət̪,ɑː,m,t̪ɑː,ɑːt̪ɑː",ा,,ा,
4216,मतदान,मतदान,mət̪d̪ɑːn̪,voting,NotAppl,M,4,underived,,,1,0,inanimate,G,Action,0,0,0,"ान,मतद,मत,न,म,दान","mə,ɑːn̪,mət̪,d̪ɑːn̪,m,n̪",दान,d̪ɑːn̪,,
4217,मतपेटी,मतपेट,mət̪peːʈ,ballot box,NotAppl,F,1,underived,,,1,0,inanimate,G,Artifact,0,0,0,"ट,पेट,मत,मतप,म,ेट","mə,mət̪,m,eːʈ,ʈ,peːʈ",,,,
4218,मतभेद,मतभेद,mət̪bʰeːd̪,contraindications,NotAppl,M,4,underived,,,1,0,inanimate,Z,Communication,0,0,0,"द,ेद,मत,म,मतभ,भेद","mə,d̪,mət̪,m,bʰeːd̪,eːd̪",,,,
4219,मतलब,मतलब,mət̪ləb,meaning,NotAppl,M,4,underived,,,0,0,inanimate,Q,Psychological Feature,0,1,0,"मतल,मत,म,ब,तलब,लब","mə,ləb,mət̪,m,b,əb",,,,
4220,मताधिकार,मताधिकार,mət̪ɑːd̪ʰɪkɑːɾ,suffrage,NotAppl,M,4,underived,,,1,0,inanimate,G,possession,0,0,0,"मता,र,ार,मत,म,कार","mə,kɑːɾ,mət̪,m,ɾ,ɑːɾ","र,ार","ɾ,ɑːɾ",र,ɾ
4221,मत्था,मत्थ,mət̪t̪ʰ,forehead,NotAppl,M,2,underived,,,0,0,inanimate,B,Anatomical,0,0,0,"्थ,मत,मत्,म,त्थ,थ","mə,mət̪,ət̪t̪ʰ,t̪t̪ʰ,t̪ʰ,m",,,,
4222,मद,मद,məd̪,item,NotAppl,M,4,underived,,,0,0,inanimate,O,Mental State,0,0,1,"द,मद,म","mə,d̪,əd̪,məd̪,m",,,,
4223,मदद,मदद,məd̪əd̪,help,NotAppl,F,3,underived,,,0,0,inanimate,S,Action,0,1,0,"द,दद,मदद,म,मद","mə,d̪,əd̪,məd̪,m,d̪əd̪",,,,
4224,मदरसा,मदरसा,məd̪əɾs̪ɑː,seminary,NotAppl,M,4,underived,,,0,0,inanimate,S,Physical Place,0,1,0,"ा,म,सा,मद,रसा,मदर","mə,ɾs̪ɑː,məd̪,ɑː,m,s̪ɑː","ा,सा",,ा,
4225,मध्य,मध्य,məd̪ʰjə,middle,NotAppl,M,4,underived,,,0,0,inanimate,N,Part of,0,0,1,"्य,य,म,ध्य,मध्,मध","mə,d̪ʰjə,m,məd̪ʰ,ə,jə","्य,य",jə,य,jə
4226,मध्यक्रम,मध्यक्रम,məd̪ʰjəkɾəm,middle order,NotAppl,M,4,underived,,,1,0,inanimate,N,Physical State,0,0,0,"म,्रम,मध्,रम,मध","mə,əm,ɾəm,m,məd̪ʰ",,,,
4227,मध्यपूर्व,मध्यपूर्व,məd̪ʰjəpuːɾʋ,middle east,NotAppl,M,4,underived,,,1,0,inanimate,Z,Physical Place,0,0,0,"व,्व,म,र्व,मध्,मध","mə,m,ʋ,uːɾʋ,məd̪ʰ,ɾʋ","व,्व,र्व","ʋ,ɾʋ",व,ʋ
4228,मध्यम,मध्यम,məd̪ʰjəm,medium,NotAppl,M,4,underived,,,0,0,inanimate,N,property,0,0,1,"म,मध्,मध,यम,्यम","mə,əm,m,məd̪ʰ,jəm",यम,jəm,,
4229,मध्यस्थ,मध्यस्थ,məd̪ʰjəs̪t̪ʰ,mediator,NotAppl,M,4,underived,,,0,0,animate,T,Person,0,0,0,"्थ,म,स्थ,मध्,मध,थ","mə,s̪t̪ʰ,əs̪t̪ʰ,t̪ʰ,m,məd̪ʰ",,,,
4230,मध्यस्थता,मध्यस्थता,məd̪ʰjəs̪t̪ʰət̪ɑː,mediation,NotAppl,F,3,underived,,,0,0,inanimate,S,Abstract,0,0,0,"ा,म,ता,मध्,थता,मध","mə,ɑː,m,məd̪ʰ,t̪ɑː,ət̪ɑː",ा,ət̪ɑː,ा,ət̪ɑː
4231,मध्यावधि,मध्यस्थता,məd̪ʰjəs̪t̪ʰət̪ɑː,midterm,NotAppl,F,1,underived,,,0,0,inanimate,Z,Time,0,0,0,"ा,म,ता,मध्,थता,मध","mə,ɑː,m,məd̪ʰ,t̪ɑː,ət̪ɑː",ा,ət̪ɑː,ा,ət̪ɑː
4232,मन,मन,mən̪,mind,NotAppl,M,4,underived,,,0,0,inanimate,E,property,0,1,0,"मन,न,म","mə,m,ən̪,mən̪,n̪",मन,mən̪,,
4233,मनचला,मनचला,mən̪ət͡ʃlɑː,smart,NotAppl,M,4,underived,,,0,0,inanimate,O,Qualitative,0,0,0,"ा,मन,ला,म,मनच,चला","mə,t͡ʃlɑː,ɑː,m,mən̪,lɑː","ा,मन,ला","mən̪,lɑː","ा,ला",lɑː
4234,मनमुटाव,मनमुटाव,mən̪muʈɑːʋ,estrangement,NotAppl,M,4,underived,,,1,0,inanimate,Z,State,0,0,0,"व,मन,ाव,मनम,टाव,म","mə,ʈɑːʋ,m,ʋ,mən̪,ɑːʋ","व,मन,ाव","ʋ,mən̪","व,ाव",ʋ
4235,मनमोहन,मनमोहन,mən̪moːɦən̪,manmohan,NotAppl,M,4,underived,,,0,0,inanimate,Z,Mythological Character,0,0,0,"मन,मनम,न,म,ोहन,हन","mə,m,ən̪,mən̪,ɦən̪,n̪",मन,mən̪,,
4236,मना,मना,mən̪ɑː,deny,NotAppl,M,4,underived,,,0,0,inanimate,Q,Communication,0,1,0,"ा,मन,ना,म,मना","mə,ɑː,m,mən̪,ən̪ɑː,n̪ɑː","ा,मन",mən̪,ा,
4237,मनाही,मनाह,mən̪ɑːɦ,prohibition,NotAppl,F,1,underived,,,0,0,inanimate,F,Action,0,1,0,"मन,ाह,ह,म,मना,नाह","mə,ɑːɦ,ɦ,m,mən̪,n̪ɑːɦ","मन,ाह","ɑːɦ,mən̪",,
4238,मनुष्य,मनुष्य,mən̪uʂjə,man,NotAppl,M,4,underived,,,0,0,animate,S,Person,0,0,1,"्य,मन,ष्य,य,म,मनु","mə,m,mən̪,ə,ʂjə,jə","्य,मन,य","mən̪,ʂjə,jə",य,jə
4240,मनोकामना,मनोकामना,mən̪oːkɑːmn̪ɑː,wish,NotAppl,F,3,verbal_noun2,verbal_noun2,,0,1,inanimate,X,Psychological Feature,0,0,0,"ा,मन,ना,मनो,म,मना","mə,ɑː,mn̪ɑː,m,mən̪,n̪ɑː","ा,मन",mən̪,ा,
4241,मनोचिकित्सक,मनोचिकित्सक,mən̪oːt͡ʃɪkɪt̪s̪ək,psychiatrist,NotAppl,M,4,underived,,,1,0,animate,B,Person,0,0,0,"मन,्सक,मनो,म,सक,क","mə,s̪ək,k,ək,m,mən̪",मन,"ək,mən̪",,
4242,मनोबल,मनोबल,mən̪oːbəl,morale,NotAppl,M,4,underived,,,1,0,inanimate,E,Cognition,0,0,0,"बल,मन,मनो,म,ल,ोबल","mə,m,əl,mən̪,bəl,l",मन,"əl,mən̪",,
4243,मनोभाव,मनोभाव,mən̪oːbʰɑːʋ,emotions,NotAppl,M,4,underived,,,1,0,inanimate,E,Psychological Feature,0,0,0,"व,मन,ाव,भाव,मनो,म","mə,m,ʋ,mən̪,ɑːʋ,bʰɑːʋ","व,मन,ाव","ʋ,mən̪","व,ाव",ʋ
4244,मनोरंजन,मनोरंजन,mən̪oːɾə̃d͡ʒən̪,entertainment,NotAppl,M,4,underived,,,1,0,inanimate,K,Physical,0,0,0,"ंजन,मन,मनो,न,म,जन","mə,m,ən̪,mən̪,d͡ʒən̪,n̪",मन,mən̪,,
4245,मनोरोगी,मनोरोगी,mən̪oːɾoːɡiː,psychopath,NotAppl,M,4,underived,,,1,0,animate,B,Mental State,0,0,0,"मन,ोगी,मनो,म,ी,गी","mə,iː,m,mən̪,ɡiː,oːɡiː","मन,ी",mən̪,ी,
4246,मनोवैज्ञानिक,मनोवैज्ञानिक,mən̪oːʋəɪd͡ʒɲɑːn̪ɪk,psychologist,NotAppl,M,4,underived,,,1,0,animate,Y,Person,0,0,0,"मन,निक,मनो,म,िक,क","mə,k,ɪk,m,n̪ɪk,mən̪",मन,mən̪,,
4247,मरम्मत,मरम्मत,məɾəmmət̪,repair,NotAppl,F,3,underived,,,0,0,inanimate,A,Action,0,1,0,"मरम,मत,त,म,्मत,मर","mə,t̪,mət̪,m,ət̪,məɾ",त,t̪,त,t̪
4248,मरहम,मरहम,məɾɦəm,ointment,NotAppl,M,4,underived,,,0,0,inanimate,B,Chemical,0,1,0,"हम,मरह,म,रहम,मर","mə,əm,m,ɦəm,məɾ",,,,
4249,मराठी,मराठी,məɾɑːʈʰiː,marathi,NotAppl,M,4,underived,,,0,0,inanimate,Z,Language,0,0,0,"मरा,म,ठी,मर,ी,ाठी","mə,ʈʰiː,iː,m,ɑːʈʰiː,məɾ",ी,,ी,
4250,मरीज,मरीज,məɾiːd͡ʒ,patient,NotAppl,M,4,underived,,,0,0,animate,B,Person,0,0,0,"रीज,म,ज,मरी,ीज,मर","mə,iːd͡ʒ,ɾiːd͡ʒ,d͡ʒ,m,məɾ",,,,
4251,मरुभूमि,मरुभूम,məɾubʰuːm,desert,NotAppl,F,1,underived,,,1,0,inanimate,M,Physical Place,0,0,0,"ूम,भूम,म,मर,मरु","mə,m,bʰuːm,uːm,məɾ",भूम,bʰuːm,,
4252,मर्जी,मर्ज,məɾd͡ʒ,will,NotAppl,F,1,underived,,,0,0,inanimate,T,Psychological Feature,0,0,0,"र्ज,म,मर्,ज,मर,्ज","mə,d͡ʒ,m,ɾd͡ʒ,əɾd͡ʒ,məɾ",,,,
4253,मर्तबा,मर्तब,məɾt̪əb,status,NotAppl,M,2,underived,,,0,0,inanimate,S,Period,0,0,0,"तब,म,मर्,ब,्तब,मर","mə,m,b,əb,t̪əb,məɾ",,,,
4254,मर्यादा,मर्यादा,məɾjɑːd̪ɑː,dignity,NotAppl,F,3,underived,,,0,0,inanimate,S,Perception,0,0,1,"ा,म,मर्,दा,ादा,मर","mə,ɑːd̪ɑː,d̪ɑː,ɑː,m,məɾ",ा,,ा,
4255,मल,मल,məl,feces,NotAppl,M,4,underived,,,0,0,inanimate,Z,Natural Object,0,0,0,"ल,मल,म","mə,məl,m,əl,l",,əl,,
4256,मलबा,मलब,mələb,debris,NotAppl,M,2,underived,,,0,0,inanimate,O,Object,0,0,0,"म,मल,ब,मलब,लब","mə,məl,ləb,m,b,əb",,,,
4257,मलयालम,मलयालम,məljɑːləm,malayalam,NotAppl,F,3,underived,,,0,0,inanimate,Z,Language,0,0,0,"मलय,म,लम,मल,ालम","mə,məl,əm,m,ləm",,,,
4258,मलानत,मलानत,məlɑːn̪ət̪,damned,NotAppl,F,3,underived,,,0,0,inanimate,S,Abstract,0,0,0,"मला,त,म,नत,मल,ानत","mə,məl,t̪,m,ət̪,n̪ət̪","त,नत,ानत","t̪,n̪ət̪",त,t̪
4259,मलाल,मलाल,məlɑːl,regret,NotAppl,M,4,underived,,,0,0,inanimate,E,Mental State,0,1,0,"मला,ाल,म,लाल,मल,ल","mə,məl,m,lɑːl,l,ɑːl",,,,
4260,मलेरिया,मलेरिय,məleːɾɪjə,malaria,NotAppl,M,4,underived,,,0,0,inanimate,B,Disease,1,0,0,"िय,य,म,मल,रिय,मले","mə,məl,m,ɪjə,ə,jə",य,jə,य,jə
4261,मल्टीपल,मल्टीपल,məlʈiːpəl,multiple,NotAppl,M,4,underived,,,0,0,inanimate,N,Abstract,1,0,0,"पल,ीपल,म,मल,ल,मल्","mə,məl,m,əl,l,pəl",,əl,,
4262,मल्टीपलेक्स,मल्टीपलेक्स,məlʈiːpleːks̪,multiplex,NotAppl,M,5,underived,,,0,0,inanimate,Q,Abstract,1,0,0,"स,म,क्स,्स,मल,मल्","mə,məl,ks̪,m,eːks̪,s̪",क्स,ks̪,,
4263,मल्टीफ्रेगरेंस,मल्टीफ्रेगरेंस,məlʈiːpʰɾeːɡɾẽːs̪,multifragrance,NotAppl,M,4,underived,,,0,0,inanimate,Z,Abstract,1,0,0,"स,ेंस,ंस,म,मल,मल्","mə,məl,ẽːs̪,m,s̪,ɾẽːs̪",,,,
4264,मल्टीमीडिया,मल्टीमीडिय,məlʈiːmiːɖɪjə,multimedia,NotAppl,M,4,underived,,,0,0,inanimate,Y,Common Noun,1,0,0,"िय,य,म,डिय,मल,मल्","mə,məl,m,ɪjə,ə,jə",य,jə,य,jə
4265,मवेशी,मवेशी,məʋeːʃiː,cattle,NotAppl,M,4,underived,,,0,0,animate,L,Mammal,0,1,0,"ेशी,शी,म,मव,मवे,ी","mə,iː,eːʃiː,ʃiː,m,məʋ","शी,ी",ʃiː,ी,
4266,मशक्कत,मशक्कत,məʃəkkət̪,hard work,NotAppl,F,3,underived,,,0,0,inanimate,A,Physical,0,0,0,"मश,त,म,कत,मशक,्कत","mə,t̪,m,ət̪,məʃ,kət̪","त,कत","t̪,kət̪",त,t̪
4267,मशवरा,मशवर,məʃʋəɾ,advice,NotAppl,M,2,underived,,,0,0,inanimate,Q,Communication,0,0,0,"वर,मश,मशव,र,म,शवर","mə,m,ɾ,məʃ,əɾ,ʋəɾ",र,"ɾ,əɾ",र,"ɾ,əɾ"
4268,मशविरा,मशविर,məʃʋɪɾ,consultation,NotAppl,M,2,underived,,,0,0,inanimate,Q,Communication,0,1,0,"मश,मशव,र,विर,िर,म","mə,ɪɾ,m,ɾ,məʃ,ʋɪɾ",र,ɾ,र,ɾ
4269,मशीन,मशीन,məʃiːn̪,machine,NotAppl,F,3,underived,,,0,0,inanimate,O,Artifact,1,0,0,"मश,मशी,न,म,ीन,शीन","mə,iːn̪,ʃiːn̪,m,məʃ,n̪",,,,
4270,मशीनरी,मशीनर,məʃiːn̪əɾ,machinery,NotAppl,F,1,underived,,,0,0,inanimate,O,Group,1,0,0,"मश,नर,र,मशी,म,ीनर","mə,m,ɾ,məʃ,n̪əɾ,əɾ",र,"ɾ,əɾ",र,"ɾ,əɾ"
4271,मश्विरा,मश्विर,məʃʋɪɾ,consultation,NotAppl,M,2,underived,,,0,0,inanimate,Q,Common Noun,0,0,0,"मश,र,विर,िर,म,मश्","mə,ɪɾ,m,ɾ,məʃ,ʋɪɾ",र,ɾ,र,ɾ
4272,मस,मस,məs̪,mas,NotAppl,M,4,underived,,,0,0,inanimate,Z,Part of,1,0,0,"स,मस,म","mə,m,s̪,əs̪,məs̪",,,,
4273,मसला,मसल,məs̪əl,issue,NotAppl,M,2,underived,,,0,0,inanimate,X,Communication,0,1,0,"सल,मस,म,मसल,ल","mə,m,əl,l,s̪əl,məs̪",,əl,,
4274,मसविदे,मसविदे,məs̪ʋɪd̪eː,draft,NotAppl,M,4,underived,,,0,0,inanimate,Q,Artifact,0,0,0,"िदे,े,मस,म,दे,मसव","mə,d̪eː,m,eː,ɪd̪eː,məs̪",,eː,,
4275,मसाला,मसाल,məs̪ɑːl,spices,NotAppl,M,2,underived,,,0,0,inanimate,F,Part of,0,1,0,"साल,मसा,मस,ाल,म,ल","mə,s̪ɑːl,m,l,məs̪,ɑːl",,,,
4276,मसीहा,मसीह,məs̪iːɦ,messiah,NotAppl,M,2,underived,,,0,0,animate,Z,Person,0,1,0,"ह,ीह,मस,म,सीह,मसी","mə,iːɦ,ɦ,m,s̪iːɦ,məs̪",,,,
4277,मसूर,मसूर,məs̪uːɾ,lentil,NotAppl,M,4,underived,,,0,0,inanimate,F,Natural Object,0,0,0,"मसू,र,ूर,मस,म,सूर","mə,s̪uːɾ,m,uːɾ,ɾ,məs̪",र,ɾ,र,ɾ
4278,मसौदा,मसौद,məs̪əud̪,draft,NotAppl,M,2,underived,,,0,0,inanimate,Q,Artifact,0,1,0,"मसौ,द,सौद,मस,म,ौद","mə,d̪,m,ud̪,əud̪,məs̪",,,,
4279,मस्जिद,मस्जिद,məs̪d͡ʒɪd̪,mosque,NotAppl,F,3,underived,,,0,0,inanimate,S,Physical Place,0,0,0,"द,जिद,मस्,मस,म,िद","mə,d̪,d͡ʒɪd̪,m,ɪd̪,məs̪",,,,
4280,मस्टर्ड,मस्टर्ड,məs̪ʈəɾɖ,mustard,NotAppl,M,4,underived,,,0,0,inanimate,F,Food,1,0,0,"ड,्ड,मस्,मस,म,र्ड","mə,ɾɖ,ɖ,m,əɾɖ,məs̪",र्ड,ɾɖ,,
4281,मस्ती,मस्त,məs̪t̪,fun,NotAppl,F,1,underived,,,0,0,inanimate,E,Action,0,1,0,"्त,मस्,स्त,त,मस,म","mə,t̪,əs̪t̪,m,s̪t̪,məs̪","्त,त",t̪,"्त,त",t̪
4282,महंगाई,महंगा,məɦə̃ɡɑː,dearness,NotAppl,F,1,underived,,,0,0,inanimate,I,State,0,0,0,"ा,महं,ंगा,मह,म,गा","mə,məɦ,ɡɑː,ɑː,m,ə̃ɡɑː",ा,,ा,
4283,महंत,महंत,məɦə̃t̪,mahant,NotAppl,M,4,underived,,,0,0,animate,Z,Person,0,0,1,"हंत,महं,मह,त,म,ंत","mə,məɦ,t̪,ə̃t̪,m,ɦə̃t̪",त,t̪,त,t̪
4284,महक,महक,məɦək,smell,NotAppl,F,3,underived,,,0,0,inanimate,X,Cognition,0,1,0,"मह,म,क,महक,हक","mə,məɦ,k,ək,m,ɦək",,ək,,
4285,महकमा,महकम,məɦkəm,department,NotAppl,M,2,underived,,,0,0,inanimate,H,Part of,0,1,0,"हकम,कम,मह,म,महक","mə,kəm,əm,məɦ,m",,,,
4286,महत्ता,महत्ता,məɦət̪t̪ɑː,importance,NotAppl,F,3,underived,,,0,0,inanimate,A,Quality,0,0,1,"ा,मह,म,ता,्ता,महत","mə,məɦ,t̪t̪ɑː,ɑː,m,t̪ɑː",ा,,ा,
4287,महत्व,महत्व,məɦt̪ʋə,importance,NotAppl,M,4,abstract3,,,0,1,inanimate,A,Quality,0,0,0,"व,्व,मह,म,त्व,महत","mə,ʋə,məɦ,t̪ʋə,m,ə","व,्व",ʋə,व,
4288,महल,महल,məɦəl,palace,NotAppl,M,4,underived,,,0,0,inanimate,H,Physical Place,0,1,0,"हल,मह,म,ल,महल","mə,məɦ,m,əl,l,ɦəl",,əl,,
4289,महसचिव,महसचिव,məɦəs̪t͡ʃɪʋ,secretary general,NotAppl,M,4,underived,,,1,0,animate,S,Occupation,0,0,0,"व,चिव,महस,मह,म,िव","mə,məɦ,t͡ʃɪʋ,m,ʋ,ɪʋ",व,ʋ,व,ʋ
4290,महात्मा,महात्मा,məɦɑːt̪mɑː,mahatma,NotAppl,M,4,underived,,,0,0,animate,Z,Person,0,0,0,"मा,ा,मह,म,्मा,महा","mə,məɦ,ɑː,mɑː,m,t̪mɑː",ा,,ा,
4291,महाद्वीप,महाद्वीप,məɦɑːd̪ʋiːp,continent,NotAppl,M,4,underived,,,1,0,inanimate,W,Physical Place,0,0,0,"प,वीप,ीप,मह,म,महा","mə,məɦ,ʋiːp,m,p,iːp",,,,
4292,महाधिवक्ता,महाधिवक्ता,məɦɑːd̪ʰɪʋəkt̪ɑː,advocate general,NotAppl,M,4,abstract8,abstract8,abstract8,0,1,animate,Q,Person,0,0,0,"ा,मह,म,ता,महा,्ता","mə,məɦ,ɑː,m,kt̪ɑː,t̪ɑː",ा,kt̪ɑː,ा,
4293,महाधिवेशन,महाधिवेशन,məɦɑːd̪ʰɪʋeːʃən̪,convention,NotAppl,M,4,underived,,,1,0,inanimate,A,Group,0,0,0,"शन,मह,ेशन,न,म,महा","mə,məɦ,m,ən̪,n̪,ʃən̪","शन,ेशन",ʃən̪,ेशन,
4294,महानगर,महानगर,məɦɑːn̪ɡəɾ,metropolitan,NotAppl,M,4,underived,,,1,0,inanimate,M,Physical Place,0,0,0,"नगर,र,मह,म,गर,महा","mə,məɦ,m,ɾ,əɾ,ɡəɾ",र,"ɾ,əɾ",र,"ɾ,əɾ"
4295,महानता,महानता,məɦɑːn̪t̪ɑː,greatness,NotAppl,F,3,underived,,,0,0,inanimate,A,Quality,0,0,1,"नता,ा,मह,म,ता,महा","mə,məɦ,n̪t̪ɑː,ɑː,m,t̪ɑː","नता,ा",,ा,
4296,महानिदेशक,महानिदेशक,məɦɑːn̪ɪd̪eːʃək,director general,NotAppl,M,4,underived,,,1,0,animate,T,Person,0,0,0,"ेशक,मह,शक,म,महा,क","mə,məɦ,k,ʃək,ək,m",,ək,,
4297,महानिरीक्षक,महानिरीक्षक,məɦɑːn̪ɪɾiːkʂək,inspector general,NotAppl,M,4,underived,,,1,0,animate,T,Person,0,0,0,"षक,मह,म,महा,्षक,क","mə,ʂək,məɦ,k,ək,m","षक,्षक","ʂək,ək",,
4298,महान्यायवादी,महान्यायवादी,məɦɑːn̪jɑːjʋɑːd̪iː,attorney general,NotAppl,M,4,underived,,,1,0,animate,G,Person,0,0,0,"ादी,मह,म,महा,दी,ी","mə,iː,məɦ,ɑːd̪iː,m,d̪iː",ी,,ी,
4299,महापंचायत,महापंचायत,məɦɑːpə̃t͡ʃɑːjət̪,mahapanchayat,NotAppl,F,3,underived,,,1,0,inanimate,Z,Group,0,0,0,"यत,ायत,मह,त,म,महा","mə,məɦ,t̪,jət̪,m,ət̪","यत,ायत,त","t̪,jət̪","यत,त","t̪,jət̪"
4300,महापर्व,महापर्व,məɦɑːpəɾʋ,grand festival,NotAppl,M,4,underived,,,1,0,inanimate,O,Historical Event,0,0,0,"व,्व,मह,म,महा,र्व","mə,məɦ,əɾʋ,m,ʋ,ɾʋ","व,्व,र्व","ʋ,ɾʋ",व,ʋ
4301,महापुरुष,महापुरुष,məɦɑːpuɾuʂ,great man,NotAppl,M,4,underived,,,1,0,animate,A,Person,0,0,0,"ष,ुष,मह,म,महा,रुष","mə,məɦ,ɾuʂ,m,uʂ,ʂ",ष,ʂ,,
4302,महापूजन,महापूजन,məɦɑːpuːd͡ʒən̪,mahapujan,NotAppl,M,4,underived,,,1,0,inanimate,Z,Abstract,0,0,0,"मह,न,म,महा,जन,ूजन","mə,məɦ,m,ən̪,d͡ʒən̪,n̪",,,,
4303,महाप्रबंधक,महाप्रबंधक,məɦɑːpɾəbə̃d̪ʰək,general manager,NotAppl,M,4,agentive1,agentive1,agentive1,0,1,animate,S,Person,0,0,0,"धक,ंधक,मह,म,महा,क","mə,məɦ,k,ək,m,d̪ʰək",,ək,,
4304,महामंत्री,महामंत्री,məɦɑːmə̃t̪ɾiː,general secretary,NotAppl,M,4,underived,,,1,0,animate,N,Person,0,0,0,"री,मह,म,महा,्री,ी","mə,iː,məɦ,t̪ɾiː,m,ɾiː",ी,,ी,
4305,महामारी,महामार,məɦɑːmɑːɾ,pandemic,NotAppl,F,1,underived,,,1,0,inanimate,B,Disease,0,0,0,"र,ार,मार,मह,म,महा","mə,məɦ,mɑːɾ,m,ɾ,ɑːɾ","र,ार,मार","mɑːɾ,ɾ,ɑːɾ",र,ɾ
4306,महारथी,महारथ,məɦɑːɾət̪ʰ,master,NotAppl,M,4,underived,,,1,0,animate,S,Person,0,0,0,"रथ,मह,म,महा,ारथ,थ","mə,məɦ,t̪ʰ,m,ət̪ʰ,ɾət̪ʰ",,ət̪ʰ,,
4307,महाराजा,महाराजा,məɦɑːɾɑːd͡ʒɑː,king,NotAppl,M,4,underived,,,1,0,animate,S,Person,0,0,0,"ा,ाजा,मह,जा,म,महा","mə,məɦ,ɑː,d͡ʒɑː,m,ɑːd͡ʒɑː",ा,,ा,
4308,महाराणा,महाराणा,məɦɑːɾɑːɳɑː,maharana,NotAppl,M,4,underived,,,1,0,inanimate,Z,Person,0,0,0,"ाणा,ा,मह,म,महा,णा","mə,məɦ,ɑː,m,ɳɑː,ɑːɳɑː",ा,,ा,
4309,महारानी,महारान,məɦɑːɾɑːn̪,queen,NotAppl,F,1,underived,,,1,0,animate,S,Person,0,0,0,"ान,मह,न,म,रान,महा","mə,məɦ,ɑːn̪,m,n̪,ɾɑːn̪",,,,
4310,महारैली,महारैल,məɦɑːɾəɪl,maha rally,NotAppl,F,1,underived,,,1,0,inanimate,T,Event,0,0,0,"ैल,रैल,मह,म,महा,ल","mə,məɦ,əɪl,ɪl,m,l",,,,
4311,महाशक्ति,महाशक्त,məɦɑːʃəkt̪,superpower,NotAppl,F,1,underived,,,1,0,inanimate,S,Group,0,0,0,"्त,मह,त,म,क्त,महा","mə,məɦ,t̪,m,kt̪,əkt̪","्त,त",t̪,"्त,त",t̪
4312,महासचिव,महासचिव,məɦɑːs̪t͡ʃɪʋ,general secretary,neutral,F,3,underived,,,1,0,animate,N,Person,0,0,0,"व,चिव,मह,म,महा,िव","mə,məɦ,t͡ʃɪʋ,m,ʋ,ɪʋ",व,ʋ,व,ʋ
4313,महासचिव,महासचिव,məɦɑːs̪t͡ʃɪʋ,general secretary,neutral,M,4,underived,,,1,0,animate,N,Person,0,0,0,"व,चिव,मह,म,महा,िव","mə,məɦ,t͡ʃɪʋ,m,ʋ,ɪʋ",व,ʋ,व,ʋ
4314,महासभा,महासभा,məɦɑːs̪bʰɑː,general assembly,NotAppl,F,3,underived,,,1,0,inanimate,T,Collective Noun,0,0,0,"ा,मह,म,महा,भा,सभा","mə,məɦ,ɑː,m,s̪bʰɑː,bʰɑː",ा,,ा,
4316,महिला,महिला,məɦɪlɑː,woman,NotAppl,F,3,underived,,,0,0,animate,S,Person,0,0,1,"िला,ा,ला,मह,म,महि","mə,məɦ,ɑː,m,ɪlɑː,lɑː","ा,ला",lɑː,"ा,ला",lɑː
4317,महीना,महीन,məɦiːn̪,month,NotAppl,M,4,underived,,,0,0,inanimate,T,Period,0,1,0,"मही,मह,न,म,ीन,हीन","mə,məɦ,iːn̪,m,ɦiːn̪,n̪",,,,
4318,महोत्सव,महोत्सव,məɦoːt̪s̪əʋ,festival,NotAppl,M,4,underived,,,0,0,inanimate,K,Social,0,0,0,"व,्सव,सव,महो,मह,म","mə,məɦ,əʋ,m,ʋ,s̪əʋ",व,ʋ,व,ʋ
4319,महोदय,महोदय,məɦoːd̪jə,sir,NotAppl,M,4,underived,,,0,0,inanimate,S,Title,0,0,0,"महो,मह,य,म,दय,ोदय","mə,məɦ,d̪jə,m,ə,jə",य,jə,य,jə
4320,माँ,माँ,mɑ̃ː,mother,NotAppl,F,3,underived,,,0,0,animate,S,Person,0,0,0,"मा,माँ,ाँ,म,ँ","ɑ̃ː,mɑ̃ː,m",,mɑ̃ː,,
4321,माँग,माँग,mɑ̃ːɡ,demand,NotAppl,F,3,underived,,,0,0,inanimate,Q,State,0,0,0,"मा,ँग,माँ,म,ग,ाँग","mɑ̃ːɡ,m,ɡ,ɑ̃ːɡ,mɑ̃ː",ग,"ɡ,ɑ̃ːɡ,mɑ̃ː",,ɡ
4322,माँसपेशी,माँसपेश,mɑ̃ːs̪peːʃ,muscle,NotAppl,F,1,underived,,,1,0,inanimate,B,Anatomical,0,0,0,"मा,माँ,श,ेश,म,पेश","peːʃ,ʃ,mɑ̃ːs̪,eːʃ,m,mɑ̃ː","ेश,पेश","peːʃ,eːʃ,mɑ̃ː",,
4323,मांग,मांग,mɑ̃ːɡ,demand,NotAppl,F,3,underived,,,0,0,inanimate,Q,State,0,0,0,"मा,मां,म,ांग,ंग,ग","mɑ̃ːɡ,m,ɡ,ɑ̃ːɡ,mɑ̃ː","ांग,ंग,ग","ɡ,ɑ̃ːɡ,mɑ̃ː",ंग,ɡ
4324,मांगें,मांग,mɑ̃ːɡ,demands,NotAppl,F,3,underived,,,0,0,inanimate,Q,State,0,0,0,"मा,मां,म,ांग,ंग,ग","mɑ̃ːɡ,m,ɡ,ɑ̃ːɡ,mɑ̃ː","ांग,ंग,ग","ɡ,ɑ̃ːɡ,mɑ̃ː",ंग,ɡ
4325,माइक,माइक,mɑːɪk,mike,NotAppl,M,4,underived,,,0,0,inanimate,Q,Artifact,1,0,0,"मा,ाइक,इक,म,माइ,क","k,ɪk,mɑː,m,mɑːɪ,ɑːɪk",,,,
4326,माइक्रोन्यूट्रेंट,माइक्रोन्यूट्रेंट,mɑːɪkɾoːn̪juːʈɾẽːʈ,micronutrients,NotAppl,M,4,underived,,,0,0,inanimate,Z,Applied Sciences,1,0,0,"मा,ट,ेंट,ंट,म,माइ","mɑː,m,ʈ,mɑːɪ,ɾẽːʈ,ẽːʈ","ेंट,ंट",ẽːʈ,,
4327,माइक्रोफोन,माइक्रोफोन,mɑːɪkɾoːpʰoːn̪,microphone,NotAppl,M,4,underived,,,0,0,inanimate,Q,Artifact,1,0,0,"मा,फोन,न,म,ोन,माइ","pʰoːn̪,mɑː,m,mɑːɪ,n̪,oːn̪",,,,
4328,माइन,माइन,mɑːɪn̪,mine,NotAppl,F,0,underived,,,0,0,inanimate,I,Artifact,1,0,0,"मा,ाइन,न,इन,म,माइ","mɑː,m,ɑːɪn̪,mɑːɪ,ɪn̪,n̪",,,,
4329,माइनस,माइनस,mɑːɪn̪əs̪,minuses,NotAppl,M,4,underived,,,0,0,inanimate,N,Abstract,1,0,0,"मा,स,म,माइ,इनस,नस","mɑː,m,mɑːɪ,əs̪,s̪,n̪əs̪",,,,
4330,माओवादी,माओवादी,mɑːoːʋɑːd̪iː,maoists,NotAppl,M,4,underived,,,1,0,animate,Z,Person,0,0,0,"मा,ादी,म,माओ,दी,ी","iː,ɑːd̪iː,mɑː,m,mɑːoː,d̪iː",ी,,ी,
4331,माकपा,माकपा,mɑːkpɑː,cpi-m,NotAppl,F,3,underived,,,0,0,inanimate,Z,Abbreviation,0,0,0,"मा,ा,माक,कपा,म,पा","ɑː,mɑː,m,mɑːk,kpɑː,pɑː",ा,,ा,
4332,माटी,माट,mɑːʈ,soil,NotAppl,F,1,underived,,,0,0,inanimate,O,Natural Object,0,0,0,"मा,ट,ाट,म,माट","mɑː,m,ʈ,ɑːʈ,mɑːʈ",,,,
4333,माडल,माडल,mɑːɖəl,model,NotAppl,M,4,underived,,,0,0,inanimate,A,Artifact,1,0,0,"मा,ाडल,डल,म,माड,ल","mɑːɖ,mɑː,m,əl,l,ɖəl",,əl,,
4334,मात,मात,mɑːt̪,out,NotAppl,F,3,underived,,,0,0,inanimate,M,Fatal Event,0,1,0,"मा,मात,त,म,ात","t̪,ɑːt̪,mɑː,m,mɑːt̪",त,t̪,त,t̪
4335,मातम,मातम,mɑːt̪əm,mourning,NotAppl,M,4,underived,,,0,0,inanimate,E,Mental State,0,1,0,"मा,तम,मात,म,ातम","əm,mɑː,m,mɑːt̪,t̪əm",,,,
4336,माता,माता,mɑːt̪ɑː,mother,NotAppl,F,3,underived,,,0,0,animate,S,Person,0,0,1,"मा,ा,ाता,मात,म,ता","ɑː,mɑː,m,mɑːt̪,t̪ɑː,ɑːt̪ɑː",ा,,ा,
4337,मातृभूमि,मातृभूम,mɑːt̪ɾɨbʰuːm,homeland,NotAppl,F,1,underived,,,1,0,inanimate,M,Physical Place,0,0,0,"मा,ूम,मात,भूम,म","mɑː,m,mɑːt̪,bʰuːm,uːm",भूम,bʰuːm,,
4338,मात्रा,मात्र,mɑːt̪ɾ,amount,NotAppl,F,3,underived,,,0,0,inanimate,N,Object,0,0,1,"मा,र,मात,्र,त्र,म","mɑː,m,mɑːt̪,ɾ,t̪ɾ,ɑːt̪ɾ",र,ɾ,र,ɾ
4339,माथापच्ची,माथापच्च,mɑːt̪ʰɑːpət͡ʃt͡ʃ,head-scratching,NotAppl,F,1,underived,,,1,0,inanimate,B,Physical,0,0,0,"मा,च्च,्च,म,च,माथ","t͡ʃ,t͡ʃt͡ʃ,mɑː,m,ət͡ʃt͡ʃ,mɑːt̪ʰ",्च,,,
4340,माद्दा,माद्दा,mɑːd̪d̪ɑː,materiality,NotAppl,M,4,underived,,,0,0,inanimate,Z,Quality,0,1,0,"मा,ा,्दा,म,दा,माद","d̪ɑː,mɑːd̪,ɑː,mɑː,m,d̪d̪ɑː",ा,,ा,
4341,माध्यम,माध्यम,mɑːd̪ʰjəm,channel,NotAppl,M,4,underived,,,0,0,inanimate,W,Object,0,0,1,"मा,माध,म,यम,्यम","əm,mɑː,m,mɑːd̪ʰ,jəm",यम,jəm,,
4342,मानक,मानक,mɑːn̪ək,standard,NotAppl,M,4,agentive1,agentive1,agentive1,0,1,inanimate,A,concept,0,0,1,"मा,ानक,म,क,मान,नक","k,n̪ək,ək,mɑː,m,mɑːn̪",,ək,,
4343,मानद,मानद,mɑːn̪əd̪,honorary,NotAppl,M,4,underived,,,0,0,inanimate,S,Abstract,0,0,0,"मा,द,नद,म,ानद,मान","d̪,əd̪,n̪əd̪,mɑː,m,mɑːn̪",,,,
4344,मानदंड,मानदंड,mɑːn̪d̪ə̃ɖ,criteria,NotAppl,M,4,underived,,,1,0,inanimate,X,concept,0,0,0,"मा,ड,म,ंड,दंड,मान","ə̃ɖ,ɖ,mɑː,m,d̪ə̃ɖ,mɑːn̪",,,,
4345,मानव,मानव,mɑːn̪əʋ,human,NotAppl,M,4,underived,,,0,0,animate,S,Person,0,0,1,"मा,व,नव,म,मान,ानव","əʋ,n̪əʋ,mɑː,ʋ,m,mɑːn̪",व,ʋ,व,ʋ
4346,मानवता,मानवता,mɑːn̪əʋt̪ɑː,humanity,NotAppl,F,3,underived,,,0,0,inanimate,S,Quality,0,0,1,"मा,वता,ा,म,ता,मान","ɑː,ʋt̪ɑː,mɑː,m,mɑːn̪,t̪ɑː",ा,,ा,
4347,मानवाधिकार,मानवाधिकार,mɑːn̪ʋɑːd̪ʰɪkɑːɾ,human rights,NotAppl,M,4,underived,,,1,0,inanimate,G,Cognition,0,0,0,"मा,र,ार,म,कार,मान","kɑːɾ,mɑː,m,ɾ,ɑːɾ,mɑːn̪","र,ार","ɾ,ɑːɾ",र,ɾ
4348,मानसिकता,मानसिकता,mɑːn̪s̪ɪkt̪ɑː,mentality,NotAppl,F,3,abstract8,abstract8,abstract8,0,1,inanimate,X,Abstract,0,0,1,"मा,ा,म,ता,कता,मान","ɑː,mɑː,m,kt̪ɑː,mɑːn̪,t̪ɑː","ा,कता",kt̪ɑː,ा,
4349,मानसून,मानसून,mɑːn̪s̪uːn̪,monsoon,NotAppl,M,4,underived,,,0,0,inanimate,W,Natural Object,0,0,0,"मा,ून,न,म,मान,सून","mɑː,m,s̪uːn̪,mɑːn̪,n̪,uːn̪",,,,
4350,मानहानि,मानहान,mɑːn̪ɦɑːn̪,defamation,NotAppl,F,1,underived,,,0,0,inanimate,G,Action,0,0,0,"मा,ान,हान,न,म,मान","ɑːn̪,mɑː,m,ɦɑːn̪,mɑːn̪,n̪",,,,
4352,मान्यता,मान्यता,mɑːn̪jət̪ɑː,recognition,NotAppl,F,3,underived,,,0,0,inanimate,X,State,0,0,1,"मा,ा,म,ता,यता,मान","ɑː,mɑː,m,mɑːn̪,t̪ɑː,ət̪ɑː","ा,यता",ət̪ɑː,ा,ət̪ɑː
4353,मापदंड,मापदंड,mɑːpd̪ə̃ɖ,criteria,NotAppl,M,4,underived,,,1,0,inanimate,X,concept,0,0,0,"मा,ड,माप,म,ंड,दंड","ə̃ɖ,ɖ,mɑː,m,d̪ə̃ɖ,mɑːp",,,,
4354,माफ़ीनामा,माफ़ीनामा,mɑːfiːn̪ɑːmɑː,apology,NotAppl,M,4,underived,,,1,0,inanimate,Q,Mental State,0,0,0,"मा,ा,म,माफ,ामा","ɑː,mɑːf,mɑː,m,ɑːmɑː",ा,,ा,
4355,माफिया,माफिय,mɑːpʰɪjə,mafia,NotAppl,M,4,underived,,,0,0,inanimate,G,Group,1,0,0,"मा,फिय,िय,य,म,माफ","mɑː,m,ɪjə,ə,mɑːpʰ,jə",य,jə,य,jə
4356,माफी,माफ,mɑːpʰ,forgiveness,NotAppl,F,1,underived,,,0,0,inanimate,G,Mental State,0,0,0,"मा,फ,म,ाफ,माफ","pʰ,mɑː,ɑːpʰ,m,mɑːpʰ",,,,
4357,माफीनामा,माफीनामा,mɑːpʰiːn̪ɑːmɑː,apology,NotAppl,M,4,underived,,,1,0,inanimate,Q,Mental State,0,0,0,"मा,ा,म,माफ,ामा","ɑː,mɑː,m,mɑːpʰ,ɑːmɑː",ा,,ा,
4358,मामला,मामल,mɑːməl,case,NotAppl,M,2,underived,,,0,0,inanimate,A,Cognition,0,1,0,"मा,माम,ामल,म,मल,ल","məl,mɑː,m,mɑːm,əl,l",,əl,,
4359,मामा,मामा,mɑːmɑː,uncle,NotAppl,M,4,underived,,,0,0,animate,S,Person,0,0,0,"मा,माम,ा,म,ामा","ɑː,mɑː,m,mɑːm,ɑːmɑː",ा,,ा,
4360,मायका,मायक,mɑːjək,maternal home,NotAppl,M,2,underived,,,0,0,inanimate,S,Physical Place,0,0,0,"मा,ायक,माय,म,यक,क","k,ək,mɑː,m,mɑːj,jək",,ək,,
4361,मायना,मायन,mɑːjən̪,mayna,NotAppl,M,2,underived,,,0,0,inanimate,Z,Concept,1,0,0,"मा,यन,न,माय,म,ायन","mɑː,m,jən̪,ən̪,mɑːj,n̪",,,,
4362,मायने,मायने,mɑːjn̪eː,meaning,NotAppl,M,4,underived,,,0,0,inanimate,Q,Psychological Feature,0,0,0,"मा,ने,े,माय,म,यने","n̪eː,mɑː,m,eː,mɑːj,jn̪eː",,eː,,
4363,मायूसी,मायूस,mɑːjuːs̪,disappointment,NotAppl,F,1,abstract1,abstract1,abstract1,0,1,inanimate,E,Psychological Feature,0,1,0,"मा,स,माय,म,यूस,ूस","juːs̪,mɑː,m,uːs̪,mɑːj,s̪",,,,
4364,मार,मार,mɑːɾ,kill,NotAppl,F,3,underived,,,0,0,inanimate,L,Physical,0,0,1,"मा,र,ार,मार,म","mɑːɾ,mɑː,m,ɾ,ɑːɾ","र,ार,मार","mɑːɾ,ɾ,ɑːɾ",र,ɾ
4365,मारपीट,मारपीट,mɑːɾpiːʈ,beating,NotAppl,F,3,underived,,,1,0,inanimate,X,Physical,0,0,0,"मा,ट,मार,म,ीट,पीट","mɑːɾ,mɑː,m,ʈ,piːʈ,iːʈ",मार,mɑːɾ,,
4366,मार्क,मार्क,mɑːɾk,mark,NotAppl,M,4,underived,,,0,0,inanimate,O,Artifact,1,0,0,"मा,र्क,्क,मार,म,क","mɑːɾ,k,ɾk,mɑː,m,ɑːɾk","र्क,मार","mɑːɾ,ɾk",,
4367,मार्केट,मार्केट,mɑːɾkeːʈ,market,NotAppl,M,4,underived,,,0,0,inanimate,I,Physical Place,1,0,0,"मा,ट,मार,म,ेट,केट","mɑːɾ,mɑː,m,eːʈ,ʈ,keːʈ",मार,mɑːɾ,,
4368,मार्केटिंग,मार्केटिंग,mɑːɾkeːʈɪ̃ɡ,marketing,NotAppl,F,0,underived,,,0,0,inanimate,I,Action,1,0,0,"मा,मार,म,िंग,ंग,ग","mɑːɾ,mɑː,m,ɪ̃ɡ,ɡ,ʈɪ̃ɡ","मार,िंग,ंग,ग","mɑːɾ,ɪ̃ɡ,ɡ,ʈɪ̃ɡ","िंग,ंग","ɪ̃ɡ,ɡ"
4369,मार्ग,मार्ग,mɑːɾɡ,route,NotAppl,M,4,underived,,,0,0,inanimate,M,Physical Place,0,0,1,"मा,र्ग,्ग,मार,म,ग","mɑːɾ,mɑː,m,ɑːɾɡ,ɡ,ɾɡ","र्ग,मार,ग","mɑːɾ,ɡ,ɾɡ",,ɡ
4370,मार्च,मार्च,mɑːɾt͡ʃ,march,NotAppl,M,4,underived,,,0,0,inanimate,T,Period,1,0,0,"मा,्च,र्च,मार,म,च","ɾt͡ʃ,mɑːɾ,t͡ʃ,mɑː,m,ɑːɾt͡ʃ","्च,मार",mɑːɾ,,
4371,मार्जिन,मार्जिन,mɑːɾd͡ʒɪn̪,margin,NotAppl,M,4,underived,,,0,0,inanimate,N,Physical Place,1,0,0,"मा,िन,जिन,मार,न,म","mɑːɾ,mɑː,m,d͡ʒɪn̪,ɪn̪,n̪",मार,mɑːɾ,,
4372,मार्शल,मार्शल,mɑːɾʃəl,marshall,NotAppl,M,4,underived,,,0,0,inanimate,Z,Mythological Character,1,0,0,"मा,शल,मार,्शल,म,ल","mɑːɾ,mɑː,m,əl,ʃəl,l",मार,"mɑːɾ,əl",,
4373,माल,माल,mɑːl,goods,NotAppl,M,4,underived,,,0,0,inanimate,O,Person,0,1,0,"मा,ाल,म,माल,ल","mɑːl,mɑː,m,l,ɑːl",,,,
4374,मालकिन,मालकिन,mɑːlkɪn̪,mistress,NotAppl,F,3,underived,,,0,0,animate,S,Person,0,0,0,"मा,िन,न,म,किन,माल","kɪn̪,mɑːl,mɑː,m,ɪn̪,n̪",,,,
4375,मालवाहक,मालवाहक,mɑːlʋɑːɦək,freighter,NotAppl,M,4,underived,,,1,0,inanimate,Z,Strength,0,0,0,"मा,ाहक,म,क,माल,हक","k,mɑːl,ək,mɑː,m,ɦək",,ək,,
4376,माला,माला,mɑːlɑː,garland,homophones,F,3,underived,,,0,0,inanimate,L,Artifact,0,0,1,"मा,ाला,ा,ला,म,माल","mɑːl,ɑː,mɑː,m,lɑː,ɑːlɑː","ा,ला","lɑː,ɑːlɑː","ा,ला",lɑː
4377,माला,माल,mɑːl,garland,homophones,M,2,underived,,,0,0,inanimate,L,Artifact,0,0,1,"मा,ाल,म,माल,ल","mɑːl,mɑː,m,l,ɑːl",,,,
4378,मालाबार,मालाबार,mɑːlɑːbɑːɾ,malabar,NotAppl,M,4,underived,,,0,0,inanimate,Z,Common Noun,0,0,0,"मा,र,ार,म,बार,माल","bɑːɾ,mɑːl,mɑː,m,ɾ,ɑːɾ","र,ार","ɾ,ɑːɾ",र,ɾ
4379,मालिक,मालिक,mɑːlɪk,owner,NotAppl,M,4,underived,,,0,0,animate,A,Person,0,1,0,"मा,लिक,म,िक,क,माल","k,ɪk,mɑːl,mɑː,m,lɪk",,,,
4380,मास,मास,mɑːs̪,mass,NotAppl,M,4,underived,,,0,0,inanimate,N,Period,0,0,1,"मा,स,मास,म,ास","mɑːs̪,ɑːs̪,mɑː,m,s̪",ास,,,
4381,मासूम,मासूम,mɑːs̪uːm,innocent,NotAppl,M,4,underived,,,0,0,animate,G,Qualitative,0,1,0,"मा,ूम,सूम,मास,म","mɑːs̪,mɑː,m,s̪uːm,uːm",,,,
4382,मास्टर,मास्टर,mɑːs̪ʈəɾ,master,NotAppl,M,4,underived,,,0,0,animate,S,Person,1,0,0,"मा,र,्टर,मास,म,टर","mɑːs̪,mɑː,m,ɾ,əɾ,ʈəɾ","र,्टर,टर","ɾ,əɾ,ʈəɾ","र,्टर,टर","ɾ,əɾ,ʈəɾ"
4383,माह,माह,mɑːɦ,month,NotAppl,M,0,underived,,,0,0,inanimate,T,Period,0,1,0,"मा,माह,ाह,ह,म","ɑːɦ,ɦ,mɑː,m,mɑːɦ",ाह,ɑːɦ,,
4384,माहौल,माहौल,mɑːɦəul,environment,NotAppl,M,4,underived,,,0,0,inanimate,W,State,0,1,0,"मा,माह,ौल,म,हौल,ल","ul,mɑː,m,mɑːɦ,əul,l",,,,
4385,मि.,मि.,mɪ.,mr.,NotAppl,M,0,underived,,,0,0,animate,Z,Abbreviation,1,0,0,".,मि,म,मि.,ि.",".,m,ɪ.,mɪ.,mɪ",,,,
4386,मिक्स,मिक्स,mɪks̪,mix,NotAppl,M,4,underived,,,0,0,inanimate,A,Artifact,1,0,0,"स,मिक,मि,म,क्स,्स","ks̪,m,s̪,mɪk,ɪks̪,mɪ",क्स,ks̪,,
4387,मिग,मिग,mɪɡ,mig,NotAppl,M,4,underived,,,0,0,inanimate,Z,Mammal,1,0,0,"मिग,मि,म,िग,ग","mɪɡ,m,ɡ,ɪɡ,mɪ",ग,ɡ,,ɡ
4388,मिजाज,मिजाज,mɪd͡ʒɑːd͡ʒ,mood swings,NotAppl,M,4,underived,,,0,0,inanimate,E,Quality,0,0,0,"जाज,मि,मिज,म,ाज,ज","mɪd͡ʒ,ɑːd͡ʒ,d͡ʒ,m,d͡ʒɑːd͡ʒ,mɪ",,,,
4389,मिट्टी,मिट्ट,mɪʈʈ,soil,NotAppl,F,1,underived,,,0,0,inanimate,O,Natural Object,0,0,0,"ट,मिट,मि,म,ट्ट,्ट","mɪʈ,m,ʈʈ,ɪʈʈ,ʈ,mɪ",ट्ट,ʈʈ,,
4390,मित्र,मित्र,mɪt̪ɾ,friends,NotAppl,M,4,underived,,,0,0,animate,S,Noun,0,0,1,"र,मि,्र,त्र,म,मित","mɪt̪,ɪt̪ɾ,m,ɾ,t̪ɾ,mɪ",र,ɾ,र,ɾ
4391,मित्रता,मित्रता,mɪt̪ɾət̪ɑː,friendship,NotAppl,F,3,underived,,,0,0,inanimate,S,State,0,0,1,"ा,मि,म,ता,रता,मित","mɪt̪,ɑː,m,t̪ɑː,ət̪ɑː,mɪ","ा,रता",ət̪ɑː,ा,ət̪ɑː
4392,मिनट,मिनट,mɪn̪əʈ,minutes,NotAppl,M,4,underived,,,0,0,inanimate,T,Time,1,0,0,"ट,मि,मिन,म,नट,िनट","əʈ,m,n̪əʈ,ʈ,mɪn̪,mɪ",,əʈ,,
4393,मिनरल,मिनरल,mɪn̪ɾəl,mineral,NotAppl,M,4,underived,,,0,0,inanimate,O,Natural Object,1,0,0,"रल,मि,मिन,म,नरल,ल","ɾəl,m,əl,l,mɪn̪,mɪ",,əl,,
4395,मिनिस्टर,मिनिस्टर,mɪn̪ɪs̪ʈəɾ,minister,NotAppl,M,4,underived,,,0,0,animate,G,Person,1,0,0,"र,्टर,मि,मिन,म,टर","m,ɾ,əɾ,mɪn̪,ʈəɾ,mɪ","र,्टर,टर","ɾ,əɾ,ʈəɾ","र,्टर,टर","ɾ,əɾ,ʈəɾ"
4396,मिमी,मिमी,mɪmiː,mm,NotAppl,M,4,underived,,,0,0,inanimate,Z,Measurement,0,0,0,"मिम,मी,िमी,मि,म,ी","iː,ɪmiː,mɪm,m,miː,mɪ",ी,,ी,
4397,मियाँ,मियाँ,mɪjɑ̃ː,mian,NotAppl,M,4,underived,,,0,0,animate,Z,Person,0,1,0,"ाँ,मि,याँ,म,मिय,ँ","ɪjɑ̃ː,ɑ̃ː,jɑ̃ː,m,mɪ,mɪj",,,,
4398,मिर्थी,मिर्थ,mɪɾt̪ʰ,mirthi,NotAppl,M,4,underived,,,0,0,inanimate,Z,Common Noun,0,0,0,"र्थ,्थ,मि,मिर,म,थ","mɪɾ,t̪ʰ,m,ɪɾt̪ʰ,ɾt̪ʰ,mɪ",,,,
4399,मिल,मिल,mɪl,mill,NotAppl,F,3,underived,,,0,0,inanimate,I,Physical Place,1,0,0,"मि,म,ल,मिल,िल","ɪl,m,l,mɪl,mɪ",,,,
4400,मिलन,मिलन,mɪlən̪,milan,NotAppl,M,4,underived,,,0,0,inanimate,Z,Communication,0,0,1,"मि,लन,िलन,न,म,मिल","n̪,lən̪,m,ən̪,mɪl,mɪ",लन,lən̪,,
4401,मिलान,मिलान,mɪlɑːn̪,match,NotAppl,M,4,underived,,,0,0,inanimate,A,Action,0,0,0,"ान,मि,न,म,लान,मिल","ɑːn̪,m,lɑːn̪,n̪,mɪl,mɪ",,,,
4402,मिलिटरी,मिलिटर,mɪlɪʈəɾ,military,NotAppl,F,1,underived,,,0,0,inanimate,G,Group,1,0,0,"िटर,र,मि,म,टर,मिल","m,ɾ,əɾ,ʈəɾ,mɪl,mɪ","र,टर","ɾ,əɾ,ʈəɾ","र,टर","ɾ,əɾ,ʈəɾ"
4403,मिलीभगत,मिलीभगत,mɪliːbʰɡət̪,collusion,NotAppl,F,3,underived,,,1,0,inanimate,G,Anti-social,0,0,0,"गत,मि,त,म,भगत,मिल","ɡət̪,t̪,m,ət̪,mɪl,mɪ","गत,त","ɡət̪,t̪",त,t̪
4404,मिलीमीटर,मिलीमीटर,mɪliːmiːʈəɾ,millimeter,NotAppl,M,4,underived,,,0,0,inanimate,Z,Measurement,1,0,0,"र,मि,म,ीटर,टर,मिल","m,ɾ,əɾ,ʈəɾ,mɪl,mɪ","र,टर","ɾ,əɾ,ʈəɾ","र,टर","ɾ,əɾ,ʈəɾ"
4405,मिशन,मिशन,mɪʃən̪,mission,NotAppl,M,4,underived,,,0,0,inanimate,X,Group,1,0,0,"िशन,शन,मि,न,म,मिश","n̪,mɪʃ,m,ʃən̪,ən̪,mɪ",शन,ʃən̪,,
4406,मिश्रण,मिश्रण,mɪʃɾəɳ,mixture,NotAppl,M,4,abstract7,abstract7,abstract7,0,1,inanimate,O,Object,0,0,1,"्रण,रण,मि,म,मिश,ण","mɪʃ,əɳ,m,ɾəɳ,ɳ,mɪ",रण,"əɳ,ɾəɳ",,"əɳ,ɾəɳ"
4407,मिस,मिस,mɪs̪,miss,NotAppl,F,3,underived,,,0,0,inanimate,A,Communication,1,0,0,"स,िस,मि,म,मिस","ɪs̪,m,s̪,mɪs̪,mɪ",मिस,mɪs̪,,
4408,मिसाइल,मिसाइल,mɪs̪ɑːɪl,missile,NotAppl,F,3,underived,,,0,0,inanimate,G,Artifact,1,0,0,"ाइल,मि,इल,म,मिस,ल","ɪl,m,l,ɑːɪl,mɪs̪,mɪ",मिस,mɪs̪,,
4409,मिसाल,मिसाल,mɪs̪ɑːl,precedent,NotAppl,F,3,underived,,,0,0,inanimate,A,Psychological Feature,0,1,0,"मि,साल,ाल,मिस,म,ल","s̪ɑːl,m,l,mɪs̪,ɑːl,mɪ",मिस,mɪs̪,,
4410,मिसेज,मिसेज,mɪs̪eːd͡ʒ,mrs.,NotAppl,F,0,underived,,,0,0,animate,Z,Title,1,0,0,"मि,म,मिस,सेज,ज,ेज","eːd͡ʒ,s̪eːd͡ʒ,d͡ʒ,m,mɪs̪,mɪ",मिस,mɪs̪,,
4411,मिस्टर,मिस्टर,mɪs̪ʈəɾ,mr,NotAppl,M,4,underived,,,0,0,animate,S,Title,1,0,0,"र,्टर,मि,म,मिस,टर","mɪs̪,m,ɾ,əɾ,ʈəɾ,mɪ","र,्टर,मिस,टर","mɪs̪,ɾ,əɾ,ʈəɾ","र,्टर,टर","ɾ,əɾ,ʈəɾ"
4412,मीटर,मीटर,miːʈəɾ,meter,neutral,F,3,underived,,,0,0,inanimate,N,Measurement,1,0,0,"मीट,र,मी,म,ीटर,टर","m,ɾ,miːʈ,əɾ,miː,ʈəɾ","र,टर","ɾ,əɾ,ʈəɾ","र,टर","ɾ,əɾ,ʈəɾ"
4413,मीटर,मीटर,miːʈəɾ,meter,neutral,M,4,underived,,,0,0,inanimate,N,Measurement,1,0,0,"मीट,र,मी,म,ीटर,टर","m,ɾ,miːʈ,əɾ,miː,ʈəɾ","र,टर","ɾ,əɾ,ʈəɾ","र,टर","ɾ,əɾ,ʈəɾ"
4414,मीटिंग,मीटिंग,miːʈɪ̃ɡ,meeting,NotAppl,F,4,underived,,,0,0,inanimate,S,Common Noun,1,0,0,"मीट,मी,म,िंग,ंग,ग","m,ɪ̃ɡ,ɡ,miːʈ,ʈɪ̃ɡ,miː","िंग,ंग,ग","ɪ̃ɡ,ɡ,ʈɪ̃ɡ","िंग,ंग","ɪ̃ɡ,ɡ"
4415,मीडिया,मीडिय,miːɖɪjə,media,neutral,F,3,underived,,,0,0,inanimate,Q,Artifact,1,0,0,"िय,मीड,मी,य,म,डिय","miːɖ,m,ɪjə,ə,jə,miː",य,jə,य,jə
4416,मीडिया,मीडिय,miːɖɪjə,media,neutral,M,4,underived,,,0,0,inanimate,Q,Artifact,1,0,0,"िय,मीड,मी,य,म,डिय","miːɖ,m,ɪjə,ə,jə,miː",य,jə,य,jə
4417,मीडियाकर्मी,मीडियाकर्म,miːɖɪjɑːkəɾm,media personnel,NotAppl,M,4,underived,,,0,0,animate,Q,Person,1,0,0,"मीड,मी,म,र्म,्म","miːɖ,ɾm,m,əɾm,miː",,,,
4418,मीनार,मीनार,miːn̪ɑːɾ,tower,NotAppl,F,3,underived,,,0,0,inanimate,H,Artifact,0,1,0,"मीन,नार,र,मी,ार,म","m,ɾ,ɑːɾ,miːn̪,miː,n̪ɑːɾ","र,ार","ɾ,ɑːɾ",र,ɾ
4419,मीनू,मीनू,miːn̪uː,menu,NotAppl,M,4,underived,,,0,0,inanimate,F,Common Noun,0,0,0,"मीन,मी,ू,नू,म,ीनू","m,iːn̪uː,n̪uː,uː,miːn̪,miː",,,,
4420,मील,मील,miːl,mile,NotAppl,M,4,underived,,,0,0,inanimate,N,Measurement,1,0,0,"मी,ील,म,ल,मील","iːl,miːl,m,l,miː",ील,iːl,,
4421,मुँह,मुँह,mũɦ,mouth,NotAppl,M,4,underived,,,0,0,inanimate,B,Anatomical,0,0,0,"मु,ह,म,ुँह,मुँ,ँह","ũɦ,ɦ,mũ,m,mũɦ",,,,
4422,मुंबई,मुंब,mũb,mumbai,neutral,F,1,underived,,,0,0,inanimate,Z,Physical Place,0,0,0,"मु,ंब,म,ब,मुं,ुंब","ũb,mũ,m,b,mũb",,,,
4423,मुंबई,मुंबई,mũbəiː,mumbai,neutral,M,4,underived,,,0,0,inanimate,Z,Physical Place,0,0,0,"मु,ंबई,ई,म,मुं,बई","iː,mũ,m,bəiː,əiː,mũb",,,,
4424,मुंशी,मुंशी,mũʃiː,accountant,NotAppl,M,4,underived,,,0,0,animate,I,Person,0,1,0,"मु,शी,म,मुं,ी,ंशी","iː,ʃiː,mũ,m,ũʃiː,mũʃ","शी,ी",ʃiː,ी,
4425,मुंह,मुंह,mũɦ,mouth,NotAppl,M,4,underived,,,0,0,inanimate,B,Anatomical,0,0,0,"ंह,मु,ह,ुंह,म,मुं","ũɦ,ɦ,mũ,m,mũɦ",,,,
4426,मुआयना,मुआयन,muɑːjən̪,inspection,NotAppl,M,2,inquiry,,,0,1,inanimate,X,Physical,0,1,0,"मु,आयन,मुआ,यन,न,म","n̪,mu,m,jən̪,ən̪,muɑː",,,,
4427,मुआवजा,मुआवज,muɑːʋəd͡ʒ,compensation,NotAppl,M,2,underived,,,0,0,inanimate,S,Object,0,0,0,"मु,मुआ,वज,म,ज,आवज","ʋəd͡ʒ,mu,əd͡ʒ,d͡ʒ,m,muɑː",,əd͡ʒ,,əd͡ʒ
4428,मुकदमा,मुकदम,mukd̪əm,trial,NotAppl,M,2,inquiry,,,0,1,inanimate,G,Process,0,0,0,"मु,दम,कदम,म,मुक","əm,mu,m,muk,d̪əm",,,,
4429,मुकाबला,मुकाबल,mukɑːbəl,competition,NotAppl,M,2,underived,,,0,0,inanimate,K,Social,0,0,0,"मु,बल,म,ल,ाबल,मुक","mu,m,əl,bəl,l,muk",,əl,,
4430,मुकाम,मुकाम,mukɑːm,destination,NotAppl,M,4,underived,,,0,0,inanimate,M,Physical Place,0,0,0,"मु,काम,म,ाम,मुक","mu,kɑːm,m,ɑːm,muk",,,,
4431,मुकुट,मुकुट,mukuʈ,crown,NotAppl,M,4,underived,,,0,0,inanimate,S,Artifact,0,0,1,"मु,ट,ुट,म,कुट,मुक","kuʈ,mu,m,ʈ,muk,uʈ",,,,
4432,मुक्की,मुक्क,mukk,mukki,NotAppl,F,1,underived,,,0,0,inanimate,Z,Physical,0,0,0,"मु,्क,क्क,म,क,मुक","kk,k,mu,m,muk,ukk",,,,
4433,मुक्ति,मुक्त,mukt̪,freedom,NotAppl,F,1,underived,,,0,0,inanimate,A,Action,0,0,0,"मु,्त,त,म,क्त,मुक","mu,t̪,m,ukt̪,kt̪,muk","्त,त",t̪,"्त,त",t̪
4434,मुखपत्र,मुखपत्र,mukʰpət̪ɾ,mouthpiece,NotAppl,M,4,underived,,,1,0,inanimate,Z,Common Noun,0,0,0,"मु,र,्र,त्र,म,मुख","mu,mukʰ,ət̪ɾ,m,ɾ,t̪ɾ",र,ɾ,र,ɾ
4435,मुखरता,मुखरता,mukʰəɾt̪ɑː,assertiveness,NotAppl,F,3,underived,,,0,0,inanimate,S,Physiological  State,0,0,0,"मु,ा,म,ता,रता,मुख","mu,mukʰ,ɾt̪ɑː,ɑː,m,t̪ɑː","ा,रता",ɾt̪ɑː,ा,
4436,मुखा,मुखा,mukʰɑː,mukha,NotAppl,M,4,underived,,,0,0,inanimate,Z,Anatomical,0,0,0,"मु,ा,म,खा,मुख,ुखा","mu,mukʰ,ɑː,kʰɑː,m,ukʰɑː",ा,,ा,
4437,मुखाग्नि,मुखाग्न,mukʰɑːɡn̪,mouthpiece,NotAppl,F,1,underived,,,1,0,inanimate,Z,Natural Object,0,0,0,"मु,न,म,ग्न,मुख,्न","mu,mukʰ,m,ɡn̪,n̪,ɑːɡn̪",,,,
4438,मुखिया,मुखिया,mukʰɪjɑː,chief,NotAppl,M,4,agentive_occupation1,,,0,1,animate,S,Person,0,0,0,"मु,ा,िया,या,म,मुख","mu,mukʰ,ɪjɑː,ɑː,m,jɑː","ा,या",jɑː,ा,
4439,मुख्य,मुख्य,mukʰjə,main,NotAppl,M,4,underived,,,0,0,inanimate,A,Qualitative,0,0,1,"मु,्य,य,म,ख्य,मुख","mu,mukʰ,kʰjə,m,ə,jə","्य,य",jə,य,jə
4440,मुख्यधारा,मुख्यधारा,mukʰjəd̪ʰɑːɾɑː,mainstream,NotAppl,F,3,underived,,,1,0,inanimate,A,Cognition,0,0,0,"मु,ा,म,मुख,रा,ारा","mu,mukʰ,ɑːɾɑː,ɑː,ɾɑː,m",ा,,ा,
4441,मुख्यमंत्री,मुख्यमंत्र,mukʰjəmə̃t̪ɾ,chief minister,neutral,F,1,underived,,,1,0,animate,S,Person,0,0,0,"मु,र,्र,त्र,म,मुख","mu,mukʰ,m,ə̃t̪ɾ,ɾ,t̪ɾ",र,ɾ,र,ɾ
4442,मुख्यमंत्री,मुख्यमंत्री,mukʰjəmə̃t̪ɾiː,chief minister,neutral,M,4,underived,,,1,0,animate,S,Person,0,0,0,"मु,री,म,मुख,्री,ी","iː,mu,mukʰ,t̪ɾiː,m,ɾiː",ी,,ी,
4443,मुख्यालय,मुख्यालय,mukʰjɑːljə,headquarters,NotAppl,M,4,underived,,,1,0,inanimate,S,Physical Place,0,0,0,"मु,लय,य,म,मुख,ालय","ljə,mu,mukʰ,m,ə,jə","लय,य","ljə,jə",य,jə
4444,मुगल,मुगल,muɡəl,mughals,NotAppl,M,4,underived,,,0,0,inanimate,Z,Group,0,0,0,"मु,ुगल,म,गल,मुग,ल","mu,m,əl,l,muɡ,ɡəl",,əl,,
4445,मुचलका,मुचलक,mut͡ʃlək,bond,NotAppl,M,2,underived,,,0,0,inanimate,S,Artifact,0,0,0,"मु,लक,म,क,चलक,मुच","k,lək,mu,ək,mut͡ʃ,m",,ək,,
4446,मुजाहिरा,मुजाहिर,mud͡ʒɑːɦɪɾ,mujhaira,NotAppl,M,2,underived,,,0,0,inanimate,Z,Abstract,0,0,0,"मु,र,मुज,िर,म,हिर","ɪɾ,mu,mud͡ʒ,m,ɾ,ɦɪɾ",र,ɾ,र,ɾ
4447,मुट्ठी,मुट्ठ,muʈʈʰ,fist,NotAppl,F,1,underived,,,0,0,inanimate,B,Physiological  State,0,0,0,"मु,्ठ,मुट,म,ट्ठ,ठ","ʈʰ,uʈʈʰ,mu,muʈ,m,ʈʈʰ",,,,
4448,मुठभेड,मुठभेड,muʈʰbʰeːɖ,encounter,neutral,F,3,underived,,,1,0,inanimate,S,Action,0,0,0,"मु,ड,भेड,म,मुठ,ेड","eːɖ,mu,ɖ,bʰeːɖ,m,muʈʰ",,,,
4449,मुठभेड,मुठभेड,muʈʰbʰeːɖ,encounter,neutral,M,4,underived,,,1,0,inanimate,S,Action,0,0,0,"मु,ड,भेड,म,मुठ,ेड","eːɖ,mu,ɖ,bʰeːɖ,m,muʈʰ",,,,
4451,मुतवल्ली,मुतवल्ली,mut̪ʋəlliː,mutawalli,NotAppl,M,4,underived,,,0,0,inanimate,Z,Occupation,0,1,0,"मुत,मु,्ली,ली,म,ी","iː,mu,lliː,liː,m,mut̪",ी,,ी,
4452,मुद्दा,मुद्द,mud̪d̪,issue,NotAppl,M,2,underived,,,0,0,inanimate,X,Communication,0,0,0,"द,मु,मुद,्द,द्द,म","mud̪,d̪,mu,m,ud̪d̪,d̪d̪",,,,
4453,मुद्रा,मुद्रा,mud̪ɾɑː,currency,NotAppl,F,3,underived,,,0,0,inanimate,I,Physiological  State,0,0,1,"मु,मुद,ा,म,्रा,रा","mud̪,d̪ɾɑː,mu,ɑː,ɾɑː,m","ा,्रा",,ा,
4454,मुनाफा,मुनाफा,mun̪ɑːpʰɑː,profit,NotAppl,M,4,underived,,,0,0,inanimate,I,possession,0,0,0,"मु,ा,मुन,म,फा,ाफा","mu,ɑː,m,mun̪,ɑːpʰɑː,pʰɑː",ा,,ा,
4455,मुनाफावसूली,मुनाफावसूल,mun̪ɑːpʰɑːʋs̪uːl,profit booking,NotAppl,F,1,underived,,,1,0,inanimate,Q,Abstract,0,0,0,"मु,सूल,मुन,म,ूल,ल","mu,uːl,m,l,mun̪,s̪uːl",,,,
4456,मुफ्त,मुफ्त,mupʰt̪,free,NotAppl,M,4,underived,,,0,0,inanimate,S,Qualitative,0,0,0,"मु,्त,त,मुफ,म,फ्त","mu,t̪,m,upʰt̪,pʰt̪,mupʰ","्त,त",t̪,"्त,त",t̪
4457,मुबारकबाद,मुबारकबाद,mubɑːɾəkbɑːd̪,congratulations,NotAppl,F,3,underived,,,1,0,inanimate,Q,Communication,0,0,0,"द,मु,बाद,म,ाद,मुब","d̪,ɑːd̪,mu,bɑːd̪,m,mub",,,,
4458,मुराद,मुराद,muɾɑːd̪,intention,NotAppl,F,3,underived,,,0,0,inanimate,X,Psychological Feature,0,1,0,"द,मु,राद,म,ाद,मुर","d̪,ɑːd̪,ɾɑːd̪,mu,m,muɾ",,,,
4459,मुर्गा,मुर्ग,muɾɡ,cock,NotAppl,M,2,underived,,,0,0,inanimate,L,Birds,0,0,0,"मु,र्ग,्ग,म,ग,मुर","mu,m,uɾɡ,muɾ,ɡ,ɾɡ","र्ग,ग","ɡ,ɾɡ",,ɡ
4461,मुलाकात,मुलाकात,mulɑːkɑːt̪,appointment,NotAppl,F,4,inquiry,,,0,1,inanimate,T,Action,0,0,0,"मु,कात,त,म,मुल,ात","mu,t̪,ɑːt̪,m,mul,kɑːt̪",त,t̪,त,t̪
4462,मुलाजिम,मुलाजिम,mulɑːd͡ʒɪm,employee,NotAppl,M,4,underived,,,0,0,animate,I,Person,0,0,0,"मु,जिम,म,मुल,िम","mu,ɪm,m,mul,d͡ʒɪm",,,,
4463,मुलायम,मुलायम,mulɑːjəm,soft,NotAppl,M,4,underived,,,0,0,inanimate,O,Qualitative,0,1,0,"मु,ायम,म,मुल,यम","əm,mu,m,mul,jəm",यम,jəm,,
4464,मुल्क,मुल्क,mulk,country,NotAppl,M,4,underived,,,0,0,inanimate,G,Physical Place,0,1,0,"ल्क,मु,्क,म,मुल,क","k,mu,m,mul,ulk,lk",,,,
4465,मुवक्किल,मुवक्किल,muʋəkkɪl,client,NotAppl,M,4,underived,,,0,0,animate,I,Person,0,1,0,"मु,मुव,म,किल,ल,िल","mu,ɪl,muʋ,m,l,kɪl",,,,
4466,मुश्किल,मुश्किल,muʃkɪl,difficult,NotAppl,F,3,underived,,,0,0,inanimate,A,State,0,1,0,"मु,मुश,म,किल,ल,िल","mu,ɪl,m,l,muʃ,kɪl",,,,
4467,मुसलमान,मुसलमान,mus̪əlmɑːn̪,muslim,NotAppl,M,4,underived,,,1,0,animate,S,Person,0,1,0,"ान,मु,मुस,न,म,मान","n̪,mu,ɑːn̪,m,mɑːn̪,mus̪",,,,
4468,मुसीबत,मुसीबत,mus̪iːbət̪,trouble,NotAppl,F,3,underived,,,0,0,inanimate,E,State,0,1,0,"मु,बत,त,मुस,म,ीबत","bət̪,mu,t̪,m,ət̪,mus̪","बत,त","bət̪,t̪",त,t̪
4469,मुस्कान,मुस्कान,mus̪kɑːn̪,smile,NotAppl,F,3,underived,,,0,0,inanimate,E,Physical,0,0,0,"ान,मु,कान,मुस,न,म","n̪,mu,ɑːn̪,m,kɑːn̪,mus̪",,,,
4470,मुस्कुराहट,मुस्कुराहट,mus̪kuɾɑːɦəʈ,smile,NotAppl,F,3,underived,,,0,0,inanimate,E,Physical,0,0,0,"मु,ट,ाहट,मुस,म,हट","əʈ,mu,ɦəʈ,m,ʈ,mus̪",,əʈ,,
4471,मुस्तैदी,मुस्तैद,mus̪t̪əɪd̪,promptness,NotAppl,F,1,abstract1,abstract1,abstract1,0,1,inanimate,N,Action,0,1,0,"द,मु,मुस,म,ैद,तैद","d̪,mu,m,əɪd̪,ɪd̪,mus̪",,,,
4473,मुस्लिम,मुस्लिम,mus̪lɪm,muslim,NotAppl,M,4,underived,,,0,0,animate,S,Person,0,0,0,"मु,मुस,म,िम,लिम","mu,ɪm,m,mus̪,lɪm",,,,
4474,मुहब्बत,मुहब्बत,muɦəbbət̪,love,NotAppl,F,3,underived,,,0,0,inanimate,S,Psychological Feature,0,1,0,"मु,्बत,बत,त,म,मुह","mu,t̪,m,ət̪,muɦ,bət̪","बत,त","t̪,bət̪",त,t̪
4475,मुहर,मुहर,muɦəɾ,seal,NotAppl,F,3,underived,,,0,0,inanimate,Q,Artifact,0,1,0,"मु,हर,र,म,मुह,ुहर","mu,ɦəɾ,m,muɦ,ɾ,əɾ",र,"ɾ,əɾ",र,"ɾ,əɾ"
4476,मुहल्ला,मुहल्ल,muɦəll,locality,NotAppl,M,2,underived,,,0,0,inanimate,M,Physical Place,0,1,0,"मु,्ल,म,मुह,ल्ल,ल","əll,mu,ll,m,muɦ,l",,,,
4477,मुहाजीर,मुहाजीर,muɦɑːd͡ʒiːɾ,muhajir,NotAppl,M,4,underived,,,0,0,inanimate,Z,Common Noun,0,0,0,"जीर,मु,ीर,र,म,मुह","d͡ʒiːɾ,mu,m,muɦ,ɾ,iːɾ",र,ɾ,र,ɾ
4478,मुहाना,मुहान,muɦɑːn̪,estuary,NotAppl,M,2,underived,,,0,0,inanimate,W,Physical Place,0,0,0,"ान,मु,हान,न,मुह,म","mu,ɑːn̪,m,muɦ,ɦɑːn̪,n̪",,,,
4479,मुहिम,मुहिम,muɦɪm,campaign,NotAppl,F,3,underived,,,0,0,inanimate,X,Action,0,1,0,"मु,म,मुह,हिम,िम","ɦɪm,mu,ɪm,m,muɦ",,,,
4480,मुहैया,मुहैय,muɦɪjə,provided,NotAppl,M,2,underived,,,0,0,inanimate,A,Qualitative,0,1,0,"मु,य,म,मुह,हैय,ैय","mu,m,muɦ,ɪjə,ə,jə",य,jə,य,jə
4481,मूंग,मूंग,mũːɡ,green gram,NotAppl,F,3,underived,,,0,0,inanimate,Z,Natural Object,0,0,0,"मू,म,ूंग,मूं,ंग,ग","ũːɡ,mũːɡ,m,ɡ,mũː","ंग,ग",ɡ,ंग,ɡ
4482,मूंगा,मूंग,mũːɡ,coral,NotAppl,M,2,underived,,,0,0,inanimate,O,Natural Object,0,0,0,"मू,म,ूंग,मूं,ंग,ग","ũːɡ,mũːɡ,m,ɡ,mũː","ंग,ग",ɡ,ंग,ɡ
4483,मूक,मूक,muːk,mute,NotAppl,M,4,underived,,,0,0,animate,X,Person,0,0,0,"मू,ूक,म,मूक,क","k,muːk,uːk,m,muː",,,,
4484,मूड,मूड,muːɖ,mood,NotAppl,M,4,underived,,,0,0,inanimate,E,Mental State,0,0,0,"मूड,ड,मू,म,ूड","ɖ,m,muː,uːɖ,muːɖ",,,,
4485,मूर्ति,मूर्त,muːɾt̪,statue,NotAppl,F,1,underived,,,0,0,inanimate,C,Artifact,0,0,1,"मूर,्त,मू,र्त,त,म","muːɾ,t̪,ɾt̪,m,muː,uːɾt̪","्त,त","t̪,uːɾt̪","्त,त",t̪
4486,मूर्तिकार,मूर्तिकार,muːɾt̪ɪkɑːɾ,sculptor,NotAppl,M,4,agentive_activity1,agentive_activity1,agentive_activity1,0,1,animate,C,Person,0,0,0,"मूर,मू,ार,र,म,कार","muːɾ,kɑːɾ,m,muː,ɾ,ɑːɾ","ार,र","ɾ,ɑːɾ",र,ɾ
4487,मूर्ती,मूर्त,muːɾt̪,idol,NotAppl,F,1,underived,,,0,0,inanimate,S,Artifact,0,0,0,"मूर,्त,मू,र्त,त,म","muːɾ,t̪,ɾt̪,m,muː,uːɾt̪","्त,त","t̪,uːɾt̪","्त,त",t̪
4488,मूल,मूल,muːl,original,NotAppl,M,4,underived,,,0,0,inanimate,T,property,0,0,0,"मू,म,मूल,ूल,ल","uːl,m,muː,l,muːl",,,,
4489,मूल्य,मूल्य,muːljə,value,NotAppl,M,4,underived,,,0,0,inanimate,A,property,0,0,1,"मू,्य,य,म,मूल,ल्य","ljə,m,muː,ə,muːl,jə","्य,य","ljə,jə",य,jə
4490,मूल्यांकन,मूल्यांकन,muːljɑ̃ːkən̪,evaluation,NotAppl,M,4,underived,,,1,0,inanimate,A,Physical,0,0,0,"मू,कन,न,मूल,म,ंकन","n̪,m,muː,kən̪,muːl,ən̪",,,,
4491,मृतक,मृतक,mɾɨt̪ək,deceased,NotAppl,M,4,underived,,,0,0,inanimate,L,Natural Object,0,0,1,"ृतक,म,मृत,क,मृ,तक","k,t̪ək,ək,mɾ,m,mɾɨ",,ək,,
4492,मृत्यु,मृत्यु,mɾɨt̪ju,death,NotAppl,F,3,underived,,,0,0,inanimate,L,physical State,0,0,1,"ु,यु,म,मृत,्यु,मृ","u,t̪ju,mɾ,m,ju,mɾɨ",,,,
4493,मृत्युदंड,मृत्युदंड,mɾɨt̪jud̪ə̃ɖ,capital punishment,NotAppl,M,4,underived,,,1,0,inanimate,G,Action,0,0,0,"ड,म,ंड,मृत,दंड,मृ","ə̃ɖ,ɖ,mɾ,m,d̪ə̃ɖ,mɾɨ",,,,
4494,मृदाकला,मृदाकला,mɾɨd̪ɑːklɑː,soil art,NotAppl,F,3,underived,,,1,0,inanimate,O,Art,0,0,0,"ा,ला,म,कला,मृद,मृ","klɑː,ɑː,mɾ,m,lɑː,mɾɨ","ा,ला",lɑː,"ा,ला",lɑː
4495,मेंटल,मेंटल,mẽːʈəl,mental,NotAppl,M,4,underived,,,0,0,inanimate,X,Relational,1,0,0,"में,टल,म,मे,ंटल,ल","mẽːʈ,ʈəl,mẽː,m,əl,l",,əl,,
4496,मेंटीनेंस,मेंटीनेंस,mẽːʈiːn̪ẽːs̪,maintenance,NotAppl,M,4,underived,,,0,0,inanimate,A,Applied Sciences,1,0,0,"स,में,ेंस,ंस,म,मे","mẽːʈ,ẽːs̪,mẽː,m,s̪,n̪ẽːs̪",,,,
4497,मेंटेनेंस,मेंटेनेंस,mẽːʈeːn̪ẽːs̪,maintenance,NotAppl,F,0,underived,,,0,0,inanimate,A,Applied Sciences,1,0,0,"स,में,ेंस,ंस,म,मे","mẽːʈ,ẽːs̪,mẽː,m,s̪,n̪ẽːs̪",,,,
4498,मेंबर,मेंबर,mẽːbəɾ,member,NotAppl,M,4,underived,,,0,0,animate,S,Noun,1,0,0,"ंबर,में,र,बर,म,मे","mẽː,m,ɾ,mẽːb,bəɾ,əɾ",र,"ɾ,əɾ",र,"ɾ,əɾ"
4499,मेकर,मेकर,meːkəɾ,maker,NotAppl,M,4,underived,,,0,0,inanimate,A,Common Noun,1,0,0,"कर,र,मेक,म,मे,ेकर","meːk,meː,m,ɾ,kəɾ,əɾ","कर,र","ɾ,kəɾ,əɾ","कर,र","ɾ,kəɾ,əɾ"
4501,मेगावॉट,मेगावॉट,meːɡɑːʋɔʈ,megawatt,NotAppl,M,4,underived,,,0,0,inanimate,Z,Measurement,1,0,0,"ट,वॉट,मेग,ॉट,म,मे","meː,m,ʈ,ɔʈ,ʋɔʈ,meːɡ",,,,
4502,मेज,मेज,meːd͡ʒ,table,NotAppl,F,3,underived,,,0,0,inanimate,H,Artifact,1,0,0,"मेज,म,मे,ज,ेज","eːd͡ʒ,meː,d͡ʒ,m,meːd͡ʒ",,,,
4504,मेजर,मेजर,meːd͡ʒəɾ,major,NotAppl,M,4,underived,,,0,0,animate,A,Person,1,0,0,"र,मेज,म,मे,जर,ेजर","d͡ʒəɾ,meː,m,ɾ,əɾ,meːd͡ʒ",र,"ɾ,əɾ",र,"ɾ,əɾ"
4505,मेज़बान,मेज़बान,meːzbɑːn̪,host,NotAppl,M,4,underived,,,0,0,animate,S,Person,0,0,0,"ान,मेज,न,म,मे,बान","meːz,ɑːn̪,meː,m,n̪,bɑːn̪",बान,bɑːn̪,,
4506,मेटल,मेटल,meːʈəl,metal,NotAppl,M,4,underived,,,0,0,inanimate,O,Object,1,0,0,"टल,म,मेट,मे,ेटल,ल","meːʈ,ʈəl,meː,m,əl,l",,əl,,
4507,मेट्रो,मेट्र,meːʈɾə,metro,neutral,F,0,underived,,,0,0,inanimate,M,Artifact,1,0,0,"र,ट्र,्र,म,मेट,मे","meːʈ,ʈɾə,meː,ɾə,m,ə",र,,र,
4508,मेट्रो,मेट्र,meːʈɾə,metro,neutral,M,0,underived,,,0,0,inanimate,M,Artifact,1,0,0,"र,ट्र,्र,म,मेट,मे","meːʈ,ʈɾə,meː,ɾə,m,ə",र,,र,
4509,मेट्रोपोलिटन,मेट्रोपोलिटन,meːʈɾoːpoːlɪʈən̪,metropolitan,NotAppl,M,4,underived,,,0,0,inanimate,M,Common Noun,1,0,0,"टन,िटन,न,मेट,मे,म","meːʈ,ʈən̪,meː,m,ən̪,n̪",,,,
4510,मेडिकल,मेडिकल,meːɖɪkəl,medical,NotAppl,M,4,underived,,,0,0,inanimate,B,Relational,1,0,0,"िकल,म,मे,कल,मेड,ल","kəl,meː,m,əl,meːɖ,l",,əl,,
4511,मेम,मेम,meːm,mam,NotAppl,F,3,underived,,,0,0,inanimate,Z,Person,1,0,0,"मे,ेम,मेम,म","meː,eːm,m,meːm",,eːm,,
4512,मेरिट,मेरिट,meːɾɪʈ,merit,NotAppl,M,4,underived,,,0,0,inanimate,S,Common Noun,1,0,0,"ट,मेर,म,मे,िट,रिट","ɪʈ,meː,m,ʈ,meːɾ,ɾɪʈ",,ɪʈ,,
4513,मेल,मेल,meːl,match,homophones,F,3,underived,,,0,0,inanimate,A,Communication,0,0,0,"ेल,म,मे,मेल,ल","meː,m,meːl,l,eːl",,,,
4514,मेल,मेल,meːl,match,homophones,M,4,underived,,,0,0,inanimate,A,Communication,0,0,0,"ेल,म,मे,मेल,ल","meː,m,meːl,l,eːl",,,,
4515,मेलजोल,मेलजोल,meːld͡ʒoːl,liaison,NotAppl,M,4,underived,,,1,0,inanimate,S,Anti-social,0,0,0,"जोल,ोल,म,मे,मेल,ल","d͡ʒoːl,oːl,meː,m,meːl,l",,,,
4516,मेला,मेल,meːl,festival,NotAppl,M,2,underived,,,0,0,inanimate,K,Action,0,0,0,"ेल,म,मे,मेल,ल","meː,m,meːl,l,eːl",,,,
4517,मेस,मेस,meːs̪,mess,NotAppl,F,0,underived,,,0,0,inanimate,O,Physical Place,1,0,0,"स,ेस,मेस,म,मे","meːs̪,meː,m,eːs̪,s̪",,,,
4518,मेहनत,मेहनत,meːɦn̪ət̪,hard work,NotAppl,F,3,underived,,,0,0,inanimate,A,Physical,0,1,0,"हनत,त,म,नत,मे,मेह","t̪,meː,m,ət̪,n̪ət̪,meːɦ","त,नत,मेह","t̪,n̪ət̪,meːɦ",त,t̪
4519,मेहमान,मेहमान,meːɦmɑːn̪,guest,NotAppl,M,4,underived,,,0,0,animate,H,Person,0,1,0,"ान,न,म,मे,मेह,मान","ɑːn̪,meː,m,mɑːn̪,n̪,meːɦ",मेह,meːɦ,,
4520,मेहर,मेहर,meːɦəɾ,meher,NotAppl,F,3,underived,,,0,0,inanimate,Z,Artifact,0,0,0,"हर,र,म,मे,मेह,ेहर","ɦəɾ,meː,m,ɾ,əɾ,meːɦ","र,मेह","ɾ,əɾ,meːɦ",र,"ɾ,əɾ"
4521,मेहरबानी,मेहरबान,meːɦəɾbɑːn̪,obligation,NotAppl,F,1,abstract1,abstract1,abstract1,0,1,inanimate,S,Physical State,0,1,0,"ान,न,म,मे,मेह,बान","ɑːn̪,meː,m,n̪,bɑːn̪,meːɦ","मेह,बान","bɑːn̪,meːɦ",,
4522,मेहराब,मेहराब,meːɦɾɑːb,arch,NotAppl,F,3,underived,,,0,0,inanimate,X,Artifact,0,1,0,"म,मे,ाब,मेह,ब,राब","meː,m,b,ɾɑːb,ɑːb,meːɦ",मेह,meːɦ,,
4523,मैगजीन,मैगजीन,məɪɡd͡ʒiːn̪,magazines,neutral,F,3,underived,,,0,0,inanimate,Q,Artifact,1,0,0,"मैग,जीन,न,म,ीन,मै","mə,iːn̪,d͡ʒiːn̪,m,məɪ,n̪",,,,
4524,मैगजीन,मैगजीन,məɪɡd͡ʒiːn̪,magazines,neutral,M,4,underived,,,0,0,inanimate,Q,Artifact,1,0,0,"मैग,जीन,न,म,ीन,मै","mə,iːn̪,d͡ʒiːn̪,m,məɪ,n̪",,,,
4525,मैच,मैच,məɪt͡ʃ,match,NotAppl,M,4,underived,,,0,0,inanimate,A,Action,0,0,0,"ैच,म,च,मैच,मै","mə,t͡ʃ,m,əɪt͡ʃ,məɪ,ɪt͡ʃ",,,,
4526,मैटल,मैटल,məɪʈəl,mattel,NotAppl,M,4,underived,,,0,0,inanimate,Z,Common Noun,1,0,0,"टल,ैटल,म,मैट,ल,मै","mə,ʈəl,m,əl,məɪ,l",,əl,,
4527,मैटेरियल,मैटेरियल,məɪʈeːɾɪjəl,material,NotAppl,M,4,underived,,,0,0,inanimate,O,Physical State,1,0,0,"यल,ियल,म,मैट,ल,मै","mə,m,əl,jəl,məɪ,l",,əl,,
4528,मैडम,मैडम,məɪɖəm,madam,neutral,F,3,underived,,,0,0,animate,S,Person,1,0,0,"मैड,डम,ैडम,म,मै","mə,əm,m,ɖəm,məɪ",,,,
4529,मैडम,मैडम,məɪɖəm,madam,neutral,M,4,underived,,,0,0,animate,S,Common Noun,1,0,0,"मैड,डम,ैडम,म,मै","mə,əm,m,ɖəm,məɪ",,,,
4530,मैत्री,मैत्री,məɪt̪ɾiː,friendship,NotAppl,F,3,underived,,,0,0,inanimate,S,State,0,0,1,"री,म,मैत,्री,मै,ी","mə,iː,t̪ɾiː,m,məɪ,ɾiː",ी,,ी,
4531,मैदान,मैदान,məɪd̪ɑːn̪,field,NotAppl,M,4,underived,,,0,0,inanimate,F,Physical Place,0,1,0,"ान,मैद,न,म,दान,मै","mə,ɑːn̪,d̪ɑːn̪,m,məɪ,n̪",दान,d̪ɑːn̪,,
4532,मैन,मैन,məɪn̪,man,NotAppl,M,4,underived,,,0,0,animate,S,Common Noun,0,0,0,"मैन,ैन,न,म,मै","mə,əɪn̪,m,məɪ,ɪn̪,n̪",,,,
4533,मैनेजमेंट,मैनेजमेंट,məɪn̪eːd͡ʒmẽːʈ,management,NotAppl,M,4,underived,,,0,0,inanimate,S,Occupation,1,0,0,"ट,ेंट,मैन,ंट,म,मै","mə,mẽːʈ,m,ʈ,məɪ,ẽːʈ","ेंट,ंट",ẽːʈ,,
4534,मैनेजर,मैनेजर,məɪn̪eːd͡ʒəɾ,manager,NotAppl,M,4,underived,,,0,0,animate,S,Person,1,0,0,"मैन,र,म,जर,मै,ेजर","mə,d͡ʒəɾ,m,ɾ,məɪ,əɾ",र,"ɾ,əɾ",र,"ɾ,əɾ"
4535,मैप,मैप,məɪp,map,NotAppl,M,4,underived,,,0,0,inanimate,Q,Common Noun,1,0,0,"प,ैप,म,मैप,मै","mə,əɪp,m,p,məɪ,ɪp",,,,
4536,मैपिंग,मैपिंग,məɪpɪ̃ɡ,mappings,NotAppl,F,3,underived,,,0,0,inanimate,Q,Common Noun,1,0,0,"म,ग,िंग,ंग,मैप,मै","mə,m,ɪ̃ɡ,məɪ,ɡ,pɪ̃ɡ","ग,िंग,ंग","ɪ̃ɡ,ɡ","िंग,ंग","ɪ̃ɡ,ɡ"
4537,मैया,मैया,məɪjɑː,mother,NotAppl,F,3,underived,,,0,0,animate,S,Person,0,0,0,"ा,मैय,या,म,ैया,मै","mə,ɪjɑː,ɑː,m,jɑː,məɪ","ा,या",jɑː,ा,
4538,मैरिज,मैरिज,məɪɾɪd͡ʒ,marriage,NotAppl,F,3,underived,,,0,0,inanimate,S,Social,1,0,0,"म,रिज,ज,िज,मै,मैर","mə,d͡ʒ,m,məɪ,ɾɪd͡ʒ,ɪd͡ʒ",,,,
4539,मैसर्स,मैसर्स,məɪs̪əɾs̪,m/s,NotAppl,M,4,underived,,,0,0,inanimate,Z,Title,1,0,0,"स,र्स,मैस,म,्स,मै","mə,m,məɪ,s̪,əɾs̪,ɾs̪",,,,
4540,मैसेंजर,मैसेंजर,məɪs̪ẽːd͡ʒəɾ,messenger,NotAppl,M,4,underived,,,0,0,inanimate,Q,Communication,1,0,0,"र,मैस,म,ंजर,जर,मै","mə,d͡ʒəɾ,m,ɾ,məɪ,əɾ",र,"ɾ,əɾ",र,"ɾ,əɾ"
4541,मॉडल,मॉडल,mɔɖəl,model,neutral,F,3,underived,,,0,0,inanimate,A,Artifact,1,0,0,"ॉडल,डल,मॉ,म,ल,मॉड","mɔ,m,əl,l,ɖəl,mɔɖ",,əl,,
4542,मॉडल,मॉडल,mɔɖəl,model,neutral,M,4,underived,,,0,0,inanimate,A,Artifact,1,0,0,"ॉडल,डल,मॉ,म,ल,मॉड","mɔ,m,əl,l,ɖəl,mɔɖ",,əl,,
4543,मॉडलिंग,मॉडलिंग,mɔɖlɪ̃ɡ,modeling,NotAppl,F,3,underived,,,0,0,inanimate,A,Action,1,0,0,"मॉ,म,िंग,ंग,ग,मॉड","mɔ,m,lɪ̃ɡ,ɪ̃ɡ,ɡ,mɔɖ","िंग,ंग,ग","lɪ̃ɡ,ɪ̃ɡ,ɡ","िंग,ंग","ɪ̃ɡ,ɡ"
4544,मॉल,मॉल,mɔl,mall,NotAppl,M,0,underived,,,0,0,inanimate,I,Artifact,1,0,0,"ॉल,मॉ,म,मॉल,ल","mɔl,mɔ,m,ɔl,l",,,,
4545,मोच,मोच,moːt͡ʃ,sprain,NotAppl,F,3,underived,,,0,0,inanimate,B,Physiological  State,0,0,1,"मो,म,च,ोच,मोच","t͡ʃ,m,moːt͡ʃ,moː,oːt͡ʃ",,,,
4546,मोटर,मोटर,moːʈəɾ,motor,neutral,F,3,underived,,,0,0,inanimate,M,Artifact,1,0,0,"मो,र,ोटर,म,टर,मोट","ʈəɾ,m,ɾ,moː,əɾ,moːʈ","र,टर","ʈəɾ,ɾ,əɾ","र,टर","ʈəɾ,ɾ,əɾ"
4547,मोटर,मोटर,moːʈəɾ,motor,neutral,M,4,underived,,,0,0,inanimate,M,Artifact,1,0,0,"मो,र,ोटर,म,टर,मोट","ʈəɾ,m,ɾ,moː,əɾ,moːʈ","र,टर","ʈəɾ,ɾ,əɾ","र,टर","ʈəɾ,ɾ,əɾ"
4548,मोटरसाइकिल,मोटरसाइकिल,moːʈəɾs̪ɑːɪkɪl,motorcycle,NotAppl,F,3,underived,,,0,0,inanimate,M,Artifact,1,0,0,"मो,म,किल,ल,िल,मोट","ɪl,m,l,moː,moːʈ,kɪl",,,,
4549,मोटाई,मोटा,moːʈɑː,thickness,NotAppl,F,1,abstract1,abstract1,abstract1,0,1,inanimate,N,Physiological  State,0,0,0,"मो,ा,म,ोटा,टा,मोट","oːʈɑː,ɑː,m,ʈɑː,moː,moːʈ",ा,,ा,
4550,मोड,मोड,moːɖ,mode,NotAppl,M,4,underived,,,0,0,inanimate,X,Direction,1,0,0,"ड,मो,म,मोड,ोड","moːɖ,oːɖ,ɖ,m,moː",,,,
4552,मोदी,मोदी,moːd̪iː,modi,NotAppl,M,0,underived,,,0,0,animate,Z,Person,0,0,0,"मो,ोदी,म,दी,ी,मोद","iː,m,moːd̪,oːd̪iː,moː,d̪iː",ी,,ी,
4553,मोनोपली,मोनोपल,moːn̪oːpəl,monopoly,NotAppl,F,1,underived,,,0,0,inanimate,S,Common Noun,1,0,0,"पल,मो,म,मोन,ोपल,ल","moːn̪,m,əl,l,moː,pəl",,əl,,
4554,मोबाइल,मोबाइल,moːbɑːɪl,mobile,NotAppl,M,0,underived,,,0,0,inanimate,O,Artifact,1,0,0,"मो,ाइल,इल,म,ल,मोब","ɑːɪl,ɪl,m,l,moː,moːb",,,,
4555,मोबाइलधारक,मोबाइलधारक,moːbɑːɪld̪ʰɑːɾək,mobile holder,NotAppl,M,4,underived,,,0,0,inanimate,T,Common Noun,1,0,0,"मो,ारक,म,रक,क,मोब","k,ək,m,moː,moːb,ɾək",,ək,,
4556,मोम,मोम,moːm,wax,NotAppl,M,4,underived,,,0,0,inanimate,O,Natural Object,0,1,0,"ोम,मो,मोम,म","moː,moːm,m,oːm",,,,
4557,मोमबत्ती,मोमबत्त,moːmbət̪t̪,candle,NotAppl,F,1,underived,,,1,0,inanimate,O,Artifact,0,0,0,"्त,मो,त्त,मोम,त,म","ət̪t̪,t̪,t̪t̪,m,moːm,moː","्त,त्त,त","ət̪t̪,t̪,t̪t̪","्त,त",t̪
4558,मोर,मोर,moːɾ,peacock,NotAppl,M,4,underived,,,0,0,animate,L,Birds,0,0,0,"मो,ोर,र,मोर,म","moːɾ,oːɾ,m,ɾ,moː",र,ɾ,र,ɾ
4560,मोर्चा,मोर्चा,moːɾt͡ʃɑː,front,NotAppl,M,4,underived,,,0,0,inanimate,M,Group,0,0,0,"मो,ा,मोर,म,चा,्चा","t͡ʃɑː,ɑː,moːɾ,m,ɾt͡ʃɑː,moː",ा,,ा,
4561,मोर्टार,मोर्टार,moːɾʈɑːɾ,mortar,NotAppl,M,4,underived,,,0,0,inanimate,O,Common Noun,1,0,0,"मो,ार,र,मोर,म,टार","moːɾ,m,ɾ,ɑːɾ,ʈɑːɾ,moː","ार,र","ɾ,ɑːɾ",र,ɾ
4562,मोल,मोल,moːl,mole,NotAppl,M,4,underived,,,0,0,inanimate,B,Action,1,0,0,"मोल,मो,ोल,म,ल","oːl,m,moːl,l,moː",,,,
4563,मोह,मोह,moːɦ,fascination,NotAppl,M,4,underived,,,0,0,inanimate,X,Action,0,0,0,"मो,ोह,ह,म,मोह","ɦ,m,moːɦ,oːɦ,moː",ोह,oːɦ,,
4564,मोहब्बत,मोहब्बत,moːɦəbbət̪,love,NotAppl,F,3,underived,,,0,0,inanimate,S,Emotion,0,0,0,"्बत,बत,मो,त,म,मोह","t̪,m,ət̪,moːɦ,moː,bət̪","बत,त","t̪,bət̪",त,t̪
4565,मोहर,मोहर,moːɦəɾ,seal,NotAppl,F,3,underived,,,0,0,inanimate,Q,Artifact,0,0,0,"मो,हर,र,म,ोहर,मोह","ɦəɾ,m,ɾ,moːɦ,moː,əɾ",र,"ɾ,əɾ",र,"ɾ,əɾ"
4566,मोहल्ला,मोहल्ल,moːɦəll,neighborhood,NotAppl,M,2,underived,,,0,0,inanimate,N,Physical Place,0,0,0,"मो,्ल,म,ल्ल,ल,मोह","əll,ll,m,l,moːɦ,moː",,,,
4567,मौका,मौक,məuk,opportunity,NotAppl,M,2,underived,,,0,0,inanimate,A,Period,0,0,0,"ौक,म,मौक,मौ,क","mə,k,məu,m,uk,əuk",,,,
4568,मौज,मौज,məud͡ʒ,fun,NotAppl,M,4,underived,,,0,0,inanimate,E,Natural Object,0,1,0,"मौज,म,ज,मौ,ौज","mə,məu,d͡ʒ,m,ud͡ʒ,əud͡ʒ",,,,
4569,मौजदूगी,मौजदूग,məud͡ʒd̪uːɡ,presence,NotAppl,F,1,abstract1,abstract1,abstract1,0,1,inanimate,M,Abstract,0,0,0,"दूग,मौज,म,मौ,ग,ूग","mə,d̪uːɡ,məu,uːɡ,m,ɡ",ग,ɡ,,ɡ
4571,मौत,मौत,məut̪,death,neutral,F,3,underived,,,0,0,inanimate,L,physical State,0,1,0,"मौत,ौत,त,म,मौ","mə,əut̪,ut̪,məu,t̪,m",त,t̪,त,t̪
4572,मौत,मौत,məut̪,death,neutral,M,4,underived,,,0,0,inanimate,L,physical State,0,1,0,"मौत,ौत,त,म,मौ","mə,əut̪,ut̪,məu,t̪,m",त,t̪,त,t̪
4573,मौद्रक,मौद्रक,məud̪ɾək,monetary,NotAppl,F,3,underived,,,0,0,inanimate,I,Physical State,0,0,0,"मौद,म,रक,मौ,क,्रक","mə,k,məu,ək,m,ɾək",,ək,,
4574,मौन,मौन,məun̪,silence,NotAppl,M,4,underived,,,0,0,inanimate,X,Action,0,0,1,"ौन,न,म,मौ,मौन","mə,məu,əun̪,m,n̪,un̪",,,,
4575,मौर्य,मौर्य,məuɾjə,maurya,NotAppl,M,4,underived,,,0,0,inanimate,Z,Group,0,0,0,"मौर,्य,य,म,मौ,र्य","mə,məu,m,ə,jə,ɾjə","्य,य",jə,य,jə
4576,मौलवी,मौलवी,məulʋiː,maulvi,NotAppl,M,4,underived,,,0,0,animate,Z,Person,0,1,0,"मौल,म,मौ,वी,लवी,ी","mə,iː,məu,m,lʋiː,ʋiː",ी,,ी,
4577,मौलाना,मौलान,məulɑːn̪,maulana,NotAppl,M,2,underived,,,0,0,inanimate,Z,Religion,0,0,0,"ान,मौल,न,म,मौ,लान","mə,məu,ɑːn̪,m,n̪,lɑːn̪",,,,
4578,मौसम,मौसम,məus̪əm,season,NotAppl,M,4,underived,,,0,0,inanimate,T,physical State,0,1,0,"म,मौ,सम,मौस,ौसम","mə,əm,məu,m,s̪əm",,,,
4579,म्यूजिक,म्यूजिक,mjuːd͡ʒɪk,music,NotAppl,M,4,underived,,,0,0,inanimate,K,Art,1,0,0,"म,म्,िक,म्य,क,जिक","k,ɪk,m,mj,mjuː,d͡ʒɪk",,,,
4580,म्यूजियम,म्यूजियम,mjuːd͡ʒɪjəm,museum,NotAppl,M,4,underived,,,0,0,inanimate,T,Physical Place,1,0,0,"म,म्,म्य,ियम,यम","əm,m,mj,jəm,mjuː","ियम,यम",jəm,,
4581,यंगस्टर,यंगस्टर,jə̃ɡəs̪ʈəɾ,youngster,NotAppl,M,5,underived,,,0,0,animate,T,Common Noun,1,0,0,"र,यं,्टर,य,यंग,टर","j,jə̃,ɾ,jə̃ɡ,əɾ,ʈəɾ","र,्टर,य,टर","ɾ,əɾ,ʈəɾ","र,्टर,य,टर","ɾ,əɾ,ʈəɾ"
4582,यकीन,यकीन,jəkiːn̪,faith,NotAppl,M,4,underived,,,0,0,inanimate,E,Psychological Feature,0,0,0,"यकी,य,न,कीन,ीन,यक","iːn̪,j,kiːn̪,jək,jə,n̪",य,jə,य,jə
4583,यज्ञ,यज्ञ,jəd͡ʒɲ,yagya,NotAppl,M,4,underived,,,0,0,inanimate,Z,Physical,0,0,1,"यज्,्ञ,यज,ज्ञ,य,ञ","ɲ,j,jəd͡ʒ,əd͡ʒɲ,d͡ʒɲ,jə",य,jə,य,jə
4584,यथास्थिति,यथास्थिति,jət̪ʰɑːs̪t̪ʰɪt̪ɪ,status quo,NotAppl,F,3,underived,,,1,0,inanimate,A,State,0,0,0,"य,ति,ि,यथा,यथ,िति","jət̪ʰ,j,ɪ,t̪ɪ,ɪt̪ɪ,jə","य,ि",jə,"य,ि",jə
4585,यमुनोत्री,यमुनोत्र,jəmun̪oːt̪ɾ,yamunotri,NotAppl,F,1,underived,,,1,0,inanimate,Z,Physical Place,0,0,0,"यमु,र,्र,य,त्र,यम","t̪ɾ,j,ɾ,jəm,jə,oːt̪ɾ","र,य,यम","ɾ,jəm,jə","र,य","ɾ,jə"
4586,याचना,याचना,jɑːt͡ʃn̪ɑː,plea,NotAppl,F,3,underived,,,0,0,inanimate,Q,Action,0,0,1,"चना,ा,ना,य,या,याच","j,ɑː,jɑː,n̪ɑː,jɑːt͡ʃ,t͡ʃn̪ɑː","चना,ा,य,या","jɑː,t͡ʃn̪ɑː","ा,य",
4587,याचिका,याचिका,jɑːt͡ʃɪkɑː,petition,NotAppl,F,3,underived,,,0,0,inanimate,Q,Artifact,0,0,1,"ा,य,या,िका,का,याच","kɑː,ɪkɑː,j,ɑː,jɑː,jɑːt͡ʃ","ा,य,या",jɑː,"ा,य",
4588,याचिकाकर्ता,याचिकाकर्ता,jɑːt͡ʃɪkɑːkəɾt̪ɑː,petitioner,NotAppl,M,4,underived,,,1,0,animate,Z,Person,0,0,0,"ा,य,या,ता,्ता,याच","ɾt̪ɑː,j,ɑː,jɑː,t̪ɑː,jɑːt͡ʃ","ा,य,या","ɾt̪ɑː,jɑː","ा,य",
4589,याची,याची,jɑːt͡ʃiː,petitioner,NotAppl,M,4,underived,,,0,0,animate,Z,Person,0,0,0,"ची,य,या,ाची,याच,ी","iː,j,jɑː,t͡ʃiː,ɑːt͡ʃiː,jɑːt͡ʃ","य,या,ी",jɑː,"य,ी",
4590,यातना,यातना,jɑːt̪n̪ɑː,torture,NotAppl,F,3,state_condition3,,,0,1,inanimate,E,Psychological Feature,0,0,1,"ा,ना,य,यात,या,तना","jɑːt̪,j,ɑː,jɑː,n̪ɑː,t̪n̪ɑː","ा,य,या",jɑː,"ा,य",
4591,यातायात,यातायात,jɑːt̪ɑːjɑːt̪,transportation,NotAppl,M,4,underived,,,1,0,inanimate,M,Action,0,0,1,"त,यात,य,या,ात","jɑːt̪,t̪,j,ɑːt̪,jɑː","त,य,या","t̪,jɑː","त,य",t̪
4592,यात्रा,यात्रा,jɑːt̪ɾɑː,travel,NotAppl,F,3,underived,,,0,0,inanimate,M,Action,0,0,1,"ा,य,यात,या,्रा,रा","jɑːt̪,j,ɑː,ɾɑː,jɑː,t̪ɾɑː","ा,य,या,्रा","jɑː,t̪ɾɑː","ा,य",
4593,यात्री,यात्री,jɑːt̪ɾiː,passenger,NotAppl,M,4,underived,,,0,0,animate,M,Person,0,0,1,"री,य,यात,या,्री,ी","iː,jɑːt̪,t̪ɾiː,j,jɑː,ɾiː","य,या,ी",jɑː,"य,ी",
4594,याद,याद,jɑːd̪,memory,neutral,F,3,underived,,,0,0,inanimate,X,Perception,0,1,0,"द,य,या,ाद,याद","d̪,ɑːd̪,j,jɑː,jɑːd̪","य,या",jɑː,य,
4595,याद,याद,jɑːd̪,memory,neutral,M,4,underived,,,0,0,inanimate,X,Perception,0,1,0,"द,य,या,ाद,याद","d̪,ɑːd̪,j,jɑː,jɑːd̪","य,या",jɑː,य,
4596,यादगार,यादगार,jɑːd̪ɡɑːɾ,memorable,neutral,F,3,underived,,,1,0,inanimate,X,Object,0,0,0,"ार,र,य,या,गार,याद","j,ɡɑːɾ,jɑː,ɾ,ɑːɾ,jɑːd̪","ार,र,य,या","jɑː,ɾ,ɑːɾ","र,य",ɾ
4597,यादगार,यादगार,jɑːd̪ɡɑːɾ,memorable,neutral,M,4,underived,,,1,0,inanimate,X,Object,0,0,0,"ार,र,य,या,गार,याद","j,ɡɑːɾ,jɑː,ɾ,ɑːɾ,jɑːd̪","ार,र,य,या","jɑː,ɾ,ɑːɾ","र,य",ɾ
4598,याद्दाश्त,याद्दाश्त,jɑːd̪d̪ɑːʃt̪,memory,NotAppl,F,3,underived,,,1,0,inanimate,X,Cognition,0,0,0,"्त,श्त,त,य,या,याद","ʃt̪,t̪,j,jɑː,ɑːʃt̪,jɑːd̪","्त,त,य,या","t̪,jɑː","्त,त,य",t̪
4599,यान,यान,jɑːn̪,vehicle,NotAppl,M,4,underived,,,0,0,inanimate,M,Artifact,0,0,1,"ान,यान,य,न,या","jɑːn̪,ɑːn̪,j,jɑː,n̪","य,या",jɑː,य,
4600,युग,युग,juɡ,era,NotAppl,M,4,underived,,,0,0,inanimate,T,Mythological Period,0,0,1,"युग,यु,य,ग,ुग","j,juɡ,ɡ,ju,uɡ","य,ग",ɡ,य,ɡ
4601,युगल,युगल,juɡəl,couple,NotAppl,M,4,underived,,,0,0,inanimate,N,Object,0,0,1,"ुगल,युग,यु,य,गल,ल","j,əl,juɡ,l,ju,ɡəl",य,əl,य,
4602,युद्घ,युद्घ,jud̪ɡʰ,war,NotAppl,M,4,underived,,,0,0,inanimate,G,Action,0,0,0,"द्घ,्घ,युद,यु,य,घ","d̪ɡʰ,jud̪,j,ɡʰ,ud̪ɡʰ,ju",य,,य,
4603,युद्घपोत,युद्घपोत,jud̪ɡʰəpoːt̪,battleship,NotAppl,M,4,underived,,,1,0,inanimate,M,Artifact,0,0,0,"पोत,युद,यु,त,य,ोत","t̪,jud̪,j,oːt̪,ju,poːt̪","त,य",t̪,"त,य",t̪
4605,युद्ध,युद्ध,jud̪d̪ʰ,war,NotAppl,M,4,underived,,,0,0,inanimate,G,Physical,0,0,1,"युद,्ध,यु,य,ध,द्ध","d̪d̪ʰ,jud̪,ud̪d̪ʰ,j,d̪ʰ,ju",य,,य,
4606,युद्धक,युद्धक,jud̪d̪ʰək,warfighter,NotAppl,M,4,agentive1,agentive1,agentive1,0,1,animate,Z,Relational,0,0,0,"धक,युद,यु,य,क,्धक","k,jud̪,j,ək,d̪ʰək,ju",य,ək,य,
4607,युद्धपीड़ित,युद्धपीड़ित,jud̪d̪ʰəpiːɽɪt̪,war victims,NotAppl,M,4,underived,,,1,0,inanimate,G,Common Noun,0,0,0,"युद,यु,त,य,ित,़ित","ɪt̪,t̪,jud̪,j,ju,ɽɪt̪","त,य",t̪,"त,य",t̪
4608,युद्धस्तर,युद्धस्तर,jud̪d̪ʰəs̪t̪əɾ,war level,NotAppl,M,4,underived,,,1,0,inanimate,G,Abstract,0,0,0,"तर,र,युद,यु,य,्तर","jud̪,j,ɾ,t̪əɾ,əɾ,ju","र,य","ɾ,əɾ","र,य","ɾ,əɾ"
4609,युवक,युवक,juʋək,young man,NotAppl,M,4,agentive1,agentive1,agentive1,0,1,animate,T,Person,0,0,1,"वक,ुवक,यु,य,क,युव","k,juʋ,j,ək,ʋək,ju",य,ək,य,
4610,युवती,युव,juʋ,maiden,NotAppl,F,1,underived,,,0,0,animate,S,Person,0,0,1,"व,यु,य,युव,ुव","uʋ,juʋ,j,ʋ,ju","व,य",ʋ,"व,य",ʋ
4611,युवराज,युवराज,juʋɾɑːd͡ʒ,prince,NotAppl,M,4,underived,,,1,0,animate,S,Person,0,0,0,"यु,य,राज,ाज,ज,युव","ɑːd͡ʒ,juʋ,j,d͡ʒ,ɾɑːd͡ʒ,ju","य,राज",ɾɑːd͡ʒ,य,
4612,युवा,युवा,juʋɑː,youth,NotAppl,M,4,underived,,,0,0,animate,T,Person,0,0,1,"ा,यु,य,वा,ुवा,युव","juʋ,j,ɑː,uʋɑː,ʋɑː,ju","ा,य",,"ा,य",
4613,यूथ,यूथ,juːt̪ʰ,youth,NotAppl,M,4,underived,,,0,0,inanimate,T,Group,0,0,1,"ूथ,यूथ,य,यू,थ","juːt̪ʰ,j,t̪ʰ,uːt̪ʰ,juː",य,,य,
4614,यूनानी,यूनान,juːn̪ɑːn̪,greek,neutral,F,1,underived,,,0,0,inanimate,Z,Person,0,1,0,"ान,यून,य,न,यू,नान","ɑːn̪,j,juː,juːn̪,n̪,n̪ɑːn̪",य,,य,
4615,यूनानी,यूनानी,juːn̪ɑːn̪iː,greek,neutral,M,4,underived,,,0,0,inanimate,Z,Person,0,1,0,"यून,नी,य,ानी,यू,ी","iː,j,n̪iː,juː,juːn̪,ɑːn̪iː","य,ी",,"य,ी",
4616,यूनिट,यूनिट,juːn̪ɪʈ,unit,neutral,F,3,underived,,,0,0,inanimate,S,Measurement,1,0,0,"यून,ट,य,निट,िट,यू","ɪʈ,j,ʈ,n̪ɪʈ,juː,juːn̪",य,ɪʈ,य,
4617,यूनिट,यूनिट,juːn̪ɪʈ,unit,neutral,M,4,underived,,,0,0,inanimate,S,Measurement,1,0,0,"यून,ट,य,निट,िट,यू","ɪʈ,j,ʈ,n̪ɪʈ,juː,juːn̪",य,ɪʈ,य,
4618,यूनियन,यूनियन,juːn̪ɪjən̪,union,neutral,F,3,underived,,,0,0,inanimate,I,Group,1,0,0,"यून,यन,य,न,यू,ियन","j,jən̪,ən̪,juː,juːn̪,n̪",य,,य,
4619,यूनियन,यूनियन,juːn̪ɪjən̪,union,neutral,M,4,underived,,,0,0,inanimate,I,Group,1,0,0,"यून,यन,य,न,यू,ियन","j,jən̪,ən̪,juː,juːn̪,n̪",य,,य,
4621,यूनीवर्सिटी,यूनीवर्सिट,juːn̪iːʋəɾs̪ɪʈ,university,NotAppl,F,1,underived,,,0,0,inanimate,P,Common Noun,1,0,0,"यून,ट,सिट,य,िट,यू","ɪʈ,j,s̪ɪʈ,ʈ,juː,juːn̪",य,ɪʈ,य,
4622,यूपी,यूप,juːp,up,NotAppl,M,4,underived,,,0,0,inanimate,M,Physical Place,1,0,0,"प,य,ूप,यूप,यू","juːp,j,p,uːp,juː",य,,य,
4623,यूपीए,यूपी,juːpiː,upa,neutral,F,0,underived,,,0,0,inanimate,Z,Group,1,0,0,"य,यू,यूप,पी,ूपी,ी","iː,piː,juːp,j,juː,uːpiː","य,ी",,"य,ी",
4624,यूपीए,यूपी,juːpiː,upa,neutral,M,4,underived,,,0,0,inanimate,Z,Group,1,0,0,"य,यू,यूप,पी,ूपी,ी","iː,piː,juːp,j,juː,uːpiː","य,ी",,"य,ी",
4625,यूबीजीएल,यूबीजीएल,juːbiːd͡ʒiːeːl,ubgl,NotAppl,M,4,underived,,,0,0,inanimate,Z,Abbreviation,1,0,0,"यूब,य,ीएल,ल,यू,एल","juːb,iːeːl,j,l,juː,eːl",य,,य,
4626,यूरेनियम,यूरेनियम,juːɾeːn̪ɪjəm,uranium,NotAppl,M,4,underived,,,0,0,inanimate,O,Chemical,1,0,0,"यूर,य,म,यू,ियम,यम","əm,j,m,juːɾ,juː,jəm","य,ियम,यम",jəm,य,
4627,यूरोकॉप्टर,यूरोकॉप्टर,juːɾoːkɔpʈəɾ,eurocopter,NotAppl,M,4,underived,,,0,0,inanimate,Z,Common Noun,1,0,0,"यूर,र,्टर,य,टर,यू","j,juːɾ,ɾ,juː,əɾ,ʈəɾ","र,्टर,य,टर","ɾ,əɾ,ʈəɾ","र,्टर,य,टर","ɾ,əɾ,ʈəɾ"
4628,योग,योग,joːɡ,sum,NotAppl,M,4,underived,,,0,0,inanimate,N,Cognition,0,0,1,"ोग,य,ग,योग,यो","oːɡ,joː,j,joːɡ,ɡ","ोग,य,ग,योग","oːɡ,joːɡ,ɡ",य,ɡ
4629,योगदान,योगदान,joːɡd̪ɑːn̪,contribution,NotAppl,M,4,underived,,,1,0,inanimate,A,Physical,0,0,0,"ान,य,न,योग,दान,यो","joː,ɑːn̪,d̪ɑːn̪,j,joːɡ,n̪","य,योग,दान","d̪ɑːn̪,joːɡ",य,
4630,योगी,योगी,joːɡiː,yogi,NotAppl,M,4,underived,,,0,0,animate,Z,Person,0,0,1,"गी,ोगी,य,योग,ी,यो","iː,joː,j,joːɡ,ɡiː,oːɡiː","य,योग,ी",joːɡ,"य,ी",
4631,योजना,योजना,joːd͡ʒn̪ɑː,plan,NotAppl,F,3,underived,,,0,0,inanimate,X,Psychological Feature,0,0,1,"ा,जना,योज,य,ना,यो","d͡ʒn̪ɑː,joː,j,ɑː,n̪ɑː,joːd͡ʒ","ा,य",,"ा,य",
4632,योद्धा,योद्धा,joːd̪d̪ʰɑː,warrior,NotAppl,M,4,underived,,,0,0,animate,G,Person,0,0,1,"ा,्धा,धा,य,योद,यो","joː,j,ɑː,d̪d̪ʰɑː,joːd̪,d̪ʰɑː","ा,धा,य",d̪ʰɑː,"ा,य",
4633,योनि,योन,joːn̪,vagina,NotAppl,F,1,underived,,,0,0,inanimate,B,Anatomical,0,0,1,"य,न,ोन,योन,यो","joː,j,joːn̪,n̪,oːn̪",य,,य,
4634,यौन,यौन,jəun̪,sexual,NotAppl,M,4,underived,,,0,0,inanimate,S,Relational,0,0,1,"ौन,यौ,य,न,यौन","əun̪,j,jəu,jə,n̪,un̪",य,jə,य,jə
4635,रंग,रंग,ɾə̃ɡ,colour,NotAppl,M,4,underived,,,0,0,inanimate,O,Artifact,0,1,0,"रंग,रं,र,ंग,ग","ɾə̃,ə̃ɡ,ɾ,ɡ,ɾə̃ɡ","र,ंग,ग","ɾ,ɡ","र,ंग","ɾ,ɡ"
4636,रंगदारी,रंगदार,ɾə̃ɡd̪ɑːɾ,extortion,NotAppl,F,1,underived,,,1,0,animate,G,Person,0,0,0,"रंग,रं,ार,र,दार","ɾə̃,ɾ,ɑːɾ,ɾə̃ɡ,d̪ɑːɾ","ार,र","ɾ,ɑːɾ",र,ɾ
4637,रंगाई,रंगा,ɾə̃ɡɑː,dyeing,NotAppl,F,1,abstract1,abstract1,abstract1,0,1,inanimate,O,Action,0,0,0,"ा,रंग,रं,र,ंगा,गा","ɾə̃,ɡɑː,ɑː,ɾ,ɾə̃ɡ,ə̃ɡɑː","ा,र",ɾ,"ा,र",ɾ
4638,रंजिश,रंजिश,ɾə̃d͡ʒɪʃ,rivalry,NotAppl,F,3,underived,,,0,0,inanimate,S,State,0,1,0,"िश,श,र,रं,रंज,जिश","ɾə̃,ʃ,ɾ,ɾə̃d͡ʒ,d͡ʒɪʃ,ɪʃ","िश,र",ɾ,र,ɾ
4639,रकम,रकम,ɾəkəm,amount,NotAppl,F,3,underived,,,0,0,inanimate,N,Artifact,0,0,0,"र,कम,रकम,म,रक","kəm,əm,ɾə,m,ɾ,ɾək",र,ɾ,र,ɾ
4640,रक्षक,रक्षक,ɾəkʂək,guard,NotAppl,M,4,underived,,,0,0,animate,A,Person,0,0,1,"षक,र,्षक,क,रक,रक्","ʂək,k,ɾə,ək,ɾ,ɾək","षक,र,्षक","ʂək,ək,ɾ",र,ɾ
4641,रक्षा,रक्ष,ɾəkʂ,protect,NotAppl,F,3,underived,,,0,0,inanimate,S,Action,0,0,1,"्ष,र,ष,क्ष,रक,रक्","ɾə,kʂ,əkʂ,ɾ,ɾək,ʂ","र,ष","ɾ,ʂ",र,ɾ
4642,रख,रख,ɾəkʰ,keep,NotAppl,M,4,underived,,,0,0,inanimate,A,Communication,0,0,0,"ख,रख,र","ɾəkʰ,ɾə,əkʰ,ɾ,kʰ",र,ɾ,र,ɾ
4643,रखरखाव,रखरखाव,ɾəkʰəɾkʰɑːʋ,maintenance,NotAppl,M,4,underived,,,1,0,inanimate,A,Physical,0,0,0,"व,ाव,र,रख,रखर,खाव","ɾəkʰ,kʰɑːʋ,ɾə,ʋ,ɾ,ɑːʋ","व,ाव,र","ʋ,ɾ","व,ाव,र","ʋ,ɾ"
4644,रखाव,रखाव,ɾəkʰɑːʋ,maintenance,NotAppl,M,4,underived,,,0,0,inanimate,A,Common Noun,0,0,0,"व,ाव,र,रख,रखा,खाव","ɾəkʰ,kʰɑːʋ,ɾə,ʋ,ɾ,ɑːʋ","व,ाव,र","ʋ,ɾ","व,ाव,र","ʋ,ɾ"
4645,रगड,रगड,ɾəɡəɖ,scrub,NotAppl,F,3,underived,,,0,0,inanimate,B,Anatomical,0,0,0,"ड,र,रग,रगड,गड","əɖ,ɖ,ɾəɡ,ɾə,ɾ,ɡəɖ",र,ɾ,र,ɾ
4646,रचनाकार,रचनाकार,ɾət͡ʃn̪ɑːkɑːɾ,creators,neutral,F,3,underived,,,1,0,animate,A,Person,0,0,0,"रच,ार,र,रचन,कार","kɑːɾ,ɾə,ɾət͡ʃ,ɾ,ɑːɾ","ार,र","ɾ,ɑːɾ",र,ɾ
4647,रचनाकार,रचनाकार,ɾət͡ʃn̪ɑːkɑːɾ,creators,neutral,M,4,underived,,,1,0,animate,A,Person,0,0,0,"रच,ार,र,रचन,कार","kɑːɾ,ɾə,ɾət͡ʃ,ɾ,ɑːɾ","ार,र","ɾ,ɑːɾ",र,ɾ
4648,रचनात्मकता,रचनात्मकता,ɾət͡ʃn̪ɑːt̪məkt̪ɑː,creativity,NotAppl,F,3,abstract8,abstract8,abstract8,0,1,inanimate,X,Abstract,0,0,0,"रच,ा,र,ता,रचन,कता","ɑː,ɾə,ɾət͡ʃ,ɾ,kt̪ɑː,t̪ɑː","ा,र,कता","ɾ,kt̪ɑː","ा,र",ɾ
4649,रजत,रजत,ɾəd͡ʒət̪,silver,NotAppl,M,4,underived,,,0,0,inanimate,O,Chemical,0,0,1,"रज,र,रजत,त,जत","t̪,ɾə,ət̪,ɾəd͡ʒ,ɾ,d͡ʒət̪","र,त","t̪,ɾ","र,त","t̪,ɾ"
4650,रजाई,रजा,ɾəd͡ʒɑː,quilt,NotAppl,F,1,abstract1,abstract1,abstract1,0,1,inanimate,H,Artifact,0,0,0,"रज,ा,र,रजा,जा","ɑː,ɾə,d͡ʒɑː,ɾəd͡ʒ,ɾ,əd͡ʒɑː","ा,र",ɾ,"ा,र",ɾ
4651,रजामंदी,रजामंद,ɾəd͡ʒɑːmə̃d̪,consent,NotAppl,F,1,underived,,,0,0,inanimate,S,Communication,0,0,0,"द,रज,र,रजा,ंद,मंद","d̪,ɾə,ɾəd͡ʒ,ɾ,mə̃d̪,ə̃d̪","र,ंद","ɾ,ə̃d̪",र,ɾ
4652,रजिस्टर,रजिस्टर,ɾəd͡ʒɪs̪ʈəɾ,register,NotAppl,M,4,underived,,,0,0,inanimate,Q,Artifact,1,0,0,"रज,्टर,र,टर,रजि","ɾə,ɾəd͡ʒ,ɾ,əɾ,ʈəɾ","्टर,र,टर","ɾ,əɾ,ʈəɾ","्टर,र,टर","ɾ,əɾ,ʈəɾ"
4653,रजिस्ट्रार,रजिस्ट्रार,ɾəd͡ʒɪs̪ʈɾɑːɾ,registrar,NotAppl,M,5,underived,,,0,0,animate,Z,Person,1,0,0,"रज,ार,र,रार,रजि","ɾɑːɾ,ɾə,ɾəd͡ʒ,ɾ,ɑːɾ","ार,र","ɾ,ɑːɾ",र,ɾ
4654,रजिस्ट्री,रजिस्ट्र,ɾəd͡ʒɪs̪ʈɾə,registry,NotAppl,F,4,underived,,,0,0,inanimate,G,Physical,1,0,0,"रज,र,ट्र,्र,रजि","ʈɾə,ɾə,ɾəd͡ʒ,ɾ,ə",र,ɾ,र,ɾ
4655,रजिस्ट्रेशन,रजिस्ट्रेशन,ɾəd͡ʒɪs̪ʈɾeːʃən̪,registration,NotAppl,M,4,underived,,,0,0,inanimate,Q,Social,1,0,0,"रज,शन,र,ेशन,न,रजि","n̪,ɾə,ɾəd͡ʒ,ɾ,ən̪,ʃən̪","शन,र,ेशन","ɾ,ʃən̪","र,ेशन",ɾ
4656,रणनीति,रणनीत,ɾəɳn̪iːt̪,strategy,NotAppl,F,1,underived,,,0,0,inanimate,X,Action,0,0,0,"ीत,रण,नीत,र,रणन,त","n̪iːt̪,t̪,ɾə,iːt̪,ɾ,ɾəɳ","ीत,रण,नीत,र,त","n̪iːt̪,t̪,iːt̪,ɾ,ɾəɳ","र,त","t̪,ɾ,ɾəɳ"
4657,रणनीतिकार,रणनीतिकार,ɾəɳn̪iːt̪ɪkɑːɾ,strategist,NotAppl,M,4,agentive_activity1,agentive_activity1,agentive_activity1,0,1,animate,X,Occupation,0,0,0,"रण,ार,र,रणन,कार","kɑːɾ,ɾə,ɾ,ɾəɳ,ɑːɾ","रण,ार,र","ɾ,ɾəɳ,ɑːɾ",र,"ɾ,ɾəɳ"
4658,रत्न,रत्न,ɾət̪n̪,gemstones,NotAppl,M,4,underived,,,0,0,inanimate,O,Object,0,0,1,"रत,र,न,त्न,्न,रत्","n̪,ɾə,ɾ,ət̪n̪,t̪n̪,ɾət̪","रत,र","ɾ,ɾət̪",र,"ɾ,ɾət̪"
4659,रथयात्रा,रथयात्रा,ɾət̪ʰjɑːt̪ɾɑː,rath yatra,NotAppl,F,3,underived,,,1,0,inanimate,T,Social,0,0,0,"ा,र,रथ,रथय,्रा,रा","ɑː,ɾə,ɾɑː,ɾ,t̪ɾɑː,ɾət̪ʰ","ा,र,्रा","ɾ,t̪ɾɑː","ा,र",ɾ
4660,रदा,रद,ɾəd̪,rada,NotAppl,M,2,underived,,,0,0,inanimate,Z,Abstract,0,0,0,"द,रद,र","d̪,əd̪,ɾə,ɾ,ɾəd̪",र,ɾ,र,ɾ
4661,रद्दी,रद्द,ɾəd̪d̪,junk,NotAppl,F,1,underived,,,0,0,inanimate,O,Artifact,0,0,0,"द,्द,द्द,र,रद,रद्","d̪,ɾə,ɾ,ɾəd̪,əd̪d̪,d̪d̪",र,ɾ,र,ɾ
4662,रन,रन,ɾən̪,run,NotAppl,M,4,underived,,,0,0,inanimate,M,property,0,0,0,"न,रन,र","n̪,ɾə,ɾ,ən̪,ɾən̪",र,ɾ,र,ɾ
4663,रनवे,रनव,ɾən̪əʋ,runway,NotAppl,M,4,underived,,,0,0,inanimate,M,Place,1,0,0,"व,नव,र,रनव,रन","əʋ,n̪əʋ,ɾə,ʋ,ɾ,ɾən̪","व,र","ʋ,ɾ","व,र","ʋ,ɾ"
4664,रपट,रपट,ɾəpəʈ,report,NotAppl,F,3,underived,,,0,0,inanimate,Q,Communication,1,0,0,"ट,र,रपट,रप,पट","əʈ,ɾə,ɾəp,ʈ,ɾ,pəʈ",र,"əʈ,ɾ",र,ɾ
4665,रफा,रफा,ɾəpʰɑː,raffa,NotAppl,M,4,underived,,,0,0,inanimate,Z,Common Noun,0,0,0,"ा,र,रफ,रफा,फा","ɑː,ɾə,ɾ,ɾəpʰ,əpʰɑː,pʰɑː","ा,र",ɾ,"ा,र",ɾ
4666,रफ्तार,रफ्तार,ɾəpʰt̪ɑːɾ,speed,NotAppl,F,3,underived,,,0,0,inanimate,N,Action,0,0,0,"तार,ार,र,रफ,रफ्","ɾə,ɾ,ɑːɾ,ɾəpʰ,t̪ɑːɾ","ार,र","ɾ,ɑːɾ",र,ɾ
4667,रबर,रबर,ɾəbəɾ,rubber,NotAppl,F,3,underived,,,0,0,inanimate,O,Artifact,1,0,0,"बर,रब,रबर,र","ɾəb,ɾə,ɾ,bəɾ,əɾ",र,"ɾ,əɾ",र,"ɾ,əɾ"
4668,रम,रम,ɾəm,rum,NotAppl,F,3,underived,,,0,0,inanimate,F,Drinkable,1,0,0,"म,रम,र","əm,ɾəm,ɾə,m,ɾ",र,ɾ,र,ɾ
4669,रविवार,रविवार,ɾəʋɪʋɑːɾ,sunday,NotAppl,M,4,underived,,,1,0,inanimate,T,Period,0,0,0,"रवि,ार,र,रव,वार","ɾə,ɾ,ɑːɾ,ɾəʋ,ʋɑːɾ","ार,र","ɾ,ɑːɾ",र,ɾ
4670,रवैया,रवैय,ɾəʋɪjə,attitude,NotAppl,M,2,underived,,,0,0,inanimate,X,Action,0,1,0,"रवै,र,य,रव,वैय,ैय","ɾə,ɾ,ɪjə,ə,ɾəʋ,jə","र,य","ɾ,jə","र,य","ɾ,jə"
4671,रस,रस,ɾəs̪,juice,NotAppl,M,4,underived,,,0,0,inanimate,F,Part of,0,0,0,"स,रस,र","ɾəs̪,ɾə,ɾ,s̪,əs̪",र,ɾ,र,ɾ
4672,रसायन,रसायन,ɾəs̪ɑːjən̪,chemicals,NotAppl,M,4,underived,,,0,0,inanimate,O,Chemical,0,0,0,"र,यन,न,ायन,रस,रसा","n̪,ɾəs̪,ɾə,jən̪,ɾ,ən̪",र,ɾ,र,ɾ
4673,रसीद,रसीद,ɾəs̪iːd̪,receipt,NotAppl,F,3,underived,,,0,0,inanimate,Q,Artifact,0,1,0,"द,ीद,र,सीद,रस,रसी","d̪,ɾəs̪,ɾə,s̪iːd̪,ɾ,iːd̪",र,ɾ,र,ɾ
4674,रसोई,रसो,ɾəs̪oː,kitchen,NotAppl,F,1,underived,,,0,0,inanimate,F,Edible,0,0,0,"सो,र,रस,रसो,ो","s̪oː,ɾəs̪,ɾə,oː,ɾ,əs̪oː",र,ɾ,र,ɾ
4675,रस्म,रस्म,ɾəs̪m,ritual,NotAppl,F,3,underived,,,0,0,inanimate,S,concept,0,1,0,"र,म,रस,स्म,रस्,्म","ɾəs̪,ɾə,əs̪m,m,s̪m,ɾ",र,"əs̪m,ɾ",र,ɾ
4676,रस्सी,रस्स,ɾəs̪s̪,rope,NotAppl,F,1,underived,,,0,0,inanimate,O,Artifact,0,0,0,"स,र,स्स,रस,्स,रस्","əs̪s̪,ɾəs̪,ɾə,s̪s̪,ɾ,s̪",र,ɾ,र,ɾ
4677,रहम,रहम,ɾəɦəm,mercy,NotAppl,M,4,underived,,,0,0,inanimate,G,Psychological Feature,0,1,0,"र,हम,म,रहम,रह","əm,ɾə,m,ɾ,ɦəm,ɾəɦ",र,ɾ,र,ɾ
4678,रहस्य,रहस्य,ɾəɦs̪jə,mystery,NotAppl,M,4,underived,,,0,0,inanimate,X,Abstract,0,0,1,"्य,र,स्य,य,रहस,रह","s̪jə,ɾə,ɾ,ə,jə,ɾəɦ","्य,र,य","ɾ,jə","र,य","ɾ,jə"
4679,रहस्योद्घाटन,रहस्योद्घाटन,ɾəɦəs̪joːd̪ɡʰɑːʈən̪,revelation,NotAppl,M,4,underived,,,1,0,inanimate,A,Physical,0,0,0,"र,टन,रहस,न,ाटन,रह","n̪,ʈən̪,ɾə,ɾ,ən̪,ɾəɦ",र,ɾ,र,ɾ
4680,राइड,राइड,ɾɑːɪɖ,ride,NotAppl,F,5,underived,,,0,0,inanimate,K,Artifact,1,0,0,"ड,राइ,र,इड,ाइड,रा","ɖ,ɑːɪɖ,ɾɑː,ɾ,ɪɖ,ɾɑːɪ",र,ɾ,र,ɾ
4681,राइफल,राइफल,ɾɑːɪpʰəl,rifle,NotAppl,F,5,underived,,,0,0,inanimate,A,Artifact,1,0,0,"इफल,राइ,र,फल,ल,रा","ɾɑː,ɾ,əl,pʰəl,l,ɾɑːɪ","र,फल","ɾ,əl,pʰəl",र,ɾ
4682,राईफल,राईफल,ɾɑːiːpʰəl,rifle,NotAppl,F,3,underived,,,0,0,inanimate,A,Artifact,1,0,0,"र,फल,राई,ईफल,ल,रा","ɾɑːiː,ɾɑː,ɾ,əl,pʰəl,l","र,फल","ɾ,əl,pʰəl",र,ɾ
4683,राउंड,राउंड,ɾɑːũɖ,rounds,NotAppl,M,4,underived,,,0,0,inanimate,N,Part of,1,0,0,"उंड,ड,र,ंड,राउ,रा","ɾɑːũ,ɑːũɖ,ɖ,ũɖ,ɾɑː,ɾ",र,ɾ,र,ɾ
4684,राक्षस,राक्षस,ɾɑːkʂəs̪,demon,NotAppl,M,4,underived,,,0,0,inanimate,S,Mythological Character,0,0,1,"राक,स,र,्षस,षस,रा","ʂəs̪,ɾɑː,ɾɑːk,ɾ,əs̪,s̪",र,ɾ,र,ɾ
4685,राख,राख,ɾɑːkʰ,ash,NotAppl,F,3,underived,,,0,0,inanimate,O,Object,0,1,0,"र,ख,ाख,रा,राख","ɑːkʰ,ɾɑː,ɾ,ɾɑːkʰ,kʰ",र,ɾ,र,ɾ
4686,राखी,राख,ɾɑːkʰ,rakhi,NotAppl,F,1,underived,,,0,0,inanimate,Z,Artifact,0,0,0,"र,ख,ाख,रा,राख","ɑːkʰ,ɾɑː,ɾ,ɾɑːkʰ,kʰ",र,ɾ,र,ɾ
4687,राग,राग,ɾɑːɡ,melody,NotAppl,M,4,underived,,,0,0,inanimate,K,property,0,0,1,"ाग,राग,र,ग,रा","ɾɑːɡ,ɑːɡ,ɾɑː,ɾ,ɡ","ाग,र,ग","ɾ,ɡ",र,"ɾ,ɡ"
4688,राज,राज,ɾɑːd͡ʒ,rule,NotAppl,M,4,underived,,,0,0,inanimate,G,Period,0,0,0,"र,राज,ाज,ज,रा","ɑːd͡ʒ,d͡ʒ,ɾɑː,ɾ,ɾɑːd͡ʒ","र,राज","ɾ,ɾɑːd͡ʒ",र,ɾ
4689,राजकुमार,राजकुमार,ɾɑːd͡ʒkumɑːɾ,prince,NotAppl,M,4,underived,,,1,0,animate,S,Person,0,0,0,"ार,र,मार,राज,रा","mɑːɾ,ɾɑː,ɾ,ɑːɾ,ɾɑːd͡ʒ","ार,र,मार,राज","mɑːɾ,ɾ,ɑːɾ,ɾɑːd͡ʒ",र,ɾ
4690,राजकुमारी,राजकुमार,ɾɑːd͡ʒkumɑːɾ,princess,NotAppl,F,1,underived,,,1,0,animate,S,Person,0,0,0,"ार,र,मार,राज,रा","mɑːɾ,ɾɑː,ɾ,ɑːɾ,ɾɑːd͡ʒ","ार,र,मार,राज","mɑːɾ,ɾ,ɑːɾ,ɾɑːd͡ʒ",र,ɾ
4691,राजग,राजग,ɾɑːd͡ʒəɡ,nda,NotAppl,M,4,underived,,,0,0,inanimate,Z,Group,0,0,0,"र,राज,ाजग,ग,रा,जग","d͡ʒəɡ,əɡ,ɾɑː,ɾ,ɡ,ɾɑːd͡ʒ","र,राज,ग","əɡ,ɾ,ɡ,ɾɑːd͡ʒ",र,"ɾ,ɡ"
4692,राजघराना,राजघरान,ɾɑːd͡ʒəɡʰɾɑːn̪,royal family,NotAppl,M,2,underived,,,1,0,inanimate,T,Group,0,0,0,"ान,र,न,राज,रान,रा","ɑːn̪,ɾɑː,ɾ,ɾɑːd͡ʒ,n̪,ɾɑːn̪","र,राज","ɾ,ɾɑːd͡ʒ",र,ɾ
4693,राजद,राजद,ɾɑːd͡ʒəd̪,rjd,NotAppl,M,4,agentive3,,,0,1,inanimate,Z,Collective Noun,0,0,0,"द,ाजद,र,जद,राज,रा","d̪,əd̪,ɾɑː,ɾ,ɾɑːd͡ʒ,d͡ʒəd̪","र,राज","ɾ,ɾɑːd͡ʒ",र,ɾ
4694,राजदूत,राजदूत,ɾɑːd͡ʒd̪uːt̪,ambassador,NotAppl,M,4,underived,,,1,0,animate,G,Person,0,0,0,"ूत,र,दूत,त,राज,रा","d̪uːt̪,t̪,uːt̪,ɾɑː,ɾ,ɾɑːd͡ʒ","र,त,राज","t̪,ɾ,ɾɑːd͡ʒ","र,त","t̪,ɾ"
4695,राजधानी,राजधान,ɾɑːd͡ʒd̪ʰɑːn̪,capital,neutral,F,1,underived,,,0,0,inanimate,I,Physical Place,0,0,0,"ान,धान,र,न,राज,रा","ɑːn̪,ɾɑː,d̪ʰɑːn̪,ɾ,ɾɑːd͡ʒ,n̪","र,राज","ɾ,ɾɑːd͡ʒ",र,ɾ
4696,राजधानी,राजधानी,ɾɑːd͡ʒd̪ʰɑːn̪iː,capital,neutral,M,4,underived,,,0,0,inanimate,I,Physical Place,0,0,0,"नी,र,राज,ानी,ी,रा","iː,ɾɑː,n̪iː,ɾ,ɾɑːd͡ʒ,ɑːn̪iː","र,राज,ी","ɾ,ɾɑːd͡ʒ","र,ी",ɾ
4697,राजनयिक,राजनयिक,ɾɑːd͡ʒən̪jɪk,diplomat,NotAppl,M,4,underived,,,0,0,animate,G,Person,0,0,0,"र,यिक,राज,िक,क,रा","k,ɪk,ɾɑː,ɾ,jɪk,ɾɑːd͡ʒ","र,राज","ɾ,ɾɑːd͡ʒ",र,ɾ
4698,राजनायिक,राजनायिक,ɾɑːd͡ʒn̪ɑːjɪk,diplomat,NotAppl,M,4,underived,,,0,0,animate,G,Common Noun,0,0,0,"र,यिक,राज,िक,क,रा","k,ɪk,ɾɑː,ɾ,jɪk,ɾɑːd͡ʒ","र,राज","ɾ,ɾɑːd͡ʒ",र,ɾ
4699,राजनीति,राजनीत,ɾɑːd͡ʒn̪iːt̪,politics,NotAppl,F,1,underived,,,1,0,inanimate,G,Social,0,0,0,"ीत,नीत,र,त,राज,रा","n̪iːt̪,t̪,ɾɑː,iːt̪,ɾ,ɾɑːd͡ʒ","ीत,नीत,र,त,राज","n̪iːt̪,t̪,iːt̪,ɾ,ɾɑːd͡ʒ","र,त","t̪,ɾ"
4700,राजनीतिक,राजनीतिक,ɾɑːd͡ʒn̪iːt̪ɪk,political,NotAppl,M,4,agentive1,agentive1,agentive1,0,1,inanimate,G,Relational,0,0,0,"र,राज,िक,क,तिक,रा","k,ɪk,ɾɑː,ɾ,ɾɑːd͡ʒ,t̪ɪk","र,राज","ɾ,ɾɑːd͡ʒ",र,ɾ
4701,राजनीतिज्ञ,राजनीतिज्ञ,ɾɑːd͡ʒn̪iːt̪ɪd͡ʒɲ,politician,NotAppl,M,4,underived,,,1,0,animate,G,Person,0,0,0,"्ञ,र,ज्ञ,राज,ञ,रा","ɲ,ɾɑː,ɾ,ɪd͡ʒɲ,d͡ʒɲ,ɾɑːd͡ʒ","र,राज","ɾ,ɾɑːd͡ʒ",र,ɾ
4702,राजनेता,राजनेता,ɾɑːd͡ʒn̪eːt̪ɑː,politician,NotAppl,M,4,underived,,,1,0,animate,G,Person,0,0,0,"ा,र,राज,ता,ेता,रा","ɑː,eːt̪ɑː,ɾɑː,ɾ,t̪ɑː,ɾɑːd͡ʒ","ा,र,राज","ɾ,ɾɑːd͡ʒ","ा,र",ɾ
4703,राजपरिवार,राजपरिवार,ɾɑːd͡ʒəpɾɪʋɑːɾ,royal family,NotAppl,M,4,underived,,,1,0,inanimate,T,Relational,0,0,0,"ार,र,राज,रा,वार","ɾɑː,ɾ,ɑːɾ,ɾɑːd͡ʒ,ʋɑːɾ","ार,र,राज","ɾ,ɑːɾ,ɾɑːd͡ʒ",र,ɾ
4704,राजपूत,राजपूत,ɾɑːd͡ʒpuːt̪,rajput,NotAppl,M,4,underived,,,1,0,animate,Z,Group,0,0,0,"ूत,र,त,राज,पूत,रा","puːt̪,t̪,uːt̪,ɾɑː,ɾ,ɾɑːd͡ʒ","र,त,राज","t̪,ɾ,ɾɑːd͡ʒ","र,त","t̪,ɾ"
4705,राजभवन,राजभवन,ɾɑːd͡ʒəbʰʋən̪,raj bhawan,NotAppl,M,4,underived,,,1,0,inanimate,Z,Physical Place,0,0,0,"र,न,राज,वन,भवन,रा","ɾɑː,ən̪,ɾ,ɾɑːd͡ʒ,n̪,ʋən̪","र,राज","ɾ,ɾɑːd͡ʒ",र,ɾ
4706,राजमहल,राजमहल,ɾɑːd͡ʒəmɦəl,rajmahal,NotAppl,M,4,underived,,,1,0,inanimate,Z,Physical Place,0,0,0,"र,हल,राज,ल,महल,रा","ɾɑː,ɾ,əl,l,ɾɑːd͡ʒ,ɦəl","र,राज","ɾ,əl,ɾɑːd͡ʒ",र,ɾ
4707,राजमार्ग,राजमार्ग,ɾɑːd͡ʒmɑːɾɡ,highway,NotAppl,M,4,underived,,,1,0,inanimate,M,Artifact,0,0,0,"र,र्ग,्ग,राज,ग,रा","ɾɑː,ɑːɾɡ,ɾ,ɡ,ɾɑːd͡ʒ,ɾɡ","र,र्ग,राज,ग","ɾ,ɡ,ɾɑːd͡ʒ,ɾɡ",र,"ɾ,ɡ"
4708,राजशाही,राजशाह,ɾɑːd͡ʒʃɑːɦ,monarchy,neutral,F,1,underived,,,0,0,inanimate,S,Action,0,0,0,"र,ाह,ह,राज,शाह,रा","ɑːɦ,ɦ,ɾɑː,ɾ,ɾɑːd͡ʒ,ʃɑːɦ","र,ाह,राज","ɑːɦ,ɾ,ɾɑːd͡ʒ",र,ɾ
4709,राजशाही,राजशाही,ɾɑːd͡ʒʃɑːɦiː,monarchy,neutral,M,4,underived,,,0,0,inanimate,S,Action,0,0,0,"ाही,र,ही,राज,ी,रा","iː,ɑːɦiː,ɾɑː,ɾ,ɾɑːd͡ʒ,ɦiː","र,राज,ी","ɾ,ɾɑːd͡ʒ","र,ी",ɾ
4710,राजस्थान,राजस्थान,ɾɑːd͡ʒəs̪t̪ʰɑːn̪,rajasthan,NotAppl,M,4,underived,,,1,0,inanimate,Z,Physical Place,0,0,0,"ान,र,थान,न,राज,रा","ɑːn̪,ɾɑː,ɾ,ɾɑːd͡ʒ,t̪ʰɑːn̪,n̪","र,राज","ɾ,ɾɑːd͡ʒ",र,ɾ
4711,राजस्व,राजस्व,ɾɑːd͡ʒəs̪ʋ,revenue,NotAppl,M,4,underived,,,0,0,inanimate,G,Artifact,0,0,1,"व,र,्व,राज,स्व,रा","s̪ʋ,ɾɑː,ʋ,əs̪ʋ,ɾ,ɾɑːd͡ʒ","व,र,्व,राज","ʋ,ɾ,ɾɑːd͡ʒ","व,र","ʋ,ɾ"
4712,राजा,राजा,ɾɑːd͡ʒɑː,king,NotAppl,M,4,underived,,,0,0,animate,S,Person,0,0,1,"ा,र,ाजा,जा,राज,रा","ɑː,ɾɑː,d͡ʒɑː,ɑːd͡ʒɑː,ɾ,ɾɑːd͡ʒ","ा,र,राज","ɾ,ɾɑːd͡ʒ","ा,र",ɾ
4713,राज्य,राज्य,ɾɑːd͡ʒjə,state,NotAppl,M,4,underived,,,0,0,inanimate,G,Physical Place,0,0,1,"्य,र,ज्य,य,राज,रा","ɾɑː,ɾ,ə,ɾɑːd͡ʒ,jə,d͡ʒjə","्य,र,य,राज","ɾ,ɾɑːd͡ʒ,jə","र,य","ɾ,jə"
4714,राज्यपाल,राज्यपाल,ɾɑːd͡ʒjəpɑːl,governor,NotAppl,M,4,underived,,,1,0,animate,S,Person,0,0,0,"पाल,र,ाल,राज,ल,रा","ɾɑː,pɑːl,ɾ,l,ɾɑːd͡ʒ,ɑːl","र,राज","ɾ,ɾɑːd͡ʒ",र,ɾ
4715,राज्यमंत्री,राज्यमंत्री,ɾɑːd͡ʒjəmə̃t̪ɾiː,minister of state,NotAppl,M,4,underived,,,1,0,animate,G,Person,0,0,0,"री,र,राज,्री,ी,रा","iː,t̪ɾiː,ɾiː,ɾɑː,ɾ,ɾɑːd͡ʒ","र,राज,ी","ɾ,ɾɑːd͡ʒ","र,ी",ɾ
4716,राज्यसभा,राज्यसभा,ɾɑːd͡ʒjəs̪bʰɑː,rajya sabha,neutral,F,3,underived,,,1,0,inanimate,T,Group,0,0,0,"ा,र,राज,भा,सभा,रा","ɑː,ɾɑː,ɾ,ɾɑːd͡ʒ,bʰɑː,s̪bʰɑː","ा,र,राज","ɾ,ɾɑːd͡ʒ","ा,र",ɾ
4717,राज्यसभा,राज्यसभा,ɾɑːd͡ʒjəs̪bʰɑː,rajya sabha,neutral,M,4,underived,,,1,0,inanimate,T,Group,0,0,0,"ा,र,राज,भा,सभा,रा","ɑː,ɾɑː,ɾ,ɾɑːd͡ʒ,bʰɑː,s̪bʰɑː","ा,र,राज","ɾ,ɾɑːd͡ʒ","ा,र",ɾ
4718,राडार,राडार,ɾɑːɖɑːɾ,radar,NotAppl,M,4,underived,,,0,0,inanimate,O,Artifact,1,0,0,"डार,ार,र,राड,रा","ɾɑːɖ,ɾɑː,ɾ,ɑːɾ,ɖɑːɾ","ार,र","ɾ,ɑːɾ",र,ɾ
4719,राणा,राणा,ɾɑːɳɑː,rana,NotAppl,M,4,underived,,,0,0,animate,Z,Mythological Character,0,0,0,"ाणा,ा,र,राण,रा,णा","ɑː,ɾɑː,ɾ,ɳɑː,ɾɑːɳ,ɑːɳɑː","ा,र",ɾ,"ा,र",ɾ
4720,रात,रात,ɾɑːt̪,night,NotAppl,F,3,underived,,,0,0,inanimate,T,Period,0,0,0,"र,रात,त,ात,रा","t̪,ɑːt̪,ɾɑː,ɾ,ɾɑːt̪","र,त","t̪,ɾ","र,त","t̪,ɾ"
4721,रात्रि,रात्र,ɾɑːt̪ɾ,night,NotAppl,F,1,underived,,,0,0,inanimate,T,Period,0,0,1,"र,्र,रात,त्र,रा","ɾɑː,ɾ,t̪ɾ,ɑːt̪ɾ,ɾɑːt̪",र,ɾ,र,ɾ
4722,रानी,रान,ɾɑːn̪,queen,NotAppl,F,1,underived,,,0,0,animate,S,Person,0,0,0,"ान,र,रान,न,रा","ɑːn̪,ɾɑː,ɾ,n̪,ɾɑːn̪",र,ɾ,र,ɾ
4723,रामलीला,रामलीला,ɾɑːmliːlɑː,ramlila,NotAppl,F,3,underived,,,1,0,inanimate,Z,Art,0,0,0,"ीला,ा,ला,र,राम,रा","ɾɑːm,ɑː,ɾɑː,ɾ,lɑː,iːlɑː","ा,ला,र","ɾ,lɑː","ा,ला,र","ɾ,lɑː"
4724,राय,राय,ɾɑːjə,opinion,NotAppl,F,0,underived,,,0,0,inanimate,X,Perception,0,1,0,"ाय,र,य,राय,रा","ɾɑːj,ɑːjə,ɾɑː,ɾ,ə,jə","र,य","ɾ,jə","र,य","ɾ,jə"
4725,रायफल,रायफल,ɾɑːjpʰəl,rifle,NotAppl,F,4,underived,,,0,0,inanimate,A,Common Noun,0,0,0,"र,फल,यफल,राय,ल,रा","ɾɑːj,ɾɑː,əl,ɾ,pʰəl,l","र,फल","əl,ɾ,pʰəl",र,ɾ
4726,रायशुमारी,रायशुमार,ɾɑːjʃumɑːɾ,referendum,NotAppl,F,1,underived,,,1,0,inanimate,G,Abstract,0,0,0,"ार,र,मार,राय,रा","mɑːɾ,ɾɑːj,ɾɑː,ɾ,ɑːɾ","ार,र,मार","mɑːɾ,ɾ,ɑːɾ",र,ɾ
4727,राशन,राशन,ɾɑːʃən̪,ration,NotAppl,M,4,underived,,,0,0,inanimate,S,Object,1,0,0,"ाशन,शन,र,न,राश,रा","n̪,ɾɑː,ɾ,ɾɑːʃ,ən̪,ʃən̪","शन,र","ɾ,ʃən̪",र,ɾ
4728,राशि,राश,ɾɑːʃ,amount,NotAppl,F,1,underived,,,0,0,inanimate,N,Group,0,0,1,"श,र,राश,रा,ाश","ʃ,ɾɑː,ɾ,ɑːʃ,ɾɑːʃ",र,ɾ,र,ɾ
4729,राष्ट्र,राष्ट्र,ɾɑːʂʈɾə,nation,NotAppl,M,4,underived,,,0,0,inanimate,G,Group,0,0,1,"र,ट्र,्र,रा,राष","ʈɾə,ɾə,ɾɑː,ɾ,ə,ɾɑːʂ",र,ɾ,र,ɾ
4730,राष्ट्रगान,राष्ट्रगान,ɾɑːʂʈɾəɡɑːn̪,national anthem,NotAppl,M,4,underived,,,1,0,inanimate,K,Artifact,0,0,0,"ान,र,गान,न,रा,राष","ɑːn̪,ɡɑːn̪,ɾɑː,ɾ,ɾɑːʂ,n̪",र,ɾ,र,ɾ
4731,राष्ट्रध्वज,राष्ट्रध्वज,ɾɑːʂʈɾəd̪ʰʋəd͡ʒ,national flag,NotAppl,M,4,underived,,,1,0,inanimate,T,Artifact,0,0,0,"्वज,र,वज,ज,रा,राष","ʋəd͡ʒ,əd͡ʒ,d͡ʒ,ɾɑː,ɾ,ɾɑːʂ",र,"əd͡ʒ,ɾ",र,"əd͡ʒ,ɾ"
4732,राष्ट्रपति,राष्ट्रपति,ɾɑːʂʈɾəpt̪ɪ,president,NotAppl,M,4,underived,,,1,0,animate,G,Person,0,0,0,"पति,र,ति,ि,रा,राष","pt̪ɪ,ɪ,ɾɑː,ɾ,t̪ɪ,ɾɑːʂ","र,ि",ɾ,"र,ि",ɾ
4733,राष्ट्रपिता,राष्ट्रपिता,ɾɑːʂʈɾəpɪt̪ɑː,father of the nation,NotAppl,M,4,underived,,,1,0,animate,D,Person,0,0,0,"िता,ा,र,ता,रा,राष","ɪt̪ɑː,ɑː,ɾɑː,ɾ,t̪ɑː,ɾɑːʂ","िता,ा,र","ɪt̪ɑː,ɾ","ा,र",ɾ
4734,राष्ट्रपुरुष,राष्ट्रपुरुष,ɾɑːʂʈɾəpuɾuʂ,national man,NotAppl,M,4,underived,,,1,0,animate,T,Person,0,0,0,"र,ष,ुष,रुष,रा,राष","ɾuʂ,ɾɑː,ɾ,uʂ,ɾɑːʂ,ʂ","र,ष","ɾ,ʂ",र,ɾ
4735,राष्ट्राध्यक्ष,राष्ट्राध्यक्ष,ɾɑːʂʈɾɑːd̪ʰjəkʂ,head of state,NotAppl,M,4,underived,,,1,0,animate,G,Title,0,0,0,"्ष,र,ष,क्ष,रा,राष","kʂ,ɾɑː,əkʂ,ɾ,ɾɑːʂ,ʂ","र,ष","ɾ,ʂ",र,ɾ
4736,रास,रास,ɾɑːs̪,ras,NotAppl,M,4,underived,,,0,0,inanimate,Z,Physical,0,0,1,"स,र,रास,ास,रा","ɑːs̪,ɾɑː,ɾ,s̪,ɾɑːs̪","र,ास",ɾ,र,ɾ
4737,रासाचार्य,रासाचार्य,ɾɑːs̪ɑːt͡ʃɑːɾjə,rasacharya,NotAppl,M,4,underived,,,1,0,inanimate,Z,Abstract,0,0,0,"्य,र,रास,य,र्य,रा","ɾɑː,ɾ,ə,jə,ɾjə,ɾɑːs̪","्य,र,य","ɾ,jə","र,य","ɾ,jə"
4738,रास्ता,रास्त,ɾɑːs̪t̪,way,NotAppl,M,2,abstract4,abstract4,,0,1,inanimate,X,Physical Place,0,1,0,"्त,र,रास,स्त,त,रा","t̪,ɾɑː,ɾ,s̪t̪,ɑːs̪t̪,ɾɑːs̪","्त,र,त","t̪,ɾ","्त,र,त","t̪,ɾ"
4739,राह,राह,ɾɑːɦ,path,NotAppl,F,3,underived,,,0,0,inanimate,M,Physical Place,0,1,0,"र,ाह,ह,राह,रा","ɑːɦ,ɦ,ɾɑː,ɾ,ɾɑːɦ","र,ाह","ɑːɦ,ɾ",र,ɾ
4740,राहत,राहत,ɾɑːɦət̪,relief,NotAppl,F,3,underived,,,0,0,inanimate,E,Psychological Feature,0,1,0,"र,राह,त,हत,रा,ाहत","t̪,ɾɑː,ət̪,ɾ,ɦət̪,ɾɑːɦ","र,त","t̪,ɾ","र,त","t̪,ɾ"
4741,रिंग,रिंग,ɾɪ̃ɡ,ring,neutral,F,3,underived,,,0,0,inanimate,Q,Physical Object,1,0,0,"रि,र,िंग,रिं,ंग,ग","ɾɪ̃ɡ,ɾ,ɪ̃ɡ,ɾɪ̃,ɡ","र,िंग,ंग,ग","ɾɪ̃ɡ,ɾ,ɪ̃ɡ,ɡ","र,िंग,ंग","ɾ,ɪ̃ɡ,ɡ"
4742,रिंग,रिंग,ɾɪ̃ɡ,ring,neutral,M,5,underived,,,0,0,inanimate,Q,Common Noun,1,0,0,"रि,र,िंग,रिं,ंग,ग","ɾɪ̃ɡ,ɾ,ɪ̃ɡ,ɾɪ̃,ɡ","र,िंग,ंग,ग","ɾɪ̃ɡ,ɾ,ɪ̃ɡ,ɡ","र,िंग,ंग","ɾ,ɪ̃ɡ,ɡ"
4743,रिइंबर्समेंट,रिइंबर्समेंट,ɾɪɪ̃bəɾs̪əmẽːʈ,reimbursement,NotAppl,M,4,underived,,,0,0,inanimate,Z,Abstract,1,0,0,"रि,ट,ेंट,र,ंट,रिइ","mẽːʈ,ɾɪɪ̃,ʈ,ɾ,ɾɪ,ẽːʈ","ेंट,र,ंट","ɾ,ẽːʈ",र,ɾ
4744,रिकार्ड,रिकार्ड,ɾɪkɑːɾɖ,record,NotAppl,M,4,underived,,,0,0,inanimate,Q,Cognition,1,0,0,"रि,ड,र,्ड,रिक,र्ड","ɑːɾɖ,ɾɖ,ɾɪk,ɖ,ɾ,ɾɪ","र,र्ड","ɑːɾɖ,ɾɖ,ɾ",र,ɾ
4746,रिकॉर्ड,रिकॉर्ड,ɾɪkɔɾɖ,record,neutral,F,3,underived,,,0,0,inanimate,Q,Cognition,1,0,0,"रि,ड,र,्ड,रिक,र्ड","ɾɖ,ɾɪk,ɖ,ɾ,ɾɪ,ɔɾɖ","र,र्ड","ɾɖ,ɾ",र,ɾ
4747,रिकॉर्ड,रिकॉर्ड,ɾɪkɔɾɖ,record,neutral,M,4,underived,,,0,0,inanimate,Q,Cognition,1,0,0,"रि,ड,र,्ड,रिक,र्ड","ɾɖ,ɾɪk,ɖ,ɾ,ɾɪ,ɔɾɖ","र,र्ड","ɾɖ,ɾ",र,ɾ
4748,रिकॉर्डिंग,रिकॉर्डिंग,ɾɪkɔɾɖɪ̃ɡ,recordings,NotAppl,F,0,underived,,,0,0,inanimate,Q,Physical,1,0,0,"रि,र,रिक,िंग,ंग,ग","ɾɪk,ɖɪ̃ɡ,ɾ,ɾɪ,ɪ̃ɡ,ɡ","र,िंग,ंग,ग","ɖɪ̃ɡ,ɾ,ɪ̃ɡ,ɡ","र,िंग,ंग","ɾ,ɪ̃ɡ,ɡ"
4749,रिक्शा,रिक्श,ɾɪkʃ,rickshaw,neutral,F,0,underived,,,0,0,inanimate,M,Artifact,1,0,0,"रि,श,र,क्श,रिक,्श","ɾɪk,ʃ,kʃ,ɾ,ɾɪ,ɪkʃ",र,ɾ,र,ɾ
4750,रिक्शा,रिक्श,ɾɪkʃ,rickshaw,neutral,M,4,underived,,,0,0,inanimate,M,Artifact,1,0,0,"रि,श,र,क्श,रिक,्श","ɾɪk,ʃ,kʃ,ɾ,ɾɪ,ɪkʃ",र,ɾ,र,ɾ
4751,रिचार्ज,रिचार्ज,ɾɪt͡ʃɑːɾd͡ʒ,recharge,NotAppl,M,4,underived,,,0,0,inanimate,O,Common Noun,1,0,0,"रि,र,र्ज,ज,्ज,रिच","ɑːɾd͡ʒ,d͡ʒ,ɾ,ɾɪ,ɾɪt͡ʃ,ɾd͡ʒ",र,ɾ,र,ɾ
4752,रिजर्व,रिजर्व,ɾɪd͡ʒəɾʋ,reserve,NotAppl,M,4,underived,,,0,0,inanimate,A,Object,1,0,0,"रि,व,र,्व,रिज,र्व","əɾʋ,ʋ,ɾ,ɾɪ,ɾʋ,ɾɪd͡ʒ","व,र,्व,र्व","ʋ,ɾ,ɾʋ","व,र","ʋ,ɾ"
4753,रिजर्वेशन,रिजर्वेशन,ɾɪd͡ʒəɾʋeːʃən̪,reservation,NotAppl,M,4,underived,,,0,0,inanimate,A,Physical,1,0,0,"रि,शन,र,ेशन,न,रिज","n̪,ɾ,ɾɪ,ɾɪd͡ʒ,ən̪,ʃən̪","शन,र,ेशन","ɾ,ʃən̪","र,ेशन",ɾ
4754,रिजल्ट,रिजल्ट,ɾɪd͡ʒəlʈ,result,NotAppl,M,4,underived,,,0,0,inanimate,A,State,1,0,0,"रि,ट,ल्ट,र,रिज,्ट","ʈ,ɾ,ɾɪ,ɾɪd͡ʒ,lʈ,əlʈ",र,ɾ,र,ɾ
4755,रिटर्न,रिटर्न,ɾɪʈəɾn̪,return,NotAppl,M,4,underived,,,0,0,inanimate,M,possession,1,0,0,"रि,र्न,र,न,रिट,्न","əɾn̪,ɾn̪,ɾ,ɾɪ,ɾɪʈ,n̪",र,ɾ,र,ɾ
4756,रिटेल,रिटेल,ɾɪʈeːl,retail,NotAppl,M,4,underived,,,0,0,inanimate,I,Edible,1,0,0,"रि,ेल,र,रिट,ल,टेल","ʈeːl,ɾ,ɾɪ,l,ɾɪʈ,eːl",र,ɾ,र,ɾ
4757,रिपोर्ट,रिपोर्ट,ɾɪpoːɾʈ,report,NotAppl,F,4,underived,,,0,0,inanimate,Q,Artifact,1,0,0,"रि,ट,र,र्ट,्ट,रिप","oːɾʈ,ɾɪp,ʈ,ɾ,ɾɪ,ɾʈ",र,ɾ,र,ɾ
4758,रिपोर्टर,रिपोर्टर,ɾɪpoːɾʈəɾ,reporter,NotAppl,M,4,underived,,,0,0,animate,Q,Person,1,0,0,"रि,्टर,र,रिप,टर","ɾɪp,ɾ,ɾɪ,əɾ,ʈəɾ","्टर,र,टर","ɾ,əɾ,ʈəɾ","्टर,र,टर","ɾ,əɾ,ʈəɾ"
4759,रिपोर्टिंग,रिपोर्टिंग,ɾɪpoːɾʈɪ̃ɡ,reporting,NotAppl,F,3,underived,,,0,0,inanimate,Q,Communication,1,0,0,"रि,र,िंग,रिप,ंग,ग","ɾɪp,ɾ,ɾɪ,ɪ̃ɡ,ɡ,ʈɪ̃ɡ","र,िंग,ंग,ग","ɾ,ɪ̃ɡ,ɡ,ʈɪ̃ɡ","र,िंग,ंग","ɾ,ɪ̃ɡ,ɡ"
4760,रिफाइनरी,रिफाइनर,ɾɪpʰɑːɪn̪əɾ,refinery,neutral,F,1,underived,,,0,0,inanimate,I,Artifact,1,0,0,"रि,नर,रिफ,र,इनर","ɾ,ɾɪ,ɾɪpʰ,n̪əɾ,əɾ",र,"ɾ,əɾ",र,"ɾ,əɾ"
4761,रिफाइनरी,रिफाइनर,ɾɪpʰɑːɪn̪əɾ,refinery,neutral,M,4,underived,,,0,0,inanimate,I,Artifact,1,0,0,"रि,नर,रिफ,र,इनर","ɾ,ɾɪ,ɾɪpʰ,n̪əɾ,əɾ",र,"ɾ,əɾ",र,"ɾ,əɾ"
4762,रिफाइनिंग,रिफाइनिंग,ɾɪpʰɑːɪn̪ɪ̃ɡ,refining,NotAppl,F,3,underived,,,0,0,inanimate,A,Applied Sciences,1,0,0,"रि,रिफ,र,िंग,ंग,ग","ɾ,ɾɪ,ɪ̃ɡ,ɾɪpʰ,ɡ,n̪ɪ̃ɡ","र,िंग,ंग,ग","ɾ,ɪ̃ɡ,ɡ","र,िंग,ंग","ɾ,ɪ̃ɡ,ɡ"
4763,रिफ्यूलिंग,रिफ्यूलिंग,ɾɪpʰjuːlɪ̃ɡ,refueling,NotAppl,F,3,underived,,,0,0,inanimate,M,Action,1,0,0,"रि,रिफ,र,िंग,ंग,ग","lɪ̃ɡ,ɾ,ɾɪ,ɪ̃ɡ,ɾɪpʰ,ɡ","र,िंग,ंग,ग","lɪ̃ɡ,ɾ,ɪ̃ɡ,ɡ","र,िंग,ंग","ɾ,ɪ̃ɡ,ɡ"
4764,रिबन,रिबन,ɾɪbən̪,ribbon,NotAppl,M,4,underived,,,0,0,inanimate,B,Artifact,1,0,0,"रि,बन,र,न,रिब,िबन","bən̪,n̪,ɾ,ɾɪ,ən̪,ɾɪb",र,ɾ,र,ɾ
4765,रिमझिम,रिमझिम,ɾɪmd͡ʒʰɪm,drizzle,NotAppl,M,4,underived,,,0,0,inanimate,W,Natural Event,0,0,0,"रि,र,म,झिम,रिम,िम","d͡ʒʰɪm,ɪm,m,ɾɪm,ɾ,ɾɪ",र,ɾ,र,ɾ
4766,रिमांड,रिमांड,ɾɪmɑ̃ːɖ,remand,neutral,F,3,underived,,,0,0,inanimate,G,Physical,1,0,0,"रि,ड,र,ांड,ंड,रिम","ɑ̃ːɖ,mɑ̃ːɖ,ɖ,ɾɪm,ɾ,ɾɪ",र,ɾ,र,ɾ
4767,रिमांड,रिमांड,ɾɪmɑ̃ːɖ,remand,neutral,M,4,underived,,,0,0,inanimate,G,Physical,1,0,0,"रि,ड,र,ांड,ंड,रिम","ɑ̃ːɖ,mɑ̃ːɖ,ɖ,ɾɪm,ɾ,ɾɪ",र,ɾ,र,ɾ
4768,रिमोट,रिमोट,ɾɪmoːʈ,remote,NotAppl,M,4,underived,,,0,0,inanimate,N,Artifact,1,0,0,"रि,ट,ोट,र,रिम,मोट","oːʈ,ɾɪm,ɾ,ɾɪ,ʈ,moːʈ",र,ɾ,र,ɾ
4770,रियायत,रियायत,ɾɪjɑːjət̪,concession,NotAppl,F,3,underived,,,0,0,inanimate,S,Action,0,0,0,"रि,र,यत,ायत,त,रिय","t̪,jət̪,ət̪,ɾɪj,ɾ,ɾɪ","र,यत,ायत,त","t̪,jət̪,ɾ","र,यत,त","t̪,jət̪,ɾ"
4771,रियासत,रियासत,ɾɪjɑːs̪ət̪,principality,NotAppl,F,3,underived,,,0,0,inanimate,M,Physical Place,0,1,0,"रि,र,सत,त,ासत,रिय","t̪,s̪ət̪,ət̪,ɾɪj,ɾ,ɾɪ","र,सत,त,ासत","t̪,s̪ət̪,ɾ","र,त","t̪,ɾ"
4772,रियेक्टर,रियेक्टर,ɾɪjeːkʈəɾ,reactor,NotAppl,M,4,underived,,,0,0,inanimate,Y,Applied Sciences,1,0,0,"रि,्टर,र,रिय,टर","ɾɪj,ɾ,ɾɪ,əɾ,ʈəɾ","्टर,र,टर","ɾ,əɾ,ʈəɾ","्टर,र,टर","ɾ,əɾ,ʈəɾ"
4773,रिलीफ,रिलीफ,ɾɪliːpʰ,relief,NotAppl,M,4,underived,,,0,0,inanimate,E,Common Noun,1,0,0,"रि,लीफ,फ,र,रिल,ीफ","iːpʰ,pʰ,liːpʰ,ɾ,ɾɪ,ɾɪl",र,ɾ,र,ɾ
4774,रिवार्ड,रिवार्ड,ɾɪʋɑːɾɖ,rewards,NotAppl,M,4,underived,,,0,0,inanimate,S,Common Noun,1,0,0,"रि,ड,र,्ड,रिव,र्ड","ɑːɾɖ,ɾɖ,ɖ,ɾɪʋ,ɾ,ɾɪ","र,र्ड","ɑːɾɖ,ɾɖ,ɾ",र,ɾ
4775,रिवाल्वर,रिवाल्वर,ɾɪʋɑːlʋəɾ,revolver,neutral,F,3,underived,,,0,0,inanimate,G,Artifact,1,0,0,"रि,वर,र,रिव,्वर","ɾɪʋ,ɾ,ɾɪ,əɾ,ʋəɾ",र,"ɾ,əɾ",र,"ɾ,əɾ"
4776,रिवाल्वर,रिवाल्वर,ɾɪʋɑːlʋəɾ,revolver,neutral,M,4,underived,,,0,0,inanimate,G,Artifact,1,0,0,"रि,वर,र,रिव,्वर","ɾɪʋ,ɾ,ɾɪ,əɾ,ʋəɾ",र,"ɾ,əɾ",र,"ɾ,əɾ"
4777,रिश्ता,रिश्त,ɾɪʃt̪,relationship,NotAppl,M,2,underived,,,0,0,inanimate,S,Abstract,0,1,0,"रि,्त,श्त,र,त,रिश","ʃt̪,t̪,ɾ,ɾɪ,ɪʃt̪,ɾɪʃ","्त,र,त,रिश","t̪,ɾ,ɾɪʃ","्त,र,त","t̪,ɾ"
4778,रिश्तेदार,रिश्तेदार,ɾɪʃt̪eːd̪ɑːɾ,relative,NotAppl,M,4,agentive3,,,0,1,animate,A,Person,0,0,0,"रि,ार,र,रिश,दार","ɾ,ɾɪ,ɑːɾ,d̪ɑːɾ,ɾɪʃ","ार,र,रिश","ɾ,ɑːɾ,ɾɪʃ",र,ɾ
4779,रिश्वत,रिश्वत,ɾɪʃʋət̪,bribe,NotAppl,F,3,underived,,,0,0,inanimate,G,Object,0,1,0,"रि,र,त,रिश,्वत,वत","t̪,ət̪,ʋət̪,ɾ,ɾɪ,ɾɪʃ","र,त,रिश","t̪,ɾ,ɾɪʃ","र,त","t̪,ɾ"
4780,रिसर्च,रिसर्च,ɾɪs̪əɾt͡ʃ,research,NotAppl,F,3,underived,,,0,0,inanimate,X,Physical,1,0,0,"रि,र,्च,र्च,च,रिस","ɾt͡ʃ,t͡ʃ,ɾɪs̪,əɾt͡ʃ,ɾ,ɾɪ","र,्च",ɾ,र,ɾ
4781,रिसाव,रिसाव,ɾɪs̪ɑːʋ,leak,NotAppl,M,4,underived,,,0,0,inanimate,A,Action,0,0,0,"रि,व,ाव,र,साव,रिस","ɾɪs̪,ʋ,s̪ɑːʋ,ɾ,ɾɪ,ɑːʋ","व,ाव,र","ʋ,ɾ","व,ाव,र","ʋ,ɾ"
4782,रिसीवर,रिसीवर,ɾɪs̪iːʋəɾ,receiver,NotAppl,M,4,underived,,,0,0,inanimate,Q,Part of,1,0,0,"रि,वर,र,ीवर,रिस","ɾɪs̪,ɾ,ɾɪ,əɾ,ʋəɾ",र,"ɾ,əɾ",र,"ɾ,əɾ"
4783,रिसॉर्ट,रिसॉर्ट,ɾɪs̪ɔɾʈ,resort,NotAppl,M,4,underived,,,0,0,inanimate,S,Common Noun,1,0,0,"रि,ट,र,र्ट,्ट,रिस","ɾɪs̪,ʈ,ɾ,ɾɪ,ɾʈ,ɔɾʈ",र,ɾ,र,ɾ
4784,रिस्क,रिस्क,ɾɪs̪k,risk,NotAppl,M,4,underived,,,0,0,inanimate,A,State,1,0,0,"रि,्क,र,क,स्क,रिस","k,ɾɪs̪,ɾ,ɾɪ,s̪k,ɪs̪k",र,ɾ,र,ɾ
4785,रिहर्सल,रिहर्सल,ɾɪɦəɾs̪əl,rehearsals,NotAppl,F,3,underived,,,0,0,inanimate,K,Action,1,0,0,"रि,सल,र,्सल,रिह,ल","ɾɪɦ,ɾ,ɾɪ,əl,l,s̪əl",र,"ɾ,əl",र,ɾ
4786,रिहाई,रिहाई,ɾɪɦɑːiː,release,NotAppl,F,3,abstract1,abstract1,abstract1,0,1,inanimate,A,Action,0,1,0,"रि,हाई,र,ाई,ई,रिह","iː,ɦɑːiː,ɑːiː,ɾɪɦ,ɾ,ɾɪ",र,ɾ,र,ɾ
4787,रीमेक,रीमेक,ɾiːmeːk,remake,NotAppl,F,3,underived,,,0,0,inanimate,Q,Concept,1,0,0,"री,र,ेक,मेक,रीम,क","k,meːk,eːk,ɾiːm,ɾ,ɾiː",र,"eːk,ɾ",र,ɾ
4788,रुकावट,रुकावट,ɾukɑːʋəʈ,barrier,NotAppl,F,3,state_result_condition2,,,0,1,inanimate,S,Event,0,0,0,"ट,वट,र,रु,रुक,ावट","əʈ,ɾu,ɾuk,ʈ,ɾ,ʋəʈ","वट,र,ावट","əʈ,ɾ,ʋəʈ",र,ɾ
4789,रुख,रुख,ɾukʰ,stance,NotAppl,M,4,underived,,,0,0,inanimate,O,Anatomical,0,0,0,"ुख,र,ख,रु,रुख","ɾu,ɾ,kʰ,ukʰ,ɾukʰ",र,ɾ,र,ɾ
4790,रुचि,रुचि,ɾut͡ʃɪ,interest,NotAppl,F,3,underived,,,0,0,inanimate,X,Psychological Feature,0,0,1,"र,ुचि,रु,ि,रुच,चि","ɪ,ɾu,t͡ʃɪ,ɾut͡ʃ,ut͡ʃɪ,ɾ","र,ि",ɾ,"र,ि",ɾ
4791,रुझान,रुझान,ɾud͡ʒʰɑːn̪,trend,NotAppl,M,4,abstract_emotion,,,0,1,inanimate,A,Action,0,1,0,"ान,र,रुझ,रु,न,झान","ɑːn̪,ɾud͡ʒʰ,ɾu,ɾ,n̪,d͡ʒʰɑːn̪",र,ɾ,र,ɾ
4792,रुपया,रुपय,ɾupjə,rupee,NotAppl,M,2,underived,,,0,0,inanimate,I,Artifact,0,0,0,"पय,र,रु,रुप,य,ुपय","ɾu,pjə,ɾ,ə,jə,ɾup","र,य","ɾ,jə","र,य","ɾ,jə"
4793,रुपये,रुपये,ɾupjeː,rs,NotAppl,M,4,underived,,,0,0,inanimate,Z,Artifact,0,0,0,"र,पये,े,रु,रुप,ये","ɾu,eː,ɾ,pjeː,jeː,ɾup",र,"eː,ɾ",र,ɾ
4794,रुपरेखा,रुपरेखा,ɾupɾeːkʰɑː,outline,NotAppl,F,3,underived,,,1,0,inanimate,Q,Abstract,0,0,0,"ा,र,रु,रुप,खा,ेखा","eːkʰɑː,ɑː,kʰɑː,ɾu,ɾ,ɾup","ा,र",ɾ,"ा,र",ɾ
4796,रूचि,रूचि,ɾuːt͡ʃɪ,interest,NotAppl,F,3,underived,,,0,0,inanimate,X,Common Noun,0,0,0,"र,रूच,रू,ि,चि,ूचि","ɪ,ɾuː,t͡ʃɪ,ɾ,uːt͡ʃɪ,ɾuːt͡ʃ","र,ि",ɾ,"र,ि",ɾ
4798,रूट,रूट,ɾuːʈ,route,NotAppl,M,4,underived,,,0,0,inanimate,M,Direction,1,0,0,"ट,र,ूट,रू,रूट","uːʈ,ɾuː,ʈ,ɾ,ɾuːʈ",र,ɾ,र,ɾ
4799,रूटीन,रूटीन,ɾuːʈiːn̪,routine,NotAppl,M,4,underived,,,0,0,inanimate,A,Common Noun,1,0,0,"र,टीन,न,रू,ीन,रूट","iːn̪,ɾuː,ɾ,ɾuːʈ,n̪,ʈiːn̪",र,ɾ,र,ɾ
4800,रूप,रूप,ɾuːp,form,NotAppl,M,4,underived,,,0,0,inanimate,A,property,0,0,1,"प,र,रू,ूप,रूप","ɾuː,p,ɾ,uːp,ɾuːp",र,ɾ,र,ɾ
4801,रूपया,रूपय,ɾuːpjə,rupee,NotAppl,M,2,underived,,,0,0,inanimate,I,Physical State,0,0,0,"पय,र,ूपय,य,रू,रूप","ɾuː,pjə,ɾ,ə,jə,ɾuːp","र,य","ɾ,jə","र,य","ɾ,jə"
4802,रूपरेखा,रूपरेखा,ɾuːpɾeːkʰɑː,framework,NotAppl,F,3,underived,,,1,0,inanimate,X,Cognition,0,0,0,"ा,र,रू,खा,ेखा,रूप","eːkʰɑː,ɑː,kʰɑː,ɾuː,ɾ,ɾuːp","ा,र",ɾ,"ा,र",ɾ
4803,रूम,रूम,ɾuːm,room,NotAppl,M,4,underived,,,0,0,inanimate,H,Physical Place,1,0,0,"ूम,र,रूम,म,रू","ɾuː,m,ɾ,uːm,ɾuːm",र,ɾ,र,ɾ
4804,रूमाल,रूमाल,ɾuːmɑːl,handkerchief,NotAppl,M,4,underived,,,0,0,inanimate,B,Artifact,0,0,0,"र,रूम,ाल,रू,माल,ल","mɑːl,ɾuː,ɾ,l,ɾuːm,ɑːl",र,ɾ,र,ɾ
4805,रूल,रूल,ɾuːl,rule,NotAppl,M,4,underived,,,0,0,inanimate,G,Action,1,0,0,"र,रू,ूल,रूल,ल","uːl,ɾuː,ɾ,ɾuːl,l",र,ɾ,र,ɾ
4806,रूलिंग,रूलिंग,ɾuːlɪ̃ɡ,ruling,NotAppl,M,4,underived,,,0,0,inanimate,S,Physical State,1,0,0,"र,रू,िंग,ंग,ग,रूल","ɾuː,lɪ̃ɡ,ɾ,ɪ̃ɡ,ɾuːl,ɡ","र,िंग,ंग,ग","lɪ̃ɡ,ɾ,ɪ̃ɡ,ɡ","र,िंग,ंग","ɾ,ɪ̃ɡ,ɡ"
4807,रेंज,रेंज,ɾẽːd͡ʒ,range,NotAppl,F,3,underived,,,0,0,inanimate,N,Psychological Feature,1,0,0,"र,रे,ेंज,ज,रें,ंज","ɾẽː,d͡ʒ,ɾ,ɾẽːd͡ʒ,ẽːd͡ʒ",र,ɾ,र,ɾ
4808,रेंजर,रेंजर,ɾẽːd͡ʒəɾ,ranger,NotAppl,M,4,underived,,,0,0,animate,G,Person,1,0,0,"र,रे,रें,ंजर,जर","ɾẽːd͡ʒ,d͡ʒəɾ,ɾẽː,ɾ,əɾ",र,"ɾ,əɾ",र,"ɾ,əɾ"
4809,रेंट,रेंट,ɾẽːʈ,rent,NotAppl,M,4,underived,,,0,0,inanimate,I,Abstract,1,0,0,"ट,ेंट,र,ंट,रे,रें","ɾẽː,ʈ,ɾ,ɾẽːʈ,ẽːʈ","ेंट,र,ंट","ɾ,ẽːʈ",र,ɾ
4810,रेख,रेख,ɾeːkʰ,line,NotAppl,F,3,underived,,,0,0,inanimate,O,Common Noun,0,0,0,"ेख,र,ख,रे,रेख","eːkʰ,ɾeːkʰ,ɾ,ɾeː,kʰ",र,ɾ,र,ɾ
4811,रेखा,रेखा,ɾeːkʰɑː,line,NotAppl,F,3,underived,,,0,0,inanimate,O,Object,0,0,1,"ा,र,रे,खा,ेखा,रेख","ɾeːkʰ,eːkʰɑː,ɑː,kʰɑː,ɾ,ɾeː","ा,र",ɾ,"ा,र",ɾ
4812,रेगिस्तान,रेगिस्तान,ɾeːɡɪs̪t̪ɑːn̪,desert,NotAppl,M,4,underived,,,1,0,inanimate,M,Physical Place,0,0,0,"ान,तान,रेग,र,न,रे","t̪ɑːn̪,ɑːn̪,ɾ,ɾeː,ɾeːɡ,n̪",र,ɾ,र,ɾ
4813,रेजीमेंट,रेजीमेंट,ɾeːd͡ʒiːmẽːʈ,regiment,NotAppl,F,3,underived,,,0,0,inanimate,G,Common Noun,1,0,0,"रेज,ट,ेंट,र,ंट,रे","mẽːʈ,ʈ,ɾ,ɾeːd͡ʒ,ɾeː,ẽːʈ","ेंट,र,ंट","ɾ,ẽːʈ",र,ɾ
4814,रेट,रेट,ɾeːʈ,rate,neutral,F,3,underived,,,0,0,inanimate,N,Cognition,1,0,0,"ट,र,रे,ेट,रेट","ɾeːʈ,eːʈ,ʈ,ɾ,ɾeː",र,ɾ,र,ɾ
4815,रेट,रेट,ɾeːʈ,rate,neutral,M,4,underived,,,0,0,inanimate,N,Cognition,1,0,0,"ट,र,रे,ेट,रेट","ɾeːʈ,eːʈ,ʈ,ɾ,ɾeː",र,ɾ,र,ɾ
4816,रेडलाइट,रेडलाइट,ɾeːɖlɑːɪʈ,red light,NotAppl,M,4,underived,,,0,0,inanimate,O,Physical State,1,0,0,"ट,र,इट,रे,ाइट,रेड","ɪʈ,ʈ,ɾ,ɾeːɖ,ɑːɪʈ,ɾeː","र,इट,ाइट","ɪʈ,ɾ,ɑːɪʈ",र,ɾ
4817,रेत...,रेत...,ɾeːt̪ə...,sand...,NotAppl,F,3,underived,,,0,0,inanimate,O,Physical State,0,0,0,"र,रेत,.,रे,...,..",".,ɾeːt̪,ɾ,...,ɾeː,..",र,ɾ,र,ɾ
4818,रेप्टाइल,रेप्टाइल,ɾeːpʈɑːɪl,reptile,NotAppl,M,4,underived,,,0,0,inanimate,Z,Biological State,1,0,0,"र,ाइल,इल,रेप,रे,ल","ɑːɪl,ɪl,ɾeːp,ɾ,l,ɾeː",र,ɾ,र,ɾ
4819,रेफरेंस,रेफरेंस,ɾeːpʰɾẽːs̪,references,NotAppl,M,4,underived,,,0,0,inanimate,Q,Abstract,1,0,0,"स,ेंस,ंस,र,रे,रेफ","ẽːs̪,ɾeːpʰ,ɾ,s̪,ɾeː,ɾẽːs̪",र,ɾ,र,ɾ
4820,रेल,रेल,ɾeːl,rail,NotAppl,F,3,underived,,,0,0,inanimate,O,Artifact,1,0,0,"ेल,रेल,र,रे,ल","ɾ,ɾeːl,l,ɾeː,eːl",र,ɾ,र,ɾ
4821,रेलगाड़ी,रेलगाड़,ɾeːlɡɑːɽ,train,neutral,F,1,underived,,,1,0,inanimate,P,Artifact,0,0,0,"रेल,ाड़,र,़,ड़,रे","ɡɑːɽ,ɑːɽ,ɾ,ɾeːl,ɽ,ɾeː","ाड़,र,़,ड़","ɑːɽ,ɾ,ɽ","र,़",ɾ
4822,रेलगाड़ी,रेलगाड़ी,ɾeːlɡɑːɽiː,train,neutral,M,4,underived,,,1,0,inanimate,P,Artifact,0,0,0,"रेल,र,रे,ड़ी,़ी,ी","iː,ɽiː,ɾ,ɾeːl,ɑːɽiː,ɾeː","र,ी",ɾ,"र,ी",ɾ
4823,रेलनेट,रेलनेट,ɾeːln̪eːʈ,railnet,NotAppl,M,4,underived,,,1,0,inanimate,Z,Common Noun,0,0,0,"ट,नेट,रेल,र,रे,ेट","n̪eːʈ,eːʈ,ʈ,ɾ,ɾeːl,ɾeː",र,ɾ,र,ɾ
4824,रेलमंत्री,रेलमंत्री,ɾeːlmə̃t̪ɾiː,railway minister,NotAppl,M,4,underived,,,1,0,inanimate,M,Artifact,0,0,0,"री,रेल,र,रे,्री,ी","iː,t̪ɾiː,ɾiː,ɾ,ɾeːl,ɾeː","र,ी",ɾ,"र,ी",ɾ
4825,रेलमार्ग,रेलमार्ग,ɾeːlmɑːɾɡ,railroad track,NotAppl,M,4,underived,,,1,0,inanimate,M,Artifact,0,0,0,"रेल,र,र्ग,्ग,रे,ग","ɑːɾɡ,ɾ,ɾeːl,ɡ,ɾeː,ɾɡ","र,र्ग,ग","ɾ,ɡ,ɾɡ",र,"ɾ,ɡ"
4826,रेलयात्री,रेलयात्री,ɾeːljɑːt̪ɾiː,railway passengers,NotAppl,M,4,underived,,,1,0,inanimate,M,Common Noun,0,0,0,"री,रेल,र,रे,्री,ी","iː,t̪ɾiː,ɾiː,ɾ,ɾeːl,ɾeː","र,ी",ɾ,"र,ी",ɾ
4827,रेलवे,रेलव,ɾeːləʋ,railway,neutral,F,0,underived,,,0,0,inanimate,M,Cognition,1,0,0,"व,रेल,ेलव,र,रे,लव","əʋ,ləʋ,ʋ,ɾ,ɾeːl,ɾeː","व,र","ʋ,ɾ","व,र","ʋ,ɾ"
4828,रेलवे,रेलव,ɾeːləʋ,railway,neutral,M,4,underived,,,0,0,inanimate,M,Cognition,1,0,0,"व,रेल,ेलव,र,रे,लव","əʋ,ləʋ,ʋ,ɾ,ɾeːl,ɾeː","व,र","ʋ,ɾ","व,र","ʋ,ɾ"
4829,रेला,रेल,ɾeːl,surge,NotAppl,M,2,underived,,,0,0,inanimate,N,Physical,0,0,0,"ेल,रेल,र,रे,ल","ɾ,ɾeːl,l,ɾeː,eːl",र,ɾ,र,ɾ
4830,रेस्ट,रेस्ट,ɾeːs̪ʈ,rest,NotAppl,M,4,underived,,,0,0,inanimate,E,Common Noun,1,0,0,"ट,र,रेस,रे,्ट,स्ट","eːs̪ʈ,ɾeːs̪,s̪ʈ,ɾ,ʈ,ɾeː","र,स्ट","s̪ʈ,ɾ",र,"s̪ʈ,ɾ"
4832,रेस्त्रां,रेस्त्र,ɾeːs̪t̪ɾ,restaurants,NotAppl,M,4,underived,,,0,0,inanimate,F,Physical Place,1,0,0,"र,त्र,्र,रेस,रे","ɾeːs̪,ɾ,ɾeː,t̪ɾ,s̪t̪ɾ",र,ɾ,र,ɾ
4833,रैंक,रैंक,ɾəɪ̃k,rank,NotAppl,M,4,underived,,,0,0,inanimate,S,Common Noun,1,0,0,"रैं,र,ैंक,रै,क,ंक","k,ɾəɪ̃,ɪ̃k,ɾə,ɾ,əɪ̃k",र,ɾ,र,ɾ
4834,रैकेट,रैकेट,ɾəɪkeːʈ,racket,NotAppl,M,4,underived,,,0,0,inanimate,A,Anti-social,0,0,0,"ट,रैक,र,रै,ेट,केट","ɾə,eːʈ,ɾəɪ,ɾ,ʈ,keːʈ",र,ɾ,र,ɾ
4835,रैगिंग,रैगिंग,ɾəɪɡɪ̃ɡ,ragging,NotAppl,F,3,underived,,,0,0,inanimate,E,Anti-social,1,0,0,"र,रै,िंग,रैग,ंग,ग","ɾə,ɾəɪ,ɾ,ɪ̃ɡ,ɡɪ̃ɡ,ɡ","र,िंग,ंग,ग","ɾ,ɪ̃ɡ,ɡ","र,िंग,ंग","ɾ,ɪ̃ɡ,ɡ"
4836,रैमर,रैमर,ɾəɪməɾ,rammer,NotAppl,M,4,underived,,,0,0,inanimate,Z,Common Noun,1,0,0,"र,रै,रैम,ैमर,मर","ɾə,ɾəɪ,ɾ,əɾ,məɾ",र,"ɾ,əɾ",र,"ɾ,əɾ"
4837,रैली,रैल,ɾəɪl,rally,NotAppl,F,1,underived,,,0,0,inanimate,S,Action,0,0,0,"र,ैल,रै,रैल,ल","əɪl,ɪl,ɾə,ɾəɪ,ɾ,l",र,ɾ,र,ɾ
4838,रॉक,रॉक,ɾɔk,rock,NotAppl,M,4,underived,,,0,0,inanimate,O,Art,1,0,0,"रॉ,र,क,रॉक,ॉक","k,ɔk,ɾɔk,ɾ,ɾɔ",र,ɾ,र,ɾ
4839,रॉकेट,रॉकेट,ɾɔkeːʈ,rocket,NotAppl,M,4,underived,,,0,0,inanimate,G,Artifact,1,0,0,"ट,रॉ,र,ेट,रॉक,केट","ɾɔk,eːʈ,ʈ,ɾ,keːʈ,ɾɔ",र,ɾ,र,ɾ
4840,रॉयल्टी,रॉयल्ट,ɾɔjəlʈ,royalty,NotAppl,F,1,underived,,,0,0,inanimate,S,Property,1,0,0,"ट,रॉ,ल्ट,र,रॉय,्ट","ʈ,ɾ,ɾɔj,lʈ,əlʈ,ɾɔ",र,ɾ,र,ɾ
4841,रोक,रोक,ɾoːk,stoppage,NotAppl,F,3,underived,,,0,0,inanimate,T,Action,0,0,0,"ोक,रो,र,क,रोक","k,oːk,ɾoːk,ɾ,ɾoː",र,ɾ,र,ɾ
4842,रोकटोक,रोकटोक,ɾoːkʈoːk,the act of hindering or obstructing or impeding,NotAppl,F,3,underived,,,1,0,inanimate,Z,Physical,0,0,0,"ोक,रो,र,टोक,क,रोक","k,oːk,ɾoːk,ɾ,ɾoː,ʈoːk",र,ɾ,र,ɾ
4843,रोकथाम,रोकथाम,ɾoːkt̪ʰɑːm,prevention,NotAppl,F,3,underived,,,1,0,inanimate,S,Action,0,0,0,"रो,र,म,रोक,ाम,थाम","t̪ʰɑːm,m,ɾoːk,ɾ,ɾoː,ɑːm",र,ɾ,र,ɾ
4844,रोग,रोग,ɾoːɡ,disease,NotAppl,M,4,underived,,,0,0,inanimate,B,Disease,0,0,1,"रो,र,ोग,रोग,ग","oːɡ,ɾoːɡ,ɾ,ɡ,ɾoː","र,ोग,ग","oːɡ,ɾ,ɡ",र,"ɾ,ɡ"
4845,रोगी,रोगी,ɾoːɡiː,patient,NotAppl,M,4,agentive_occupation3,,,0,1,animate,B,Person,0,0,1,"रो,र,ोगी,रोग,ी,गी","iː,ɾoːɡ,ɾ,ɾoː,ɡiː,oːɡiː","र,ी",ɾ,"र,ी",ɾ
4846,रोज,रोज,ɾoːd͡ʒ,daily,NotAppl,M,4,underived,,,0,0,inanimate,Q,Period,0,0,0,"रो,र,ोज,ज,रोज","oːd͡ʒ,d͡ʒ,ɾ,ɾoːd͡ʒ,ɾoː",र,ɾ,र,ɾ
4847,रोजगार,रोजगार,ɾoːd͡ʒɡɑːɾ,employment,NotAppl,M,4,underived,,,1,0,inanimate,I,Physical,0,0,0,"रो,ार,र,रोज,गार","ɡɑːɾ,ɾ,ɾoːd͡ʒ,ɑːɾ,ɾoː","ार,र","ɾ,ɑːɾ",र,ɾ
4848,रोजाना,रोजाना,ɾoːd͡ʒɑːn̪ɑː,daily,NotAppl,M,4,underived,,,0,0,inanimate,Q,Time,0,0,0,"रो,ाना,ा,र,ना,रोज","ɑː,ɑːn̪ɑː,ɾ,ɾoːd͡ʒ,n̪ɑː,ɾoː","ा,र",ɾ,"ा,र",ɾ
4849,रोजी,रोज,ɾoːd͡ʒ,rosie,NotAppl,F,1,underived,,,0,0,inanimate,Z,Physical,0,0,0,"रो,र,ोज,ज,रोज","oːd͡ʒ,d͡ʒ,ɾ,ɾoːd͡ʒ,ɾoː",र,ɾ,र,ɾ
4850,रोटी,रोट,ɾoːʈ,bread,NotAppl,F,1,underived,,,0,0,inanimate,F,Edible,0,0,0,"ट,रो,ोट,र,रोट","ɾoːʈ,oːʈ,ʈ,ɾ,ɾoː",र,ɾ,र,ɾ
4851,रोड,रोड,ɾoːɖ,road,NotAppl,F,3,underived,,,0,0,inanimate,M,Artifact,1,0,0,"रो,ड,र,रोड,ोड","ɖ,oːɖ,ɾ,ɾoːɖ,ɾoː",र,ɾ,र,ɾ
4852,रोडमैप,रोडमैप,ɾoːɖməɪp,roadmap,NotAppl,M,4,underived,,,0,0,inanimate,M,Common Noun,1,0,0,"रो,प,रोड,र,ैप,मैप","əɪp,p,ɾ,ɾoːɖ,ɾoː,ɪp",र,ɾ,र,ɾ
4853,रोडवेज,रोडवेज,ɾoːɖʋeːd͡ʒ,roadways,NotAppl,M,4,underived,,,0,0,inanimate,M,Common Noun,1,0,0,"रो,र,रोड,वेज,ज,ेज","ʋeːd͡ʒ,eːd͡ʒ,d͡ʒ,ɾ,ɾoːɖ,ɾoː",र,ɾ,र,ɾ
4854,रोड़ा,रोड़,ɾoːɽ,occlusion,NotAppl,M,2,underived,,,0,0,inanimate,Z,Abstract,0,0,0,"रो,ोड़,र,रोड,़,ड़","oːɽ,ɾoːɽ,ɾ,ɽ,ɾoː","र,़,ड़","ɾ,ɽ","र,़",ɾ
4855,रोना,रोन,ɾoːn̪,cry,NotAppl,M,2,underived,,,0,0,inanimate,E,Physical,0,0,0,"रो,र,न,ोन,रोन","ɾ,ɾoːn̪,ɾoː,n̪,oːn̪",र,ɾ,र,ɾ
4856,रोपाई,रोपा,ɾoːpɑː,transplantation,NotAppl,F,1,abstract1,abstract1,abstract1,0,1,inanimate,B,Physical,0,0,0,"रोप,रो,ोपा,ा,र,पा","ɑː,ɾoːp,ɾ,ɾoː,pɑː,oːpɑː","ा,र",ɾ,"ा,र",ɾ
4857,रोबो,रोब,ɾoːb,robo,NotAppl,M,4,underived,,,0,0,inanimate,Z,Common Noun,1,0,0,"रो,र,ोब,रोब,ब","ɾoːb,ɾ,b,oːb,ɾoː",र,ɾ,र,ɾ
4858,रोबोट,रोबोट,ɾoːboːʈ,robot,NotAppl,M,4,underived,,,0,0,inanimate,O,Artifact,1,0,0,"ट,रो,ोट,र,रोब,बोट","oːʈ,ɾoːb,boːʈ,ʈ,ɾ,ɾoː",र,ɾ,र,ɾ
4859,रोमांस,रोमांस,ɾoːmɑ̃ːs̪,romance,NotAppl,M,4,underived,,,0,0,inanimate,S,State,1,0,0,"स,रो,ंस,र,रोम,ांस","ɑ̃ːs̪,mɑ̃ːs̪,ɾ,ɾoːm,s̪,ɾoː",र,ɾ,र,ɾ
4860,रोल,रोल,ɾoːl,roll,NotAppl,M,4,underived,,,0,0,inanimate,O,Physical,1,0,0,"रो,र,ोल,रोल,ल","oːl,ɾ,ɾoːl,l,ɾoː",र,ɾ,र,ɾ
4861,रोलओवर,रोलओवर,ɾoːləoːʋəɾ,roll over,NotAppl,M,4,underived,,,0,0,inanimate,M,Financial,1,0,0,"वर,रो,र,ओवर,रोल","ɾ,ɾoːl,ɾoː,əɾ,ʋəɾ",र,"ɾ,əɾ",र,"ɾ,əɾ"
4862,रोशनी,रोशन,ɾoːʃən̪,lights,NotAppl,F,1,underived,,,0,0,inanimate,W,Perception,0,1,0,"रो,शन,रोश,र,न,ोशन","ən̪,ɾ,ɾoːʃ,ɾoː,n̪,ʃən̪","शन,र","ɾ,ʃən̪",र,ɾ
4863,रोष,रोष,ɾoːʂ,rage,NotAppl,M,4,underived,,,0,0,inanimate,E,Psychological Feature,0,0,1,"रो,र,ष,ोष,रोष","ɾ,ɾoːʂ,ɾoː,ʂ,oːʂ","र,ष","ɾ,ʂ",र,ɾ
4864,रौनक,रौनक,ɾəun̪ək,splendor,neutral,F,3,underived,,,0,0,inanimate,Z,Social Event,0,0,0,"र,रौन,क,रौ,ौनक,नक","k,n̪ək,ɾəu,ɾə,ək,ɾ",र,"ək,ɾ",र,ɾ
4865,रौनक,रौनक,ɾəun̪ək,splendor,neutral,M,4,underived,,,0,0,inanimate,Z,Social Event,0,0,0,"र,रौन,क,रौ,ौनक,नक","k,n̪ək,ɾəu,ɾə,ək,ɾ",र,"ək,ɾ",र,ɾ
4866,र्बैक,र्बैक,ɾbəɪk,rbac,NotAppl,M,4,underived,,,0,0,inanimate,Z,Physical State,0,0,0,"र्ब,र,बैक,र्,क,ैक","k,ɪk,əɪk,ɾb,ɾ,ɾbə",र,ɾ,र,ɾ
4867,लंच,लंच,lə̃t͡ʃ,lunch,NotAppl,M,4,underived,,,0,0,inanimate,F,Edible,0,0,0,"लं,ंच,लंच,च,ल","t͡ʃ,ə̃t͡ʃ,l,lə̃,lə̃t͡ʃ",,,,
4868,लकड़ी,लकड़,ləkəɽ,wood,NotAppl,F,1,underived,,,0,0,inanimate,O,Natural Object,0,0,0,"कड़,़,लक,ड़,लकड,ल","lək,lə,əɽ,ɽ,l,kəɽ","़,ड़",ɽ,़,
4870,लक्षण,लक्षण,ləkʂəɳ,symptoms,NotAppl,M,4,underived,,,0,0,inanimate,B,Quality,0,0,1,"लक्,षण,लक,ल,्षण,ण","lək,əɳ,lə,ʂəɳ,l,ɳ",षण,"əɳ,ʂəɳ",,əɳ
4871,लक्ष्य,लक्ष्य,ləkʂjə,target,NotAppl,M,4,underived,,,0,0,inanimate,X,Place,0,0,1,"लक्,्य,ष्य,लक,य,ल","lək,lə,ə,l,ʂjə,jə","्य,य","ʂjə,jə",य,jə
4872,लगाम,लगाम,ləɡɑːm,rein,NotAppl,F,3,underived,,,0,0,inanimate,O,Action,0,1,0,"लग,म,लगा,ल,ाम,गाम","ləɡ,lə,m,ɡɑːm,l,ɑːm",,,,
4873,लगाव,लगाव,ləɡɑːʋ,attachment,NotAppl,M,4,underived,,,0,0,inanimate,O,Cognition,0,0,0,"लग,व,ाव,गाव,लगा,ल","ləɡ,lə,ʋ,ɡɑːʋ,ɑːʋ,l","व,ाव",ʋ,"व,ाव",ʋ
4874,लग्न,लग्न,ləɡn̪,ascendant,NotAppl,F,3,underived,,,0,0,inanimate,S,Period,0,0,1,"लग,लग्,न,ग्न,ल,्न","ləɡ,lə,ɡn̪,əɡn̪,l,n̪",,,,
4875,लचीलापन,लचीलापन,lət͡ʃiːlɑːpən̪,resilience,NotAppl,M,4,underived,,,1,0,inanimate,S,Quality,0,0,0,"लच,लची,ापन,न,पन,ल","lət͡ʃ,lə,ən̪,pən̪,l,n̪",,,,
4876,लचीलेपन,लचीलेपन,lət͡ʃiːleːpən̪,flexibility,NotAppl,M,4,underived,,,1,0,inanimate,O,Quality,0,0,0,"लच,लची,न,पन,ल,ेपन","lət͡ʃ,lə,ən̪,pən̪,l,n̪",,,,
4878,लडकी,लडक,ləɖək,girl,NotAppl,F,1,underived,,,0,0,animate,S,Common Noun,0,0,0,"डक,लडक,लड,क,ल","k,ləɖ,ɖək,ək,lə,l",,ək,,
4879,लड़कपन,लड़कपन,ləɽəkpən̪,boyhood,NotAppl,M,4,underived,,,1,0,inanimate,T,physical State,0,0,0,"लड़,न,लड,पन,ल,कपन","ləɽ,lə,ən̪,pən̪,l,n̪",,,,
4880,लड़का,लड़क,ləɽək,boy,NotAppl,M,2,underived,,,0,0,animate,S,Person,0,0,0,"लड़,़क,ड़क,लड,क,ल","k,ləɽ,ək,lə,ɽək,l",,ək,,
4881,लड़की,लड़क,ləɽək,girl,NotAppl,F,1,underived,,,0,0,animate,S,Person,0,0,0,"लड़,़क,ड़क,लड,क,ल","k,ləɽ,ək,lə,ɽək,l",,ək,,
4882,लड़ाई,लड़ा,ləɽɑː,battle,NotAppl,F,1,abstract1,abstract1,abstract1,0,1,inanimate,X,Action,0,0,0,"़ा,ा,ड़ा,लड़,लड,ल","ɽɑː,ləɽ,ɑː,lə,l,əɽɑː","़ा,ा",,ा,
4883,लड़ाका,लड़ाक,ləɽɑːk,fighter,NotAppl,M,2,underived,,,0,0,animate,M,Person,0,0,0,"़ाक,लड़,ाक,लड,क,ल","k,ɽɑːk,ləɽ,lə,ɑːk,l",,,,
4885,लड्डू,लड्डू,ləɖɖuː,a type of sweet,NotAppl,M,4,underived,,,0,0,inanimate,Z,Edible,0,0,0,"्डू,डू,ू,लड,ल,लड्","ləɖ,lə,ɖɖuː,uː,l,ɖuː",,,,
4886,लत,लत,lət̪,addiction,NotAppl,F,3,underived,,,0,0,inanimate,B,Abstract,0,0,0,"ल,लत,त","t̪,lət̪,lə,ət̪,l","लत,त","t̪,lət̪",त,t̪
4887,लपट,लपट,ləpəʈ,lightness,NotAppl,F,3,underived,,,0,0,inanimate,W,Perception,0,0,0,"ट,लप,लपट,पट,ल","əʈ,ləp,lə,ʈ,pəʈ,l",,əʈ,,
4888,लपेट,लपेट,ləpeːʈ,wrap,NotAppl,M,2,underived,,,0,0,inanimate,B,Physiological  State,0,0,0,"ट,लप,पेट,ेट,लपे,ल","ləp,lə,eːʈ,ʈ,l,peːʈ",,,,
4889,लश्कर,लश्कर,ləʃkəɾ,lashkar,NotAppl,M,4,underived,,,0,0,inanimate,Z,Group,0,0,0,"कर,र,लश्,्कर,ल,लश","ləʃ,lə,ɾ,kəɾ,l,əɾ","कर,र","ɾ,kəɾ,əɾ","कर,र","ɾ,kəɾ,əɾ"
4890,लस्सी,लस्स,ləs̪s̪,lassi,NotAppl,F,1,underived,,,0,0,inanimate,Z,Edible,0,0,0,"स,स्स,लस्,्स,ल,लस","əs̪s̪,lə,s̪s̪,ləs̪,s̪,l",,,,
4891,लहजा,लहज,ləɦəd͡ʒ,accent,NotAppl,M,2,underived,,,0,0,inanimate,Q,property,0,1,0,"लह,हज,ज,ल,लहज","əd͡ʒ,d͡ʒ,lə,ləɦ,ɦəd͡ʒ,l",,əd͡ʒ,,əd͡ʒ
4892,लहतलाली,लहतलाल,ləɦət̪lɑːl,lahtlali,NotAppl,F,1,underived,,,0,0,inanimate,Z,Abstract,0,0,0,"लहत,लह,ाल,लाल,ल","lə,lɑːl,ləɦ,l,ɑːl",,,,
4893,लहर,लहर,ləɦəɾ,wave,NotAppl,F,3,underived,,,0,0,inanimate,W,Physiological  State,0,0,0,"हर,लह,र,लहर,ल","ɦəɾ,lə,ləɦ,ɾ,l,əɾ",र,"ɾ,əɾ",र,"ɾ,əɾ"
4894,लाँच,लाँच,lɑ̃ːt͡ʃ,launch,neutral,F,3,underived,,,0,0,inanimate,M,Object,1,0,0,"लाँ,ाँच,ला,ँच,च,ल","t͡ʃ,lɑ̃ːt͡ʃ,lɑ̃ː,ɑ̃ːt͡ʃ,l",ला,,ला,
4895,लाँच,लाँच,lɑ̃ːt͡ʃ,launch,neutral,M,4,underived,,,0,0,inanimate,M,Object,1,0,0,"लाँ,ाँच,ला,ँच,च,ल","t͡ʃ,lɑ̃ːt͡ʃ,lɑ̃ː,ɑ̃ːt͡ʃ,l",ला,,ला,
4896,लांस,लांस,lɑ̃ːs̪,lance,NotAppl,M,4,underived,,,0,0,inanimate,Z,Anatomical,1,0,0,"स,ंस,ला,लां,ांस,ल","lɑ̃ːs̪,ɑ̃ːs̪,lɑ̃ː,s̪,l",ला,,ला,
4897,लाइ,ला,lɑː,laye,NotAppl,M,4,underived,,,0,0,inanimate,Z,Common Noun,1,0,0,"ल,ा,ला","ɑː,l,lɑː","ा,ला",lɑː,"ा,ला",lɑː
4898,लाइंस,लाइंस,lɑːɪ̃s̪,lines,NotAppl,F,0,underived,,,0,0,inanimate,O,Common Noun,1,0,0,"स,इंस,ंस,लाइ,ला,ल","ɑːɪ̃s̪,lɑːɪ̃,s̪,l,lɑː,ɪ̃s̪","लाइ,ला",lɑː,ला,lɑː
4899,लाइट,लाइट,lɑːɪʈ,light,NotAppl,F,4,underived,,,0,0,inanimate,W,Artifact,1,0,0,"ट,लाइ,ला,इट,ल,ाइट","ɪʈ,lɑːɪ,ʈ,ɑːɪʈ,l,lɑː","लाइ,ला,इट,ाइट","ɪʈ,lɑːɪ,ɑːɪʈ,lɑː",ला,lɑː
4900,लाइन,लाइन,lɑːɪn̪,line,NotAppl,F,3,underived,,,0,0,inanimate,O,property,1,0,0,"लाइ,ला,ाइन,न,इन,ल","lɑːɪ,ɑːɪn̪,ɪn̪,l,lɑː,n̪","लाइ,ला","lɑːɪ,lɑː",ला,lɑː
4901,लाइफ,लाइफ,lɑːɪpʰ,life,NotAppl,F,3,underived,,,0,0,inanimate,L,Concept,1,0,0,"लाइ,फ,ला,ाइफ,इफ,ल","ɪpʰ,ɑːɪpʰ,pʰ,lɑːɪ,l,lɑː","लाइ,ला","lɑːɪ,lɑː",ला,lɑː
4902,लाइब्रेरियन,लाइब्रेरियन,lɑːɪbɾeːɾɪjən̪,librarian,NotAppl,M,4,underived,,,0,0,animate,Q,Mythological Character,1,0,0,"लाइ,ला,यन,न,ल,ियन","n̪,lɑːɪ,jən̪,l,lɑː,ən̪","लाइ,ला","lɑːɪ,lɑː",ला,lɑː
4903,लाइब्रेरी,लाइब्रेर,lɑːɪbɾeːɾ,library,NotAppl,F,1,underived,,,0,0,inanimate,Q,Physical Place,1,0,0,"लाइ,र,ला,रेर,ेर,ल","lɑːɪ,ɾ,l,lɑː,eːɾ,ɾeːɾ","लाइ,र,ला","lɑːɪ,ɾ,lɑː","र,ला","ɾ,lɑː"
4904,लाइसेंस,लाइसेंस,lɑːɪs̪ẽːs̪,license,NotAppl,M,4,underived,,,0,0,inanimate,G,Artifact,1,0,0,"स,ेंस,ंस,लाइ,ला,ल","ẽːs̪,lɑːɪ,s̪,l,lɑː,s̪ẽːs̪","लाइ,ला","lɑːɪ,lɑː",ला,lɑː
4905,लाइसेंसिग,लाइसेंसिग,lɑːɪs̪ẽːs̪ɪɡ,licensing,NotAppl,F,3,underived,,,0,0,inanimate,G,Concept,1,0,0,"लाइ,ला,सिग,िग,ग,ल","lɑː,lɑːɪ,ɡ,l,ɪɡ,s̪ɪɡ","लाइ,ला,ग","lɑː,lɑːɪ,ɡ",ला,"lɑː,ɡ"
4906,लाई,ला,lɑː,lai,NotAppl,M,4,underived,,,0,0,inanimate,Z,Edible,1,0,0,"ल,ा,ला","ɑː,l,lɑː","ा,ला",lɑː,"ा,ला",lɑː
4907,लाउडस्पीकर,लाउडस्पीकर,lɑːuɖəs̪piːkəɾ,loudspeaker,NotAppl,M,4,underived,,,0,0,inanimate,O,Artifact,1,0,0,"कर,र,ला,ीकर,ल,लाउ","ɾ,kəɾ,l,lɑː,əɾ,lɑːu","कर,र,ला","ɾ,kəɾ,lɑː,əɾ","कर,र,ला","ɾ,kəɾ,lɑː,əɾ"
4908,लाख,लाख,lɑːkʰ,lakh,NotAppl,M,4,underived,,,0,0,inanimate,Z,Group,0,0,0,"ला,ख,लाख,ाख,ल","ɑːkʰ,l,lɑː,kʰ,lɑːkʰ",ला,lɑː,ला,lɑː
4909,लाग,लाग,lɑːɡ,lag,NotAppl,M,4,underived,,,0,0,inanimate,N,Communication,0,0,0,"ाग,ला,ग,ल,लाग","lɑː,ɑːɡ,lɑːɡ,ɡ,l","ाग,ला,ग","lɑː,ɡ",ला,"lɑː,ɡ"
4910,लागत,लागत,lɑːɡət̪,cost,NotAppl,F,3,underived,,,0,0,inanimate,I,Artifact,0,0,0,"गत,ला,त,ल,ागत,लाग","ɡət̪,t̪,ət̪,lɑːɡ,l,lɑː","गत,ला,त","ɡət̪,t̪,lɑː","ला,त","t̪,lɑː"
4911,लाठी,लाठ,lɑːʈʰ,blackjack,NotAppl,F,1,underived,,,0,0,inanimate,K,Artifact,0,0,0,"ला,ाठ,लाठ,ल,ठ","ʈʰ,lɑːʈʰ,ɑːʈʰ,l,lɑː",ला,lɑː,ला,lɑː
4912,लाठीचार्ज,लाठीचार्ज,lɑːʈʰiːt͡ʃɑːɾd͡ʒ,lathicharge,neutral,F,3,underived,,,1,0,inanimate,Z,Physical,0,0,0,"ला,र्ज,लाठ,ज,ल,्ज","lɑː,ɑːɾd͡ʒ,lɑːʈʰ,d͡ʒ,ɾd͡ʒ,l",ला,lɑː,ला,lɑː
4913,लाठीचार्ज,लाठीचार्ज,lɑːʈʰiːt͡ʃɑːɾd͡ʒ,lathicharge,neutral,M,4,underived,,,1,0,inanimate,Z,Physical,0,0,0,"ला,र्ज,लाठ,ज,ल,्ज","lɑː,ɑːɾd͡ʒ,lɑːʈʰ,d͡ʒ,ɾd͡ʒ,l",ला,lɑː,ला,lɑː
4914,लानत,लानत,lɑːn̪ət̪,damn,NotAppl,F,3,underived,,,0,0,inanimate,Z,Physical,0,1,0,"ला,त,नत,लान,ानत,ल","t̪,ət̪,n̪ət̪,l,lɑː,lɑːn̪","ला,त,नत,ानत","t̪,n̪ət̪,lɑː","ला,त","t̪,lɑː"
4915,लापरवाही,लापरवाह,lɑːpəɾʋɑːɦ,negligence,NotAppl,F,1,underived,,,1,0,inanimate,A,Mental State,0,0,0,"लाप,ला,ाह,ह,वाह,ल","ʋɑːɦ,ɑːɦ,ɦ,lɑːp,l,lɑː","ला,ाह","ɑːɦ,lɑː",ला,lɑː
4916,लाभ,लाभ,lɑːbʰ,benefit,NotAppl,M,4,underived,,,0,0,inanimate,S,possession,0,0,1,"लाभ,ला,ाभ,भ,ल","lɑːbʰ,l,lɑː,bʰ,ɑːbʰ",ला,lɑː,ला,lɑː
4917,लाभांवित,लाभांवित,lɑːbʰɑ̃ːʋɪt̪,benefited,NotAppl,M,4,underived,,,0,0,inanimate,S,Relational,0,0,0,"लाभ,ला,वित,त,ित,ल","ʋɪt̪,ɪt̪,t̪,lɑːbʰ,l,lɑː","ला,त","t̪,lɑː","ला,त","t̪,lɑː"
4918,लाभांश,लाभांश,lɑːbʰɑ̃ːʃ,dividends,NotAppl,M,4,underived,,,1,0,inanimate,I,Artifact,0,0,0,"लाभ,श,ला,ांश,ंश,ल","lɑː,ʃ,bʰɑ̃ːʃ,lɑːbʰ,l,ɑ̃ːʃ",ला,lɑː,ला,lɑː
4919,लाभार्थी,लाभार्थी,lɑːbʰɑːɾt̪ʰiː,beneficiaries,NotAppl,M,4,underived,,,1,0,inanimate,A,Action,0,0,0,"लाभ,ला,थी,्थी,ल,ी","iː,ɾt̪ʰiː,lɑːbʰ,l,lɑː,t̪ʰiː","ला,ी",lɑː,"ला,ी",lɑː
4920,लामबंदी,लामबंद,lɑːmbə̃d̪,mobilization,NotAppl,F,1,underived,,,1,0,inanimate,A,Action,0,0,0,"द,ला,ंद,बंद,लाम,ल","d̪,bə̃d̪,lɑːm,l,lɑː,ə̃d̪","ला,ंद,बंद","bə̃d̪,lɑː,ə̃d̪",ला,lɑː
4921,लामा,लामा,lɑːmɑː,lama,NotAppl,M,4,underived,,,0,0,animate,S,Person,0,0,0,"मा,ा,ला,लाम,ल,ामा","ɑː,mɑː,lɑːm,l,lɑː,ɑːmɑː","ा,ला",lɑː,"ा,ला",lɑː
4922,लालच,लालच,lɑːlət͡ʃ,greed,NotAppl,M,4,underived,,,0,0,inanimate,S,Psychological Feature,0,0,0,"लच,ालच,ला,लाल,च,ल","t͡ʃ,lɑːl,l,lɑː,lət͡ʃ,ət͡ʃ",ला,"lɑː,ət͡ʃ",ला,lɑː
4923,लालटेन,लालटेन,lɑːlʈeːn̪,lantern,NotAppl,F,3,underived,,,0,0,inanimate,O,Artifact,0,0,0,"ेन,ला,न,लाल,टेन,ल","ʈeːn̪,lɑː,lɑːl,eːn̪,l,n̪",ला,lɑː,ला,lɑː
4924,लालबत्ती,लालबत्त,lɑːlbət̪t̪,red light,NotAppl,F,1,underived,,,1,0,inanimate,O,Physical Object,0,0,0,"्त,त्त,ला,त,लाल,ल","ət̪t̪,t̪,t̪t̪,lɑːl,l,lɑː","्त,त्त,ला,त","ət̪t̪,t̪,t̪t̪,lɑː","्त,ला,त","t̪,lɑː"
4925,लालसा,लालसा,lɑːls̪ɑː,ambition,NotAppl,F,3,underived,,,0,0,inanimate,X,Psychological Feature,0,0,1,"ा,ला,लाल,सा,लसा,ल","ɑː,lɑːl,l,lɑː,ls̪ɑː,s̪ɑː","ा,ला,सा",lɑː,"ा,ला",lɑː
4926,लालू,लालू,lɑːluː,lalu,NotAppl,M,4,underived,,,0,0,animate,Z,Common Noun,0,0,0,"लू,ला,ालू,ू,लाल,ल","lɑː,ɑːluː,luː,lɑːl,uː,l",ला,lɑː,ला,lɑː
4927,लाव,लाव,lɑːʋ,lav,NotAppl,M,4,underived,,,0,0,inanimate,B,Artifact,0,1,0,"व,ाव,ला,ल,लाव","lɑː,ʋ,ɑːʋ,l,lɑːʋ","व,ाव,ला","lɑː,ʋ","व,ाव,ला","lɑː,ʋ"
4928,लाश,लाश,lɑːʃ,corpse,NotAppl,F,3,underived,,,0,0,inanimate,L,Natural Object,0,1,0,"श,ला,लाश,ल,ाश","ʃ,ɑːʃ,l,lɑː,lɑːʃ",ला,lɑː,ला,lɑː
4929,लाहौल,लाहौल,lɑːɦəul,lahaul,NotAppl,M,4,underived,,,0,0,inanimate,Z,Physical Place,0,0,0,"लाह,ौल,ला,हौल,ल","ul,əul,lɑːɦ,l,lɑː",ला,lɑː,ला,lɑː
4930,लिंक,लिंक,lɪ̃k,link,NotAppl,M,4,underived,,,0,0,inanimate,A,Artifact,1,0,0,"लिं,िंक,लि,क,ल,ंक","k,ɪ̃k,lɪ̃,l,lɪ̃k",,,,
4931,लिंग,लिंग,lɪ̃ɡ,gender,NotAppl,M,4,underived,,,0,0,inanimate,S,Group,0,0,1,"लिं,िंग,लि,ंग,ग,ल","lɪ̃,lɪ̃ɡ,ɪ̃ɡ,ɡ,l","िंग,ंग,ग","lɪ̃ɡ,ɪ̃ɡ,ɡ","िंग,ंग","ɪ̃ɡ,ɡ"
4932,लिखावट,लिखावट,lɪkʰɑːʋəʈ,handwriting,NotAppl,F,3,underived,,,0,0,inanimate,Q,Art,0,0,0,"ट,लिख,वट,लि,ल,ावट","əʈ,lɪ,lɪkʰ,ʈ,ʋəʈ,l","वट,ावट","əʈ,ʋəʈ",,
4933,लिखित,लिखित,lɪkʰɪt̪,written,NotAppl,M,4,underived,,,0,0,inanimate,Q,Qualitative,0,0,1,"लिख,त,लि,ित,ल,खित","kʰɪt̪,ɪt̪,t̪,lɪ,lɪkʰ,l",त,t̪,त,t̪
4934,लिपिक,लिपिक,lɪpɪk,clerk,NotAppl,M,4,agentive1,agentive1,agentive1,0,1,animate,B,Person,0,0,1,"पिक,िक,लि,लिप,क,ल","k,ɪk,lɪp,lɪ,l,pɪk",,,,
4935,लिफाफा,लिफाफ,lɪpʰɑːpʰ,envelope,NotAppl,M,2,underived,,,0,0,inanimate,O,Artifact,0,0,0,"फाफ,फ,ाफ,लि,ल,लिफ","pʰ,lɪ,ɑːpʰ,lɪpʰ,pʰɑːpʰ,l",,,,
4936,लिफ्ट,लिफ्ट,lɪpʰʈ,elevator,NotAppl,F,3,underived,,,0,0,inanimate,H,Artifact,1,0,0,"ट,्ट,लि,फ्ट,ल,लिफ","pʰʈ,lɪ,lɪpʰ,ʈ,ɪpʰʈ,l",,,,
4937,लिबास,लिबास,lɪbɑːs̪,clothing,NotAppl,M,4,underived,,,0,0,inanimate,B,Artifact,0,1,0,"स,ास,लिब,लि,ल,बास","bɑːs̪,lɪ,ɑːs̪,s̪,l,lɪb",ास,,,
4938,लिवाली,लिवाल,lɪʋɑːl,buying,NotAppl,F,1,underived,,,0,0,animate,I,Person,0,0,0,"लिव,ाल,लि,वाल,ल","lɪʋ,lɪ,ʋɑːl,l,ɑːl",,,,
4939,लिस्ट,लिस्ट,lɪs̪ʈ,list,NotAppl,F,3,underived,,,0,0,inanimate,Q,Artifact,1,0,0,"ट,्ट,लि,ल,लिस,स्ट","lɪ,lɪs̪,ʈ,s̪ʈ,ɪs̪ʈ,l","लिस,स्ट","lɪs̪,s̪ʈ",,s̪ʈ
4940,लीक,लीक,liːk,leak,NotAppl,F,3,underived,,,0,0,inanimate,A,Action,1,0,0,"ली,क,ल,ीक,लीक","k,liː,liːk,l,iːk",,,,
4941,लीग,लीग,liːɡ,league,NotAppl,F,3,underived,,,0,0,inanimate,S,Abstract,1,0,0,"ली,लीग,ग,ल,ीग","iːɡ,liː,liːɡ,ɡ,l",ग,ɡ,,ɡ
4942,लीज,लीज,liːd͡ʒ,lease,NotAppl,F,3,underived,,,0,0,inanimate,I,Artifact,1,0,0,"ली,लीज,ज,ीज,ल","iːd͡ʒ,d͡ʒ,liːd͡ʒ,liː,l",,,,
4943,लीटर,लीटर,liːʈəɾ,liter,neutral,F,3,underived,,,0,0,inanimate,Z,Measurement,1,0,0,"ली,र,लीट,ीटर,टर,ल","liː,liːʈ,ɾ,l,əɾ,ʈəɾ","र,टर","ɾ,əɾ,ʈəɾ","र,टर","ɾ,əɾ,ʈəɾ"
4944,लीटर,लीटर,liːʈəɾ,liter,neutral,M,4,underived,,,0,0,inanimate,Z,Measurement,1,0,0,"ली,र,लीट,ीटर,टर,ल","liː,liːʈ,ɾ,l,əɾ,ʈəɾ","र,टर","ɾ,əɾ,ʈəɾ","र,टर","ɾ,əɾ,ʈəɾ"
4945,लीडर,लीडर,liːɖəɾ,leader,NotAppl,M,4,underived,,,0,0,animate,S,Person,1,0,0,"ली,लीड,र,डर,ल,ीडर","liː,ɾ,l,əɾ,liːɖ,ɖəɾ","र,डर","ɾ,əɾ,ɖəɾ",र,"ɾ,əɾ"
4946,लीपा,लीप,liːp,lipa,NotAppl,M,2,underived,,,0,0,inanimate,Z,Physical State,1,0,0,"ली,प,ीप,लीप,ल","liːp,liː,p,l,iːp",,,,
4947,लीपापोती,लीपापोत,liːpɑːpoːt̪,whitewash,NotAppl,F,1,underived,,,1,0,inanimate,O,Common Noun,0,0,0,"ली,पोत,लीप,त,ोत,ल","t̪,liːp,liː,l,oːt̪,poːt̪",त,t̪,त,t̪
4948,लीला,लीला,liːlɑː,leela,NotAppl,F,3,underived,,,0,0,inanimate,Z,Action,0,0,1,"ली,ा,ला,लील,ल,ीला","ɑː,liː,liːl,l,lɑː,iːlɑː","ा,ला",lɑː,"ा,ला",lɑː
4949,लुत्फ,लुत्फ,lut̪pʰ,enjoy,NotAppl,M,4,underived,,,0,0,inanimate,E,Cognition,0,0,0,"फ,लु,त्फ,लुत,ल,्फ","t̪pʰ,pʰ,lut̪,ut̪pʰ,l,lu",,,,
4950,लुहार,लुहार,luɦɑːɾ,blacksmith,NotAppl,M,4,underived,,,0,0,animate,C,Group,0,0,0,"ार,र,लु,लुह,हार,ल","ɦɑːɾ,ɾ,ɑːɾ,l,luɦ,lu","ार,र","ɾ,ɑːɾ",र,ɾ
4951,लू,ल,l,heatwave,NotAppl,F,3,underived,,,0,0,inanimate,W,Natural Object,0,0,0,ल,l,,,,
4952,लूट,लूट,luːʈ,loot,neutral,F,3,underived,,,0,0,inanimate,I,Action,0,0,0,"ट,लू,लूट,ूट,ल","luːʈ,uːʈ,luː,ʈ,l",,,,
4953,लूट,लूट,luːʈ,loot,neutral,M,4,underived,,,0,0,inanimate,I,Action,0,0,0,"ट,लू,लूट,ूट,ल","luːʈ,uːʈ,luː,ʈ,l",,,,
4954,लूटपाट,लूटपाट,luːʈpɑːʈ,looting,NotAppl,F,3,underived,,,1,0,inanimate,G,Anti-social,0,0,0,"ट,पाट,लू,लूट,ाट,ल","pɑːʈ,luːʈ,luː,ʈ,l,ɑːʈ",,,,
4955,लेंटर,लेंटर,lẽːʈəɾ,lenter,NotAppl,M,4,underived,,,0,0,inanimate,Z,Physical State,1,0,0,"र,ल,ंटर,टर,ले,लें","lẽːʈ,ʈəɾ,ɾ,l,əɾ,lẽː","र,टर","ʈəɾ,ɾ,əɾ","र,टर","ʈəɾ,ɾ,əɾ"
4956,लेइंग,लेइंग,leːɪ̃ɡ,laying,NotAppl,M,4,underived,,,0,0,inanimate,M,Action,1,0,0,"ल,लेइ,ंग,इंग,ग,ले","leː,leːɪ̃,ɪ̃ɡ,ɡ,l,eːɪ̃ɡ","ंग,ग","ɪ̃ɡ,ɡ",ंग,"ɪ̃ɡ,ɡ"
4957,लेख,लेख,leːkʰ,article,NotAppl,M,4,underived,,,0,0,inanimate,Q,Artifact,0,0,1,"ेख,ख,ल,लेख,ले","eːkʰ,leːkʰ,leː,l,kʰ",,,,
4958,लेखक,लेखक,leːkʰək,author,NotAppl,M,4,agentive1,agentive1,agentive1,0,1,animate,Q,Person,0,0,1,"ल,खक,लेख,क,ेखक,ले","k,leːkʰ,kʰək,ək,leː,l",,ək,,
4959,लेखन,लेखन,leːkʰən̪,writing,NotAppl,M,4,abstract9,,,0,1,inanimate,Q,Physical,0,0,1,"ल,न,लेख,ले,ेखन,खन","n̪,leːkʰ,leː,kʰən̪,l,ən̪",,,,
4960,लेखा,लेख,leːkʰ,accounting,NotAppl,M,2,underived,,,0,0,inanimate,Q,Abstract,0,0,0,"ेख,ख,ल,लेख,ले","eːkʰ,leːkʰ,leː,l,kʰ",,,,
4961,लेखिका,लेखिका,leːkʰɪkɑː,writer,NotAppl,F,3,dimunitive1,dimunitive1,,0,1,inanimate,Q,Title,0,0,1,"ा,ल,लेख,िका,का,ले","kɑː,leːkʰ,ɪkɑː,ɑː,leː,l",ा,,ा,
4962,लेग,लेग,leːɡ,leg,NotAppl,M,4,underived,,,0,0,inanimate,M,Common Noun,0,0,0,"लेग,ल,ग,ले,ेग","leː,ɡ,l,leːɡ,eːɡ",ग,ɡ,,ɡ
4963,लेटेक्स,लेटेक्स,leːʈeːks̪,latex,NotAppl,M,4,underived,,,0,0,inanimate,O,Physical State,1,0,0,"स,ल,क्स,लेट,्स,ले","ks̪,leː,eːks̪,s̪,l,leːʈ",क्स,ks̪,,
4964,लेन,लेन,leːn̪,lane,neutral,F,3,underived,,,0,0,inanimate,M,Action,0,1,0,"ेन,ल,न,लेन,ले","leː,eːn̪,l,n̪,leːn̪",,,,
4965,लेन,लेन,leːn̪,lane,neutral,M,4,underived,,,0,0,inanimate,M,Action,0,1,0,"ेन,ल,न,लेन,ले","leː,eːn̪,l,n̪,leːn̪",,,,
4966,लेनदेन,लेनदेन,leːn̪d̪eːn̪,exchange,NotAppl,M,4,underived,,,1,0,inanimate,A,Action,0,0,0,"ेन,ल,न,लेन,देन,ले","leː,d̪eːn̪,eːn̪,l,n̪,leːn̪",,,,
4967,लेना,लेन,leːn̪,take,NotAppl,M,2,underived,,,0,0,inanimate,A,Action,0,0,0,"ेन,ल,न,लेन,ले","leː,eːn̪,l,n̪,leːn̪",,,,
4968,लेफ्टिनेंट,लेफ्टिनेंट,leːpʰʈɪn̪ẽːʈ,lieutenant,NotAppl,M,4,underived,,,0,0,animate,G,Person,1,0,0,"ट,लेफ,ेंट,ल,ंट,ले","leː,ʈ,n̪ẽːʈ,l,leːpʰ,ẽːʈ","ेंट,ंट",ẽːʈ,,
4969,लेबोरेटरी,लेबोरेटर,leːboːɾeːʈəɾ,laboratory,NotAppl,F,0,underived,,,0,0,inanimate,Y,Physical Place,1,0,0,"ेटर,र,ल,लेब,टर,ले","leː,ɾ,l,əɾ,ʈəɾ,leːb","र,टर","ɾ,əɾ,ʈəɾ","र,टर","ɾ,əɾ,ʈəɾ"
4970,लेवलिंग,लेवलिंग,leːʋlɪ̃ɡ,leveling,NotAppl,M,4,underived,,,0,0,inanimate,O,Applied Sciences,1,0,0,"ल,िंग,लेव,ंग,ग,ले","leː,lɪ̃ɡ,ɪ̃ɡ,ɡ,l,leːʋ","िंग,ंग,ग","lɪ̃ɡ,ɪ̃ɡ,ɡ","िंग,ंग","ɪ̃ɡ,ɡ"
4971,लैंडिंग,लैंडिंग,ləɪ̃ɖɪ̃ɡ,landing,NotAppl,F,3,underived,,,0,0,inanimate,M,Physical State,1,0,0,"लै,िंग,लैं,ंग,ग,ल","ɖɪ̃ɡ,lə,ɪ̃ɡ,ləɪ̃,ɡ,l","िंग,ंग,ग","ɖɪ̃ɡ,ɪ̃ɡ,ɡ","िंग,ंग","ɪ̃ɡ,ɡ"
4972,लैपटॉप,लैपटॉप,ləɪpʈɔp,laptop,NotAppl,M,4,underived,,,0,0,inanimate,Y,Artifact,1,0,0,"ॉप,प,टॉप,लै,लैप,ल","ɔp,ʈɔp,lə,p,ləɪ,l",,,,
4973,लैब,लैब,ləɪb,lab,NotAppl,F,3,underived,,,0,0,inanimate,Y,Physical Place,1,0,0,"ल,लै,ब,लैब,ैब","lə,əɪb,ɪb,b,ləɪ,l",,,,
4974,लॉ,लॉ,lɔ,law,NotAppl,M,4,underived,,,0,0,inanimate,G,Law,1,0,0,"ल,ॉ,लॉ","ɔ,lɔ,l",,,,
4975,लॉकअप,लॉकअप,lɔkəəp,lockup,NotAppl,M,4,underived,,,0,0,inanimate,Z,Common Noun,1,0,0,"लॉ,अप,प,लॉक,कअप,ल","əəp,əp,p,lɔ,lɔk,l",,,,
4976,लॉकर,लॉकर,lɔkəɾ,locker,NotAppl,M,4,underived,,,0,0,inanimate,H,Artifact,1,0,0,"कर,लॉ,र,लॉक,ल,ॉकर","ɾ,lɔ,lɔk,l,kəɾ,əɾ","कर,र","ɾ,kəɾ,əɾ","कर,र","ɾ,kəɾ,əɾ"
4977,लॉगबुक,लॉगबुक,lɔɡbuk,logbook,NotAppl,F,4,underived,,,0,0,inanimate,Q,Common Noun,1,0,0,"ुक,लॉ,बुक,लॉग,क,ल","buk,k,lɔɡ,uk,lɔ,l",ुक,,,
4978,लॉज,लॉज,lɔd͡ʒ,the lodge,neutral,F,4,underived,,,0,0,inanimate,Z,Physical Place,1,0,0,"ॉज,लॉ,ज,ल,लॉज","d͡ʒ,ɔd͡ʒ,lɔd͡ʒ,lɔ,l",,,,
4979,लॉज,लॉज,lɔd͡ʒ,the lodge,neutral,M,4,underived,,,0,0,inanimate,Z,Physical Place,1,0,0,"ॉज,लॉ,ज,ल,लॉज","d͡ʒ,ɔd͡ʒ,lɔd͡ʒ,lɔ,l",,,,
4980,लॉर्ड,लॉर्ड,lɔɾɖ,lord,NotAppl,M,4,underived,,,0,0,inanimate,S,Title,1,0,0,"लॉर,ड,लॉ,्ड,र्ड,ल","ɾɖ,ɖ,lɔɾ,lɔ,l,ɔɾɖ",र्ड,ɾɖ,,
4981,लोंग,लोंग,lõːɡ,clove,NotAppl,M,4,underived,,,0,0,inanimate,L,Edible,0,0,0,"लो,ोंग,ग,ंग,लों,ल","lõːɡ,lõː,ɡ,l,õːɡ","ग,ंग",ɡ,ंग,ɡ
4982,लोक,लोक,loːk,folk,NotAppl,M,4,underived,,,0,0,inanimate,S,Mythological Place,0,0,1,"ोक,लो,क,लोक,ल","k,oːk,loːk,loː,l",,,,
4983,लोकतंत्र,लोकतंत्र,loːkt̪ə̃t̪ɾ,democracy,NotAppl,M,4,underived,,,1,0,inanimate,G,Social State,0,0,0,"लो,र,्र,त्र,लोक,ल","loːk,ə̃t̪ɾ,loː,ɾ,l,t̪ɾ",र,ɾ,र,ɾ
4984,लोकप्रियता,लोकप्रियता,loːkəpɾɪjt̪ɑː,popularity,NotAppl,F,3,underived,,,1,0,inanimate,E,Mental State,0,0,0,"लो,ा,ता,यता,लोक,ल","jt̪ɑː,ɑː,loːk,loː,t̪ɑː,l","ा,यता",jt̪ɑː,ा,
4985,लोकल,लोकल,loːkəl,local,NotAppl,M,4,underived,,,0,0,inanimate,M,Artifact,1,0,0,"लो,ोकल,कल,लोक,ल","kəl,loːk,loː,əl,l",,əl,,
4986,लोकसभा,लोकसभा,loːkəs̪bʰɑː,lok sabha,neutral,F,3,underived,,,1,0,inanimate,Z,Group,0,0,0,"लो,ा,लोक,भा,सभा,ल","ɑː,loːk,loː,l,s̪bʰɑː,bʰɑː",ा,,ा,
4987,लोकसभा,लोकसभा,loːkəs̪bʰɑː,lok sabha,neutral,M,4,underived,,,1,0,inanimate,Z,Group,0,0,0,"लो,ा,लोक,भा,सभा,ल","ɑː,loːk,loː,l,s̪bʰɑː,bʰɑː",ा,,ा,
4988,लोकार्पण,लोकार्पण,loːkɑːɾpəɳ,inauguration,NotAppl,M,4,underived,,,0,0,inanimate,T,Event,0,0,0,"लो,पण,लोक,ल,्पण,ण","əɳ,pəɳ,loːk,loː,l,ɳ",,əɳ,,əɳ
4989,लोग,लोग,loːɡ,people,NotAppl,M,4,underived,,,0,0,inanimate,S,Group,0,0,0,"लो,ोग,ग,ल,लोग","oːɡ,loːɡ,loː,ɡ,l","ोग,ग","oːɡ,ɡ",,ɡ
4990,लोजपा,लोजपा,loːd͡ʒpɑː,ljp,NotAppl,M,4,underived,,,0,0,inanimate,Z,Collective Noun,0,0,0,"लो,ा,लोज,जपा,ल,पा","d͡ʒpɑː,ɑː,loː,l,loːd͡ʒ,pɑː",ा,,ा,
4991,लोन,लोन,loːn̪,loan,NotAppl,M,4,underived,,,0,0,inanimate,I,Artifact,1,0,0,"लो,न,लोन,ोन,ल","loː,l,n̪,oːn̪,loːn̪",,,,
4992,लोफ,लोफ,loːpʰ,loaf,NotAppl,M,4,underived,,,0,0,inanimate,F,Common Noun,1,0,0,"लो,ोफ,फ,लोफ,ल","pʰ,oːpʰ,loː,l,loːpʰ",,,,
4993,लोहा,लोह,loːɦ,iron,NotAppl,M,2,underived,,,0,0,inanimate,O,Natural Object,0,0,0,"लो,ोह,ह,ल,लोह","ɦ,loːɦ,loː,l,oːɦ",ोह,oːɦ,,
4994,लौकी,लौक,ləuk,bottle gourd,NotAppl,F,1,underived,,,0,0,inanimate,O,Natural Object,0,0,0,"लौक,ौक,लौ,क,ल","k,ləu,lə,uk,l,əuk",,,,
4995,लौह,लौह,ləuɦ,iron,NotAppl,M,4,underived,,,0,0,inanimate,O,Natural Object,0,0,1,"लौह,ह,लौ,ल,ौह","ɦ,ləu,lə,uɦ,l,əuɦ",,,,
4996,वंश,वंश,ʋə̃ʃ,linage,NotAppl,M,4,underived,,,0,0,inanimate,Z,Group,0,0,1,"व,वं,श,ंश,वंश","ʋə̃,ʃ,ʋ,ə̃ʃ,ʋə̃ʃ",व,ʋ,व,ʋ
4997,वकालत,वकालत,ʋəkɑːlət̪,advocacy,NotAppl,F,3,underived,,,0,0,inanimate,Q,Action,0,1,0,"व,वक,ालत,लत,त,वका","ʋə,t̪,lət̪,ət̪,ʋ,ʋək","व,लत,त","ʋə,t̪,lət̪,ʋ","व,त","t̪,ʋ"
4998,वकील,वकील,ʋəkiːl,advocate,NotAppl,M,4,underived,,,0,0,animate,Q,Person,0,1,0,"व,वक,कील,ील,वकी,ल","ʋə,kiːl,iːl,ʋ,ʋək,l","व,ील","ʋə,iːl,ʋ",व,ʋ
4999,वक्त,वक्त,ʋəkt̪,time,NotAppl,M,4,underived,,,0,0,inanimate,T,Time,0,0,0,"व,्त,वक,त,क्त,वक्","ʋə,t̪,ʋ,ʋək,kt̪,əkt̪","व,्त,त","ʋə,t̪,ʋ","व,्त,त","t̪,ʋ"
5000,वक्तव्य,वक्तव्य,ʋəkt̪əʋjə,statement,NotAppl,M,4,underived,,,1,0,inanimate,Q,Communication,0,0,1,"व,वक,्य,य,वक्,व्य","ʋə,ʋ,ʋək,ʋjə,ə,jə","व,्य,य","ʋə,ʋ,jə","व,य","ʋ,jə"
5001,वक्ता,वक्त,ʋəkt̪,speaker,NotAppl,M,2,underived,,,0,0,animate,Q,Person,0,0,1,"व,्त,वक,त,क्त,वक्","ʋə,t̪,ʋ,ʋək,kt̪,əkt̪","व,्त,त","ʋə,t̪,ʋ","व,्त,त","t̪,ʋ"
5002,वक्फ,वक्फ,ʋəkpʰ,waqf,NotAppl,M,4,underived,,,0,0,inanimate,Z,Religion,0,0,0,"व,वक,फ,क्फ,्फ,वक्","ʋə,kpʰ,pʰ,ʋ,ʋək,əkpʰ",व,"ʋə,ʋ",व,ʋ
5003,वचन,वचन,ʋət͡ʃən̪,promise,NotAppl,M,4,underived,,,0,0,inanimate,S,Communication,0,0,1,"व,वच,वचन,न,चन","ʋə,ʋət͡ʃ,ʋ,t͡ʃən̪,ən̪,n̪",व,"ʋə,ʋ",व,ʋ
5004,वजन,वजन,ʋəd͡ʒən̪,weight,NotAppl,M,4,underived,,,0,0,inanimate,N,Measurement,0,0,0,"व,न,वजन,वज,जन","ʋə,ʋəd͡ʒ,ʋ,ən̪,d͡ʒən̪,n̪",व,"ʋə,ʋ",व,ʋ
5005,वजह,वजह,ʋəd͡ʒəɦ,reason,NotAppl,F,3,underived,,,0,0,inanimate,A,property,0,1,0,"व,ह,वज,जह,वजह","ʋə,d͡ʒəɦ,ʋəd͡ʒ,ɦ,əɦ,ʋ",व,"ʋə,ʋ",व,ʋ
5006,वजीफा,वजीफ,ʋəd͡ʒiːpʰ,stipend,NotAppl,M,2,underived,,,0,0,inanimate,Z,Artifact,0,0,0,"व,जीफ,फ,वज,वजी,ीफ","ʋə,iːpʰ,ʋəd͡ʒ,pʰ,ʋ,d͡ʒiːpʰ",व,"ʋə,ʋ",व,ʋ
5007,वजूद,वजूद,ʋəd͡ʒuːd̪,existence,NotAppl,M,4,underived,,,0,0,inanimate,A,Cognition,0,1,0,"द,व,जूद,वजू,वज,ूद","ʋə,d̪,uːd̪,ʋəd͡ʒ,ʋ,d͡ʒuːd̪",व,"ʋə,ʋ",व,ʋ
5008,वतन,वतन,ʋət̪ən̪,homeland,NotAppl,M,4,underived,,,0,0,inanimate,M,Physical Place,0,1,0,"व,तन,न,वतन,वत","ʋə,t̪ən̪,ʋ,ʋət̪,ən̪,n̪",व,"ʋə,ʋ",व,ʋ
5009,वध,वध,ʋəd̪ʰ,slaughter,NotAppl,M,4,underived,,,0,0,inanimate,L,Anti-social,0,0,1,"वध,व,ध","ʋə,ʋ,d̪ʰ,əd̪ʰ,ʋəd̪ʰ",व,"ʋə,ʋ",व,ʋ
5010,वधू,वधू,ʋəd̪ʰuː,bride,NotAppl,F,3,underived,,,0,0,animate,S,Person,0,0,1,"व,ू,वधू,वध,धू","ʋə,ʋ,ʋəd̪ʰ,d̪ʰuː,uː,əd̪ʰuː",व,"ʋə,ʋ",व,ʋ
5011,वन,वन,ʋən̪,forest,NotAppl,M,4,underived,,,0,0,inanimate,W,Group,0,0,1,"व,वन,न","ʋə,n̪,ʋ,ən̪,ʋən̪",व,"ʋə,ʋ",व,ʋ
5012,वनकर्मी,वनकर्मी,ʋən̪kəɾmiː,forest worker,NotAppl,M,4,underived,,,1,0,animate,W,Occupation,0,0,0,"व,मी,वनक,वन,्मी,ी","ʋə,iː,ɾmiː,ʋ,miː,ʋən̪","व,ी","ʋə,ʋ","व,ी",ʋ
5013,वनडे,वनड,ʋən̪əɖ,odis,NotAppl,M,4,underived,,,0,0,inanimate,Z,Relational,1,0,0,"व,ड,नड,वन,वनड","ʋə,əɖ,ɖ,n̪əɖ,ʋ,ʋən̪",व,"ʋə,ʋ",व,ʋ
5014,वनवास,वनवास,ʋən̪ʋɑːs̪,exile,NotAppl,M,4,underived,,,1,0,inanimate,M,Physical,0,0,0,"स,व,वास,ास,वन,वनव","ʋə,ɑːs̪,ʋɑːs̪,ʋ,s̪,ʋən̪","व,ास","ʋə,ʋ",व,ʋ
5015,वनस्पति,वनस्पत,ʋən̪əs̪pət̪,vegetation,NotAppl,F,1,underived,,,1,0,inanimate,L,Flora,0,0,1,"्पत,व,त,वनस,पत,वन","ʋə,t̪,ət̪,ʋ,ʋən̪,pət̪","व,त","ʋə,t̪,ʋ","व,त","t̪,ʋ"
5016,वनाधिकारी,वनाधिकारी,ʋən̪ɑːd̪ʰɪkɑːɾiː,forest officer,NotAppl,M,4,underived,,,1,0,animate,W,Person,0,0,0,"री,व,ारी,वना,वन,ी","ʋə,iː,ɑːɾiː,ʋ,ɾiː,ʋən̪","व,ी","ʋə,ʋ","व,ी",ʋ
5017,वन्यजीव,वन्यजीव,ʋən̪jəd͡ʒiːʋ,wildlife,NotAppl,M,4,underived,,,1,0,animate,L,Mammal,0,0,0,"व,वन्,जीव,वन,ीव","ʋə,iːʋ,ʋ,d͡ʒiːʋ,ʋən̪",व,"ʋə,ʋ",व,ʋ
5018,वयस्क,वयस्क,ʋəjəs̪k,adult,NotAppl,M,4,underived,,,0,0,animate,T,Person,0,0,1,"व,्क,वय,वयस,क,स्क","ʋə,əs̪k,k,ʋəj,ʋ,s̪k",व,"ʋə,ʋ",व,ʋ
5019,वरदान,वरदान,ʋəɾd̪ɑːn̪,boon,NotAppl,M,4,underived,,,1,0,inanimate,S,Communication,0,0,0,"वर,ान,व,वरद,न,दान","ʋə,ɑːn̪,d̪ɑːn̪,ʋ,n̪,ʋəɾ","व,दान","ʋə,d̪ɑːn̪,ʋ",व,ʋ
5020,वरमाला,वरमाला,ʋəɾmɑːlɑː,garland,NotAppl,F,3,underived,,,1,0,inanimate,L,Artifact,0,0,0,"वर,व,ाला,ा,ला,वरम","ʋə,ɑː,ʋ,lɑː,ɑːlɑː,ʋəɾ","व,ा,ला","ʋə,ʋ,lɑː,ɑːlɑː","व,ा,ला","ʋ,lɑː"
5021,वरिष्ठ,वरिष्ठ,ʋəɾɪʂʈʰ,senior,NotAppl,M,4,underived,,,0,0,animate,S,Tree,0,0,1,"वर,व,्ठ,ष्ठ,वरि,ठ","ʋə,ʈʰ,ʂʈʰ,ʋ,ɪʂʈʰ,ʋəɾ",व,"ʋə,ʋ",व,ʋ
5022,वरीयता,वरीयता,ʋəɾiːjt̪ɑː,preference,NotAppl,F,3,underived,,,0,0,inanimate,E,Perception,0,0,1,"वर,व,ा,वरी,ता,यता","ʋə,jt̪ɑː,ɑː,ʋ,t̪ɑː,ʋəɾ","व,ा,यता","ʋə,jt̪ɑː,ʋ","व,ा",ʋ
5023,वर्क,वर्क,ʋəɾk,work,NotAppl,M,5,underived,,,0,0,inanimate,I,Artifact,1,0,0,"वर,व,्क,र्क,क,वर्","ʋə,k,ɾk,əɾk,ʋ,ʋəɾ","व,र्क","ʋə,ɾk,əɾk,ʋ",व,ʋ
5024,वर्कर,वर्कर,ʋəɾkəɾ,worker,NotAppl,M,4,underived,,,0,0,animate,I,Lesser Mammals,1,0,0,"वर,व,कर,र,्कर,वर्","ʋə,ʋ,ɾ,kəɾ,əɾ,ʋəɾ","व,कर,र","ʋə,ʋ,ɾ,kəɾ,əɾ","व,कर,र","ʋ,ɾ,kəɾ,əɾ"
5025,वर्कशाप,वर्कशाप,ʋəɾkəʃɑːp,workshop,NotAppl,F,3,underived,,,0,0,inanimate,I,Physical Place,1,0,0,"वर,ाप,व,शाप,प,वर्","ʋə,ɑːp,ʃɑːp,ʋ,p,ʋəɾ",व,"ʋə,ʋ",व,ʋ
5026,वर्किंग,वर्किंग,ʋəɾkɪ̃ɡ,working,NotAppl,F,3,underived,,,0,0,inanimate,I,Relational,1,0,0,"वर,व,िंग,ंग,ग,वर्","ʋə,kɪ̃ɡ,ʋ,ɪ̃ɡ,ɡ,ʋəɾ","व,िंग,ंग,ग","ʋə,ʋ,ɪ̃ɡ,ɡ","व,िंग,ंग","ʋ,ɪ̃ɡ,ɡ"
5027,वर्ग,वर्ग,ʋəɾɡ,social class,NotAppl,M,4,underived,,,0,0,inanimate,S,Group,0,0,1,"वर,व,र्ग,्ग,ग,वर्","ʋə,ʋəɾ,əɾɡ,ʋ,ɡ,ɾɡ","व,र्ग,ग","ʋə,ʋ,ɡ,ɾɡ",व,"ʋ,ɡ"
5028,वर्गमीटर,वर्गमीटर,ʋəɾɡəmiːʈəɾ,square meter,NotAppl,M,4,underived,,,1,0,inanimate,O,Measurement,0,0,0,"वर,व,र,ीटर,टर,वर्","ʋə,ʋ,ɾ,əɾ,ʋəɾ,ʈəɾ","व,र,टर","ʋə,ʋ,ɾ,əɾ,ʈəɾ","व,र,टर","ʋ,ɾ,əɾ,ʈəɾ"
5029,वर्गीकरण,वर्गीकरण,ʋəɾɡiːkɾəɳ,classification,NotAppl,M,4,underived,,,1,0,inanimate,A,Action,0,0,1,"वर,करण,व,ण,रण,वर्","ʋə,əɳ,ʋ,ɾəɳ,ɳ,ʋəɾ","व,रण","ʋə,əɳ,ʋ,ɾəɳ",व,"əɳ,ʋ,ɾəɳ"
5030,वर्चस्व,वर्चस्व,ʋəɾt͡ʃəs̪ʋ,domination,NotAppl,M,4,underived,,,0,0,inanimate,S,Quality,0,0,0,"वर,व,्व,स्व,वर्","ʋə,s̪ʋ,əs̪ʋ,ʋ,ʋəɾ","व,्व","ʋə,ʋ",व,ʋ
5031,वर्जन,वर्जन,ʋəɾd͡ʒən̪,version,NotAppl,M,4,underived,,,0,0,inanimate,A,Action,0,0,1,"वर,व,न,जन,्जन,वर्","ʋə,ʋ,ən̪,d͡ʒən̪,n̪,ʋəɾ",व,"ʋə,ʋ",व,ʋ
5032,वर्तमान,वर्तमान,ʋəɾt̪əmɑːn̪,present,NotAppl,M,4,underived,,,0,0,inanimate,T,Period,0,0,1,"वर,ान,व,न,मान,वर्","ʋə,ɑːn̪,ʋ,mɑːn̪,n̪,ʋəɾ",व,"ʋə,ʋ",व,ʋ
5033,वर्दी,वर्द,ʋəɾd̪,uniform,NotAppl,F,1,underived,,,0,0,inanimate,B,Artifact,0,0,0,"वर,द,व,्द,र्द,वर्","ʋə,d̪,ɾd̪,ʋ,əɾd̪,ʋəɾ",व,"ʋə,ʋ",व,ʋ
5034,वर्दीधारी,वर्दीधारी,ʋəɾd̪iːd̪ʰɑːɾiː,uniformed,NotAppl,M,4,underived,,,1,0,animate,B,Stative,0,0,0,"वर,री,व,ारी,ी,वर्","ʋə,iː,ɑːɾiː,ʋ,ɾiː,ʋəɾ","व,ी","ʋə,ʋ","व,ी",ʋ
5035,वर्धन,वर्धन,ʋəɾd̪ʰən̪,increase,NotAppl,M,4,underived,,,0,0,inanimate,N,Action,0,0,1,"वर,व,धन,न,्धन,वर्","ʋə,ʋ,ən̪,d̪ʰən̪,n̪,ʋəɾ","व,धन","ʋə,ʋ,d̪ʰən̪",व,ʋ
5036,वर्ल्ड,वर्ल्ड,ʋəɾlɖ,world,NotAppl,M,4,underived,,,0,0,inanimate,W,Physical Place,1,0,0,"वर,व,ड,्ड,ल्ड,वर्","ʋə,ɖ,ɾlɖ,ʋ,lɖ,ʋəɾ",व,"ʋə,ʋ",व,ʋ
5037,वर्ष,वर्ष,ʋəɾʂ,year,neutral,F,4,underived,,,0,0,inanimate,T,Abstract,0,0,1,"वर,्ष,व,र्ष,ष,वर्","ʋə,əɾʂ,ʋ,ɾʂ,ʂ,ʋəɾ","व,ष","ʋə,ʋ,ʂ",व,ʋ
5038,वर्ष,वर्ष,ʋəɾʂ,year,neutral,M,4,underived,,,0,0,inanimate,T,Abstract,0,0,1,"वर,्ष,व,र्ष,ष,वर्","ʋə,əɾʂ,ʋ,ɾʂ,ʂ,ʋəɾ","व,ष","ʋə,ʋ,ʂ",व,ʋ
5039,वर्षगांठ,वर्षगांठ,ʋəɾʂəɡɑ̃ːʈʰ,anniversary,NotAppl,F,3,underived,,,1,0,inanimate,T,Period,0,0,0,"वर,व,ांठ,ठ,ंठ,वर्","ʋə,ʈʰ,ɑ̃ːʈʰ,ʋ,ɡɑ̃ːʈʰ,ʋəɾ",व,"ʋə,ʋ",व,ʋ
5040,वर्षा,वर्षा,ʋəɾʂɑː,rain,NotAppl,F,3,underived,,,0,0,inanimate,W,Natural Object,0,0,1,"वर,व,षा,ा,्षा,वर्","ʋə,ɑː,ʋ,ʂɑː,ɾʂɑː,ʋəɾ","व,षा,ा,्षा","ʋə,ʋ,ʂɑː","व,ा",ʋ
5041,वलय,वलय,ʋəljə,ring,NotAppl,M,4,underived,,,0,0,inanimate,Q,Artifact,0,0,1,"व,लय,य,वलय,वल","ʋə,ljə,ʋ,ə,ʋəl,jə","व,लय,य","ʋə,ljə,ʋ,jə","व,य","ʋ,jə"
5042,वलीमा,वलीम,ʋəliːm,walima,NotAppl,M,2,underived,,,0,0,inanimate,Z,Abstract,0,0,0,"व,म,वल,लीम,वली,ीम","ʋə,iːm,liːm,m,ʋ,ʋəl",व,"ʋə,ʋ",व,ʋ
5043,वल्र्रर्ड,वल्र्रर्ड,ʋəlɾɾəɾɖ,worldrrd,NotAppl,M,4,underived,,,0,0,inanimate,Z,Abstract,1,0,0,"व,ड,्ड,वल,र्ड,वल्","ʋə,ɾɖ,ɖ,əɾɖ,ʋ,ʋəl","व,र्ड","ʋə,ɾɖ,ʋ",व,ʋ
5044,वशंज,वशंज,ʋəʃə̃d͡ʒ,descendants,NotAppl,M,4,underived,,,0,0,inanimate,S,Common Noun,0,0,0,"व,शंज,ज,वशं,ंज,वश","ʋə,ʋəʃ,ə̃d͡ʒ,d͡ʒ,ʋ,ʃə̃d͡ʒ",व,"ʋə,ʋ",व,ʋ
5045,वसीयत,वसीयत,ʋəs̪iːjət̪,will,NotAppl,F,3,underived,,,0,0,inanimate,T,Artifact,0,1,0,"वस,व,यत,वसी,त,ीयत","ʋə,ʋəs̪,t̪,jət̪,ət̪,ʋ","व,यत,त","ʋə,t̪,jət̪,ʋ","व,यत,त","t̪,jət̪,ʋ"
5046,वसूली,वसूल,ʋəs̪uːl,recovery,neutral,F,1,underived,,,0,0,inanimate,B,Physical,0,1,0,"वस,व,सूल,वसू,ूल,ल","ʋə,ʋəs̪,uːl,ʋ,l,s̪uːl",व,"ʋə,ʋ",व,ʋ
5047,वसूली,वसूली,ʋəs̪uːliː,recovery,neutral,M,4,underived,,,0,0,inanimate,B,Physical,0,1,0,"वस,व,ली,वसू,ूली,ी","ʋə,ʋəs̪,iː,uːliː,liː,ʋ","व,ी","ʋə,ʋ","व,ी",ʋ
5048,वस्तु,वस्त,ʋəs̪t̪,object,NotAppl,F,3,underived,,,0,0,inanimate,A,Object,0,0,1,"वस,व,्त,वस्,स्त,त","ʋə,ʋəs̪,t̪,əs̪t̪,ʋ,s̪t̪","व,्त,त","ʋə,t̪,ʋ","व,्त,त","t̪,ʋ"
5049,वस्त्र,वस्त्र,ʋəs̪t̪ɾ,clothing,NotAppl,M,4,underived,,,0,0,inanimate,B,Artifact,0,0,1,"वस,व,वस्,र,्र,त्र","ʋə,ʋəs̪,ʋ,ɾ,t̪ɾ,s̪t̪ɾ","व,र","ʋə,ʋ,ɾ","व,र","ʋ,ɾ"
5050,वहन,वहन,ʋəɦən̪,carry,NotAppl,M,4,underived,,,0,0,inanimate,M,Action,0,0,1,"व,वहन,वह,न,हन","ʋə,ʋ,ʋəɦ,ən̪,ɦən̪,n̪",व,"ʋə,ʋ",व,ʋ
5051,वांछनीयता,वांछनीयता,ʋɑ̃ːt͡ʃʰn̪iːjt̪ɑː,desirability,NotAppl,F,3,underived,,,0,0,inanimate,X,State,0,0,1,"व,ा,वा,ता,यता,वां","jt̪ɑː,ɑː,ʋ,ʋɑ̃ː,t̪ɑː,ʋɑ̃ːt͡ʃʰ","व,ा,यता","jt̪ɑː,ʋ","व,ा",ʋ
5052,वांछित,वांछित,ʋɑ̃ːt͡ʃʰɪt̪,desired,NotAppl,M,4,underived,,,0,0,inanimate,X,Relational,0,0,1,"व,छित,वा,त,ित,वां","ɪt̪,t̪,t͡ʃʰɪt̪,ʋ,ʋɑ̃ː,ʋɑ̃ːt͡ʃʰ","व,त","t̪,ʋ","व,त","t̪,ʋ"
5053,वाइरस,वाइरस,ʋɑːɪɾəs̪,virus,NotAppl,M,4,underived,,,0,0,inanimate,L,Micro organism,1,0,0,"स,व,वा,रस,इरस,वाइ","ɾəs̪,ʋɑːɪ,ʋ,ʋɑː,s̪,əs̪",व,ʋ,व,ʋ
5054,वाकओवर,वाकओवर,ʋɑːkəoːʋəɾ,walkover,NotAppl,M,4,underived,,,0,0,inanimate,Z,Abstract,1,0,0,"वर,व,र,ओवर,वा,वाक","ʋ,ɾ,ʋɑː,ʋɑːk,əɾ,ʋəɾ","व,र","ʋ,ɾ,əɾ","व,र","ʋ,ɾ,əɾ"
5055,वाजिब,वाजिब,ʋɑːd͡ʒɪb,reasonable,NotAppl,M,4,underived,,,0,0,inanimate,S,Qualitative,0,1,0,"वाज,व,िब,वा,जिब,ब","ʋɑːd͡ʒ,ʋ,ɪb,b,ʋɑː,d͡ʒɪb",व,ʋ,व,ʋ
5056,वाणिज्य,वाणिज्य,ʋɑːɳɪd͡ʒjə,commercial,NotAppl,M,4,underived,,,0,0,inanimate,I,Occupation,0,0,1,"व,्य,ज्य,वाण,वा,य","ʋ,ʋɑː,ʋɑːɳ,ə,jə,d͡ʒjə","व,्य,य","ʋ,jə","व,य","ʋ,jə"
5057,वाणी,वाण,ʋɑːɳ,voice,NotAppl,F,1,underived,,,0,0,inanimate,Q,Quality,0,0,1,"व,ण,वाण,वा,ाण","ɑːɳ,ʋ,ʋɑː,ʋɑːɳ,ɳ",व,ʋ,व,ʋ
5058,वातावरण,वातावरण,ʋɑːt̪ɑːʋɾəɳ,environment,NotAppl,M,4,underived,,,0,0,inanimate,W,Physiological  State,0,0,0,"व,वरण,रण,वा,वात,ण","əɳ,ʋ,ʋɑː,ɾəɳ,ɳ,ʋɑːt̪","व,रण","əɳ,ʋ,ɾəɳ",व,"əɳ,ʋ,ɾəɳ"
5059,वाद,वाद,ʋɑːd̪,dispute,NotAppl,M,4,underived,,,0,0,inanimate,Q,Abstract,0,0,1,"द,वाद,व,वा,ाद","d̪,ɑːd̪,ʋɑːd̪,ʋ,ʋɑː",व,ʋ,व,ʋ
5060,वादा,वाद,ʋɑːd̪,promise,NotAppl,M,2,underived,,,0,0,inanimate,S,Communication,0,1,0,"द,वाद,व,वा,ाद","d̪,ɑːd̪,ʋɑːd̪,ʋ,ʋɑː",व,ʋ,व,ʋ
5061,वादाखिलाफी,वादाखिलाफ,ʋɑːd̪ɑːkʰɪlɑːpʰ,breach of promise,NotAppl,F,1,underived,,,1,0,inanimate,A,Physical,0,0,0,"वाद,व,फ,वा,ाफ,लाफ","ʋɑːd̪,pʰ,ɑːpʰ,ʋ,lɑːpʰ,ʋɑː",व,ʋ,व,ʋ
5062,वादी,वाद,ʋɑːd̪,plaintiff,NotAppl,F,1,underived,,,0,0,inanimate,G,Physical Place,0,1,0,"द,वाद,व,वा,ाद","d̪,ɑːd̪,ʋɑːd̪,ʋ,ʋɑː",व,ʋ,व,ʋ
5063,वापसी,वापस,ʋɑːpəs̪,return,NotAppl,F,1,underived,,,0,0,inanimate,M,Action,0,0,0,"स,वाप,व,ापस,वा,पस","ʋ,ʋɑː,s̪,əs̪,pəs̪,ʋɑːp",व,ʋ,व,ʋ
5064,वाम,वाम,ʋɑːm,left,homophones,F,3,underived,,,0,0,inanimate,M,Mythological Character,0,0,1,"व,वाम,वा,म,ाम","m,ʋ,ʋɑː,ʋɑːm,ɑːm",व,ʋ,व,ʋ
5065,वाम,वाम,ʋɑːm,left,homophones,M,4,underived,,,0,0,inanimate,M,Mythological Character,0,0,1,"व,वाम,वा,म,ाम","m,ʋ,ʋɑː,ʋɑːm,ɑːm",व,ʋ,व,ʋ
5066,वामदल,वामदल,ʋɑːmd̪əl,left parties,NotAppl,M,4,underived,,,1,0,inanimate,M,Abstract,0,0,0,"व,वाम,वा,दल,ल,मदल","ʋ,əl,ʋɑː,ʋɑːm,l,d̪əl",व,"ʋ,əl",व,ʋ
5067,वामपंथी,वामपंथी,ʋɑːmpə̃t̪ʰiː,leftists,NotAppl,M,4,underived,,,1,0,animate,G,Person,0,0,0,"व,वाम,वा,ंथी,थी,ी","iː,ə̃t̪ʰiː,ʋ,ʋɑː,ʋɑːm,t̪ʰiː","व,ी",ʋ,"व,ी",ʋ
5068,वायदा,वायद,ʋɑːjəd̪,futures,NotAppl,M,2,underived,,,0,0,inanimate,T,Communication,0,0,0,"द,व,वा,वाय,ायद,यद","d̪,əd̪,jəd̪,ʋ,ʋɑː,ʋɑːj",व,ʋ,व,ʋ
5069,वायरल,वायरल,ʋɑːjɾəl,viral,NotAppl,M,4,underived,,,0,0,inanimate,L,Relational,1,0,0,"व,रल,वा,वाय,यरल,ल","ɾəl,ʋ,əl,ʋɑː,ʋɑːj,l",व,"ʋ,əl",व,ʋ
5070,वायरलेस,वायरलेस,ʋɑːjəɾleːs̪,wireless,NotAppl,M,4,underived,,,0,0,inanimate,Q,Relational,1,0,0,"लेस,स,व,ेस,वा,वाय","eːs̪,ʋ,ʋɑː,ʋɑːj,s̪,leːs̪",व,ʋ,व,ʋ
5071,वायरस,वायरस,ʋɑːjɾəs̪,virus,NotAppl,M,4,underived,,,0,0,inanimate,L,Micro organism,1,0,0,"स,व,वा,वाय,रस,यरस","ɾəs̪,ʋ,ʋɑː,ʋɑːj,s̪,əs̪",व,ʋ,व,ʋ
5072,वायु,वाय,ʋɑːjə,air,neutral,F,3,underived,,,0,0,inanimate,O,Natural Object,0,0,1,"व,ाय,वा,य,वाय","ɑːjə,ʋ,ʋɑː,ʋɑːj,ə,jə","व,य","ʋ,jə","व,य","ʋ,jə"
5073,वायु,वाय,ʋɑːjə,air,neutral,M,4,underived,,,0,0,inanimate,O,Natural Object,0,0,1,"व,ाय,वा,य,वाय","ɑːjə,ʋ,ʋɑː,ʋɑːj,ə,jə","व,य","ʋ,jə","व,य","ʋ,jə"
5074,वायुमंडल,वायुमंडल,ʋɑːjumə̃ɖəl,atmosphere,NotAppl,M,4,underived,,,1,0,inanimate,W,Physiological  State,0,0,0,"व,वा,डल,वाय,ंडल,ल","ʋ,əl,ʋɑː,ʋɑːj,l,ɖəl",व,"ʋ,əl",व,ʋ
5075,वायुयान,वायुयान,ʋɑːjujɑːn̪,aircraft,NotAppl,M,4,underived,,,1,0,inanimate,M,Artifact,0,0,0,"ान,व,यान,वा,न,वाय","jɑːn̪,ɑːn̪,ʋ,ʋɑː,ʋɑːj,n̪",व,ʋ,व,ʋ
5076,वायुसेना,वायुसेना,ʋɑːjus̪eːn̪ɑː,air force,NotAppl,F,3,underived,,,1,0,inanimate,G,Group,0,0,0,"व,ेना,ा,वा,ना,वाय","eːn̪ɑː,ɑː,ʋ,ʋɑː,ʋɑːj,n̪ɑː","व,ा",ʋ,"व,ा",ʋ
5077,वायुसेवा,वायुसेवा,ʋɑːjus̪eːʋɑː,air service,NotAppl,F,3,underived,,,1,0,inanimate,T,Action,0,0,0,"व,ा,वा,वाय,ेवा","ɑː,ʋ,ʋɑː,ʋɑːj,eːʋɑː","व,ा",ʋ,"व,ा",ʋ
5078,वायुसैनिक,वायुसैनिक,ʋɑːjus̪əɪn̪ɪk,airman,NotAppl,M,4,underived,,,1,0,animate,M,Common Noun,0,0,0,"व,निक,वा,वाय,िक,क","k,ɪk,ʋ,n̪ɪk,ʋɑː,ʋɑːj",व,ʋ,व,ʋ
5079,वार,वार,ʋɑːɾ,wise,homophones,F,3,underived,,,0,0,inanimate,S,Physical,0,0,1,"व,ार,र,वा,वार","ʋ,ɾ,ʋɑː,ɑːɾ,ʋɑːɾ","व,ार,र","ʋ,ɾ,ɑːɾ","व,र","ʋ,ɾ"
5080,वार,वार,ʋɑːɾ,wise,homophones,M,4,underived,,,0,0,inanimate,S,Physical,0,0,1,"व,ार,र,वा,वार","ʋ,ɾ,ʋɑː,ɑːɾ,ʋɑːɾ","व,ार,र","ʋ,ɾ,ɑːɾ","व,र","ʋ,ɾ"
5081,वारंट,वारंट,ʋɑːɾə̃ʈ,warrant,NotAppl,M,4,underived,,,0,0,inanimate,Q,Artifact,1,0,0,"ट,व,रंट,ंट,वा,वार","ə̃ʈ,ʋ,ʈ,ʋɑː,ɾə̃ʈ,ʋɑːɾ","व,ंट",ʋ,व,ʋ
5082,वारदात,वारदात,ʋɑːɾd̪ɑːt̪,incident,neutral,F,3,underived,,,0,0,inanimate,A,Fatal Event,0,1,0,"व,दात,वा,त,ात,वार","t̪,d̪ɑːt̪,ɑːt̪,ʋ,ʋɑː,ʋɑːɾ","व,त","t̪,ʋ","व,त","t̪,ʋ"
5083,वारदात,वारदात,ʋɑːɾd̪ɑːt̪,incident,neutral,M,4,underived,,,0,0,inanimate,A,Fatal Event,0,1,0,"व,दात,वा,त,ात,वार","t̪,d̪ɑːt̪,ɑːt̪,ʋ,ʋɑː,ʋɑːɾ","व,त","t̪,ʋ","व,त","t̪,ʋ"
5084,वाररुम,वाररुम,ʋɑːɾɾum,warroom,NotAppl,M,4,underived,,,0,0,inanimate,Z,Abstract,0,0,0,"व,ुम,वा,म,रुम,वार","ʋɑːɾ,m,ʋ,ʋɑː,ɾum,um",व,"ʋ,um",व,ʋ
5085,वार्ड,वार्ड,ʋɑːɾɖ,ward,NotAppl,M,4,underived,,,0,0,inanimate,B,Physical Place,1,0,0,"व,ड,्ड,वा,र्ड,वार","ɑːɾɖ,ɾɖ,ɖ,ʋ,ʋɑː,ʋɑːɾ","व,र्ड","ɑːɾɖ,ɾɖ,ʋ",व,ʋ
5086,वार्ता,वार्ता,ʋɑːɾt̪ɑː,negotiation,neutral,F,3,underived,,,0,0,inanimate,Q,Communication,0,0,0,"व,ा,वा,ता,्ता,वार","ɾt̪ɑː,ɑː,ʋ,ʋɑː,t̪ɑː,ʋɑːɾ","व,ा","ɾt̪ɑː,ʋ","व,ा",ʋ
5087,वार्ता,वार्ता,ʋɑːɾt̪ɑː,negotiation,neutral,M,4,underived,,,0,0,inanimate,Q,Communication,0,0,0,"व,ा,वा,ता,्ता,वार","ɾt̪ɑː,ɑː,ʋ,ʋɑː,t̪ɑː,ʋɑːɾ","व,ा","ɾt̪ɑː,ʋ","व,ा",ʋ
5088,वार्ताकार,वार्ताकार,ʋɑːɾt̪ɑːkɑːɾ,negotiator,NotAppl,M,4,agentive_activity1,agentive_activity1,agentive_activity1,0,1,animate,Q,Person,0,0,0,"व,ार,र,वा,कार,वार","kɑːɾ,ʋ,ɾ,ʋɑː,ɑːɾ,ʋɑːɾ","व,ार,र","ʋ,ɾ,ɑːɾ","व,र","ʋ,ɾ"
5089,वार्मिंग,वार्मिंग,ʋɑːɾmɪ̃ɡ,warming,NotAppl,M,4,underived,,,0,0,inanimate,O,Abstract,1,0,0,"व,वा,िंग,ंग,ग,वार","mɪ̃ɡ,ʋ,ɪ̃ɡ,ʋɑː,ɡ,ʋɑːɾ","व,िंग,ंग,ग","ʋ,ɪ̃ɡ,ɡ","व,िंग,ंग","ʋ,ɪ̃ɡ,ɡ"
5090,वाल,वाल,ʋɑːl,wall,NotAppl,F,3,underived,,,0,0,inanimate,H,Common Noun,1,0,0,"व,वा,ाल,वाल,ल","ʋ,ʋɑː,ʋɑːl,l,ɑːl",व,ʋ,व,ʋ
5091,वालिद,वालिद,ʋɑːlɪd̪,father,NotAppl,M,4,underived,,,0,0,animate,S,Person,0,1,0,"द,व,लिद,वा,िद,वाल","d̪,ʋ,ʋɑː,lɪd̪,ʋɑːl,ɪd̪",व,ʋ,व,ʋ
5092,वाशिंग,वाशिंग,ʋɑːʃɪ̃ɡ,washing,NotAppl,F,3,underived,,,0,0,inanimate,B,Physical State,1,0,0,"व,वाश,वा,िंग,ंग,ग","ʋ,ɪ̃ɡ,ʋɑː,ɡ,ʋɑːʃ,ʃɪ̃ɡ","व,िंग,ंग,ग","ʋ,ɪ̃ɡ,ɡ","व,िंग,ंग","ʋ,ɪ̃ɡ,ɡ"
5093,वाशिंदा,वाशिंद,ʋɑːʃɪ̃d̪,resident,NotAppl,M,2,underived,,,0,0,animate,H,Common Noun,0,0,0,"द,व,वाश,ंद,वा,िंद","ʃɪ̃d̪,d̪,ɪ̃d̪,ʋ,ʋɑː,ʋɑːʃ","व,ंद",ʋ,व,ʋ
5094,वाष्प,वाष्प,ʋɑːʂp,vapor,NotAppl,M,4,underived,,,0,0,inanimate,Z,Object,0,0,1,"ष्प,व,वाष,प,वा,्प","ɑːʂp,ʋ,p,ʋɑː,ʂp,ʋɑːʂ",व,ʋ,व,ʋ
5095,वासी,वासी,ʋɑːs̪iː,resident,NotAppl,M,4,underived,,,0,0,animate,H,Person,0,0,1,"व,सी,वास,वा,ासी,ी","iː,ʋɑːs̪,s̪iː,ʋ,ɑːs̪iː,ʋɑː","व,ी",ʋ,"व,ी",ʋ
5096,वास्तव,वास्तव,ʋɑːs̪t̪əʋ,really,NotAppl,M,4,underived,,,0,0,inanimate,A,Qualitative,0,0,1,"व,वास,तव,वा,्तव","t̪əʋ,əʋ,ʋɑːs̪,ʋ,ʋɑː",व,ʋ,व,ʋ
5097,वास्तविकता,वास्तविकता,ʋɑːs̪t̪əʋɪkt̪ɑː,reality,NotAppl,F,3,underived,,,1,0,inanimate,A,Perception,0,0,1,"व,ा,वास,वा,ता,कता","ɑː,ʋɑːs̪,ʋ,ʋɑː,kt̪ɑː,t̪ɑː","व,ा,कता","ʋ,kt̪ɑː","व,ा",ʋ
5098,वास्ता,वास्त,ʋɑːs̪t̪,relation,NotAppl,M,2,underived,,,0,0,inanimate,A,Abstract,0,1,0,"व,्त,वास,वा,त,स्त","t̪,ʋɑːs̪,ʋ,ʋɑː,s̪t̪,ɑːs̪t̪","व,्त,त","t̪,ʋ","व,्त,त","t̪,ʋ"
5099,वास्तु,वास्त,ʋɑːs̪t̪,vastu,NotAppl,M,4,underived,,,0,0,inanimate,Z,Physical Place,0,0,1,"व,्त,वास,वा,त,स्त","t̪,ʋɑːs̪,ʋ,ʋɑː,s̪t̪,ɑːs̪t̪","व,्त,त","t̪,ʋ","व,्त,त","t̪,ʋ"
5100,वास्तुकला,वास्तुकला,ʋɑːs̪t̪uklɑː,architecture,NotAppl,F,3,underived,,,1,0,inanimate,H,Art,0,0,0,"व,ा,ला,वास,वा,कला","klɑː,ɑː,ʋɑːs̪,ʋ,ʋɑː,lɑː","व,ा,ला","ʋ,lɑː","व,ा,ला","ʋ,lɑː"
5101,वास्तुकार,वास्तुकार,ʋɑːs̪t̪ukɑːɾ,architect,NotAppl,M,4,agentive_activity1,agentive_activity1,agentive_activity1,0,1,animate,H,Person,0,0,0,"व,र,ार,वास,वा,कार","kɑːɾ,ʋɑːs̪,ʋ,ɾ,ʋɑː,ɑːɾ","व,र,ार","ʋ,ɾ,ɑːɾ","व,र","ʋ,ɾ"
5102,वाहक,वाहक,ʋɑːɦək,carrier,NotAppl,M,4,underived,,,0,0,inanimate,M,Relational,0,0,1,"व,ाहक,वा,क,हक,वाह","ʋɑːɦ,k,ək,ʋ,ʋɑː,ɦək",व,"ək,ʋ",व,ʋ
5103,वाहन,वाहन,ʋɑːɦən̪,vehicle,NotAppl,M,4,abstract9,,,0,1,inanimate,M,Object,0,0,1,"व,वा,न,ाहन,वाह,हन","ʋɑːɦ,n̪,ʋ,ʋɑː,ɦən̪,ən̪",व,ʋ,व,ʋ
5104,विंग,विंग,ʋɪ̃ɡ,wing,NotAppl,M,4,underived,,,0,0,inanimate,L,Birds,1,0,0,"व,ग,विं,िंग,ंग,वि","ʋ,ʋɪ̃ɡ,ɪ̃ɡ,ɡ,ʋɪ̃","व,ग,िंग,ंग","ʋ,ɪ̃ɡ,ɡ","व,िंग,ंग","ʋ,ɪ̃ɡ,ɡ"
5105,विंटर,विंटर,ʋɪ̃ʈəɾ,winter,NotAppl,M,4,underived,,,0,0,inanimate,T,Season,1,0,0,"व,र,विं,टर,वि,ंटर","ʋɪ̃ʈ,ʋ,ɾ,əɾ,ʋɪ̃,ʈəɾ","व,र,टर","ʋ,ɾ,əɾ,ʈəɾ","व,र,टर","ʋ,ɾ,əɾ,ʈəɾ"
5106,विंड,विंड,ʋɪ̃ɖ,wind,NotAppl,F,3,underived,,,0,0,inanimate,W,Common Noun,1,0,0,"व,ड,ंड,विं,िंड,वि","ɖ,ʋ,ɪ̃ɖ,ʋɪ̃ɖ,ʋɪ̃",व,ʋ,व,ʋ
5107,विंडो,विंड,ʋɪ̃ɖ,window,NotAppl,F,3,underived,,,0,0,inanimate,H,Common Noun,1,0,0,"व,ड,ंड,विं,िंड,वि","ɖ,ʋ,ɪ̃ɖ,ʋɪ̃ɖ,ʋɪ̃",व,ʋ,व,ʋ
5108,विकलांग,विकलांग,ʋɪklɑ̃ːɡ,handicap,NotAppl,M,4,underived,,,1,0,animate,B,Person,0,0,0,"व,विक,ग,ांग,ंग,वि","ʋɪ,ʋ,ɡ,ɑ̃ːɡ,lɑ̃ːɡ,ʋɪk","व,ग,ांग,ंग","ʋ,ɡ,ɑ̃ːɡ","व,ंग","ʋ,ɡ"
5109,विकल्प,विकल्प,ʋɪkəlp,option,NotAppl,M,4,option,option,option,0,1,inanimate,X,Abstract,0,0,1,"व,प,विक,ल्प,्प,वि","ʋɪ,lp,ʋ,p,əlp,ʋɪk",व,ʋ,व,ʋ
5110,विकास,विकास,ʋɪkɑːs̪,development,NotAppl,M,4,option,option,option,0,1,inanimate,A,State,0,0,1,"स,व,विक,ास,वि,कास","ʋɪ,ɑːs̪,ʋ,s̪,kɑːs̪,ʋɪk","व,ास",ʋ,व,ʋ
5111,विकेंद्रीकरण,विकेंद्रीकरण,ʋɪkẽːd̪ɾiːkɾəɳ,decentralization,NotAppl,M,4,underived,,,1,0,inanimate,S,Action,0,0,0,"करण,व,रण,विक,वि,ण","ʋɪ,əɳ,ʋ,ɾəɳ,ɳ,ʋɪk","व,रण","əɳ,ʋ,ɾəɳ",व,"əɳ,ʋ,ɾəɳ"
5112,विकेट,विकेट,ʋɪkeːʈ,wicket,NotAppl,M,4,underived,,,0,0,inanimate,K,Artifact,1,0,0,"ट,व,विक,ेट,केट,वि","ʋɪ,ʋ,eːʈ,ʈ,keːʈ,ʋɪk",व,ʋ,व,ʋ
5113,विकेटकीपर,विकेटकीपर,ʋɪkeːʈkiːpəɾ,wicket keeper,NotAppl,M,4,underived,,,0,0,animate,T,Person,1,0,0,"व,पर,र,विक,ीपर,वि","ʋɪ,pəɾ,ʋ,ɾ,əɾ,ʋɪk","व,र","ʋ,ɾ,əɾ","व,र","ʋ,ɾ,əɾ"
5114,विक्रय,विक्रय,ʋɪkɾəjə,sale,NotAppl,M,4,option,option,option,0,1,inanimate,I,Action,0,0,1,"व,विक,य,वि,्रय,रय","ʋɪ,ʋ,əjə,ə,jə,ʋɪk","व,य","ʋ,əjə,jə","व,य","ʋ,jə"
5115,विक्रेता,विक्रेता,ʋɪkɾeːt̪ɑː,seller,NotAppl,M,4,abstract8,abstract8,abstract8,0,1,animate,I,Person,0,0,1,"व,ा,विक,ता,वि,ेता","ʋɪ,ɑː,eːt̪ɑː,ʋ,t̪ɑː,ʋɪk","व,ा",ʋ,"व,ा",ʋ
5116,विक्षोभ,विक्षोभ,ʋɪkʂoːbʰ,disturbance,NotAppl,M,4,option,option,option,0,1,inanimate,E,Mental State,0,0,0,"व,षोभ,विक,ोभ,भ,वि","ʋɪ,ʂoːbʰ,ʋ,bʰ,oːbʰ,ʋɪk",व,ʋ,व,ʋ
5117,विग्रह,विग्रह,ʋɪɡɾəɦ,vigraha,NotAppl,M,4,option,option,option,0,1,inanimate,Z,Communication,0,0,1,"व,ह,्रह,रह,वि,विग","ʋɪɡ,ʋɪ,ɦ,əɦ,ʋ,ɾəɦ",व,ʋ,व,ʋ
5118,विघटन,विघटन,ʋɪɡʰʈən̪,dissolution,NotAppl,M,4,option,option,option,0,1,inanimate,T,Action,0,0,1,"व,विघ,टन,न,घटन,वि","ʋɪ,n̪,ʈən̪,ʋɪɡʰ,ʋ,ən̪",व,ʋ,व,ʋ
5119,विचलन,विचलन,ʋɪt͡ʃlən̪,deviations,NotAppl,M,4,option,option,option,0,1,inanimate,A,Action,0,0,1,"व,विच,लन,न,चलन,वि","ʋɪ,n̪,ʋɪt͡ʃ,ʋ,ən̪,lən̪","व,लन","ʋ,lən̪",व,ʋ
5120,विचार,विचार,ʋɪt͡ʃɑːɾ,idea,NotAppl,M,4,option,option,option,0,1,inanimate,X,Perception,0,0,1,"व,ार,र,विच,चार,वि","ʋɪ,ʋɪt͡ʃ,ʋ,ɾ,ɑːɾ,t͡ʃɑːɾ","व,ार,र,चार","ʋ,ɾ,ɑːɾ,t͡ʃɑːɾ","व,र","ʋ,ɾ"
5121,विचारक,विचारक,ʋɪt͡ʃɑːɾək,thinker,NotAppl,M,4,agentive1,agentive1,agentive1,0,1,animate,S,Person,0,0,1,"व,विच,ारक,क,रक,वि","ʋɪ,k,ək,ʋɪt͡ʃ,ʋ,ɾək",व,"ək,ʋ",व,ʋ
5122,विचारधारा,विचारधारा,ʋɪt͡ʃɑːɾd̪ʰɑːɾɑː,thinking,NotAppl,F,3,underived,,,1,0,inanimate,X,concept,0,0,0,"व,ा,विच,वि,रा,ारा","ʋɪ,ɑːɾɑː,ɑː,ʋɪt͡ʃ,ɾɑː,ʋ","व,ा",ʋ,"व,ा",ʋ
5123,विजन,विजन,ʋɪd͡ʒən̪,vision,neutral,F,3,underived,,,0,0,inanimate,X,Perception,1,0,0,"व,न,िजन,जन,वि,विज","ʋɪ,n̪,ʋ,ʋɪd͡ʒ,d͡ʒən̪,ən̪",व,ʋ,व,ʋ
5124,विजन,विजन,ʋɪd͡ʒən̪,vision,neutral,M,4,underived,,,0,0,inanimate,X,Perception,1,0,0,"व,न,िजन,जन,वि,विज","ʋɪ,n̪,ʋ,ʋɪd͡ʒ,d͡ʒən̪,ən̪",व,ʋ,व,ʋ
5125,विजय,विजय,ʋɪd͡ʒjə,victory,NotAppl,F,3,underived,,,0,0,inanimate,X,Natural Event,0,0,1,"व,िजय,य,जय,वि,विज","ʋɪ,ʋ,ʋɪd͡ʒ,ə,jə,d͡ʒjə","व,य","ʋ,jə","व,य","ʋ,jə"
5126,विजिट,विजिट,ʋɪd͡ʒɪʈ,visit,NotAppl,F,3,underived,,,0,0,inanimate,S,Common Noun,0,0,0,"ट,व,जिट,िट,वि,विज","ʋɪ,d͡ʒɪʈ,ɪʈ,ʋ,ʈ,ʋɪd͡ʒ",व,"ɪʈ,ʋ",व,ʋ
5127,विजेता,विजेता,ʋɪd͡ʒeːt̪ɑː,winner,NotAppl,M,4,underived,,,0,0,animate,X,Person,0,0,1,"व,ा,ता,वि,ेता,विज","ʋɪ,ɑː,eːt̪ɑː,ʋ,ʋɪd͡ʒ,t̪ɑː","व,ा",ʋ,"व,ा",ʋ
5128,विज्ञप्ति,विज्ञप्त,ʋɪd͡ʒɲəpt̪,releases,NotAppl,F,3,option,option,option,0,1,inanimate,A,Communication,0,0,1,"व,्त,त,प्त,वि,विज","ʋɪ,əpt̪,pt̪,t̪,ʋ,ʋɪd͡ʒ","व,्त,त","t̪,ʋ","व,्त,त","t̪,ʋ"
5129,विज्ञान,विज्ञान,ʋɪd͡ʒɲɑːn̪,science,NotAppl,M,4,option,option,option,0,1,inanimate,Y,Applied Sciences,0,0,1,"ान,व,न,ञान,वि,विज","ʋɪ,ɑːn̪,ʋ,ɲɑːn̪,ʋɪd͡ʒ,n̪",व,ʋ,व,ʋ
5130,विज्ञानी,विज्ञानी,ʋɪd͡ʒɲɑːn̪iː,scientist,NotAppl,M,4,option,option,option,0,1,animate,Y,Person,0,0,1,"व,नी,ानी,वि,ी,विज","iː,ʋɪ,n̪iː,ʋ,ʋɪd͡ʒ,ɑːn̪iː","व,ी",ʋ,"व,ी",ʋ
5131,विज्ञापन,विज्ञापन,ʋɪd͡ʒɲɑːpən̪,advertisement,NotAppl,M,4,state_condition2,state_condition2,,0,1,inanimate,I,Communication,0,0,1,"व,ापन,न,पन,वि,विज","ʋɪ,n̪,ʋ,ʋɪd͡ʒ,pən̪,ən̪",व,ʋ,व,ʋ
5132,वितंडा,वितंडा,ʋɪt̪ə̃ɖɑː,sophistry,NotAppl,M,4,underived,,,0,0,inanimate,Z,Communication,0,0,1,"व,डा,ा,वित,ंडा,वि","ʋɪt̪,ʋɪ,ɑː,ʋ,ə̃ɖɑː,ɖɑː","व,ा",ʋ,"व,ा",ʋ
5133,वितरण,वितरण,ʋɪt̪ɾəɳ,distribution,NotAppl,M,4,underived,,,0,0,inanimate,A,Physical,0,0,1,"व,रण,वित,तरण,वि,ण","ʋɪt̪,ʋɪ,əɳ,ʋ,ɾəɳ,ɳ","व,रण","əɳ,ʋ,ɾəɳ",व,"əɳ,ʋ,ɾəɳ"
5134,वित्त,वित्त,ʋɪt̪t̪,finance,NotAppl,M,4,underived,,,0,0,inanimate,I,possession,0,0,1,"व,्त,त्त,वित,त,वि","ʋɪt̪,ʋɪ,t̪,t̪t̪,ʋ,ɪt̪t̪","व,्त,त्त,त","t̪,t̪t̪,ʋ","व,्त,त","t̪,ʋ"
5135,वित्तायुक्त,वित्तायुक्त,ʋɪt̪t̪ɑːjukt̪,finance commissioner,NotAppl,M,4,underived,,,0,0,animate,I,Abstract,0,0,0,"व,्त,वित,त,क्त,वि","ʋɪt̪,ʋɪ,t̪,ʋ,ukt̪,kt̪","व,्त,त","t̪,ʋ","व,्त,त","t̪,ʋ"
5136,विदा,विद,ʋɪd̪,bye,NotAppl,F,3,underived,,,0,0,inanimate,Z,Social,0,0,0,"द,व,विद,िद,वि","d̪,ʋɪ,ʋ,ʋɪd̪,ɪd̪",व,ʋ,व,ʋ
5137,विदाई,विदा,ʋɪd̪ɑː,farewell,NotAppl,F,1,abstract1,abstract1,abstract1,0,1,inanimate,Q,Social,0,0,0,"व,िदा,ा,विद,दा,वि","ʋɪ,d̪ɑː,ɑː,ʋ,ɪd̪ɑː,ʋɪd̪","व,ा",ʋ,"व,ा",ʋ
5138,विदेश,विदेश,ʋɪd̪eːʃ,foreign,NotAppl,M,4,option,option,option,0,1,inanimate,M,Physical Place,0,0,1,"व,श,ेश,देश,विद,वि","ʋɪ,ʃ,d̪eːʃ,eːʃ,ʋ,ʋɪd̪","व,ेश,देश","d̪eːʃ,eːʃ,ʋ",व,ʋ
5139,विदेशयात्रा,विदेशयात्रा,ʋɪd̪eːʃjɑːt̪ɾɑː,foreign travel,NotAppl,F,3,underived,,,1,0,inanimate,M,Common Noun,0,0,0,"व,ा,विद,्रा,वि,रा","ʋɪ,ɑː,ɾɑː,ʋ,ʋɪd̪,t̪ɾɑː","व,ा,्रा","ʋ,t̪ɾɑː","व,ा",ʋ
5140,विदेशी,विदेशी,ʋɪd̪eːʃiː,foreigner,NotAppl,M,4,agentive_occupation3,,,0,1,animate,Z,Person,0,0,1,"व,ेशी,शी,विद,वि,ी","iː,eːʃiː,ʋɪ,ʃiː,ʋ,ʋɪd̪","व,शी,ी","ʃiː,ʋ","व,ी",ʋ
5141,विद्या,विद्या,ʋɪd̪jɑː,knowledge,NotAppl,F,3,underived,,,0,0,inanimate,X,Cognition,0,0,1,"व,ा,या,विद,वि,्या","ʋɪ,d̪jɑː,ɑː,ʋ,jɑː,ʋɪd̪","व,ा,या,्या","ʋ,jɑː","व,ा",ʋ
5142,विद्यापीठ,विद्यापीठ,ʋɪd̪jɑːpiːʈʰ,university,neutral,F,3,underived,,,1,0,inanimate,P,Group,0,0,0,"ीठ,व,विद,वि,ठ,पीठ","ʈʰ,ʋɪ,piːʈʰ,ʋ,ʋɪd̪,iːʈʰ","ीठ,व,पीठ","piːʈʰ,ʋ,iːʈʰ",व,ʋ
5143,विद्यापीठ,विद्यापीठ,ʋɪd̪jɑːpiːʈʰ,university,neutral,M,4,underived,,,1,0,inanimate,P,Group,0,0,0,"ीठ,व,विद,वि,ठ,पीठ","ʈʰ,ʋɪ,piːʈʰ,ʋ,ʋɪd̪,iːʈʰ","ीठ,व,पीठ","piːʈʰ,ʋ,iːʈʰ",व,ʋ
5144,विद्यार्थी,विद्यार्थी,ʋɪd̪jɑːɾt̪ʰiː,student,NotAppl,M,4,agentive_occupation3,,,0,1,animate,P,Person,0,0,0,"व,विद,थी,वि,्थी,ी","iː,ʋɪ,ɾt̪ʰiː,ʋ,ʋɪd̪,t̪ʰiː","व,ी",ʋ,"व,ी",ʋ
5145,विद्यालय,विद्यालय,ʋɪd̪jɑːljə,school,NotAppl,M,4,underived,,,1,0,inanimate,P,Physical Place,0,0,0,"व,लय,य,विद,वि,ालय","ljə,ʋɪ,ʋ,ʋɪd̪,ə,jə","व,लय,य","ljə,ʋ,jə","व,य","ʋ,jə"
5146,विद्युत,विद्युत,ʋɪd̪jut̪,electricity,neutral,F,3,underived,,,0,0,inanimate,O,Perception,0,0,0,"व,ुत,त,विद,युत,वि","ʋɪ,ut̪,t̪,ʋ,ʋɪd̪,jut̪","व,त","t̪,ʋ","व,त","t̪,ʋ"
5147,विद्युत,विद्युत,ʋɪd̪jut̪,electricity,neutral,M,4,underived,,,0,0,inanimate,O,Perception,0,0,0,"व,ुत,त,विद,युत,वि","ʋɪ,ut̪,t̪,ʋ,ʋɪd̪,jut̪","व,त","t̪,ʋ","व,त","t̪,ʋ"
5148,विद्युतकण,विद्युतकण,ʋɪd̪jut̪kəɳ,electroporation,NotAppl,M,4,underived,,,1,0,inanimate,Z,Physical Object,0,0,0,"व,कण,विद,तकण,वि,ण","ʋɪ,əɳ,ʋ,kəɳ,ʋɪd̪,ɳ",व,"əɳ,ʋ",व,"əɳ,ʋ"
5149,विद्युतीकरण,विद्युतीकरण,ʋɪd̪jut̪iːkɾəɳ,electrification,NotAppl,M,4,underived,,,1,0,inanimate,O,Applied Sciences,0,0,0,"करण,व,रण,विद,वि,ण","ʋɪ,əɳ,ʋ,ɾəɳ,ʋɪd̪,ɳ","व,रण","əɳ,ʋ,ɾəɳ",व,"əɳ,ʋ,ɾəɳ"
5150,विद्रोह,विद्रोह,ʋɪd̪ɾoːɦ,rebellion,NotAppl,M,4,underived,,,0,0,inanimate,E,Physical,0,0,1,"व,ोह,ह,रोह,विद,वि","ʋɪ,ɦ,ʋ,ɾoːɦ,ʋɪd̪,oːɦ","व,ोह","ʋ,oːɦ",व,ʋ
5151,विद्रोही,विद्रोही,ʋɪd̪ɾoːɦiː,rebel,NotAppl,M,4,agentive_occupation3,,,0,1,animate,G,Person,0,0,1,"ोही,व,ही,विद,वि,ी","iː,ʋɪ,oːɦiː,ʋ,ʋɪd̪,ɦiː","व,ी",ʋ,"व,ी",ʋ
5152,विद्वान,विद्वान,ʋɪd̪ʋɑːn̪,scholar,NotAppl,M,4,agentive_endowment,,,0,1,animate,P,Person,0,0,1,"ान,व,वान,न,विद,वि","ʋɪ,ɑːn̪,ʋɑːn̪,ʋ,ʋɪd̪,n̪",व,ʋ,व,ʋ
5153,विधवा,विधवा,ʋɪd̪ʰʋɑː,widow,NotAppl,F,3,underived,,,0,0,animate,S,Person,0,0,1,"व,विध,ा,वा,धवा,वि","ʋɪ,ɑː,ʋ,ʋɑː,ʋɪd̪ʰ,d̪ʰʋɑː","व,विध,ा","ʋ,ʋɪd̪ʰ","व,ा",ʋ
5154,विधा,विधा,ʋɪd̪ʰɑː,mode,NotAppl,F,3,underived,,,0,0,inanimate,X,property,0,0,1,"व,विध,ा,धा,िधा,वि","ʋɪ,ɑː,ʋ,ʋɪd̪ʰ,ɪd̪ʰɑː,d̪ʰɑː","व,विध,ा,धा","ʋ,ʋɪd̪ʰ,d̪ʰɑː","व,ा",ʋ
5155,विधान,विधान,ʋɪd̪ʰɑːn̪,legislation,neutral,F,3,underived,,,0,0,inanimate,G,Cognition,0,0,1,"ान,व,विध,धान,न,वि","ʋɪ,ɑːn̪,d̪ʰɑːn̪,ʋ,ʋɪd̪ʰ,n̪","व,विध","ʋ,ʋɪd̪ʰ",व,ʋ
5156,विधान,विधान,ʋɪd̪ʰɑːn̪,legislation,neutral,M,4,underived,,,0,0,inanimate,G,Cognition,0,0,1,"ान,व,विध,धान,न,वि","ʋɪ,ɑːn̪,d̪ʰɑːn̪,ʋ,ʋɪd̪ʰ,n̪","व,विध","ʋ,ʋɪd̪ʰ",व,ʋ
5157,विधानमंडल,विधानमंडल,ʋɪd̪ʰɑːn̪mə̃ɖəl,legislature,NotAppl,M,4,underived,,,1,0,inanimate,G,Group,0,0,0,"व,विध,डल,ंडल,वि,ल","ʋɪ,ʋ,əl,l,ʋɪd̪ʰ,ɖəl","व,विध","ʋ,əl,ʋɪd̪ʰ",व,ʋ
5158,विधानसभा,विधानसभा,ʋɪd̪ʰɑːn̪əs̪bʰɑː,assembly,NotAppl,F,3,underived,,,1,0,inanimate,S,Group,0,0,0,"व,विध,ा,सभा,भा,वि","ʋɪ,ɑː,ʋ,ʋɪd̪ʰ,s̪bʰɑː,bʰɑː","व,विध,ा","ʋ,ʋɪd̪ʰ","व,ा",ʋ
5159,विधायक,विधायक,ʋɪd̪ʰɑːjək,legislator,neutral,F,3,underived,,,0,0,animate,G,Person,0,0,1,"व,विध,ायक,यक,क,वि","ʋɪ,k,ək,ʋ,ʋɪd̪ʰ,jək","व,विध","ək,ʋ,ʋɪd̪ʰ",व,ʋ
5160,विधायक,विधायक,ʋɪd̪ʰɑːjək,legislator,neutral,M,4,underived,,,0,0,animate,G,Person,0,0,1,"व,विध,ायक,यक,क,वि","ʋɪ,k,ək,ʋ,ʋɪd̪ʰ,jək","व,विध","ək,ʋ,ʋɪd̪ʰ",व,ʋ
5161,विधायिका,विधायिका,ʋɪd̪ʰɑːjɪkɑː,legislature,NotAppl,F,3,underived,,,1,0,inanimate,G,Group,0,0,1,"व,विध,ा,िका,का,वि","ʋɪ,kɑː,ɪkɑː,ɑː,ʋ,ʋɪd̪ʰ","व,विध,ा","ʋ,ʋɪd̪ʰ","व,ा",ʋ
5162,विधि,विध,ʋɪd̪ʰ,method,NotAppl,F,3,underived,,,0,0,inanimate,X,Cognition,0,0,1,"व,विध,िध,ध,वि","ʋɪ,ʋ,d̪ʰ,ʋɪd̪ʰ,ɪd̪ʰ","व,विध","ʋ,ʋɪd̪ʰ",व,ʋ
5163,विधेयक,विधेयक,ʋɪd̪ʰeːjək,bill,NotAppl,M,4,underived,,,0,0,inanimate,I,Artifact,0,0,1,"व,विध,ेयक,यक,क,वि","ʋɪ,k,ək,ʋ,ʋɪd̪ʰ,jək","व,विध","ək,ʋ,ʋɪd̪ʰ",व,ʋ
5164,विध्वंस,विध्वंस,ʋɪd̪ʰʋə̃s̪,demolition,NotAppl,M,4,option,option,option,0,1,inanimate,A,State,0,0,1,"स,व,विध,ंस,वंस,वि","ʋɪ,ʋə̃s̪,ʋ,ə̃s̪,s̪,ʋɪd̪ʰ","व,विध","ʋ,ʋɪd̪ʰ",व,ʋ
5165,विन,विन,ʋɪn̪,win,neutral,F,3,underived,,,0,0,inanimate,X,Physical State,1,0,0,"व,िन,विन,न,वि","ʋɪ,ʋɪn̪,ʋ,ɪn̪,n̪",व,ʋ,व,ʋ
5166,विन,विन,ʋɪn̪,win,neutral,M,4,underived,,,0,0,inanimate,X,Common Noun,1,0,0,"व,िन,विन,न,वि","ʋɪ,ʋɪn̪,ʋ,ɪn̪,n̪",व,ʋ,व,ʋ
5167,विनम्रता,विनम्रता,ʋɪn̪əmɾət̪ɑː,politeness,NotAppl,F,3,abstract8,abstract8,abstract8,0,1,inanimate,S,Quality,0,0,0,"व,ा,विन,ता,रता,वि","ʋɪ,ʋɪn̪,ɑː,ʋ,t̪ɑː,ət̪ɑː","व,ा,रता","ʋ,ət̪ɑː","व,ा","ʋ,ət̪ɑː"
5168,विनर्स,विनर्स,ʋɪn̪əɾs̪,winners,NotAppl,M,4,underived,,,0,0,inanimate,X,Common Noun,1,0,0,"स,व,र्स,विन,्स,वि","ʋɪ,ʋɪn̪,ʋ,s̪,əɾs̪,ɾs̪",व,ʋ,व,ʋ
5169,विनाश,विनाश,ʋɪn̪ɑːʃ,destruction,NotAppl,M,4,option,option,option,0,1,inanimate,A,State,0,0,1,"व,श,विन,नाश,वि,ाश","ʋɪ,ʃ,ʋɪn̪,ʋ,ɑːʃ,n̪ɑːʃ",व,ʋ,व,ʋ
5170,विनियम,विनियम,ʋɪn̪ɪjəm,regulations,NotAppl,M,4,option,option,option,0,1,inanimate,G,concept,0,0,1,"व,विन,म,वि,ियम,यम","əm,ʋɪ,ʋɪn̪,m,ʋ,jəm","व,ियम,यम","ʋ,jəm",व,ʋ
5171,विनिवेश,विनिवेश,ʋɪn̪ɪʋeːʃ,disinvestment,NotAppl,M,4,option,option,option,0,1,inanimate,I,Physical,0,0,0,"वेश,व,श,विन,ेश,वि","ʋɪ,ʃ,ʋɪn̪,eːʃ,ʋ,ʋeːʃ","व,ेश","eːʃ,ʋ",व,ʋ
5172,विपक्ष,विपक्ष,ʋɪpəkʂ,opposition,NotAppl,M,4,option,option,option,0,1,inanimate,S,Group,0,0,1,"्ष,व,ष,क्ष,विप,वि","ʋɪ,kʂ,əkʂ,ʋ,ʂ,ʋɪp","व,ष","ʋ,ʂ",व,ʋ
5173,विपदा,विपदा,ʋɪpd̪ɑː,disaster,NotAppl,F,3,option,option,option,0,1,inanimate,A,State,0,0,1,"व,ा,विप,दा,वि,पदा","ʋɪ,d̪ɑː,ɑː,ʋ,ʋɪp,pd̪ɑː","व,ा",ʋ,"व,ा",ʋ
5174,विफलता,विफलता,ʋɪpʰəlt̪ɑː,failure,NotAppl,F,3,abstract4,abstract4,,0,1,inanimate,X,State,0,0,1,"व,लता,ा,ता,विफ,वि","ʋɪ,lt̪ɑː,ɑː,ʋ,t̪ɑː,ʋɪpʰ","व,ा",ʋ,"व,ा",ʋ
5175,विभाग,विभाग,ʋɪbʰɑːɡ,department,NotAppl,M,4,option,option,option,0,1,inanimate,H,Part of,0,0,1,"ाग,व,भाग,ग,वि,विभ","ʋɪ,ɑːɡ,ʋɪbʰ,ʋ,ɡ,bʰɑːɡ","ाग,व,ग","ʋ,ɡ",व,"ʋ,ɡ"
5176,विभागाध्यक्ष,विभागाध्यक्ष,ʋɪbʰɑːɡɑːd̪ʰjəkʂ,head of department,NotAppl,M,4,underived,,,1,0,animate,S,Occupation,0,0,0,"्ष,व,ष,क्ष,वि,विभ","ʋɪ,kʂ,ʋɪbʰ,ʋ,əkʂ,ʂ","व,ष","ʋ,ʂ",व,ʋ
5177,विभाजन,विभाजन,ʋɪbʰɑːd͡ʒən̪,division,NotAppl,M,4,option,option,option,0,1,inanimate,A,Physical,0,0,1,"व,न,ाजन,जन,वि,विभ","ʋɪ,n̪,ʋɪbʰ,ʋ,d͡ʒən̪,ən̪",व,ʋ,व,ʋ
5178,विभूति,विभूत,ʋɪbʰuːt̪,vibhuti,NotAppl,F,1,option,option,option,0,1,inanimate,Z,Person,0,0,1,"व,ूत,त,भूत,वि,विभ","bʰuːt̪,ʋɪ,t̪,uːt̪,ʋɪbʰ,ʋ","व,त","t̪,ʋ","व,त","t̪,ʋ"
5179,विमर्श,विमर्श,ʋɪməɾʃ,discussion,NotAppl,M,4,underived,,,0,0,inanimate,Q,Communication,0,0,1,"व,श,र्श,विम,्श,वि","ʋɪ,ʃ,ʋ,ʋɪm,əɾʃ,ɾʃ",व,ʋ,व,ʋ
5180,विमान,विमान,ʋɪmɑːn̪,plane,NotAppl,M,4,underived,,,0,0,inanimate,M,Artifact,0,0,1,"ान,व,न,विम,वि,मान","ʋɪ,ɑːn̪,ʋ,ʋɪm,mɑːn̪,n̪",व,ʋ,व,ʋ
5181,विमानतल,विमानतल,ʋɪmɑːn̪t̪əl,airport,NotAppl,M,4,underived,,,1,0,inanimate,M,Physical Place,0,0,0,"व,तल,नतल,विम,वि,ल","ʋɪ,ʋ,əl,ʋɪm,l,t̪əl",व,"ʋ,əl",व,ʋ
5182,विराम,विराम,ʋɪɾɑːm,pause,NotAppl,M,4,option,option,option,0,1,inanimate,T,Action,0,0,1,"व,विर,म,राम,वि,ाम","ɾɑːm,ʋɪ,m,ʋ,ʋɪɾ,ɑːm",व,ʋ,व,ʋ
5183,विरासत,विरासत,ʋɪɾɑːs̪ət̪,heritage,NotAppl,F,3,option,option,option,0,1,inanimate,A,possession,0,1,0,"व,विर,सत,त,ासत,वि","ʋɪ,t̪,s̪ət̪,ət̪,ʋ,ʋɪɾ","व,सत,त,ासत","t̪,s̪ət̪,ʋ","व,त","t̪,ʋ"
5184,विरोध,विरोध,ʋɪɾoːd̪ʰ,oppose,NotAppl,M,4,option,option,option,0,1,inanimate,S,Action,0,0,1,"रोध,व,विर,ोध,ध,वि","ʋɪ,ʋ,oːd̪ʰ,d̪ʰ,ʋɪɾ,ɾoːd̪ʰ","व,ोध","ʋ,oːd̪ʰ",व,ʋ
5185,विरोधी,विरोधी,ʋɪɾoːd̪ʰiː,anti,NotAppl,M,4,agentive_occupation3,,,0,1,inanimate,Z,Person,0,0,1,"धी,व,ोधी,विर,वि,ी","iː,oːd̪ʰiː,ʋɪ,d̪ʰiː,ʋ,ʋɪɾ","व,ी",ʋ,"व,ी",ʋ
5186,विलंब,विलंब,ʋɪlə̃b,delay,NotAppl,M,4,underived,,,0,0,inanimate,T,Time,0,0,1,"व,ंब,ब,वि,विल,लंब","ʋɪ,ʋɪl,ʋ,lə̃b,b,ə̃b",व,ʋ,व,ʋ
5187,विलय,विलय,ʋɪljə,merger,NotAppl,M,4,underived,,,0,0,inanimate,S,Physical,0,0,1,"व,लय,य,वि,विल,िलय","ljə,ʋɪ,ʋɪl,ʋ,ə,jə","व,लय,य","ljə,ʋ,jə","व,य","ʋ,jə"
5188,विवरण,विवरण,ʋɪʋɾəɳ,description,NotAppl,M,4,underived,,,0,0,inanimate,Q,Cognition,0,0,1,"व,वरण,रण,विव,वि,ण","ʋɪ,əɳ,ʋ,ʋɪʋ,ɾəɳ,ɳ","व,रण","əɳ,ʋ,ɾəɳ",व,"əɳ,ʋ,ɾəɳ"
5189,विवशता,विवशता,ʋɪʋəʃt̪ɑː,helplessness,NotAppl,F,3,underived,,,0,0,inanimate,S,State,0,0,1,"व,ा,शता,विव,ता,वि","ʋɪ,ʃt̪ɑː,ɑː,ʋ,ʋɪʋ,t̪ɑː","व,ा",ʋ,"व,ा",ʋ
5190,विवाद,विवाद,ʋɪʋɑːd̪,controversy,NotAppl,M,4,option,option,option,0,1,inanimate,Q,Communication,0,0,1,"द,वाद,व,विव,ाद,वि","d̪,ʋɪ,ɑːd̪,ʋɑːd̪,ʋ,ʋɪʋ",व,ʋ,व,ʋ
5191,विवाह,विवाह,ʋɪʋɑːɦ,marriage,NotAppl,M,4,underived,,,0,0,inanimate,S,Social,0,0,1,"व,ाह,ह,विव,वाह,वि","ʋɑːɦ,ʋɪ,ɑːɦ,ɦ,ʋ,ʋɪʋ","व,ाह","ɑːɦ,ʋ",व,ʋ
5192,विविधता,विविधता,ʋɪʋɪd̪ʰt̪ɑː,diversity,NotAppl,F,3,underived,,,0,0,inanimate,A,State,0,0,1,"व,ा,धता,विव,ता,वि","ʋɪ,d̪ʰt̪ɑː,ɑː,ʋ,ʋɪʋ,t̪ɑː","व,ा",ʋ,"व,ा",ʋ
5193,विविधीकरण,विविधीकरण,ʋɪʋɪd̪ʰiːkɾəɳ,diversification,NotAppl,M,4,underived,,,1,0,inanimate,A,Physical,0,0,0,"करण,व,रण,विव,वि,ण","ʋɪ,əɳ,ʋ,ʋɪʋ,ɾəɳ,ɳ","व,रण","əɳ,ʋ,ɾəɳ",व,"əɳ,ʋ,ɾəɳ"
5194,विशवविद्यालय,विशवविद्यालय,ʋɪʃəʋʋɪd̪jɑːljə,university,NotAppl,M,4,underived,,,1,0,inanimate,P,Common Noun,0,0,0,"विश,व,लय,य,वि,ालय","ljə,ʋɪ,ʋɪʃ,ʋ,ə,jə","व,लय,य","ljə,ʋ,jə","व,य","ʋ,jə"
5195,विशिष्टता,विशिष्टता,ʋɪʃɪʂʈət̪ɑː,specification,NotAppl,F,3,abstract8,abstract8,abstract8,0,1,inanimate,A,Quality,0,0,1,"विश,व,ा,ता,वि,टता","ʋɪ,ʋɪʃ,ɑː,ʋ,t̪ɑː,ət̪ɑː","व,ा","ʋ,ət̪ɑː","व,ा","ʋ,ət̪ɑː"
5196,विशेष,विशेष,ʋɪʃeːʂ,specific,NotAppl,M,4,underived,,,0,0,inanimate,A,Artifact,0,0,1,"विश,व,ष,शेष,ेष,वि","eːʂ,ʋɪ,ʋɪʃ,ʋ,ʃeːʂ,ʂ","व,ष","ʋ,ʂ",व,ʋ
5197,विशेषज्ञ,विशेषज्ञ,ʋɪʃeːʂəd͡ʒɲ,expert,NotAppl,M,4,underived,,,1,0,animate,X,Person,0,0,0,"विश,व,्ञ,ज्ञ,वि,ञ","ʋɪ,ʋɪʃ,ɲ,ʋ,əd͡ʒɲ,d͡ʒɲ",व,ʋ,व,ʋ
5198,विशेषता,विशेषता,ʋɪʃeːʂt̪ɑː,speciality,NotAppl,F,3,abstract8,abstract8,abstract8,0,1,inanimate,A,Quality,0,0,1,"विश,व,ा,षता,ता,वि","ʋɪ,ʂt̪ɑː,ʋɪʃ,ɑː,ʋ,t̪ɑː","व,ा",ʋ,"व,ा",ʋ
5199,विशेषाधिकार,विशेषाधिकार,ʋɪʃeːʂɑːd̪ʰɪkɑːɾ,privilege,NotAppl,M,4,underived,,,1,0,inanimate,G,possession,0,0,0,"विश,व,ार,र,कार,वि","ʋɪ,ʋɪʃ,kɑːɾ,ʋ,ɾ,ɑːɾ","व,ार,र","ʋ,ɾ,ɑːɾ","व,र","ʋ,ɾ"
5200,विश्राम,विश्राम,ʋɪʃɾɑːm,rest,NotAppl,M,4,underived,,,0,0,inanimate,E,Action,0,0,1,"विश,व,म,राम,वि,ाम","ɾɑːm,ʋɪ,ʋɪʃ,m,ʋ,ɑːm",व,ʋ,व,ʋ
5201,विश्रामगृह,विश्रामगृह,ʋɪʃɾɑːməɡɾɨɦ,rest house,NotAppl,M,4,underived,,,1,0,inanimate,T,Physical Place,0,0,0,"विश,व,गृह,ह,ृह,वि","ʋɪ,ɾɨɦ,ʋɪʃ,ɦ,ɨɦ,ʋ",व,ʋ,व,ʋ
5202,विश्लेषक,विश्लेषक,ʋɪʃleːʂək,analyst,NotAppl,M,4,underived,,,1,0,animate,Y,Person,0,0,1,"विश,ेषक,व,षक,क,वि","ʂək,ʋɪ,k,ʋɪʃ,ək,ʋ","व,षक","ʂək,ək,ʋ",व,ʋ
5203,विश्लेषण,विश्लेषण,ʋɪʃleːʂəɳ,analysis,NotAppl,M,4,underived,,,1,0,inanimate,X,Physical,0,0,1,"विश,व,ेषण,वि,षण,ण","ʋɪ,ʋɪʃ,əɳ,ʂəɳ,ʋ,ɳ","व,षण","əɳ,ʂəɳ,ʋ",व,"əɳ,ʋ"
5204,विश्व,विश्व,ʋɪʃʋ,world,NotAppl,M,4,underived,,,0,0,inanimate,W,Physical Place,0,0,1,"विश,व,्व,श्व,वि","ʋɪ,ʃʋ,ʋɪʃ,ʋ,ɪʃʋ","व,्व",ʋ,व,ʋ
5205,विश्वभर,विश्वभर,ʋɪʃʋəbʰəɾ,worldwide,NotAppl,M,4,underived,,,1,0,inanimate,W,Common Noun,0,0,0,"विश,व,र,भर,वभर,वि","bʰəɾ,ʋɪ,ʋɪʃ,ʋ,ɾ,əɾ","व,र","ʋ,ɾ,əɾ","व,र","ʋ,ɾ,əɾ"
5206,विश्वविद्यालय,विश्वविद्यालय,ʋɪʃʋəʋɪd̪jɑːljə,university,NotAppl,M,4,underived,,,1,0,inanimate,P,Physical Place,0,0,0,"विश,व,लय,य,वि,ालय","ljə,ʋɪ,ʋɪʃ,ʋ,ə,jə","व,लय,य","ljə,ʋ,jə","व,य","ʋ,jə"
5207,विश्वसनीयता,विश्वसनीयता,ʋɪʃʋəs̪n̪iːjt̪ɑː,reliability,neutral,F,3,underived,,,0,0,inanimate,A,State,0,0,0,"विश,व,ा,ता,यता,वि","ʋɪ,ʋɪʃ,jt̪ɑː,ɑː,ʋ,t̪ɑː","व,ा,यता","jt̪ɑː,ʋ","व,ा",ʋ
5208,विश्वसनीयता,विश्वसनीयता,ʋɪʃʋəs̪n̪iːjt̪ɑː,reliability,neutral,M,4,underived,,,0,0,inanimate,A,State,0,0,0,"विश,व,ा,ता,यता,वि","ʋɪ,ʋɪʃ,jt̪ɑː,ɑː,ʋ,t̪ɑː","व,ा,यता","jt̪ɑː,ʋ","व,ा",ʋ
5209,विश्वास,विश्वास,ʋɪʃʋɑːs̪,faith,NotAppl,M,4,underived,,,0,0,inanimate,E,Psychological Feature,0,0,1,"विश,स,व,वास,ास,वि","ʋɪ,ʋɪʃ,ɑːs̪,ʋɑːs̪,ʋ,s̪","व,ास",ʋ,व,ʋ
5210,विश्वासघात,विश्वासघात,ʋɪʃʋɑːs̪ɡʰɑːt̪,betrayal,NotAppl,M,4,underived,,,1,0,inanimate,G,Anti-social,0,0,0,"विश,व,त,ात,वि,घात","ʋɪ,ʋɪʃ,t̪,ɑːt̪,ɡʰɑːt̪,ʋ","व,त","t̪,ʋ","व,त","t̪,ʋ"
5211,विष,विष,ʋɪʂ,toxin,NotAppl,M,4,underived,,,0,0,inanimate,O,Object,0,0,1,"व,ष,िष,वि,विष","ʋɪ,ʋɪʂ,ɪʂ,ʋ,ʂ","व,ष","ʋ,ʂ",व,ʋ
5212,विषय,विषय,ʋɪʂjə,subject,NotAppl,M,4,underived,,,0,0,inanimate,S,Cognition,0,0,1,"व,िषय,य,वि,षय,विष","ʋɪ,ʋɪʂ,ʋ,ə,ʂjə,jə","व,य","ʋ,ʂjə,jə","व,य","ʋ,jə"
5213,विषाणु,विषाणु,ʋɪʂɑːɳu,virus,NotAppl,M,4,underived,,,0,0,animate,L,Micro organism,0,0,0,"व,णु,ु,वि,ाणु,विष","ʋɪ,ɳu,u,ʋɪʂ,ʋ,ɑːɳu",व,ʋ,व,ʋ
5215,विसंगती,विसंग,ʋɪs̪ə̃ɡ,inconsistency,NotAppl,F,1,underived,,,0,0,inanimate,A,Abstract,0,0,0,"व,विस,ग,संग,ंग,वि","ʋɪ,ə̃ɡ,s̪ə̃ɡ,ʋɪs̪,ʋ,ɡ","व,ग,ंग","ʋ,ɡ","व,ंग","ʋ,ɡ"
5216,विस्तार,विस्तार,ʋɪs̪t̪ɑːɾ,expansion,NotAppl,M,4,underived,,,0,0,inanimate,N,Physiological  State,0,0,1,"व,तार,ार,र,विस,वि","ʋɪ,ʋɪs̪,ʋ,ɾ,ɑːɾ,t̪ɑːɾ","व,ार,र","ʋ,ɾ,ɑːɾ","व,र","ʋ,ɾ"
5217,विस्तारीकरण,विस्तारीकरण,ʋɪs̪t̪ɑːɾiːkɾəɳ,expansion,NotAppl,M,4,underived,,,1,0,inanimate,N,Abstract,0,0,0,"करण,व,रण,विस,वि,ण","ʋɪ,əɳ,ʋɪs̪,ʋ,ɾəɳ,ɳ","व,रण","əɳ,ʋ,ɾəɳ",व,"əɳ,ʋ,ɾəɳ"
5218,विस्थापन,विस्थापन,ʋɪs̪t̪ʰɑːpən̪,displacement,NotAppl,M,4,option,option,option,0,1,inanimate,M,Action,0,0,0,"व,विस,ापन,न,पन,वि","ʋɪ,n̪,ʋɪs̪,ʋ,pən̪,ən̪",व,ʋ,व,ʋ
5219,विस्फोट,विस्फोट,ʋɪs̪pʰoːʈ,explosion,NotAppl,M,4,underived,,,0,0,inanimate,A,Action,0,0,1,"ट,व,ोट,विस,वि,फोट","ʋɪ,ʋɪs̪,oːʈ,pʰoːʈ,ʋ,ʈ",व,ʋ,व,ʋ
5220,विस्फोटक,विस्फोटक,ʋɪs̪pʰoːʈək,explosives,NotAppl,M,4,agentive1,agentive1,agentive1,0,1,inanimate,G,Object,0,0,1,"व,विस,टक,क,वि,ोटक","ʋɪ,k,ʋɪs̪,ʈək,ək,ʋ",व,"ək,ʋ",व,ʋ
5221,विस्मय,विस्मय,ʋɪs̪məjə,astonishment,NotAppl,M,4,underived,,,0,0,inanimate,X,Perception,0,0,1,"व,्मय,विस,य,मय,वि","ʋɪ,ʋɪs̪,ʋ,əjə,ə,jə","व,य","ʋ,əjə,jə","व,य","ʋ,jə"
5222,विहार,विहार,ʋɪɦɑːɾ,vihar,NotAppl,M,4,underived,,,0,0,inanimate,Z,Physical Place,0,0,1,"व,ार,र,हार,वि,विह","ʋɪ,ɦɑːɾ,ʋ,ʋɪɦ,ɾ,ɑːɾ","व,ार,र","ʋ,ɾ,ɑːɾ","व,र","ʋ,ɾ"
5223,वी.,वी.,ʋiː.,v.,NotAppl,M,0,underived,,,0,0,inanimate,Z,Abbreviation,1,0,0,"व,.,वी.,वी,ी.","iː.,.,ʋ,ʋiː,ʋiː.",व,ʋ,व,ʋ
5224,वीआईपी,वीआईप,ʋiːɑːiːp,vip,NotAppl,M,0,underived,,,0,0,animate,Z,Abbreviation,1,0,0,"व,प,आईप,वीआ,वी,ईप","ʋiːɑː,ʋ,p,ɑːiːp,ʋiː,iːp",व,ʋ,व,ʋ
5225,वीक,वीक,ʋiːk,week,NotAppl,M,4,underived,,,0,0,inanimate,T,Common Noun,1,0,0,"व,वी,क,वीक,ीक","k,ʋ,ʋiː,ʋiːk,iːk",व,ʋ,व,ʋ
5226,वीज़ा,वीज़,ʋiːz,visa,NotAppl,M,4,underived,,,0,0,inanimate,Q,Artifact,1,0,0,"व,ीज़,़,वी,ज़,वीज","iːz,ʋ,ʋiː,ʋiːz,z","व,़",ʋ,"व,़",ʋ
5228,वीडियो,वीडिय,ʋiːɖɪjə,video,NotAppl,M,5,underived,,,0,0,inanimate,Q,Common Noun,1,0,0,"व,िय,य,वीड,डिय,वी","ʋ,ɪjə,ə,ʋiː,jə,ʋiːɖ","व,य","ʋ,jə","व,य","ʋ,jə"
5229,वीभत्सता,वीभत्सता,ʋiːbʰət̪s̪ət̪ɑː,ugliness,NotAppl,F,3,abstract8,abstract8,abstract8,0,1,inanimate,O,property,0,0,0,"व,ा,सता,वीभ,ता,वी","ɑː,ʋiːbʰ,ʋ,ʋiː,t̪ɑː,ət̪ɑː","व,ा","ʋ,ət̪ɑː","व,ा","ʋ,ət̪ɑː"
5230,वीर,वीर,ʋiːɾ,daring,NotAppl,M,4,underived,,,0,0,animate,E,Person,0,0,1,"व,ीर,र,वी,वीर","ʋiːɾ,ʋ,ɾ,iːɾ,ʋiː","व,र,वीर","ʋiːɾ,ʋ,ɾ","व,र","ʋ,ɾ"
5231,वीरता,वीरता,ʋiːɾt̪ɑː,valor,NotAppl,F,3,underived,,,0,0,inanimate,E,Quality,0,0,1,"व,ा,ता,रता,वी,वीर","ʋiːɾ,ɾt̪ɑː,ɑː,ʋ,ʋiː,t̪ɑː","व,ा,रता,वीर","ʋiːɾ,ɾt̪ɑː,ʋ","व,ा",ʋ
5232,वीरानगी,वीरानग,ʋiːɾɑːn̪əɡ,desolation,NotAppl,F,1,abstract1,abstract1,abstract1,0,1,inanimate,E,State,0,0,0,"व,नग,वी,ानग,वीर,ग","ʋiːɾ,əɡ,n̪əɡ,ʋ,ɡ,ʋiː","व,वीर,ग","ʋiːɾ,əɡ,ʋ,ɡ",व,"ʋ,ɡ"
5233,वीसीडी,वीसीड,ʋiːs̪iːɖ,vcd,NotAppl,F,0,underived,,,0,0,inanimate,Z,Abbreviation,1,0,0,"व,सीड,ड,वीस,वी,ीड","ɖ,iːɖ,ʋ,s̪iːɖ,ʋiː,ʋiːs̪","व,ीड",ʋ,व,ʋ
5234,वूमेन,वूमेन,ʋuːmeːn̪,woman,NotAppl,F,4,underived,,,0,0,animate,S,Common Noun,1,0,0,"व,मेन,ेन,वू,न,वूम","ʋuːm,ʋuː,ʋ,meːn̪,eːn̪,n̪",व,ʋ,व,ʋ
5235,वृक्ष,वृक्ष,ʋɾɨkʂ,tree,NotAppl,M,4,underived,,,0,0,animate,L,Tree,0,0,1,"्ष,व,ष,क्ष,वृ,वृक","ɨkʂ,kʂ,ʋ,ʋɾ,ʂ,ʋɾɨ","व,ष","ʋ,ʂ",व,ʋ
5236,वृक्षारोपण,वृक्षारोपण,ʋɾɨkʂɑːɾoːpəɳ,plantation,NotAppl,M,4,underived,,,1,0,inanimate,F,Physical,0,0,0,"व,पण,वृ,ोपण,वृक,ण","ɳ,əɳ,pəɳ,ʋ,ʋɾ,ʋɾɨ",व,"əɳ,ʋ",व,"əɳ,ʋ"
5237,वृत्तान्त,वृत्तान्त,ʋɾɨt̪t̪ɑːn̪t̪,story,NotAppl,M,4,underived,,,0,0,inanimate,Q,Cognition,0,0,0,"व,्त,वृत,त,वृ,न्त","ɑːn̪t̪,n̪t̪,t̪,ʋ,ʋɾ,ʋɾɨ","व,्त,त","t̪,ʋ","व,्त,त","t̪,ʋ"
5238,वृद्घि,वृद्घ,ʋɾɨd̪ɡʰ,growth,NotAppl,F,1,underived,,,0,0,inanimate,N,Abstract,0,0,0,"द्घ,व,्घ,वृ,घ,वृद","d̪ɡʰ,ɡʰ,ʋ,ɨd̪ɡʰ,ʋɾ,ʋɾɨ",व,ʋ,व,ʋ
5239,वृद्धि,वृद्ध,ʋɾɨd̪d̪ʰ,growth,NotAppl,F,1,underived,,,0,0,inanimate,N,Action,0,0,1,"व,्ध,वृ,ध,द्ध,वृद","d̪d̪ʰ,ʋ,d̪ʰ,ʋɾ,ʋɾɨ,ɨd̪d̪ʰ",व,ʋ,व,ʋ
5240,वेंडर,वेंडर,ʋẽːɖəɾ,vendor,NotAppl,M,4,underived,,,0,0,animate,I,Person,1,0,0,"वे,व,ंडर,र,डर,वें","ʋẽːɖ,ʋẽː,ʋ,ɾ,əɾ,ɖəɾ","वे,व,र,डर","ʋ,ɾ,əɾ,ɖəɾ","व,र","ʋ,ɾ,əɾ"
5241,वेक्टर,वेक्टर,ʋeːkʈəɾ,vector,NotAppl,M,4,underived,,,0,0,inanimate,Z,Abstract,1,0,0,"वे,व,र,्टर,वेक,टर","ʋeː,ʋ,ɾ,ʋeːk,əɾ,ʈəɾ","वे,व,र,्टर,टर","ʋ,ɾ,əɾ,ʈəɾ","व,र,्टर,टर","ʋ,ɾ,əɾ,ʈəɾ"
5242,वेग,वेग,ʋeːɡ,velocity,NotAppl,M,4,underived,,,0,0,inanimate,N,Action,0,0,1,"वे,व,वेग,ग,ेग","ʋeː,ʋ,ʋeːɡ,ɡ,eːɡ","वे,व,ग","ʋ,ɡ",व,"ʋ,ɡ"
5243,वेतन,वेतन,ʋeːt̪ən̪,salary,NotAppl,M,4,underived,,,0,0,inanimate,I,Artifact,0,0,1,"वे,व,तन,न,ेतन,वेत","n̪,ʋeː,t̪ən̪,ʋ,ʋeːt̪,ən̪","वे,व",ʋ,व,ʋ
5244,वेतनमान,वेतनमान,ʋeːt̪ən̪mɑːn̪,pay scale,NotAppl,M,4,underived,,,1,0,inanimate,I,Abstract,0,0,0,"ान,वे,व,न,मान,वेत","ɑːn̪,ʋeː,ʋ,ʋeːt̪,mɑːn̪,n̪","वे,व",ʋ,व,ʋ
5245,वेत्ता,वेत्ता,ʋeːt̪t̪ɑː,expert,NotAppl,M,4,underived,,,0,0,animate,X,Qualitative,0,0,1,"वे,व,ा,ता,्ता,वेत","t̪t̪ɑː,ʋeː,ɑː,ʋ,ʋeːt̪,t̪ɑː","वे,व,ा",ʋ,"व,ा",ʋ
5246,वेद,वेद,ʋeːd̪,veda,NotAppl,M,4,underived,,,0,0,inanimate,Z,Artifact,0,0,1,"द,वे,व,ेद,वेद","d̪,ʋeː,ʋ,ʋeːd̪,eːd̪","वे,व",ʋ,व,ʋ
5247,वेदर,वेदर,ʋeːd̪əɾ,weather,NotAppl,M,4,underived,,,0,0,inanimate,W,Common Noun,1,0,0,"दर,वे,व,र,वेद,ेदर","d̪əɾ,ʋeː,ʋ,ʋeːd̪,ɾ,əɾ","वे,व,र","ʋ,ɾ,əɾ","व,र","ʋ,ɾ,əɾ"
5248,वेब,वेब,ʋeːb,web,NotAppl,M,4,underived,,,0,0,inanimate,Y,Artifact,1,0,0,"वे,व,ब,वेब,ेब","ʋeː,ʋeːb,ʋ,b,eːb","वे,व",ʋ,व,ʋ
5249,वेबसाइट,वेबसाइट,ʋeːbs̪ɑːɪʈ,website,NotAppl,F,3,underived,,,0,0,inanimate,Y,Group,1,0,0,"वे,व,ट,इट,वेब,ाइट","ɪʈ,ʋeː,ʋeːb,ʋ,ʈ,ɑːɪʈ","वे,व,इट,ाइट","ɪʈ,ʋ,ɑːɪʈ",व,ʋ
5250,वेल,वेल,ʋeːl,well,NotAppl,M,4,underived,,,0,0,inanimate,A,Artifact,1,0,0,"वे,व,ेल,वेल,ल","ʋeː,ʋ,l,eːl,ʋeːl","वे,व",ʋ,व,ʋ
5251,वेश्या,वेश्या,ʋeːʃjɑː,prostitute,NotAppl,F,3,underived,,,0,0,animate,S,Person,0,0,1,"वे,व,वेश,ा,या,्या","ʋeː,ɑː,jɑː,ʋ,ʃjɑː,ʋeːʃ","वे,व,ा,या,्या","jɑː,ʋ","व,ा",ʋ
5253,वेश्यावृत्ति,वेश्यावृत्त,ʋeːʃjɑːʋɾɨt̪t̪,prostitution,NotAppl,F,1,underived,,,1,0,inanimate,S,Physical,0,0,0,"वे,व,्त,वेश,त्त,त","ɨt̪t̪,t̪,t̪t̪,ʋeː,ʋ,ʋeːʃ","वे,व,्त,त्त,त","t̪,t̪t̪,ʋ","व,्त,त","t̪,ʋ"
5254,वेसेल,वेसेल,ʋeːs̪eːl,vessel,NotAppl,M,4,underived,,,0,0,inanimate,M,Physical State,1,0,0,"वे,व,ेल,सेल,ल,वेस","ʋeː,ʋeːs̪,ʋ,s̪eːl,l,eːl","वे,व",ʋ,व,ʋ
5255,वेस्ट,वेस्ट,ʋeːs̪ʈ,west,NotAppl,M,4,underived,,,0,0,inanimate,M,Artifact,1,0,0,"वे,व,ट,्ट,वेस,स्ट","eːs̪ʈ,ʋeː,ʋeːs̪,ʋ,ʈ,s̪ʈ","वे,व,स्ट","ʋ,s̪ʈ",व,"ʋ,s̪ʈ"
5256,वैक्यूम,वैक्यूम,ʋəɪkjuːm,vacuum,NotAppl,M,4,underived,,,0,0,inanimate,B,Physical State,1,0,0,"यूम,ूम,व,म,वैक,वै","ʋə,juːm,ʋəɪ,m,ʋ,uːm",व,"ʋə,ʋ",व,ʋ
5257,वैगन,वैगन,ʋəɪɡən̪,wagon,NotAppl,M,4,underived,,,0,0,inanimate,M,Artifact,1,0,0,"व,गन,न,वैग,ैगन,वै","ʋə,ʋəɪ,ɡən̪,ʋ,ən̪,n̪",व,"ʋə,ʋ",व,ʋ
5258,वैज्ञानिक,वैज्ञानिक,ʋəɪd͡ʒɲɑːn̪ɪk,scientist,NotAppl,M,4,underived,,,0,0,animate,Y,Person,0,0,0,"व,निक,िक,क,वैज,वै","ʋə,k,ʋəɪ,ɪk,ʋ,n̪ɪk",व,"ʋə,ʋ",व,ʋ
5259,वैट,वैट,ʋəɪʈ,vat,NotAppl,M,4,underived,,,0,0,inanimate,Z,Common Noun,1,0,0,"ट,व,वैट,ैट,वै","ʋə,ʋəɪ,ɪʈ,ʋ,əɪʈ,ʈ",व,"ʋə,ɪʈ,ʋ",व,ʋ
5260,वैधता,वैधता,ʋəɪd̪ʰt̪ɑː,validity,NotAppl,F,3,abstract4,abstract4,,0,1,inanimate,A,State,0,0,1,"व,ा,धता,ता,वैध,वै","ʋə,ʋəɪ,d̪ʰt̪ɑː,ɑː,ʋ,t̪ɑː","व,ा","ʋə,ʋ","व,ा",ʋ
5261,वैभव,वैभव,ʋəɪbʰəʋ,splendour,NotAppl,M,4,underived,,,0,0,inanimate,O,possession,0,0,1,"व,ैभव,वैभ,भव,वै","ʋə,bʰəʋ,ʋəɪ,əʋ,ʋ",व,"ʋə,ʋ",व,ʋ
5262,वैश्वीकरण,वैश्वीकरण,ʋəɪʃʋiːkɾəɳ,globalization,NotAppl,M,0,underived,,,1,0,inanimate,Z,Action,0,0,0,"करण,व,रण,वैश,ण,वै","ʋə,ʋəɪ,əɳ,ʋ,ɾəɳ,ɳ","व,रण","ʋə,əɳ,ʋ,ɾəɳ",व,"əɳ,ʋ,ɾəɳ"
5263,वॉच,वॉच,ʋɔt͡ʃ,watch,NotAppl,M,4,underived,,,0,0,inanimate,X,Common Noun,1,0,0,"व,च,वॉच,ॉच,वॉ","ɔt͡ʃ,t͡ʃ,ʋɔ,ʋ,ʋɔt͡ʃ",व,ʋ,व,ʋ
5264,वॉटर,वॉटर,ʋɔʈəɾ,water,NotAppl,M,4,underived,,,0,0,inanimate,O,Liquid,1,0,0,"व,वॉ,वॉट,ॉटर,र,टर","ʋɔ,ʋ,ɾ,əɾ,ʋɔʈ,ʈəɾ","व,र,टर","ʋ,ɾ,əɾ,ʈəɾ","व,र,टर","ʋ,ɾ,əɾ,ʈəɾ"
5265,वॉल्व,वॉल्व,ʋɔlʋ,valve,NotAppl,M,4,underived,,,0,0,inanimate,O,Anatomical,1,0,0,"व,्व,ल्व,वॉल,वॉ","ɔlʋ,ʋɔ,ʋ,ʋɔl,lʋ","व,्व",ʋ,व,ʋ
5266,वोकेशनल,वोकेशनल,ʋoːkeːʃn̪əl,vocational,NotAppl,M,0,underived,,,0,0,inanimate,I,Occupation,1,0,0,"व,नल,वोक,शनल,वो,ल","n̪əl,ʋ,ʋoːk,əl,ʋoː,l","व,नल","n̪əl,ʋ,əl",व,ʋ
5267,वोट,वोट,ʋoːʈ,vote,NotAppl,M,4,underived,,,0,0,inanimate,G,Cognition,1,0,0,"ट,व,ोट,वोट,वो","oːʈ,ʋ,ʈ,ʋoː,ʋoːʈ",व,ʋ,व,ʋ
5268,वोटर,वोटर,ʋoːʈəɾ,voters,NotAppl,M,4,underived,,,0,0,animate,G,Common Noun,1,0,0,"व,र,वोट,ोटर,टर,वो","ʋ,ɾ,ʋoː,əɾ,ʈəɾ,ʋoːʈ","व,र,टर","ʋ,ɾ,əɾ,ʈəɾ","व,र,टर","ʋ,ɾ,əɾ,ʈəɾ"
5269,वोटिंग,वोटिंग,ʋoːʈɪ̃ɡ,voting,NotAppl,F,3,underived,,,0,0,inanimate,G,Action,1,0,0,"व,वोट,ग,िंग,ंग,वो","ʋ,ɪ̃ɡ,ʋoː,ɡ,ʈɪ̃ɡ,ʋoːʈ","व,ग,िंग,ंग","ʋ,ɪ̃ɡ,ɡ,ʈɪ̃ɡ","व,िंग,ंग","ʋ,ɪ̃ɡ,ɡ"
5270,व्यंजन,व्यंजन,ʋjə̃d͡ʒən̪,cooking,NotAppl,M,4,underived,,,0,0,inanimate,F,Edible,0,0,1,"व,ंजन,न,जन,व्,व्य","ʋ,ʋjə̃,ən̪,ʋj,d͡ʒən̪,n̪",व,ʋ,व,ʋ
5271,व्यक्ति,व्यक्ति,ʋjəkt̪ɪ,person,NotAppl,M,4,underived,,,0,0,animate,S,Person,0,0,1,"व,्ति,ति,ि,व्,व्य","kt̪ɪ,ɪ,ʋ,ʋjə,t̪ɪ,ʋj","व,्ति,ि",ʋ,"व,ि",ʋ
5272,व्यय,व्यय,ʋjəjə,expense,NotAppl,M,4,underived,,,0,0,inanimate,I,Action,0,0,1,"यय,व,य,व्,्यय,व्य","ʋ,ʋjə,əjə,ə,ʋj,jə","व,य","ʋ,əjə,jə","व,य","ʋ,jə"
5273,व्यवधान,व्यवधान,ʋjəʋd̪ʰɑːn̪,obstacle,NotAppl,M,4,in_between,,,0,1,inanimate,S,Event,0,0,1,"ान,व,धान,न,व्,व्य","ɑːn̪,d̪ʰɑːn̪,ʋ,ʋjə,ʋj,n̪",व,ʋ,व,ʋ
5274,व्यवसाय,व्यवसाय,ʋjəʋs̪ɑːjə,business,NotAppl,M,4,underived,,,0,0,inanimate,I,Physical,0,0,1,"व,ाय,य,साय,व्,व्य","ɑːjə,ʋ,ʋjə,ə,ʋj,jə","व,य","ʋ,jə","व,य","ʋ,jə"
5275,व्यवसायी,व्यवसायी,ʋjəʋs̪ɑːjiː,businessman,NotAppl,M,4,underived,,,0,0,animate,I,Person,0,0,1,"यी,व,ायी,व्,ी,व्य","iː,jiː,ʋ,ʋjə,ʋj,ɑːjiː","व,ी",ʋ,"व,ी",ʋ
5276,व्यवसायीकरण,व्यवसायीकरण,ʋjəʋs̪ɑːjiːkɾəɳ,commercialization,NotAppl,M,4,underived,,,1,0,inanimate,I,Action,0,0,0,"करण,व,ण,रण,व्,व्य","əɳ,ʋ,ʋjə,ɾəɳ,ʋj,ɳ","व,रण","əɳ,ʋ,ɾəɳ",व,"əɳ,ʋ,ɾəɳ"
5277,व्यवस्था,व्यवस्था,ʋjəʋəs̪t̪ʰɑː,arrangement,NotAppl,F,3,underived,,,0,0,inanimate,Q,Action,0,0,1,"व,ा,था,व्,्था,व्य","t̪ʰɑː,ɑː,ʋ,ʋjə,ʋj,s̪t̪ʰɑː","व,ा",ʋ,"व,ा",ʋ
5278,व्यवहार,व्यवहार,ʋjəʋɦɑːɾ,behaviour,NotAppl,M,4,underived,,,0,0,inanimate,S,Action,0,0,1,"व,ार,र,हार,व्,व्य","ɦɑːɾ,ʋ,ʋjə,ɾ,ɑːɾ,ʋj","व,ार,र","ʋ,ɾ,ɑːɾ","व,र","ʋ,ɾ"
5279,व्यस्तता,व्यस्तता,ʋjəs̪t̪ət̪ɑː,busyness,NotAppl,F,3,underived,,,0,0,inanimate,Z,State,0,0,1,"व,ा,ता,तता,व्,व्य","ɑː,ʋ,ʋjə,t̪ɑː,ʋj,ət̪ɑː","व,ा","ʋ,ət̪ɑː","व,ा","ʋ,ət̪ɑː"
5280,व्याख्या,व्याख्या,ʋjɑːkʰjɑː,explanation,NotAppl,F,3,underived,,,0,0,inanimate,Q,Physical,0,0,1,"व,ा,या,व्,्या,व्य","ɑː,ʋjɑː,jɑː,ʋ,kʰjɑː,ʋj","व,ा,या,्या","jɑː,ʋ","व,ा",ʋ
5281,व्याख्यान,व्याख्यान,ʋjɑːkʰjɑːn̪,lecture,NotAppl,M,4,in_between,,,0,1,inanimate,Q,Communication,0,0,1,"ान,व,यान,न,व्,व्य","jɑːn̪,ɑːn̪,ʋjɑː,ʋ,ʋj,n̪",व,ʋ,व,ʋ
5282,व्यापकता,व्यापकता,ʋjɑːpəkt̪ɑː,prevalence,NotAppl,F,3,underived,,,0,0,inanimate,A,State,0,0,1,"व,ा,ता,कता,व्,व्य","ɑː,ʋjɑː,ʋ,kt̪ɑː,t̪ɑː,ʋj","व,ा,कता","ʋ,kt̪ɑː","व,ा",ʋ
5283,व्यापार,व्यापार,ʋjɑːpɑːɾ,business,NotAppl,M,4,in_between,,,0,1,inanimate,I,Occupation,0,0,1,"व,ार,र,पार,व्,व्य","pɑːɾ,ʋjɑː,ʋ,ɾ,ɑːɾ,ʋj","व,ार,र","ʋ,ɾ,ɑːɾ","व,र","ʋ,ɾ"
5284,व्यापारी,व्यापारी,ʋjɑːpɑːɾiː,businessman,NotAppl,M,4,agentive_occupation3,,,0,1,animate,I,Person,0,0,1,"री,व,ारी,व्,ी,व्य","iː,ɑːɾiː,ʋjɑː,ʋ,ʋj,ɾiː","व,ी",ʋ,"व,ी",ʋ
5285,व्यामोह,व्यामोह,ʋjɑːmoːɦ,paranoia,NotAppl,M,4,underived,,,0,0,inanimate,B,Action,0,0,1,"व,ह,ोह,व्,व्य,मोह","ɦ,ʋjɑː,ʋ,ʋj,moːɦ,oːɦ","व,ोह","ʋ,oːɦ",व,ʋ
5286,व्यावसायी,व्यावसायी,ʋjɑːʋs̪ɑːjiː,businessman,NotAppl,M,4,agentive_occupation3,,,0,1,animate,I,Person,0,0,0,"यी,व,ायी,व्,ी,व्य","iː,jiː,ʋjɑː,ʋ,ʋj,ɑːjiː","व,ी",ʋ,"व,ी",ʋ
5287,व्यावहारिकता,व्यावहारिकता,ʋjɑːʋɦɑːɾɪkt̪ɑː,practicality,NotAppl,F,3,underived,,,1,0,inanimate,A,State,0,0,1,"व,ा,ता,कता,व्,व्य","ɑː,ʋjɑː,ʋ,kt̪ɑː,t̪ɑː,ʋj","व,ा,कता","ʋ,kt̪ɑː","व,ा",ʋ
5288,व्यास,व्यास,ʋjɑːs̪,diameter,NotAppl,M,4,underived,,,0,0,inanimate,N,Mythological Character,0,0,1,"स,व,यास,ास,व्,व्य","ɑːs̪,ʋjɑː,ʋ,s̪,ʋj,jɑːs̪","व,ास",ʋ,व,ʋ
5289,व्यू,व्य,ʋjə,view,NotAppl,M,4,underived,,,0,0,inanimate,X,Common Noun,1,0,0,"व,्य,य,व्,व्य","ʋ,ʋjə,ə,ʋj,jə","व,्य,य","ʋ,jə","व,य","ʋ,jə"
5290,व्हिस्की,व्हिस्क,ʋɦɪs̪k,whiskey,NotAppl,F,1,underived,,,0,0,inanimate,F,Drinkable,1,0,0,"व,्क,व्ह,क,स्क,व्","k,ʋɦ,ʋ,ʋɦɪ,s̪k,ɪs̪k",व,ʋ,व,ʋ
5291,व्हील,व्हील,ʋɦiːl,wheel,NotAppl,M,4,underived,,,0,0,inanimate,O,Artifact,1,0,0,"व,ील,हील,व्ह,व्,ल","iːl,ʋɦ,ɦiːl,ʋɦiː,ʋ,l","व,ील","iːl,ʋ",व,ʋ
5293,शंकराचार्य,शंकराचार्य,ʃə̃kɾɑːt͡ʃɑːɾjə,shankaracharya,NotAppl,M,4,underived,,,0,0,animate,Z,Person,0,0,0,"श,्य,शं,शंक,य,र्य","ʃ,ʃə̃k,ʃə̃,ə,jə,ɾjə","्य,य",jə,य,jə
5295,शक,शक,ʃək,doubt,NotAppl,M,4,underived,,,0,0,inanimate,A,Cognition,0,0,1,"क,श,शक","k,ʃ,ʃək,ək,ʃə",,ək,,
5296,शक्ति,शक्त,ʃəkt̪,power,NotAppl,F,1,underived,,,0,0,inanimate,S,Quality,0,0,1,"्त,श,त,शक,क्त,शक्","ʃ,ʃək,t̪,ʃə,kt̪,əkt̪","्त,त",t̪,"्त,त",t̪
5297,शक्तिपीठ,शक्तिपीठ,ʃəkt̪ɪpiːʈʰ,shaktipeeth,NotAppl,F,3,underived,,,1,0,inanimate,Z,Physical Place,0,0,0,"ीठ,श,शक,ठ,शक्,पीठ","ʈʰ,ʃ,ʃək,piːʈʰ,ʃə,iːʈʰ","ीठ,पीठ","piːʈʰ,iːʈʰ",,
5298,शक्ल,शक्ल,ʃəkl,appearance,NotAppl,F,3,underived,,,0,0,inanimate,A,Anatomical,0,0,0,"श,्ल,शक,क्ल,ल,शक्","ʃ,ʃək,əkl,ʃə,l,kl",,,,
5299,शख्स,शख्स,ʃəkʰs̪,person,NotAppl,M,4,underived,,,0,0,animate,S,Person,0,0,0,"स,श,शख्,ख्स,्स,शख","ʃ,ʃəkʰ,kʰs̪,ʃə,s̪,əkʰs̪",,,,
5300,शटर,शटर,ʃəʈəɾ,shutter,NotAppl,M,4,underived,,,0,0,inanimate,A,Artifact,1,0,0,"शटर,श,र,टर,शट","ʃ,ʃə,ɾ,ʃəʈ,əɾ,ʈəɾ","र,टर","ɾ,əɾ,ʈəɾ","र,टर","ɾ,əɾ,ʈəɾ"
5301,शटल,शटल,ʃəʈəl,shuttle,neutral,F,3,underived,,,0,0,inanimate,M,Common Noun,1,0,0,"टल,शटल,श,ल,शट","ʃ,ʈəl,ʃə,əl,ʃəʈ,l",,əl,,
5302,शटल,शटल,ʃəʈəl,shuttle,neutral,M,4,underived,,,0,0,inanimate,M,Common Noun,1,0,0,"टल,शटल,श,ल,शट","ʃ,ʈəl,ʃə,əl,ʃəʈ,l",,əl,,
5303,शतक,शतक,ʃət̪ək,century,NotAppl,M,4,underived,,,0,0,inanimate,T,Time,0,0,1,"श,शतक,शत,क,तक","k,ʃət̪,ʃ,t̪ək,ək,ʃə",,ək,,
5304,शताब्दी,शताब्द,ʃət̪ɑːbd̪,century,NotAppl,F,1,underived,,,0,0,inanimate,T,Time,0,0,0,"द,्द,श,ब्द,शता,शत","d̪,ʃət̪,ʃ,ʃə,bd̪,ɑːbd̪",,,,
5305,शत्रुता,शत्रुता,ʃət̪ɾut̪ɑː,hostility,NotAppl,F,3,underived,,,0,0,inanimate,S,State,0,0,1,"शत्,श,ा,ुता,शत,ता","ʃət̪,ʃ,ɑː,ut̪ɑː,ʃə,t̪ɑː","ा,ुता",ut̪ɑː,ा,
5306,शनिवार,शनिवार,ʃən̪ɪʋɑːɾ,saturday,NotAppl,M,4,underived,,,1,0,inanimate,T,Period,0,0,1,"श,शन,ार,र,शनि,वार","ʃ,ʋɑːɾ,ʃə,ɾ,ɑːɾ,ʃən̪","शन,ार,र","ɾ,ɑːɾ,ʃən̪",र,ɾ
5307,शपथ,शपथ,ʃəpət̪ʰ,oath,NotAppl,F,3,underived,,,0,0,inanimate,Q,Abstract,0,0,1,"पथ,श,शपथ,शप,थ","ʃ,pət̪ʰ,ʃəp,t̪ʰ,ʃə,ət̪ʰ",,ət̪ʰ,,
5308,शपथग्रहण,शपथग्रहण,ʃəpt̪ʰəɡɾəɦəɳ,swearing in ceremony,NotAppl,M,4,underived,,,1,0,inanimate,Q,Abstract,0,0,0,"हण,श,शपथ,शप,रहण,ण","ʃ,əɳ,ʃəp,ɦəɳ,ʃə,ɳ",,əɳ,,əɳ
5309,शबाब,शबाब,ʃəbɑːb,youth,NotAppl,M,4,underived,,,0,0,inanimate,T,physical State,0,1,0,"श,ाब,ब,बाब,शब,शबा","ʃ,ʃəb,ʃə,bɑːb,b,ɑːb",,,,
5310,शब्द,शब्द,ʃəbd̪,word,NotAppl,M,4,underived,,,0,0,inanimate,Q,Artifact,0,0,1,"द,्द,श,ब्द,शब,शब्","d̪,ʃ,ʃəb,ʃə,əbd̪,bd̪",,,,
5311,शयनयान,शयनयान,ʃəjən̪jɑːn̪,sleeper coach,NotAppl,M,4,underived,,,1,0,inanimate,M,Artifact,0,0,0,"ान,श,यान,न,शयन,शय","jɑːn̪,ʃ,ɑːn̪,ʃə,ʃəj,n̪",,,,
5312,शरण,शरण,ʃəɾəɳ,asylum,neutral,F,3,underived,,,0,0,inanimate,G,Abstract,0,0,1,"रण,श,शरण,शर,ण","ʃ,əɳ,ʃə,ɾəɳ,ʃəɾ,ɳ",रण,"əɳ,ɾəɳ",,"əɳ,ɾəɳ"
5313,शरण,शरण,ʃəɾəɳ,asylum,neutral,M,4,underived,,,0,0,inanimate,G,Abstract,0,0,1,"रण,श,शरण,शर,ण","ʃ,əɳ,ʃə,ɾəɳ,ʃəɾ,ɳ",रण,"əɳ,ɾəɳ",,"əɳ,ɾəɳ"
5314,शरणगृह,शरणगृह,ʃəɾɳəɡɾɨɦ,shelter home,NotAppl,M,4,underived,,,1,0,inanimate,T,Abstract,0,0,0,"गृह,श,शरण,ह,शर,ृह","ɾɨɦ,ʃ,ɦ,ɨɦ,ʃə,ʃəɾ",,,,
5315,शरणस्थली,शरणस्थल,ʃəɾɳəs̪t̪ʰəl,refuge,NotAppl,F,1,underived,,,1,0,inanimate,A,Physical Place,0,0,0,"श,शरण,शर,्थल,ल,थल","ʃ,ʃə,əl,t̪ʰəl,l,ʃəɾ",,əl,,
5316,शरणार्थी,शरणार्थी,ʃəɾɳɑːɾt̪ʰiː,refugees,NotAppl,M,4,agentive_occupation3,,,0,1,animate,M,Person,0,0,0,"श,शरण,शर,थी,्थी,ी","iː,ʃ,ʃə,ɾt̪ʰiː,ʃəɾ,t̪ʰiː",ी,,ी,
5317,शराब,शराब,ʃəɾɑːb,liquor,neutral,F,3,underived,,,0,0,inanimate,F,Drinkable,0,1,0,"श,शर,शरा,ाब,ब,राब","ʃ,ʃə,b,ɾɑːb,ʃəɾ,ɑːb",,,,
5318,शराब,शराब,ʃəɾɑːb,liquor,neutral,M,4,underived,,,0,0,inanimate,F,Drinkable,0,1,0,"श,शर,शरा,ाब,ब,राब","ʃ,ʃə,b,ɾɑːb,ʃəɾ,ɑːb",,,,
5319,शराबा,शराब,ʃəɾɑːb,alcohol,NotAppl,M,2,underived,,,0,0,inanimate,F,Drinkable,0,0,0,"श,शर,शरा,ाब,ब,राब","ʃ,ʃə,b,ɾɑːb,ʃəɾ,ɑːb",,,,
5320,शरीअत,शरीअत,ʃəɾiːət̪,sharia,NotAppl,F,3,underived,,,0,0,inanimate,Z,Artifact,0,1,0,"ीअत,श,अत,त,शर,शरी","ʃ,t̪,ʃə,ət̪,iːət̪,ʃəɾ",त,t̪,त,t̪
5321,शरीक,शरीक,ʃəɾiːk,attend,NotAppl,M,4,underived,,,0,0,animate,S,Person,0,1,0,"श,शर,क,रीक,शरी,ीक","ɾiːk,k,ʃ,ʃə,ʃəɾ,iːk",,,,
5322,शरीर,शरीर,ʃəɾiːɾ,body,NotAppl,M,4,underived,,,0,0,inanimate,B,Natural Object,0,0,1,"ीर,श,र,शर,शरी,रीर","ʃ,ʃə,ɾ,ɾiːɾ,iːɾ,ʃəɾ",र,ɾ,र,ɾ
5323,शर्त,शर्त,ʃəɾt̪,condition,NotAppl,F,3,underived,,,0,0,inanimate,O,Abstract,0,1,0,"्त,श,र्त,शर्,त,शर","ʃ,t̪,ɾt̪,ʃə,əɾt̪,ʃəɾ","्त,त",t̪,"्त,त",t̪
5324,शर्म,शर्म,ʃəɾm,shame,NotAppl,F,0,underived,,,0,0,inanimate,G,Quality,0,1,0,"श,शर्,शर,म,र्म,्म","ʃ,ɾm,ʃə,m,əɾm,ʃəɾ",,,,
5325,शर्मिंदगी,शर्मिंदग,ʃəɾmɪ̃d̪əɡ,embarrassment,NotAppl,F,1,underived,,,1,0,inanimate,E,Quality,0,0,0,"श,शर्,शर,दग,ंदग,ग","ʃ,əɡ,d̪əɡ,ʃə,ɡ,ʃəɾ","दग,ग","əɡ,d̪əɡ,ɡ",,ɡ
5326,शव,शव,ʃəʋ,body,NotAppl,M,4,underived,,,0,0,inanimate,B,Natural Object,0,0,1,"व,श,शव","ʃ,əʋ,ʃə,ʋ,ʃəʋ",व,ʋ,व,ʋ
5327,शवयात्रा,शवयात्रा,ʃəʋjɑːt̪ɾɑː,funeral procession,NotAppl,F,3,underived,,,1,0,inanimate,T,Event,0,0,0,"श,ा,शव,शवय,्रा,रा","ʃ,ɑː,ɾɑː,ʃə,ʃəʋ,t̪ɾɑː","ा,्रा",t̪ɾɑː,ा,
5328,शस्त्र,शस्त्र,ʃəs̪t̪ɾ,weapons,NotAppl,M,4,underived,,,0,0,inanimate,G,Artifact,0,0,1,"श,र,्र,त्र,शस्,शस","ʃ,ʃə,ɾ,ʃəs̪,t̪ɾ,s̪t̪ɾ",र,ɾ,र,ɾ
5329,शह,शह,ʃəɦ,instigation,NotAppl,F,3,underived,,,0,0,inanimate,A,Physical,0,1,0,"शह,ह,श","ʃ,ɦ,əɦ,ʃə,ʃəɦ",,,,
5330,शहर,शहर,ʃəɦəɾ,city ,NotAppl,M,4,underived,,,0,0,inanimate,M,Physical Place,0,1,0,"शह,श,हर,र,शहर","ʃ,ɦəɾ,ʃə,ɾ,əɾ,ʃəɦ",र,"ɾ,əɾ",र,"ɾ,əɾ"
5331,शहरकाजी,शहरकाजी,ʃəɦəɾkɑːd͡ʒiː,shahar qazi,NotAppl,M,4,underived,,,1,0,inanimate,Z,Common Noun,0,0,0,"शह,श,शहर,ाजी,जी,ी","iː,ʃ,d͡ʒiː,ʃə,ɑːd͡ʒiː,ʃəɦ",ी,,ी,
5332,शहरवासी,शहरवासी,ʃəɦəɾʋɑːs̪iː,city dwellers,NotAppl,M,4,underived,,,1,0,inanimate,M,Common Noun,0,0,0,"शह,श,सी,शहर,ासी,ी","iː,ʃ,s̪iː,ʃə,ɑːs̪iː,ʃəɦ",ी,,ी,
5333,शहादत,शहादत,ʃəɦɑːd̪ət̪,martyrdom,NotAppl,F,3,underived,,,0,0,inanimate,S,Physical,0,1,0,"शह,श,शहा,त,ादत,दत","d̪ət̪,ʃ,t̪,ʃə,ət̪,ʃəɦ",त,t̪,त,t̪
5334,शहीद,शहीद,ʃəɦiːd̪,martyr,NotAppl,M,4,underived,,,0,0,animate,S,Person,0,1,0,"द,शह,ीद,श,शही,हीद","d̪,ʃ,ʃə,ɦiːd̪,iːd̪,ʃəɦ",,,,
5335,शाक,शाक,ʃɑːk,herbaceous,NotAppl,F,3,underived,,,0,0,inanimate,L,Natural Object,0,0,1,"श,शा,ाक,क,शाक","k,ʃ,ʃɑː,ʃɑːk,ɑːk",शा,ʃɑː,,
5336,शाकाहारी,शाकाहारी,ʃɑːkɑːɦɑːɾiː,vegetarian,NotAppl,M,4,underived,,,1,0,animate,F,Fauna,0,0,0,"री,श,शा,ारी,ी,शाक","iː,ʃ,ɑːɾiː,ʃɑː,ʃɑːk,ɾiː","शा,ी",ʃɑː,ी,
5337,शाखा,शाखा,ʃɑːkʰɑː,branch,NotAppl,F,3,underived,,,0,0,inanimate,S,Part of,0,0,1,"शाख,श,ा,शा,खा,ाखा","ʃ,ɑːkʰɑː,ɑː,kʰɑː,ʃɑː,ʃɑːkʰ","ा,शा",ʃɑː,ा,
5338,शादी,शाद,ʃɑːd̪,marriage,NotAppl,F,1,underived,,,0,0,inanimate,S,Social,0,1,0,"द,श,शा,शाद,ाद","ʃɑːd̪,d̪,ɑːd̪,ʃ,ʃɑː",शा,ʃɑː,,
5339,शान,शान,ʃɑːn̪,pride,NotAppl,F,3,underived,,,0,0,inanimate,E,Psychological Feature,0,1,0,"ान,श,शा,न,शान","ʃ,ɑːn̪,ʃɑː,ʃɑːn̪,n̪","शा,शान","ʃɑː,ʃɑːn̪",,
5340,शानो,शानो,ʃɑːn̪oː,shan,NotAppl,F,3,underived,,,0,0,inanimate,Z,Physical State,0,0,0,"ानो,श,शा,नो,ो,शान","ʃ,oː,ʃɑː,ʃɑːn̪,ɑːn̪oː,n̪oː","शा,शान","ʃɑː,ʃɑːn̪",,
5341,शान्ति,शान्त,ʃɑːn̪t̪,peace,NotAppl,F,1,underived,,,0,0,inanimate,E,State,0,0,0,"्त,श,शा,त,शान,न्त","ʃ,ɑːn̪t̪,n̪t̪,t̪,ʃɑː,ʃɑːn̪","्त,शा,त,शान","t̪,ʃɑː,ʃɑːn̪","्त,त",t̪
5343,शाम,शाम,ʃɑːm,evening,NotAppl,F,3,underived,,,0,0,inanimate,T,Period,0,1,0,"श,शा,म,ाम,शाम","ʃ,ʃɑːm,ʃɑː,m,ɑːm",शा,ʃɑː,,
5344,शामियाना,शामियान,ʃɑːmɪjɑːn̪,awning,NotAppl,M,2,underived,,,1,0,inanimate,A,Artifact,0,1,0,"ान,श,यान,शा,न,शाम","jɑːn̪,ʃ,ɑːn̪,ʃɑːm,ʃɑː,n̪",शा,ʃɑː,,
5345,शायर,शायर,ʃɑːjəɾ,poet,NotAppl,M,4,underived,,,0,0,animate,Q,Person,0,1,0,"श,यर,र,शा,ायर,शाय","ʃ,jəɾ,ʃɑː,ʃɑːj,ɾ,əɾ","र,शा","ʃɑː,ɾ,əɾ",र,"ɾ,əɾ"
5346,शार्टसर्किट,शार्टसर्किट,ʃɑːɾʈəs̪əɾkɪʈ,short circuit,NotAppl,M,4,underived,,,0,0,inanimate,T,Applied Sciences,1,0,0,"ट,श,शा,किट,िट,शार","ʃ,ɪʈ,ʃɑː,ʈ,ʃɑːɾ,kɪʈ",शा,"ɪʈ,ʃɑː",,
5347,शासक,शासक,ʃɑːs̪ək,ruler,NotAppl,M,4,underived,,,0,0,animate,S,Person,0,0,1,"ासक,श,शा,क,सक,शास","s̪ək,k,ʃ,ək,ʃɑː,ʃɑːs̪",शा,"ək,ʃɑː",,
5348,शासन,शासन,ʃɑːs̪ən̪,government,NotAppl,M,4,underived,,,0,0,inanimate,G,Action,0,0,1,"सन,श,शा,न,ासन,शास","ʃ,ʃɑː,ən̪,s̪ən̪,n̪,ʃɑːs̪","सन,शा,ासन","ʃɑː,s̪ən̪",,
5349,शासनकाल,शासनकाल,ʃɑːs̪ən̪kɑːl,reign,NotAppl,M,4,underived,,,1,0,inanimate,S,Period,0,0,0,"काल,श,शा,ाल,ल,शास","kɑːl,ʃ,ʃɑː,l,ɑːl,ʃɑːs̪","काल,शा","kɑːl,ʃɑː",,
5350,शाहखर्ची,शाहखर्च,ʃɑːɦkʰəɾt͡ʃ,extravagance,NotAppl,F,1,underived,,,1,0,inanimate,N,Abstract,0,0,0,"श,्च,र्च,शा,च,शाह","ɾt͡ʃ,ʃ,t͡ʃ,əɾt͡ʃ,ʃɑː,ʃɑːɦ","्च,शा",ʃɑː,,
5351,शिकंजा,शिकंज,ʃɪkə̃d͡ʒ,screws,NotAppl,M,2,underived,,,0,0,inanimate,O,Physical,0,1,0,"कंज,श,ज,ंज,शि,शिक","ʃ,ə̃d͡ʒ,d͡ʒ,kə̃d͡ʒ,ʃɪk,ʃɪ",,,,
5352,शिकस्त,शिकस्त,ʃɪkəs̪t̪,beat,NotAppl,F,3,underived,,,0,0,inanimate,X,Fatal Event,0,1,0,"्त,श,स्त,त,शि,शिक","ʃ,t̪,əs̪t̪,ʃɪk,s̪t̪,ʃɪ","्त,त",t̪,"्त,त",t̪
5353,शिकायत,शिकायत,ʃɪkɑːjət̪,complaint,NotAppl,F,3,underived,,,0,0,inanimate,Q,Communication,0,1,0,"श,यत,ायत,त,शि,शिक","ʃ,t̪,jət̪,ʃɪk,ət̪,ʃɪ","यत,ायत,त","t̪,jət̪","यत,त","t̪,jət̪"
5354,शिकायतकर्ता,शिकायतकर्ता,ʃɪkɑːjət̪kəɾt̪ɑː,complainant,NotAppl,M,4,underived,,,1,0,animate,G,Person,0,0,0,"श,ा,ता,शि,्ता,शिक","ʃ,ɾt̪ɑː,ɑː,ʃɪk,t̪ɑː,ʃɪ",ा,ɾt̪ɑː,ा,
5355,शिकार,शिकार,ʃɪkɑːɾ,hunt,NotAppl,M,4,agentive_activity1,agentive_activity1,agentive_activity1,0,1,animate,K,Physical,0,1,0,"श,ार,र,शि,कार,शिक","ʃ,kɑːɾ,ʃɪk,ɾ,ɑːɾ,ʃɪ","ार,र","ɾ,ɑːɾ",र,ɾ
5356,शिकारा,शिकार,ʃɪkɑːɾ,hunter,NotAppl,M,2,agentive_activity1,agentive_activity1,agentive_activity1,0,1,inanimate,K,Artifact,0,1,0,"श,ार,र,शि,कार,शिक","ʃ,kɑːɾ,ʃɪk,ɾ,ɑːɾ,ʃɪ","ार,र","ɾ,ɑːɾ",र,ɾ
5357,शिक्षक,शिक्षक,ʃɪkʂək,teacher,NotAppl,M,4,agentive1,agentive1,agentive1,0,1,animate,P,Person,0,0,1,"षक,श,्षक,क,शि,शिक","ʂək,k,ʃ,ək,ʃɪk,ʃɪ","षक,्षक","ʂək,ək",,
5358,शिक्षण,शिक्षण,ʃɪkʂəɳ,teaching,NotAppl,M,4,underived,,,0,0,inanimate,P,Action,0,0,1,"श,शि,षण,शिक,्षण,ण","ʃ,əɳ,ʃɪk,ʂəɳ,ɳ,ʃɪ",षण,"əɳ,ʂəɳ",,əɳ
5359,शिक्षा,शिक्षा,ʃɪkʂɑː,education,NotAppl,F,3,underived,,,0,0,inanimate,P,Cognition,0,0,1,"षा,श,ा,्षा,शि,शिक","ʃ,ɑː,ʃɪk,ʂɑː,kʂɑː,ʃɪ","षा,ा,्षा","ʂɑː,kʂɑː",ा,
5360,शिक्षाकर्मी,शिक्षाकर्मी,ʃɪkʂɑːkəɾmiː,teaching staff,NotAppl,M,4,underived,,,1,0,inanimate,P,Occupation,0,0,0,"श,मी,शि,्मी,शिक,ी","iː,ʃ,ʃɪk,ɾmiː,miː,ʃɪ",ी,,ी,
5361,शिक्षाविद्,शिक्षाविद,ʃɪkʂɑːʋɪd̪,educationist,NotAppl,M,4,underived,,,1,0,animate,Z,Person,0,0,0,"द,श,विद,िद,शि,शिक","d̪,ʃ,ʃɪk,ʋɪd̪,ɪd̪,ʃɪ",,,,
5362,शिक्षिका,शिक्षिका,ʃɪkʂɪkɑː,teacher,NotAppl,F,3,dimunitive1,dimunitive1,,0,1,animate,P,Person,0,0,0,"श,ा,िका,का,शि,शिक","kɑː,ʃ,ɪkɑː,ɑː,ʃɪk,ʃɪ",ा,,ा,
5363,शिखर,शिखर,ʃɪkʰəɾ,peak,NotAppl,M,4,underived,,,0,0,inanimate,N,Part of,0,0,1,"िखर,श,र,शिख,खर,शि","ʃ,kʰəɾ,ʃɪkʰ,ɾ,əɾ,ʃɪ",र,"ɾ,əɾ",र,"ɾ,əɾ"
5364,शिद्दत,शिद्दत,ʃɪd̪d̪ət̪,intensity,NotAppl,F,3,underived,,,0,0,inanimate,N,State,0,1,0,"शिद,श,त,्दत,शि,दत","ʃɪd̪,d̪ət̪,ʃ,t̪,ət̪,ʃɪ",त,t̪,त,t̪
5365,शिनाख्त,शिनाख्त,ʃɪn̪ɑːkʰt̪,identification,NotAppl,F,3,underived,,,0,0,inanimate,X,Action,0,0,0,"्त,श,त,शिन,शि,ख्त","ʃ,t̪,kʰt̪,ɑːkʰt̪,ʃɪn̪,ʃɪ","्त,त",t̪,"्त,त",t̪
5366,शिप,शिप,ʃɪp,ship,NotAppl,M,4,underived,,,0,0,inanimate,M,Artifact,1,0,0,"श,प,शिप,शि,िप","ʃ,p,ʃɪp,ɪp,ʃɪ",,,,
5367,शिपयार्ड,शिपयार्ड,ʃɪpjɑːɾɖ,shipyard,NotAppl,M,4,underived,,,0,0,inanimate,M,Common Noun,1,0,0,"ड,श,्ड,शिप,शि,र्ड","ɑːɾɖ,ɾɖ,ʃ,ɖ,ʃɪp,ʃɪ",र्ड,"ɑːɾɖ,ɾɖ",,
5368,शिया,शिया,ʃɪjɑː,shia,NotAppl,M,4,underived,,,0,0,inanimate,Z,Group,0,1,0,"श,ा,िया,या,शिय,शि","ʃ,ɪjɑː,ɑː,jɑː,ʃɪj,ʃɪ","ा,या",jɑː,ा,
5369,शिरकत,शिरकत,ʃɪɾkət̪,attending,NotAppl,F,3,underived,,,0,0,inanimate,S,State,0,1,0,"श,रकत,त,कत,शि,शिर","ʃɪɾ,ʃ,t̪,ət̪,kət̪,ʃɪ","त,कत","t̪,kət̪",त,t̪
5370,शिला,शिला,ʃɪlɑː,rock,NotAppl,F,3,underived,,,0,0,inanimate,O,Natural Object,0,0,1,"िला,श,ा,ला,शिल,शि","ʃ,ɑː,ɪlɑː,lɑː,ʃɪl,ʃɪ","ा,ला",lɑː,"ा,ला",lɑː
5371,शिलादान,शिलादान,ʃɪlɑːd̪ɑːn̪,stone donation,NotAppl,M,4,underived,,,1,0,inanimate,O,Abstract,0,0,0,"ान,श,न,शिल,शि,दान","ʃ,ɑːn̪,d̪ɑːn̪,n̪,ʃɪl,ʃɪ",दान,d̪ɑːn̪,,
5372,शिलान्यास,शिलान्यास,ʃɪlɑːn̪jɑːs̪,foundation stone laying,NotAppl,M,4,underived,,,1,0,inanimate,T,Physical,0,0,0,"स,श,यास,शिल,ास,शि","ʃ,ɑːs̪,s̪,jɑːs̪,ʃɪl,ʃɪ",ास,,,
5373,शिलालेख,शिलालेख,ʃɪlɑːleːkʰ,inscription,NotAppl,M,4,underived,,,1,0,inanimate,Q,Artifact,0,0,0,"ेख,श,ख,शिल,लेख,शि","eːkʰ,ʃ,leːkʰ,kʰ,ʃɪl,ʃɪ",,,,
5374,शिल्प,शिल्प,ʃɪlp,craft,NotAppl,M,4,underived,,,0,0,inanimate,A,Physical,0,0,1,"श,प,शिल,ल्प,शि,्प","ʃ,lp,ɪlp,p,ʃɪl,ʃɪ",,,,
5375,शिवलिंग,शिवलिंग,ʃɪʋlɪ̃ɡ,shiva linga,NotAppl,M,4,underived,,,1,0,inanimate,Z,Artifact,0,0,0,"श,शिव,िंग,शि,ंग,ग","ʃɪʋ,ʃ,lɪ̃ɡ,ɪ̃ɡ,ɡ,ʃɪ","िंग,ंग,ग","lɪ̃ɡ,ɪ̃ɡ,ɡ","िंग,ंग","ɪ̃ɡ,ɡ"
5376,शिवसेना,शिवसेना,ʃɪʋs̪eːn̪ɑː,shiv sena,NotAppl,F,0,underived,,,1,0,inanimate,Z,Group,0,0,0,"ेना,श,ा,शिव,ना,शि","ʃɪʋ,eːn̪ɑː,ʃ,ɑː,n̪ɑː,ʃɪ",ा,,ा,
5377,शिविर,शिविर,ʃɪʋɪɾ,camp,NotAppl,M,4,underived,,,0,0,inanimate,M,Physical,0,0,1,"श,र,शिव,विर,िर,शि","ɪɾ,ʃɪʋ,ʃ,ɾ,ʋɪɾ,ʃɪ",र,ɾ,र,ɾ
5378,शिशु,शिशु,ʃɪʃu,baby,NotAppl,M,4,underived,,,0,0,animate,T,Person,0,0,1,"शु,श,शिश,िशु,ु,शि","ʃ,u,ʃɪʃ,ʃu,ɪʃu,ʃɪ",,,,
5379,शिष्टमंडल,शिष्टमंडल,ʃɪʂʈəmə̃ɖəl,delegation,NotAppl,M,4,underived,,,1,0,inanimate,S,Group,0,0,0,"श,शिष,डल,शि,ंडल,ल","ʃ,ʃɪʂ,əl,l,ɖəl,ʃɪ",,əl,,
5380,शिष्टाचार,शिष्टाचार,ʃɪʂʈɑːt͡ʃɑːɾ,etiquette,NotAppl,M,4,underived,,,1,0,inanimate,S,Physical,0,0,0,"श,ार,र,शिष,चार,शि","ʃ,ʃɪʂ,ɾ,ɑːɾ,t͡ʃɑːɾ,ʃɪ","ार,र,चार","ɾ,ɑːɾ,t͡ʃɑːɾ",र,ɾ
5381,शिष्य,शिष्य,ʃɪʂjə,disciple,NotAppl,M,4,underived,,,0,0,animate,P,Person,0,0,1,"श,्य,ष्य,शिष,य,शि","ʃ,ʃɪʂ,ə,ʂjə,jə,ʃɪ","्य,य","ʂjə,jə",य,jə
5382,शीट,शीट,ʃiːʈ,sheet,NotAppl,F,3,underived,,,0,0,inanimate,B,Artifact,0,0,0,"ट,श,शीट,शी,ीट","ʃiːʈ,ʃiː,ʃ,ʈ,iːʈ",शी,ʃiː,,
5383,शीतकाल,शीतकाल,ʃiːt̪kɑːl,winter season,NotAppl,M,4,underived,,,1,0,inanimate,T,Season,0,0,0,"काल,श,ाल,शी,ल,शीत","ʃiː,ʃ,kɑːl,l,ɑːl,ʃiːt̪","काल,शी","ʃiː,kɑːl",,
5384,शीर्ष,शीर्ष,ʃiːɾʂ,top,NotAppl,M,4,underived,,,0,0,inanimate,M,Part of,0,0,1,"्ष,र्ष,श,ष,शी,शीर","ʃiː,ʃ,ʃiːɾ,ɾʂ,ʂ,iːɾʂ","ष,शी","ʃiː,ʂ",,
5385,शीर्षक,शीर्षक,ʃiːɾʂək,topic,NotAppl,M,4,agentive1,agentive1,agentive1,0,1,inanimate,X,Title,0,0,1,"षक,श,शी,्षक,क,शीर","ʂək,k,ʃiː,ʃ,ʃiːɾ,ək","षक,शी,्षक","ʂək,ʃiː,ək",,
5386,शीशमहल,शीशमहल,ʃiːʃəmɦəl,castle of glass,NotAppl,M,4,underived,,,1,0,inanimate,H,Natural Object,0,0,0,"श,हल,शीश,शी,ल,महल","ʃiː,ʃiːʃ,ʃ,əl,l,ɦəl",शी,"ʃiː,əl",,
5387,शीशा,शीश,ʃiːʃ,glass,NotAppl,M,2,underived,,,0,0,inanimate,O,Artifact,0,1,0,"शीश,ीश,श,शी","ʃiːʃ,iːʃ,ʃiː,ʃ",शी,ʃiː,,
5388,शुक्रिया,शुक्रिय,ʃukɾɪjə,thanks,NotAppl,M,2,underived,,,0,0,inanimate,S,property,0,1,0,"शुक,शु,िय,श,य,रिय","ʃ,jə,ɪjə,ə,ʃu,ʃuk",य,jə,य,jə
5389,शुगर,शुगर,ʃuɡəɾ,sugar,NotAppl,F,3,underived,,,0,0,inanimate,F,Edible,0,0,0,"शुग,शु,श,र,ुगर,गर","ʃ,ʃuɡ,ɾ,ʃu,əɾ,ɡəɾ",र,"ɾ,əɾ",र,"ɾ,əɾ"
5390,शुचिता,शुचिता,ʃut͡ʃɪt̪ɑː,purity,NotAppl,F,3,abstract8,abstract8,abstract8,0,1,inanimate,A,Artifact,0,0,1,"िता,शु,ा,श,शुच,ता","ʃ,ʃut͡ʃ,ɪt̪ɑː,ɑː,t̪ɑː,ʃu","िता,ा",ɪt̪ɑː,ा,
5391,शुद्धता,शुद्धता,ʃud̪d̪ʰət̪ɑː,accuracy,NotAppl,F,3,abstract8,abstract8,abstract8,0,1,inanimate,A,State,0,0,1,"शु,श,ा,धता,ता,शुद","ʃud̪,ʃ,ɑː,t̪ɑː,ət̪ɑː,ʃu",ा,ət̪ɑː,ा,ət̪ɑː
5392,शुभकामना,शुभकामना,ʃubʰkɑːmn̪ɑː,best wishes,neutral,F,3,underived,,,1,0,inanimate,Z,Communication,0,0,0,"शुभ,शु,श,ा,ना,मना","ʃ,ʃubʰ,ɑː,mn̪ɑː,n̪ɑː,ʃu",ा,,ा,
5393,शुभकामना,शुभकामना,ʃubʰkɑːmn̪ɑː,best wishes,neutral,M,3,underived,,,1,0,inanimate,Z,Communication,0,0,0,"शुभ,शु,श,ा,ना,मना","ʃ,ʃubʰ,ɑː,mn̪ɑː,n̪ɑː,ʃu",ा,,ा,
5394,शुभचिंतक,शुभचिंतक,ʃubʰt͡ʃɪ̃t̪ək,well-wisher,NotAppl,M,4,underived,,,1,0,animate,A,Person,0,0,0,"शुभ,शु,श,क,ंतक,तक","k,ʃ,ʃubʰ,t̪ək,ək,ʃu",,ək,,
5395,शुभारंभ,शुभारंभ,ʃubʰɑːɾə̃bʰ,launch,NotAppl,M,4,underived,,,1,0,inanimate,M,Physical,0,0,0,"शुभ,रंभ,शु,श,ंभ,भ","ə̃bʰ,ʃ,ʃubʰ,ʃu,bʰ,ɾə̃bʰ",,,,
5396,शुमार,शुमार,ʃumɑːɾ,count,NotAppl,M,4,underived,,,0,0,inanimate,N,Action,0,1,0,"शुम,शु,श,ार,र,मार","mɑːɾ,ʃ,ʃum,ɾ,ɑːɾ,ʃu","ार,र,मार","mɑːɾ,ɾ,ɑːɾ",र,ɾ
5398,शुरुआत,शुरुआत,ʃuɾuɑːt̪,beginning,NotAppl,F,3,underived,,,1,0,inanimate,T,Action,0,1,0,"शु,श,ुआत,आत,त,शुर","ʃ,uɑːt̪,ʃuɾ,t̪,ɑːt̪,ʃu",त,t̪,त,t̪
5399,शुरू,शुरू,ʃuɾuː,start,neutral,F,0,underived,,,0,0,inanimate,T,Action,0,1,0,"शु,श,ू,रू,ुरू,शुर","uɾuː,ʃ,ʃuɾ,ɾuː,uː,ʃu",,,,
5400,शुरू,शुरू,ʃuɾuː,start,neutral,M,0,underived,,,0,0,inanimate,T,Action,0,1,0,"शु,श,ू,रू,ुरू,शुर","uɾuː,ʃ,ʃuɾ,ɾuː,uː,ʃu",,,,
5401,शुरूआत,शुरूआत,ʃuɾuːɑːt̪,introduction,NotAppl,F,3,underived,,,1,0,inanimate,T,Concept,0,0,0,"शु,श,आत,त,ूआत,शुर","ʃ,ʃuɾ,t̪,ɑːt̪,ʃu,uːɑːt̪",त,t̪,त,t̪
5402,शुल्क,शुल्क,ʃulk,charge,NotAppl,M,4,underived,,,0,0,inanimate,I,Object,0,0,1,"ल्क,शुल,्क,शु,श,क","k,ʃ,ulk,lk,ʃul,ʃu",,,,
5403,शू,शू,ʃuː,shoo,NotAppl,M,0,underived,,,0,0,inanimate,Z,Artifact,0,0,0,"शू,ू,श","ʃ,uː,ʃuː",,,,
5404,शूटिंग,शूटिंग,ʃuːʈɪ̃ɡ,shooting,NotAppl,F,3,underived,,,0,0,inanimate,G,Action,1,0,0,"श,शूट,शू,िंग,ंग,ग","ʃ,ʃuːʈ,ʃuː,ɪ̃ɡ,ɡ,ʈɪ̃ɡ","िंग,ंग,ग","ɪ̃ɡ,ɡ,ʈɪ̃ɡ","िंग,ंग","ɪ̃ɡ,ɡ"
5405,शून्य,शून्य,ʃuːn̪jə,zero,NotAppl,M,0,underived,,,0,0,inanimate,N,Mathematics,0,0,1,"श,्य,य,शू,न्य,शून","ʃ,ʃuː,ə,jə,ʃuːn̪,n̪jə","्य,य",jə,य,jə
5406,शून्यकाल,शून्यकाल,ʃuːn̪jəkɑːl,zero hour,NotAppl,M,4,underived,,,1,0,inanimate,N,Abstract,0,0,0,"काल,श,ाल,शू,शून,ल","kɑːl,ʃ,ʃuː,l,ɑːl,ʃuːn̪",काल,kɑːl,,
5409,शेख,शेख,ʃeːkʰ,sheikh,NotAppl,M,4,underived,,,0,0,animate,Z,Person,0,0,0,"ेख,श,ख,शेख,शे","eːkʰ,ʃ,ʃeː,ʃeːkʰ,kʰ",,,,
5410,शेड,शेड,ʃeːɖ,shed,NotAppl,M,4,underived,,,0,0,inanimate,M,Common Noun,1,0,0,"ड,श,शेड,शे,ेड","eːɖ,ʃ,ɖ,ʃeːɖ,ʃeː",,,,
5411,शेयर,शेयर,ʃeːjəɾ,share,NotAppl,M,4,underived,,,0,0,inanimate,S,Part of,1,0,0,"शेय,श,यर,र,ेयर,शे","ʃ,ʃeːj,jəɾ,ɾ,ʃeː,əɾ",र,"ɾ,əɾ",र,"ɾ,əɾ"
5412,शेर,शेर,ʃeːɾ,lion,NotAppl,M,4,underived,,,0,0,animate,L,Mammal,0,1,0,"श,र,शेर,ेर,शे","ʃ,ɾ,ʃeː,ʃeːɾ,eːɾ",र,ɾ,र,ɾ
5413,शेष,शेष,ʃeːʂ,remanent,NotAppl,M,4,underived,,,0,0,inanimate,Z,Object,0,0,1,"श,ष,शेष,ेष,शे","eːʂ,ʃ,ʃeː,ʃeːʂ,ʂ",ष,ʂ,,
5414,शैली,शैल,ʃəɪl,style,NotAppl,F,1,underived,,,0,0,inanimate,X,property,0,0,1,"श,शै,ैल,शैल,ल","əɪl,ʃ,ɪl,ʃəɪ,ʃə,l",,,,
5415,शॉट,शॉट,ʃɔʈ,shot,neutral,F,3,underived,,,0,0,inanimate,G,Chemical,0,0,0,"ट,श,ॉट,शॉ,शॉट","ʃɔ,ʃ,ʃɔʈ,ʈ,ɔʈ",,,,
5416,शॉट,शॉट,ʃɔʈ,shot,neutral,M,4,underived,,,0,0,inanimate,G,Chemical,0,0,0,"ट,श,ॉट,शॉ,शॉट","ʃɔ,ʃ,ʃɔʈ,ʈ,ɔʈ",,,,
5417,शॉपिंग,शॉपिंग,ʃɔpɪ̃ɡ,shopping,NotAppl,M,0,underived,,,0,0,inanimate,I,Common Noun,1,0,0,"शॉप,श,िंग,शॉ,ंग,ग","ʃɔ,ʃ,ɪ̃ɡ,ɡ,ʃɔp,pɪ̃ɡ","िंग,ंग,ग","ɪ̃ɡ,ɡ","िंग,ंग","ɪ̃ɡ,ɡ"
5418,शॉलवाले,शॉलवाल,ʃɔlʋɑːl,shawlwallahs,NotAppl,M,0,underived,,,0,0,inanimate,Z,Common Noun,1,0,0,"श,ाल,शॉ,शॉल,वाल,ल","ʃɔ,ʃ,ʃɔl,ʋɑːl,l,ɑːl",,,,
5419,शो,श,ʃ,show,NotAppl,M,0,underived,,,0,0,inanimate,A,Common Noun,1,0,0,श,ʃ,,,,
5420,शोक,शोक,ʃoːk,mourning,NotAppl,M,4,agentive1,agentive1,agentive1,0,1,inanimate,E,Mental State,0,0,1,"ोक,श,शोक,शो,क","k,ʃ,oːk,ʃoː,ʃoːk",,,,
5421,शोध,शोध,ʃoːd̪ʰ,research,NotAppl,M,4,underived,,,0,0,inanimate,X,Physical,0,0,1,"श,शो,शोध,ोध,ध","ʃ,ʃoː,oːd̪ʰ,d̪ʰ,ʃoːd̪ʰ",ोध,oːd̪ʰ,,
5422,शोधकर्ता,शोधकर्त,ʃoːd̪ʰkəɾt̪,researcher,NotAppl,M,2,underived,,,1,0,animate,X,Person,0,0,0,"्त,श,र्त,त,शो,शोध","ʃ,t̪,ɾt̪,ʃoː,əɾt̪,ʃoːd̪ʰ","्त,त",t̪,"्त,त",t̪
5423,शोभा,शोभा,ʃoːbʰɑː,shobha,NotAppl,F,0,underived,,,0,0,inanimate,Z,Quality,0,0,1,"श,ा,शो,शोभ,ोभा,भा","ʃ,ɑː,ʃoːbʰ,ʃoː,oːbʰɑː,bʰɑː",ा,,ा,
5424,शोर,शोर,ʃoːɾ,noise,NotAppl,M,4,underived,,,0,0,inanimate,X,property,0,1,0,"शोर,श,र,ोर,शो","ʃ,ʃoːɾ,oːɾ,ʃoː,ɾ",र,ɾ,र,ɾ
5425,शोरशराबा,शोरशराब,ʃoːɾəʃɾɑːb,uproar,NotAppl,M,2,underived,,,1,0,inanimate,X,property,0,0,0,"शोर,श,शो,ाब,ब,राब","ʃ,ʃoːɾ,ʃoː,b,ɾɑːb,ɑːb",,,,
5426,शोरूम,शोरूम,ʃoːɾuːm,showroom,NotAppl,M,4,underived,,,0,0,inanimate,I,Artifact,1,0,0,"ूम,शोर,श,रूम,म,शो","ʃ,ʃoːɾ,ʃoː,m,uːm,ɾuːm",,,,
5427,शोला,शोल,ʃoːl,shola,NotAppl,M,2,underived,,,0,0,inanimate,Z,Perception,0,1,0,"शोल,श,ोल,शो,ल","ʃ,oːl,ʃoː,l,ʃoːl",,,,
5428,शोषण,शोषण,ʃoːʂəɳ,exploitation,NotAppl,M,4,underived,,,0,0,inanimate,A,Action,0,0,1,"श,शोष,शो,षण,ोषण,ण","ʃ,ʃoːʂ,əɳ,ʃoː,ʂəɳ,ɳ",षण,"əɳ,ʂəɳ",,əɳ
5429,शोषित,शोषित,ʃoːʂɪt̪,exploited,NotAppl,M,4,underived,,,0,0,animate,G,Person,0,0,1,"श,शोष,त,शो,षित,ित","ɪt̪,ʃ,ʃoːʂ,t̪,ʃoː,ʂɪt̪",त,t̪,त,t̪
5430,शौक,शौक,ʃəuk,hobby,NotAppl,M,0,underived,,,0,0,inanimate,K,Psychological Feature,0,0,0,"शौक,ौक,श,शौ,क","k,ʃ,ʃəu,ʃə,uk,əuk",,,,
5431,शौकत,शौकत,ʃəukət̪,shaukat,NotAppl,F,3,underived,,,0,0,inanimate,Z,Physical State,0,1,0,"शौक,श,त,कत,शौ,ौकत","ʃ,t̪,ʃəu,ʃə,ət̪,kət̪","त,कत","t̪,kət̪",त,t̪
5432,शौच,शौच,ʃəut͡ʃ,defecation,NotAppl,M,4,underived,,,0,0,inanimate,B,Physical,0,0,1,"श,ौच,शौच,शौ,च","ʃ,t͡ʃ,əut͡ʃ,ʃəu,ut͡ʃ,ʃə",,,,
5433,शौचालय,शौचालय,ʃəut͡ʃɑːljə,toilet,NotAppl,M,4,state_place2,,,0,1,inanimate,B,Physical Place,0,0,0,"श,लय,शौच,य,शौ,ालय","ljə,ʃ,ʃəu,ʃə,ə,jə","लय,य","ljə,jə",य,jə
5434,शौर्य,शौर्य,ʃəuɾjə,bravery,NotAppl,M,4,underived,,,0,0,inanimate,E,Quality,0,0,1,"श,्य,शौर,य,शौ,र्य","ʃ,ʃəu,ʃə,ə,jə,ɾjə","्य,य",jə,य,jə
5435,शौहर,शौहर,ʃəuɦəɾ,husband,NotAppl,M,4,underived,,,0,0,animate,S,Person,0,1,0,"श,हर,र,ौहर,शौ,शौह","ʃ,ɦəɾ,ʃəu,ʃə,ɾ,əɾ",र,"ɾ,əɾ",र,"ɾ,əɾ"
5437,श्रद्धा,श्रद्धा,ʃɾəd̪d̪ʰɑː,admiration,NotAppl,F,3,underived,,,0,0,inanimate,S,Psychological Feature,0,0,1,"श्र,श,ा,्धा,धा,श्","ʃ,ʃɾə,ɑː,d̪d̪ʰɑː,ʃɾ,d̪ʰɑː","ा,धा",d̪ʰɑː,ा,
5438,श्रद्धांजलि,श्रद्धांजल,ʃɾəd̪d̪ʰɑ̃ːd͡ʒəl,homage,NotAppl,F,1,underived,,,1,0,inanimate,S,Physical,0,0,0,"श्र,श,ंजल,जल,ल,श्","ʃ,ʃɾə,ʃɾ,əl,l,d͡ʒəl",,əl,,
5439,श्रद्धाभाव,श्रद्धाभाव,ʃɾəd̪d̪ʰɑːbʰɑːʋ,reverence,NotAppl,M,4,underived,,,1,0,inanimate,S,Abstract,0,0,0,"व,श्र,श,ाव,भाव,श्","ʃ,ʃɾə,ʋ,ʃɾ,ɑːʋ,bʰɑːʋ","व,ाव",ʋ,"व,ाव",ʋ
5440,श्रद्धालु,श्रद्धालु,ʃɾəd̪d̪ʰɑːlu,devotees,NotAppl,M,4,underived,,,0,0,animate,A,Person,0,0,1,"श्र,श,ु,लु,ालु,श्","ʃ,ʃɾə,u,ɑːlu,ʃɾ,lu",,,,
5441,श्रम,श्रम,ʃɾəm,labor,NotAppl,M,4,underived,,,0,0,inanimate,A,Physical,0,0,1,"श्र,श,म,्रम,रम,श्","əm,ʃ,ʃɾə,ɾəm,m,ʃɾ",,,,
5442,श्रमशक्ति,श्रमशक्त,ʃɾəmʃəkt̪,labor force,NotAppl,F,1,underived,,,1,0,inanimate,A,Physical State,0,0,0,"्त,श्र,श,त,क्त,श्","ʃ,ʃɾə,t̪,ʃɾ,kt̪,əkt̪","्त,त",t̪,"्त,त",t̪
5443,श्रमिक,श्रमिक,ʃɾəmɪk,workers,NotAppl,M,4,underived,,,0,0,animate,I,Person,0,0,1,"श्र,श,मिक,िक,क,श्","k,ɪk,ʃ,ʃɾə,ʃɾ,mɪk",,,,
5444,श्राइन,श्राइन,ʃɾɑːɪn̪,shrine,NotAppl,M,4,underived,,,0,0,inanimate,S,Common Noun,1,0,0,"श्र,श,ाइन,न,इन,श्","ʃ,ɑːɪn̪,ʃɾ,ɪn̪,ʃɾɑː,n̪",,,,
5445,श्री,श्र,ʃɾ,mister,NotAppl,M,0,underived,,,0,0,inanimate,S,Mythological Character,0,0,1,"श्र,श,र,्र,श्","ʃɾ,ʃ,ɾ",र,ɾ,र,ɾ
5446,श्रीजी,श्रीजी,ʃɾiːd͡ʒiː,shreeji,NotAppl,M,0,underived,,,0,0,inanimate,Z,Mythological Character,0,0,0,"ीजी,श्र,श,जी,ी,श्","iː,ʃ,d͡ʒiː,ʃɾ,iːd͡ʒiː,ʃɾiː",ी,,ी,
5447,श्रीमती,श्रीमत,ʃɾiːmət̪,mrs,NotAppl,F,1,underived,,,0,0,animate,S,Title,0,0,0,"श्र,श,मत,त,ीमत,श्","ʃ,t̪,mət̪,ət̪,ʃɾ,ʃɾiː",त,t̪,त,t̪
5448,श्रृंखला,श्रृंखला,ʃɾɾɨ̃kʰlɑː,series,NotAppl,F,3,underived,,,0,0,inanimate,N,Group,0,0,0,"श्र,श,ा,ला,खला,श्","ʃ,ɑː,ʃɾ,kʰlɑː,lɑː,ʃɾɾ","ा,ला",lɑː,"ा,ला",lɑː
5449,श्रेणी,श्रेण,ʃɾeːɳ,category,NotAppl,F,1,underived,,,0,0,inanimate,A,Group,0,0,1,"ेण,श्र,श,रेण,ण,श्","ʃɾeː,ʃ,eːɳ,ʃɾ,ɾeːɳ,ɳ",,,,
5450,श्रेय,श्रेय,ʃɾeːjə,credit,NotAppl,M,0,underived,,,0,0,inanimate,I,Quality,0,0,1,"श्र,श,ेय,य,रेय,श्","ʃɾeː,ʃ,eːjə,ʃɾ,ə,jə",य,jə,य,jə
5451,श्रेष्ठता,श्रेष्ठता,ʃɾeːʂʈʰət̪ɑː,superiority,NotAppl,F,3,underived,,,0,0,inanimate,A,State,0,0,1,"श्र,श,ा,ठता,ता,श्","ʃɾeː,ʃ,ɑː,ʃɾ,t̪ɑː,ət̪ɑː",ा,ət̪ɑː,ा,ət̪ɑː
5453,षड्यंत्र,षड्यंत्र,ʂəɖjə̃t̪ɾ,conspiracy,NotAppl,M,4,underived,,,0,0,inanimate,G,Anti-social,0,0,0,"र,ष,्र,त्र,षड,षड्","ə̃t̪ɾ,ɾ,ʂəɖ,t̪ɾ,ʂ,ʂə","र,ष","ɾ,ʂ",र,ɾ
5454,षड्यंत्रकारी,षड्यंत्रकारी,ʂəɖjə̃t̪ɾəkɑːɾiː,conspirators,NotAppl,M,4,underived,,,1,0,animate,G,Person,0,0,0,"री,ष,ारी,षड,ी,षड्","iː,ɑːɾiː,ʂəɖ,ɾiː,ʂ,ʂə","ष,ी",ʂ,ी,
5455,संकट,संकट,s̪ə̃kəʈ,crisis,NotAppl,M,4,underived,,,0,0,inanimate,A,State,0,0,1,"स,ट,सं,संक,कट,ंकट","əʈ,s̪ə̃k,ʈ,s̪ə̃,s̪,kəʈ",संक,"əʈ,s̪ə̃k",,
5456,संकलन,संकलन,s̪ə̃klən̪,compilation,NotAppl,M,4,underived,,,0,0,inanimate,N,Group,0,0,1,"स,सं,लन,न,संक,कलन","s̪ə̃k,ən̪,s̪ə̃,s̪,n̪,lən̪","लन,संक","s̪ə̃k,lən̪",,
5457,संकल्प,संकल्प,s̪ə̃kəlp,resolution,NotAppl,M,4,underived,,,0,0,inanimate,X,Psychological Feature,0,0,1,"स,सं,प,ल्प,संक,्प","lp,s̪ə̃k,p,s̪ə̃,s̪,əlp",संक,s̪ə̃k,,
5458,संकाय,संकाय,s̪ə̃kɑːjə,faculty,NotAppl,M,4,underived,,,0,0,inanimate,X,Group,0,0,1,"स,ाय,सं,य,काय,संक","ɑːjə,s̪ə̃k,s̪ə̃,ə,s̪,jə","य,संक","s̪ə̃k,jə",य,jə
5459,संकेत,संकेत,s̪ə̃keːt̪,signal,NotAppl,M,4,indication,,,0,1,inanimate,Q,Physical,0,0,1,"स,सं,त,संक,ेत,केत","t̪,eːt̪,s̪ə̃k,s̪ə̃,s̪,keːt̪","त,संक","t̪,s̪ə̃k",त,t̪
5460,संकोच,संकोच,s̪ə̃koːt͡ʃ,hesitation,NotAppl,M,0,indication,,,0,1,inanimate,A,Psychological Feature,0,0,1,"स,सं,कोच,च,संक,ोच","t͡ʃ,s̪ə̃k,koːt͡ʃ,s̪ə̃,s̪,oːt͡ʃ",संक,s̪ə̃k,,
5461,संक्रमण,संक्रमण,s̪ə̃kɾəməɳ,infection,NotAppl,M,4,underived,,,0,0,inanimate,B,Action,0,0,1,"स,सं,मण,रमण,संक,ण","əɳ,məɳ,s̪ə̃k,s̪ə̃,s̪,ɳ",संक,"əɳ,s̪ə̃k",,əɳ
5462,संक्षेप,संक्षेप,s̪ə̃kʂeːp,abbreviation,NotAppl,M,4,underived,,,0,0,inanimate,Q,property,0,0,1,"स,सं,ेप,प,संक,षेप","ʂeːp,s̪ə̃k,eːp,p,s̪ə̃,s̪",संक,s̪ə̃k,,
5463,संख्या,संख्या,s̪ə̃kʰjɑː,number,NotAppl,F,3,underived,,,0,0,inanimate,N,property,0,0,1,"स,सं,ा,या,्या,संख","s̪ə̃kʰ,ɑː,jɑː,s̪ə̃,s̪,kʰjɑː","ा,या,्या",jɑː,ा,
5464,संख्याबल,संख्याबल,s̪ə̃kʰjɑːbəl,numerical strength,NotAppl,M,0,underived,,,1,0,inanimate,T,Collective Noun,0,0,0,"स,सं,बल,ल,ाबल,संख","s̪ə̃kʰ,əl,bəl,s̪ə̃,s̪,l",,əl,,
5466,संगठन,संगठन,s̪ə̃ɡʈʰən̪,organization,NotAppl,M,4,underived,,,0,0,inanimate,S,Group,0,0,0,"स,सं,ठन,न,संग,गठन","ʈʰən̪,s̪ə̃ɡ,ən̪,s̪ə̃,s̪,n̪",,,,
5467,संगत,संगत,s̪ə̃ɡət̪,compatible,NotAppl,F,3,underived,,,0,0,inanimate,A,Action,0,0,1,"स,गत,सं,ंगत,त,संग","ɡət̪,t̪,s̪ə̃ɡ,ət̪,s̪ə̃,s̪","गत,त","ɡət̪,t̪",त,t̪
5468,संगम,संगम,s̪ə̃ɡəm,confluence,NotAppl,M,4,underived,,,0,0,inanimate,S,Place,0,0,1,"स,गम,सं,म,ंगम,संग","əm,s̪ə̃ɡ,m,s̪ə̃,s̪,ɡəm",,,,
5469,संगीत,संगीत,s̪ə̃ɡiːt̪,music,NotAppl,M,4,underived,,,0,0,inanimate,K,Art,0,0,1,"स,ीत,सं,त,संग,गीत","t̪,s̪ə̃ɡ,iːt̪,s̪ə̃,s̪,ɡiːt̪","ीत,त","t̪,iːt̪",त,t̪
5470,संगीतकार,संगीतकार,s̪ə̃ɡiːt̪kɑːɾ,musician,NotAppl,M,4,agentive_activity1,agentive_activity1,agentive_activity1,0,1,animate,K,Person,0,0,0,"स,सं,ार,र,संग,कार","kɑːɾ,s̪ə̃ɡ,ɾ,s̪ə̃,s̪,ɑːɾ","ार,र","ɾ,ɑːɾ",र,ɾ
5471,संग्रह,संग्रह,s̪ə̃ɡɾəɦ,collection,NotAppl,M,4,underived,,,0,0,inanimate,A,Physical,0,0,1,"स,सं,ह,संग,रह,्रह","ɦ,s̪ə̃ɡ,əɦ,s̪ə̃,s̪,ɾəɦ",,,,
5472,संग्रहण,संग्रहण,s̪ə̃ɡɾəɦəɳ,storage,NotAppl,M,4,underived,,,0,0,inanimate,A,Action,0,0,1,"स,सं,हण,संग,रहण,ण","əɳ,s̪ə̃ɡ,ɦəɳ,s̪ə̃,s̪,ɳ",,əɳ,,əɳ
5473,संग्रहालय,संग्रहालय,s̪ə̃ɡɾəɦɑːljə,archive,NotAppl,M,4,state_place2,,,0,1,inanimate,Q,Physical Place,0,0,0,"स,सं,लय,य,संग,ालय","ljə,s̪ə̃ɡ,s̪ə̃,ə,s̪,jə","लय,य","ljə,jə",य,jə
5474,संग्राम,संग्राम,s̪ə̃ɡɾɑːm,combat,NotAppl,M,4,underived,,,0,0,inanimate,G,Physical,0,0,1,"स,सं,म,राम,संग,ाम","ɾɑːm,s̪ə̃ɡ,m,s̪ə̃,s̪,ɑːm",,,,
5475,संघ,संघ,s̪ə̃ɡʰ,union,NotAppl,M,4,underived,,,0,0,inanimate,I,Group,0,0,1,"स,सं,ंघ,संघ,घ","ɡʰ,s̪ə̃,s̪,s̪ə̃ɡʰ,ə̃ɡʰ",,,,
5476,संघर्ष,संघर्ष,s̪ə̃ɡʰəɾʂ,conflict,NotAppl,M,4,underived,,,0,0,inanimate,A,Action,0,0,1,"्ष,स,र्ष,सं,ष,संघ","əɾʂ,ɾʂ,s̪ə̃,s̪,s̪ə̃ɡʰ,ʂ",ष,ʂ,,
5477,संचार,संचार,s̪ə̃t͡ʃɑːɾ,communications,NotAppl,M,4,underived,,,0,0,inanimate,Q,Action,0,0,1,"स,संच,सं,ार,र,चार","ɾ,s̪ə̃,s̪,ɑːɾ,s̪ə̃t͡ʃ,t͡ʃɑːɾ","ार,र,चार","ɾ,ɑːɾ,t͡ʃɑːɾ",र,ɾ
5478,संचालक,संचालक,s̪ə̃t͡ʃɑːlək,director,NotAppl,M,4,indication,,,0,1,animate,S,Person,0,0,0,"स,संच,सं,लक,ालक,क","k,lək,ək,s̪ə̃,s̪,s̪ə̃t͡ʃ",,ək,,
5479,संचालन,संचालन,s̪ə̃t͡ʃɑːlən̪,operation,NotAppl,M,4,underived,,,0,0,inanimate,A,Physical,0,0,1,"स,संच,सं,लन,न,ालन","ən̪,s̪ə̃t͡ʃ,s̪ə̃,s̪,n̪,lən̪",लन,lən̪,,
5480,संचालनकर्ता,संचालनकर्त,s̪ə̃t͡ʃɑːlən̪kəɾt̪,operator,NotAppl,M,2,underived,,,1,0,animate,Q,Abstract,0,0,0,"स,संच,्त,सं,र्त,त","t̪,ɾt̪,s̪ə̃,s̪,əɾt̪,s̪ə̃t͡ʃ","्त,त",t̪,"्त,त",t̪
5481,संज्ञा,संज्ञा,s̪ə̃d͡ʒɲɑː,noun,NotAppl,F,3,underived,,,0,0,inanimate,Q,property,0,0,1,"स,ञा,सं,ा,संज,्ञा","ɑː,s̪ə̃d͡ʒ,ɲɑː,s̪ə̃,s̪,d͡ʒɲɑː",ा,,ा,
5482,संज्ञान,संज्ञान,s̪ə̃d͡ʒɲɑːn̪,cognizance,neutral,F,3,underived,,,0,0,inanimate,Z,Psychological Feature,0,0,0,"ान,स,सं,न,संज,ञान","ɑːn̪,s̪ə̃d͡ʒ,ɲɑːn̪,s̪ə̃,s̪,n̪",,,,
5483,संज्ञान,संज्ञान,s̪ə̃d͡ʒɲɑːn̪,cognizance,neutral,M,4,underived,,,0,0,inanimate,Z,Psychological Feature,0,0,0,"ान,स,सं,न,संज,ञान","ɑːn̪,s̪ə̃d͡ʒ,ɲɑːn̪,s̪ə̃,s̪,n̪",,,,
5484,संत,संत,s̪ə̃t̪,saint,NotAppl,M,4,underived,,,0,0,animate,S,Person,0,0,1,"स,सं,त,ंत,संत","t̪,ə̃t̪,s̪ə̃t̪,s̪ə̃,s̪",त,t̪,त,t̪
5485,संतरी,संतर,s̪ə̃t̪əɾ,sentry,NotAppl,M,4,underived,,,0,0,animate,G,Person,1,0,0,"स,तर,सं,ंतर,र,संत","s̪ə̃t̪,ɾ,s̪ə̃,s̪,t̪əɾ,əɾ",र,"ɾ,əɾ",र,"ɾ,əɾ"
5486,संतान,संतान,s̪ə̃t̪ɑːn̪,children,NotAppl,F,3,underived,,,0,0,inanimate,S,Person,0,0,1,"ान,स,सं,तान,न,संत","t̪ɑːn̪,ɑːn̪,s̪ə̃t̪,s̪ə̃,s̪,n̪",,,,
5487,संतुलन,संतुलन,s̪ə̃t̪ulən̪,balance,NotAppl,M,4,underived,,,0,0,inanimate,O,Physiological  State,0,0,1,"स,सं,लन,न,संत,ुलन","s̪ə̃t̪,ən̪,s̪ə̃,s̪,n̪,lən̪",लन,lən̪,,
5488,संतोष,संतोष,s̪ə̃t̪oːʂ,satisfaction,NotAppl,M,0,underived,,,0,0,inanimate,E,Psychological Feature,0,0,1,"स,सं,ष,ोष,संत,तोष","s̪ə̃t̪,s̪ə̃,s̪,ʂ,t̪oːʂ,oːʂ",ष,ʂ,,
5489,संदर्भ,संदर्भ,s̪ə̃d̪əɾbʰ,reference,NotAppl,M,4,underived,,,0,0,inanimate,Q,State,0,0,1,"र्भ,स,सं,भ,्भ,संद","əɾbʰ,ɾbʰ,s̪ə̃,s̪ə̃d̪,s̪,bʰ",,,,
5490,संदेश,संदेश,s̪ə̃d̪eːʃ,message,NotAppl,M,4,underived,,,0,0,inanimate,Q,Communication,0,0,1,"स,सं,श,ेश,देश,संद","ʃ,d̪eːʃ,eːʃ,s̪ə̃,s̪ə̃d̪,s̪","ेश,देश","d̪eːʃ,eːʃ",,
5491,संदेह,संदेह,s̪ə̃d̪eːɦ,doubt,NotAppl,M,4,underived,,,0,0,inanimate,A,Cognition,0,0,1,"स,सं,ह,देह,संद,ेह","ɦ,eːɦ,d̪eːɦ,s̪ə̃,s̪ə̃d̪,s̪",,,,
5492,संधि,संध,s̪ə̃d̪ʰ,treaty,NotAppl,F,1,underived,,,0,0,inanimate,G,Social Event,0,0,1,"स,संध,सं,ध,ंध","s̪ə̃d̪ʰ,ə̃d̪ʰ,d̪ʰ,s̪ə̃,s̪",,,,
5493,संधित,संधित,s̪ə̃d̪ʰɪt̪,jointed,NotAppl,M,4,underived,,,0,0,inanimate,F,Abstract,0,0,1,"स,संध,सं,धित,त,ित","s̪ə̃d̪ʰ,ɪt̪,d̪ʰɪt̪,t̪,s̪ə̃,s̪",त,t̪,त,t̪
5494,संध्या,संध्या,s̪ə̃d̪ʰjɑː,evening,NotAppl,F,3,underived,,,0,0,inanimate,T,Period,0,0,1,"स,संध,सं,ा,या,्या","s̪ə̃d̪ʰ,ɑː,jɑː,d̪ʰjɑː,s̪ə̃,s̪","ा,या,्या",jɑː,ा,
5495,संन्यास,संन्यास,s̪ə̃n̪jɑːs̪,retirement,NotAppl,M,4,underived,,,0,0,inanimate,I,State,0,0,1,"स,सं,यास,ास,संन","ɑːs̪,s̪ə̃,s̪,jɑːs̪,s̪ə̃n̪",ास,,,
5496,संन्यासिन,संन्यासिन,s̪ə̃n̪jɑːs̪ɪn̪,sannyasin,NotAppl,F,0,underived,,,0,0,animate,Z,Animate,0,0,0,"स,सं,िन,सिन,न,संन","s̪ɪn̪,s̪ə̃,ɪn̪,s̪,s̪ə̃n̪,n̪",,,,
5499,संपत्ती,संपत्त,s̪ə̃pət̪t̪,property,NotAppl,F,1,underived,,,0,0,inanimate,A,Common Noun,0,0,0,"स,्त,सं,त्त,त,संप","ət̪t̪,t̪,t̪t̪,s̪ə̃,s̪,s̪ə̃p","्त,त्त,त","ət̪t̪,t̪,t̪t̪","्त,त",t̪
5500,संपदा,संपदा,s̪ə̃pd̪ɑː,estate,NotAppl,F,3,underived,,,0,0,inanimate,M,Object,0,0,1,"स,सं,ा,दा,पदा,संप","d̪ɑː,ɑː,s̪ə̃,s̪,s̪ə̃p,pd̪ɑː",ा,,ा,
5501,संपर्क,संपर्क,s̪ə̃pəɾk,contact,NotAppl,M,4,underived,,,0,0,inanimate,S,Action,0,0,1,"स,र्क,्क,सं,क,संप","k,ɾk,əɾk,s̪ə̃,s̪,s̪ə̃p",र्क,"ɾk,əɾk",,
5502,संपादक,संपादक,s̪ə̃pɑːd̪ək,editor,NotAppl,M,4,underived,,,0,0,animate,Q,Person,0,0,1,"स,दक,सं,ादक,क,संप","k,d̪ək,ək,s̪ə̃,s̪,s̪ə̃p",,ək,,
5503,संपादकीय,संपादकीय,s̪ə̃pɑːd̪kiːjə,editorial,NotAppl,M,4,underived,,,1,0,inanimate,Q,Artifact,0,0,0,"स,सं,य,ीय,कीय,संप","iːjə,jə,s̪ə̃,ə,s̪,s̪ə̃p",य,jə,य,jə
5504,संप्रदाय,संप्रदाय,s̪ə̃pɾəd̪ɑːjə,sect,NotAppl,M,4,underived,,,1,0,inanimate,S,Group,0,0,1,"स,ाय,सं,य,संप,दाय","ɑːjə,jə,s̪ə̃,ə,s̪,s̪ə̃p",य,jə,य,jə
5505,संप्रभुता,संप्रभुता,s̪ə̃pɾəbʰut̪ɑː,sovereignty,NotAppl,F,3,underived,,,1,0,inanimate,S,physical State,0,0,0,"स,सं,ुता,ा,ता,संप","ɑː,ut̪ɑː,s̪ə̃,s̪,t̪ɑː,s̪ə̃p","ुता,ा",ut̪ɑː,ा,
5506,संबंध,संबंध,s̪ə̃bə̃d̪ʰ,relationship,NotAppl,M,4,underived,,,0,0,inanimate,S,Abstract,0,0,1,"स,सं,संब,ध,ंध,बंध","s̪ə̃b,ə̃d̪ʰ,d̪ʰ,s̪ə̃,s̪,bə̃d̪ʰ",बंध,bə̃d̪ʰ,,
5507,संबंधी,संबंधी,s̪ə̃bə̃d̪ʰiː,relative,NotAppl,M,4,underived,,,0,0,animate,A,Person,0,0,1,"धी,स,सं,संब,ंधी,ी","iː,s̪ə̃b,ə̃d̪ʰiː,d̪ʰiː,s̪ə̃,s̪",ी,,ी,
5508,संबंधों,संबंधों,s̪ə̃bə̃d̪ʰõː,relations,NotAppl,M,4,underived,,,0,0,inanimate,A,Abstract,0,0,0,"स,सं,संब,धों,ों,ं","s̪ə̃b,õː,s̪ə̃,s̪,ə̃d̪ʰõː,d̪ʰõː",,,,
5509,संबध,संबध,s̪ə̃bəd̪ʰ,relationship,NotAppl,M,4,underived,,,0,0,inanimate,S,Abstract,0,0,0,"स,सं,संब,ंबध,ध,बध","s̪ə̃b,bəd̪ʰ,d̪ʰ,əd̪ʰ,s̪ə̃,s̪",,,,
5510,संबोधन,संबोधन,s̪ə̃boːd̪ʰən̪,address,NotAppl,M,4,underived,,,0,0,inanimate,H,Communication,0,0,1,"स,सं,धन,संब,ोधन,न","s̪ə̃b,n̪,s̪ə̃,s̪,d̪ʰən̪,ən̪",धन,d̪ʰən̪,,
5511,संभाग,संभाग,s̪ə̃bʰɑːɡ,division,NotAppl,M,4,underived,,,0,0,inanimate,A,Physical Place,0,0,1,"स,ाग,भाग,सं,संभ,ग","ɑːɡ,s̪ə̃,s̪,ɡ,s̪ə̃bʰ,bʰɑːɡ","ाग,ग",ɡ,,ɡ
5512,संभावना,संभावना,s̪ə̃bʰɑːʋn̪ɑː,possibility,NotAppl,F,3,indication,,,0,1,inanimate,A,State,0,0,1,"स,सं,ा,संभ,ना,वना","ɑː,s̪ə̃,s̪,n̪ɑː,ʋn̪ɑː,s̪ə̃bʰ",ा,,ा,
5513,संयंत्र,संयंत्र,s̪ə̃jə̃t̪ɾ,plant,NotAppl,M,4,underived,,,0,0,inanimate,L,Physical Place,0,0,1,"स,सं,र,्र,त्र,संय","ə̃t̪ɾ,ɾ,s̪ə̃,s̪,t̪ɾ,s̪ə̃j",र,ɾ,र,ɾ
5514,संयम,संयम,s̪ə̃jəm,control,NotAppl,M,4,underived,,,0,0,inanimate,S,Action,0,0,1,"स,सं,ंयम,म,संय,यम","əm,m,s̪ə̃,s̪,jəm,s̪ə̃j",यम,jəm,,
5515,संयुक्त,संयुक्त,s̪ə̃jukt̪,joint,NotAppl,M,4,underived,,,0,0,inanimate,S,Stative,0,0,1,"स,्त,सं,त,क्त,संय","t̪,ukt̪,s̪ə̃,s̪,kt̪,s̪ə̃j","्त,त",t̪,"्त,त",t̪
5516,संयोग,संयोग,s̪ə̃joːɡ,coincidence,NotAppl,M,4,underived,,,0,0,inanimate,A,Event,0,0,1,"स,सं,योग,ोग,संय,ग","oːɡ,joːɡ,s̪ə̃,s̪,ɡ,s̪ə̃j","योग,ोग,ग","oːɡ,joːɡ,ɡ",,ɡ
5517,संयोजक,संयोजक,s̪ə̃joːd͡ʒək,coordinator,NotAppl,M,4,underived,,,0,0,animate,S,Person,0,0,1,"स,सं,जक,संय,क,ोजक","k,ək,s̪ə̃,s̪,d͡ʒək,s̪ə̃j",,ək,,
5518,संयोजकत्व,संयोजकत्व,s̪ə̃joːd͡ʒəkt̪ʋə,valency,NotAppl,M,4,abstract3,,,0,1,inanimate,Z,Abstract,0,0,0,"स,व,सं,्व,त्व,संय","ʋə,t̪ʋə,s̪ə̃,ə,s̪,s̪ə̃j","व,्व",ʋə,व,
5519,संरक्षक,संरक्षक,s̪ə̃ɾəkʂək,patron,NotAppl,M,4,underived,,,1,0,animate,S,Person,0,0,1,"स,षक,सं,्षक,क,संर","s̪ə̃ɾ,ʂək,k,ək,s̪ə̃,s̪","षक,्षक","ʂək,ək",,
5520,संरक्षण,संरक्षण,s̪ə̃ɾəkʂəɳ,protection,NotAppl,M,4,underived,,,0,0,inanimate,S,Physical,0,0,1,"स,सं,षण,संर,्षण,ण","s̪ə̃ɾ,əɳ,ʂəɳ,s̪ə̃,s̪,ɳ",षण,"əɳ,ʂəɳ",,əɳ
5521,संरक्षा,संरक्षा,s̪ə̃ɾəkʂɑː,safety,NotAppl,F,3,underived,,,0,0,inanimate,A,Abstract,0,0,1,"स,षा,सं,ा,्षा,संर","s̪ə̃ɾ,ɑː,ʂɑː,s̪ə̃,s̪,kʂɑː","षा,ा,्षा","ʂɑː,kʂɑː",ा,
5522,संरचना,संरचना,s̪ə̃ɾət͡ʃn̪ɑː,structure,NotAppl,F,3,underived,,,0,0,inanimate,O,Physiological  State,0,0,1,"स,सं,चना,ा,ना,संर","s̪ə̃ɾ,ɑː,s̪ə̃,s̪,n̪ɑː,t͡ʃn̪ɑː","चना,ा",t͡ʃn̪ɑː,ा,
5524,संवर्धन,संवर्धन,s̪ə̃ʋəɾd̪ʰən̪,promotion,NotAppl,M,4,underived,,,0,0,inanimate,S,Action,0,0,1,"स,संव,सं,धन,न,्धन","s̪ə̃ʋ,ən̪,s̪ə̃,s̪,d̪ʰən̪,n̪",धन,d̪ʰən̪,,
5525,संवाद,संवाद,s̪ə̃ʋɑːd̪,dialogue,NotAppl,M,4,underived,,,0,0,inanimate,Q,Communication,0,0,1,"द,स,संव,वाद,सं,ाद","d̪,ɑːd̪,ʋɑːd̪,s̪ə̃ʋ,s̪ə̃,s̪",,,,
5526,संवाददाता,संवाददात,s̪ə̃ʋɑːd̪d̪ɑːt̪,correspondent,NotAppl,M,2,underived,,,1,0,animate,Q,Person,0,0,0,"स,संव,सं,दात,त,ात","t̪,s̪ə̃ʋ,d̪ɑːt̪,ɑːt̪,s̪ə̃,s̪",त,t̪,त,t̪
5528,संविधान,संविधान,s̪ə̃ʋɪd̪ʰɑːn̪,constitution,NotAppl,M,4,underived,,,0,0,inanimate,G,Imaginary Place,0,0,1,"ान,स,संव,धान,सं,न","ɑːn̪,s̪ə̃ʋ,d̪ʰɑːn̪,s̪ə̃,s̪,n̪",,,,
5529,संवेदनशीलता,संवेदनशीलता,s̪ə̃ʋeːd̪ən̪ʃiːlt̪ɑː,sensitivity,NotAppl,F,3,underived,,,1,0,inanimate,X,State,0,0,0,"स,संव,लता,सं,ा,ता","s̪ə̃ʋ,ɑː,lt̪ɑː,s̪ə̃,s̪,t̪ɑː",ा,,ा,
5530,संवेदना,संवेदना,s̪ə̃ʋeːd̪n̪ɑː,sympathy,NotAppl,F,3,underived,,,0,0,inanimate,X,Psychological Feature,0,0,1,"स,संव,सं,ा,दना,ना","d̪n̪ɑː,s̪ə̃ʋ,ɑː,s̪ə̃,s̪,n̪ɑː",ा,,ा,
5531,संशय,संशय,s̪ə̃ʃjə,doubt,NotAppl,M,0,underived,,,0,0,inanimate,A,Cognition,0,0,1,"स,सं,संश,य,शय,ंशय","ʃjə,s̪ə̃,ə,s̪,s̪ə̃ʃ,jə",य,jə,य,jə
5532,संशोधन,संशोधन,s̪ə̃ʃoːd̪ʰən̪,amendment,NotAppl,M,4,underived,,,0,0,inanimate,A,Action,0,0,1,"स,सं,धन,संश,ोधन,न","n̪,s̪ə̃,s̪,s̪ə̃ʃ,d̪ʰən̪,ən̪",धन,d̪ʰən̪,,
5533,संसद,संसद,s̪ə̃s̪əd̪,parliament,neutral,F,3,underived,,,0,0,inanimate,G,Group,0,0,1,"द,स,ंसद,सं,सद,संस","d̪,əd̪,s̪əd̪,s̪ə̃,s̪,s̪ə̃s̪",,,,
5534,संसद,संसद,s̪ə̃s̪əd̪,parliament,neutral,M,4,underived,,,0,0,inanimate,G,Group,0,0,1,"द,स,ंसद,सं,सद,संस","d̪,əd̪,s̪əd̪,s̪ə̃,s̪,s̪ə̃s̪",,,,
5535,संसाधन,संसाधन,s̪ə̃s̪ɑːd̪ʰən̪,resources,NotAppl,M,4,underived,,,0,0,inanimate,A,Object,0,0,1,"ाधन,स,सं,धन,न,संस","n̪,s̪ə̃,s̪,s̪ə̃s̪,d̪ʰən̪,ən̪",धन,d̪ʰən̪,,
5537,संसार,संसार,s̪ə̃s̪ɑːɾ,world,NotAppl,M,4,underived,,,0,0,inanimate,W,Physical Place,0,0,0,"स,सं,ार,र,सार,संस","ɾ,s̪ɑːɾ,ɑːɾ,s̪ə̃,s̪,s̪ə̃s̪","ार,र,सार","ɾ,s̪ɑːɾ,ɑːɾ",र,ɾ
5538,संस्करण,संस्करण,s̪ə̃s̪kəɾəɳ,version,NotAppl,M,4,underived,,,0,0,inanimate,A,Action,0,0,1,"करण,स,सं,रण,संस,ण","əɳ,ɾəɳ,s̪ə̃,s̪,s̪ə̃s̪,ɳ",रण,"əɳ,ɾəɳ",,"əɳ,ɾəɳ"
5539,संस्कार,संस्कार,s̪ə̃s̪kɑːɾ,rites,NotAppl,M,4,agentive_activity1,agentive_activity1,agentive_activity1,0,1,inanimate,Z,Social,0,0,1,"स,सं,ार,र,कार,संस","kɑːɾ,ɾ,ɑːɾ,s̪ə̃,s̪,s̪ə̃s̪","ार,र","ɾ,ɑːɾ",र,ɾ
5540,संस्कृति,संस्कृत,s̪ə̃s̪kɾɨt̪,culture,NotAppl,F,1,underived,,,0,0,inanimate,C,Cognition,0,0,1,"स,सं,ृत,त,संस,कृत","t̪,ɨt̪,s̪ə̃,s̪,s̪ə̃s̪,ɾɨt̪","ृत,त,कृत","t̪,ɨt̪,ɾɨt̪",त,t̪
5541,संस्था,संस्था,s̪ə̃s̪t̪ʰɑː,institution,NotAppl,F,3,underived,,,0,0,inanimate,S,Group,0,0,1,"स,सं,ा,था,संस,्था","t̪ʰɑː,ɑː,s̪ə̃,s̪,s̪ə̃s̪,s̪t̪ʰɑː",ा,,ा,
5542,संस्थान,संस्थान,s̪ə̃s̪t̪ʰɑːn̪,institute,neutral,F,3,underived,,,0,0,inanimate,T,Group,0,0,1,"ान,स,सं,न,संस,थान","ɑːn̪,s̪ə̃,s̪,s̪ə̃s̪,t̪ʰɑːn̪,n̪",,,,
5543,संस्थान,संस्थान,s̪ə̃s̪t̪ʰɑːn̪,institute,neutral,M,4,underived,,,0,0,inanimate,T,Group,0,0,1,"ान,स,सं,न,संस,थान","ɑːn̪,s̪ə̃,s̪,s̪ə̃s̪,t̪ʰɑːn̪,n̪",,,,
5544,संस्थापक,संस्थापक,s̪ə̃s̪t̪ʰɑːpək,founder,NotAppl,M,4,underived,,,0,0,animate,T,Person,0,0,1,"स,सं,पक,ापक,क,संस","k,ək,pək,s̪ə̃,s̪,s̪ə̃s̪",,ək,,
5545,संहार,संहार,s̪ə̃ɦɑːɾ,massacre,NotAppl,M,4,underived,,,0,0,inanimate,L,Physical,0,0,1,"स,सं,ार,र,हार,संह","s̪ə̃ɦ,ɦɑːɾ,ɾ,ɑːɾ,s̪ə̃,s̪","ार,र","ɾ,ɑːɾ",र,ɾ
5546,संहिता,संहिता,s̪ə̃ɦɪt̪ɑː,code,NotAppl,F,3,underived,,,0,0,inanimate,G,property,0,0,1,"िता,स,सं,ा,ता,संह","s̪ə̃ɦ,ɪt̪ɑː,ɑː,s̪ə̃,s̪,t̪ɑː","िता,ा",ɪt̪ɑː,ा,
5547,सक,सक,s̪ək,can,NotAppl,M,5,underived,,,0,0,inanimate,A,Verb of Action,0,0,0,"स,सक,क","s̪ək,k,ək,s̪ə,s̪",,ək,,
5548,सकते,सकते,s̪əkt̪eː,can,NotAppl,M,0,underived,,,0,0,inanimate,A,Verb of Action,0,0,0,"स,कते,े,सक,ते,सकत","s̪ək,t̪eː,kt̪eː,s̪ə,eː,s̪",,eː,,
5549,सक्रियता,सक्रियता,s̪əkɾɪjt̪ɑː,activism,NotAppl,F,3,abstract8,abstract8,abstract8,0,1,inanimate,G,State,0,0,0,"स,ा,सक्,ता,यता,सक","s̪ək,jt̪ɑː,ɑː,s̪ə,s̪,t̪ɑː","ा,यता",jt̪ɑː,ा,
5550,सखा,सख,s̪əkʰ,friend,NotAppl,M,2,underived,,,0,0,animate,S,Noun,0,0,1,"सख,स,ख","s̪əkʰ,əkʰ,s̪ə,s̪,kʰ",,,,
5551,सख्ती,सख्त,s̪əkʰt̪,strictness,NotAppl,F,1,underived,,,0,0,inanimate,S,Physical,0,0,0,"स,्त,सख,त,सख्,ख्त","əkʰt̪,s̪əkʰ,t̪,s̪ə,s̪,kʰt̪","्त,त",t̪,"्त,त",t̪
5552,सगंठन,सगंठन,s̪əɡə̃ʈʰən̪,organization,NotAppl,M,4,underived,,,0,0,inanimate,S,Group,0,0,0,"स,ठन,सग,ंठन,न,सगं","ʈʰən̪,n̪,s̪ə,s̪əɡ,s̪,ən̪",,,,
5553,सच,सच,s̪ət͡ʃ,truth,NotAppl,M,4,underived,,,0,0,inanimate,A,Cognition,0,0,0,"सच,स,च","t͡ʃ,s̪ə,s̪ət͡ʃ,s̪,ət͡ʃ",,ət͡ʃ,,
5554,सचिन,सचिन,s̪ət͡ʃɪn̪,sachin,NotAppl,M,0,underived,,,0,0,animate,Z,Common Noun,0,0,0,"स,सचि,िन,चिन,न,सच","s̪ə,s̪ət͡ʃ,ɪn̪,s̪,n̪,t͡ʃɪn̪",,,,
5555,सचिव,सचिव,s̪ət͡ʃɪʋ,secretary,neutral,F,3,underived,,,0,0,animate,I,Person,0,0,1,"स,व,सचि,चिव,सच,िव","t͡ʃɪʋ,s̪ə,ʋ,s̪ət͡ʃ,s̪,ɪʋ",व,ʋ,व,ʋ
5556,सचिव,सचिव,s̪ət͡ʃɪʋ,secretary,neutral,M,4,underived,,,0,0,animate,I,Person,0,0,1,"स,व,सचि,चिव,सच,िव","t͡ʃɪʋ,s̪ə,ʋ,s̪ət͡ʃ,s̪,ɪʋ",व,ʋ,व,ʋ
5557,सचिवालय,सचिवालय,s̪ət͡ʃɪʋɑːljə,secretariat,NotAppl,M,4,state_place2,,,0,1,animate,S,Group,0,0,0,"स,सचि,लय,य,सच,ालय","ljə,s̪ə,s̪ət͡ʃ,ə,s̪,jə","लय,य","ljə,jə",य,jə
5558,सच्चाई,सच्चा,s̪ət͡ʃt͡ʃɑː,truth,NotAppl,F,1,abstract1,abstract1,abstract1,0,1,inanimate,A,Quality,0,0,0,"स,सच्,ा,सच,चा,्चा","t͡ʃɑː,ɑː,s̪ə,s̪ət͡ʃ,t͡ʃt͡ʃɑː,s̪",ा,,ा,
5559,सजा,सजा,s̪əd͡ʒɑː,punishment,NotAppl,F,3,underived,,,0,0,inanimate,G,Action,0,0,0,"स,ा,सजा,जा,सज","ɑː,d͡ʒɑː,s̪ə,s̪əd͡ʒ,əd͡ʒɑː,s̪",ा,,ा,
5560,सजावट,सजावट,s̪əd͡ʒɑːʋəʈ,decoration,NotAppl,F,3,underived,,,0,0,inanimate,C,Artifact,0,0,0,"ट,स,वट,सजा,सज,ावट","əʈ,s̪ə,s̪əd͡ʒ,ʈ,ʋəʈ,s̪","वट,ावट","əʈ,ʋəʈ",,
5561,सज्जादानशीं,सज्जादानशीं,s̪əd͡ʒd͡ʒɑːd̪ɑːn̪ʃĩː,sajjadanashin,NotAppl,M,4,underived,,,0,0,inanimate,Z,Social,0,0,0,"स,सज,सज्,ं,ीं,शीं","ĩː,ʃĩː,s̪ə,s̪əd͡ʒ,s̪,n̪ʃĩː",,,,
5562,सट्टेदार,सट्टेदार,s̪əʈʈeːd̪ɑːɾ,speculator,NotAppl,M,4,agentive3,,,0,1,animate,Z,Occupation,0,0,0,"स,ार,सट,र,सट्,दार","s̪ə,ɾ,ɑːɾ,s̪,d̪ɑːɾ,s̪əʈ","ार,र","ɾ,ɑːɾ",र,ɾ
5563,सट्टेबाज,सट्टेबाज,s̪əʈʈeːbɑːd͡ʒ,bookmakers,NotAppl,M,4,agentive4,,,0,1,animate,K,Person,0,0,0,"स,सट,सट्,ाज,ज,बाज","bɑːd͡ʒ,ɑːd͡ʒ,d͡ʒ,s̪ə,s̪,s̪əʈ",,,,
5564,सट्टेबाजी,सट्टेबाज,s̪əʈʈeːbɑːd͡ʒ,betting,NotAppl,F,1,underived,,,0,0,inanimate,I,Action,0,0,0,"स,सट,सट्,ाज,ज,बाज","bɑːd͡ʒ,ɑːd͡ʒ,d͡ʒ,s̪ə,s̪,s̪əʈ",,,,
5565,सडक,सडक,s̪əɖək,road,NotAppl,F,3,underived,,,0,0,inanimate,M,Common Noun,0,0,0,"स,सडक,क,डक,सड","k,ɖək,s̪əɖ,ək,s̪ə,s̪",,ək,,
5567,सतर्कता,सतर्कता,s̪ət̪əɾkət̪ɑː,vigilance,NotAppl,F,0,underived,,,0,0,inanimate,X,State,0,0,1,"स,सतर,ा,सत,ता,कता","s̪ət̪,ɑː,s̪ə,s̪,t̪ɑː,ət̪ɑː","ा,सत,कता","s̪ət̪,ət̪ɑː",ा,ət̪ɑː
5568,सतह,सतह,s̪ət̪əɦ,surface,NotAppl,F,3,underived,,,0,0,inanimate,M,Place,0,1,0,"स,सत,ह,सतह,तह","ɦ,s̪ət̪,əɦ,s̪ə,s̪,t̪əɦ","सत,तह","s̪ət̪,t̪əɦ",,
5569,सतुआ,सतु,s̪ət̪u,satua,NotAppl,M,2,underived,,,0,0,inanimate,Z,Edible,0,0,0,"स,सत,ु,सतु,तु","u,s̪ət̪,t̪u,s̪ə,s̪,ət̪u",सत,s̪ət̪,,
5570,सत्ता,सत्ता,s̪ət̪t̪ɑː,power,NotAppl,F,3,underived,,,0,0,inanimate,S,State,0,0,1,"स,ा,सत,सत्,ता,्ता","t̪t̪ɑː,s̪ət̪,ɑː,s̪ə,s̪,t̪ɑː","ा,सत",s̪ət̪,ा,
5571,सत्तापक्ष,सत्तापक्ष,s̪ət̪t̪ɑːpəkʂ,ruling party,NotAppl,M,4,underived,,,1,0,inanimate,S,Social State,0,0,0,"्ष,स,सत,ष,क्ष,सत्","s̪ət̪,kʂ,s̪ə,əkʂ,s̪,ʂ","सत,ष","s̪ət̪,ʂ",,
5572,सत्तू,सत्त,s̪ət̪t̪,barley,NotAppl,M,4,underived,,,0,0,inanimate,L,Edible,0,0,0,"स,्त,त्त,सत,त,सत्","ət̪t̪,t̪,t̪t̪,s̪ət̪,s̪ə,s̪","्त,त्त,सत,त","ət̪t̪,t̪,t̪t̪,s̪ət̪","्त,त",t̪
5573,सत्यनिष्ठा,सत्यनिष्ठा,s̪ət̪jən̪ɪʂʈʰɑː,integrity,NotAppl,F,0,underived,,,0,0,inanimate,G,Quality,0,0,0,"स,ठा,ा,सत,सत्,्ठा","ʈʰɑː,s̪ət̪,ɑː,s̪ə,s̪,ʂʈʰɑː","ा,सत",s̪ət̪,ा,
5574,सत्यानाश,सत्यानाश,s̪ət̪jɑːn̪ɑːʃ,annihilation,NotAppl,M,4,underived,,,0,0,inanimate,A,Fatal Event,0,0,0,"स,श,सत,नाश,सत्,ाश","ʃ,s̪ət̪,s̪ə,ɑːʃ,s̪,n̪ɑːʃ",सत,s̪ət̪,,
5575,सत्र,सत्र,s̪ət̪ɾ,session,NotAppl,M,4,underived,,,0,0,inanimate,T,Physical,0,0,0,"स,र,सत,्र,त्र,सत्","ət̪ɾ,s̪ət̪,s̪ə,ɾ,s̪,t̪ɾ","र,सत","s̪ət̪,ɾ",र,ɾ
5576,सदन,सदन,s̪əd̪ən̪,house,NotAppl,M,4,underived,,,0,0,inanimate,H,Group,0,0,1,"स,सदन,दन,न,सद","n̪,d̪ən̪,s̪əd̪,s̪ə,s̪,ən̪",,,,
5577,सदमा,सदम,s̪əd̪əm,trauma,NotAppl,M,2,underived,,,0,0,inanimate,E,Physical,0,1,0,"स,दम,म,सदम,सद","əm,s̪əd̪,s̪ə,m,s̪,d̪əm",,,,
5578,सदर,सदर,s̪əd̪əɾ,sadar,NotAppl,M,4,underived,,,0,0,inanimate,Z,Physical Place,0,1,0,"दर,स,र,सदर,सद","d̪əɾ,s̪əd̪,s̪ə,ɾ,s̪,əɾ",र,"ɾ,əɾ",र,"ɾ,əɾ"
5579,सदस्य,सदस्य,s̪əd̪s̪jə,member,neutral,F,3,underived,,,0,0,animate,S,Person,0,0,1,"स,्य,स्य,य,सदस,सद","s̪jə,s̪əd̪,s̪ə,ə,s̪,jə","्य,य",jə,य,jə
5580,सदस्य,सदस्य,s̪əd̪s̪jə,member,neutral,M,4,underived,,,0,0,animate,S,Person,0,0,1,"स,्य,स्य,य,सदस,सद","s̪jə,s̪əd̪,s̪ə,ə,s̪,jə","्य,य",jə,य,jə
5581,सदस्यता,सदस्यता,s̪əd̪əs̪jət̪ɑː,membership,NotAppl,F,0,underived,,,0,0,inanimate,S,Title,0,0,1,"स,ा,सदस,ता,यता,सद","ɑː,s̪əd̪,s̪ə,s̪,t̪ɑː,ət̪ɑː","ा,यता",ət̪ɑː,ा,ət̪ɑː
5582,सदी,सद,s̪əd̪,century,NotAppl,F,1,underived,,,0,0,inanimate,T,Time,0,1,0,"सद,स,द","d̪,əd̪,s̪əd̪,s̪ə,s̪",,,,
5583,सदुपयोग,सदुपयोग,s̪əd̪upjoːɡ,good use,NotAppl,M,4,underived,,,0,0,inanimate,A,Action,0,0,0,"सदु,स,योग,ोग,ग,सद","oːɡ,s̪əd̪,s̪ə,joːɡ,s̪,ɡ","योग,ोग,ग","oːɡ,joːɡ,ɡ",,ɡ
5584,सद्भाव,सद्भाव,s̪əd̪bʰɑːʋ,harmony,NotAppl,M,4,underived,,,0,0,inanimate,S,State,0,0,0,"स,व,ाव,भाव,सद,सद्","s̪əd̪,s̪ə,ʋ,s̪,ɑːʋ,bʰɑːʋ","व,ाव",ʋ,"व,ाव",ʋ
5585,सद्भावना,सद्भावना,s̪əd̪bʰɑːʋn̪ɑː,goodwill,NotAppl,F,3,underived,,,0,0,inanimate,S,Psychological Feature,0,0,0,"स,ा,ना,वना,सद,सद्","ɑː,s̪əd̪,s̪ə,s̪,n̪ɑː,ʋn̪ɑː",ा,,ा,
5586,सन,सन,s̪ən̪,sun,NotAppl,M,0,underived,,,0,0,inanimate,Z,Time,1,0,0,"सन,स,न","n̪,s̪ə,s̪,s̪ən̪,ən̪",सन,s̪ən̪,,
5587,सनसेट,सनसेट,s̪ən̪s̪eːʈ,sunset,NotAppl,M,4,underived,,,0,0,inanimate,T,Natural Object,1,0,0,"सन,स,ट,सनस,सेट,ेट","s̪ə,eːʈ,ʈ,s̪,s̪eːʈ,s̪ən̪",सन,s̪ən̪,,
5588,सन्,सन,s̪ən̪,year,NotAppl,M,4,underived,,,0,0,inanimate,T,Period,0,1,0,"सन,स,न","n̪,s̪ə,s̪,s̪ən̪,ən̪",सन,s̪ən̪,,
5589,सन्नाटा,सन्नाट,s̪ən̪n̪ɑːʈ,silence,NotAppl,M,2,underived,,,0,0,inanimate,X,State,0,0,0,"सन,स,ट,सन्,ाट,नाट","n̪ɑːʈ,s̪ə,ʈ,s̪,s̪ən̪,ɑːʈ",सन,s̪ən̪,,
5590,सपना,सपन,s̪əpən̪,dream,NotAppl,M,2,underived,,,0,0,inanimate,X,Psychological Feature,0,0,0,"स,सप,न,सपन,पन","n̪,s̪əp,s̪ə,pən̪,s̪,ən̪",,,,
5591,सपरिवार,सपरिवार,s̪əpɾɪʋɑːɾ,with family,NotAppl,M,0,underived,,,0,0,inanimate,Z,Collective Noun,0,0,1,"स,सपर,ार,सप,र,वार","s̪əp,s̪ə,ɾ,ɑːɾ,s̪,ʋɑːɾ","ार,र","ɾ,ɑːɾ",र,ɾ
5592,सपाई,सपाई,s̪əpɑːiː,sapai,NotAppl,M,4,underived,,,0,0,inanimate,Z,Common Noun,0,0,0,"स,सपा,पाई,सप,ाई,ई","iː,ɑːiː,s̪əp,s̪ə,pɑːiː,s̪",,,,
5593,सपाटा,सपाट,s̪əpɑːʈ,flat,NotAppl,M,2,underived,,,0,0,inanimate,O,Physical State,0,0,0,"स,ट,सपा,पाट,सप,ाट","pɑːʈ,s̪əp,s̪ə,ʈ,s̪,ɑːʈ",,,,
5594,सप्ताह,सप्ताह,s̪əpt̪ɑːɦ,week,NotAppl,M,4,underived,,,0,0,inanimate,T,Period,0,0,1,"स,सप,ाह,ह,ताह,सप्","ɑːɦ,ɦ,s̪əp,s̪ə,t̪ɑːɦ,s̪",ाह,ɑːɦ,,
5595,सप्लाई,सप्ला,s̪əplɑː,supply,NotAppl,F,1,underived,,,0,0,inanimate,A,Action,1,0,0,"स,ा,ला,सप,्ला,सप्","plɑː,ɑː,s̪əp,s̪ə,s̪,lɑː","ा,ला",lɑː,"ा,ला",lɑː
5596,सप्लायर,सप्लायर,s̪əplɑːjəɾ,supplier,NotAppl,M,5,underived,,,0,0,inanimate,I,Occupation,0,0,0,"स,यर,र,सप,ायर,सप्","jəɾ,s̪əp,s̪ə,ɾ,s̪,əɾ",र,"ɾ,əɾ",र,"ɾ,əɾ"
5597,सफर,सफर,s̪əpʰəɾ,journey,NotAppl,M,4,underived,,,0,0,inanimate,M,Physical,0,0,0,"स,सफर,र,सफ,फर","s̪ə,ɾ,s̪əpʰ,s̪,pʰəɾ,əɾ",र,"ɾ,əɾ",र,"ɾ,əɾ"
5598,सफलता,सफलता,s̪əpʰəlt̪ɑː,success,NotAppl,F,3,underived,,,0,0,inanimate,X,State,0,0,1,"स,लता,ा,सफल,सफ,ता","lt̪ɑː,ɑː,s̪ə,s̪əpʰ,s̪,t̪ɑː",ा,,ा,
5599,सफाई,सफा,s̪əpʰɑː,cleaning,NotAppl,F,1,abstract1,abstract1,abstract1,0,1,inanimate,B,Action,0,0,0,"स,ा,सफ,फा,सफा","ɑː,s̪ə,s̪əpʰ,s̪,əpʰɑː,pʰɑː",ा,,ा,
5600,सफाया,सफाया,s̪əpʰɑːjɑː,eliminated,NotAppl,M,4,underived,,,0,0,inanimate,A,Physical,0,0,0,"स,ा,ाया,या,सफ,सफा","ɑː,ɑːjɑː,s̪ə,jɑː,s̪əpʰ,s̪","ा,या",jɑː,ा,
5601,सफारी,सफार,s̪əpʰɑːɾ,safari,NotAppl,F,1,underived,,,0,0,inanimate,Z,Physical,1,0,0,"स,फार,र,ार,सफ,सफा","s̪ə,ɾ,s̪əpʰ,ɑːɾ,s̪,pʰɑːɾ","र,ार","ɾ,ɑːɾ",र,ɾ
5602,सब,सब,s̪əb,all,NotAppl,M,0,underived,,,0,0,inanimate,N,Numeral,0,0,0,"स,ब,सब","s̪əb,s̪ə,b,əb,s̪",,,,
5603,सबक,सबक,s̪əbək,lesson,NotAppl,M,4,agentive1,agentive1,agentive1,0,1,inanimate,P,Cognition,0,0,0,"स,सबक,सब,बक,क","s̪əb,k,ək,s̪ə,bək,s̪",,ək,,
5604,सबब,सबब,s̪əbəb,reason,NotAppl,M,4,underived,,,0,0,inanimate,A,property,0,1,0,"स,बब,सब,सबब,ब","s̪əb,s̪ə,b,əb,s̪,bəb",,,,
5605,सबसिडी,सबसिड,s̪əbs̪ɪɖ,subsidy,NotAppl,F,1,underived,,,0,0,inanimate,I,Artifact,0,0,0,"सिड,स,िड,सब,ड,सबस","s̪əb,s̪ɪɖ,ɖ,s̪ə,ɪɖ,s̪",,,,
5606,सबस्टेशन,सबस्टेशन,s̪əbəs̪ʈeːʃən̪,substation,NotAppl,M,4,underived,,,0,0,inanimate,Z,Applied Sciences,1,0,0,"स,सब,शन,सबस,ेशन,न","s̪əb,n̪,s̪ə,s̪,ən̪,ʃən̪","शन,ेशन",ʃən̪,ेशन,
5607,सबूत,सबूत,s̪əbuːt̪,evidence,NotAppl,M,4,underived,,,0,0,inanimate,A,Abstract,0,1,0,"स,बूत,सब,ूत,त,सबू","s̪əb,t̪,uːt̪,s̪ə,s̪,buːt̪",त,t̪,त,t̪
5608,सबेर,सबेर,s̪əbeːɾ,saber,NotAppl,F,3,underived,,,0,0,inanimate,Z,Time,0,0,0,"स,सब,र,सबे,ेर,बेर","s̪əb,s̪ə,ɾ,s̪,eːɾ,beːɾ",र,ɾ,र,ɾ
5609,सबेरा,सबेर,s̪əbeːɾ,early morning,NotAppl,M,2,underived,,,0,0,inanimate,T,Period,0,0,0,"स,सब,र,सबे,ेर,बेर","s̪əb,s̪ə,ɾ,s̪,eːɾ,beːɾ",र,ɾ,र,ɾ
5610,सब्जी,सब्ज,s̪əbd͡ʒ,vegetable,NotAppl,F,1,underived,,,0,0,inanimate,F,Edible,0,0,0,"स,सब,सब्,ब्ज,ज,्ज","s̪əb,bd͡ʒ,d͡ʒ,s̪ə,əbd͡ʒ,s̪",,,,
5611,सब्सिडी,सब्सिड,s̪əbs̪ɪɖ,subsidy,NotAppl,F,1,underived,,,0,0,inanimate,I,Artifact,1,0,0,"सिड,स,िड,सब,ड,सब्","s̪əb,s̪ɪɖ,ɖ,s̪ə,ɪɖ,s̪",,,,
5612,सभा,सभा,s̪əbʰɑː,gathering,NotAppl,F,3,underived,,,0,0,inanimate,S,Planned Event,0,0,1,"स,ा,सभ,भा,सभा","ɑː,s̪ə,s̪,əbʰɑː,bʰɑː,s̪əbʰ",ा,,ा,
5613,सभागार,सभागार,s̪əbʰɑːɡɑːɾ,auditorium,NotAppl,M,4,underived,,,1,0,inanimate,K,Physical Place,0,0,0,"स,ार,र,सभ,गार,सभा","ɡɑːɾ,s̪ə,ɾ,ɑːɾ,s̪,s̪əbʰ","ार,र","ɾ,ɑːɾ",र,ɾ
5614,सभापति,सभापति,s̪əbʰɑːpt̪ɪ,chairman,NotAppl,M,4,underived,,,1,0,animate,S,Person,0,0,0,"स,पति,सभ,ति,ि,सभा","pt̪ɪ,ɪ,s̪ə,t̪ɪ,s̪,s̪əbʰ",ि,,ि,
5615,सभामंच,सभामंच,s̪əbʰɑːmə̃t͡ʃ,auditorium,NotAppl,M,4,underived,,,1,0,inanimate,K,Physical Place,0,0,0,"स,ंच,मंच,सभ,च,सभा","t͡ʃ,mə̃t͡ʃ,ə̃t͡ʃ,s̪ə,s̪,s̪əbʰ",,,,
5616,सभ्यता,सभ्यता,s̪əbʰjət̪ɑː,civilization,NotAppl,F,3,underived,,,0,0,inanimate,S,property,0,0,1,"स,ा,सभ,सभ्,ता,यता","ɑː,s̪ə,s̪,t̪ɑː,ət̪ɑː,s̪əbʰ","ा,यता",ət̪ɑː,ा,ət̪ɑː
5617,समंदर,समंदर,s̪əmə̃d̪əɾ,ocean,NotAppl,M,4,underived,,,0,0,inanimate,W,Natural Object,0,1,0,"दर,स,समं,र,सम,ंदर","d̪əɾ,s̪ə,ɾ,s̪əm,s̪,əɾ",र,"ɾ,əɾ",र,"ɾ,əɾ"
5618,समझ,समझ,s̪əməd͡ʒʰ,understanding,NotAppl,F,3,underived,,,0,0,inanimate,X,Psychological Feature,0,0,0,"मझ,स,समझ,झ,सम","məd͡ʒʰ,əd͡ʒʰ,d͡ʒʰ,s̪ə,s̪əm,s̪",,,,
5619,समझौता,समझौत,s̪əmd͡ʒʰəut̪,agreement,NotAppl,M,2,underived,,,0,0,inanimate,A,Social,0,0,0,"स,ौत,त,समझ,सम,झौत","əut̪,ut̪,t̪,s̪ə,s̪əm,s̪",त,t̪,त,t̪
5620,समन,समन,s̪əmən̪,summons,NotAppl,M,0,underived,,,0,0,inanimate,G,Artifact,1,0,0,"स,मन,समन,न,सम","n̪,s̪ə,mən̪,s̪əm,s̪,ən̪",मन,mən̪,,
5621,समन्वय,समन्वय,s̪əmən̪ʋəjə,coordination,NotAppl,M,4,underived,,,0,0,inanimate,S,Communication,0,0,1,"स,समन,वय,य,्वय,सम","s̪ə,əjə,s̪əm,ə,s̪,jə",य,"əjə,jə",य,jə
5622,समय,समय,s̪əmjə,time,NotAppl,M,0,underived,,,0,0,inanimate,T,Time,0,0,1,"स,समय,य,मय,सम","s̪ə,s̪əm,ə,s̪,jə,mjə",य,jə,य,jə
5623,समयानुसार,समयानुसार,s̪əmjɑːn̪us̪ɑːɾ,on time,NotAppl,M,0,underived,,,1,0,inanimate,T,Time,0,0,0,"स,समय,ार,र,सार,सम","s̪ə,ɾ,s̪ɑːɾ,s̪əm,ɑːɾ,s̪","ार,र,सार","ɾ,s̪ɑːɾ,ɑːɾ",र,ɾ
5624,समयावधि,समयावध,s̪əmjɑːʋəd̪ʰ,timeline,NotAppl,F,1,underived,,,1,0,inanimate,T,Period,0,0,0,"स,समय,ावध,सम,ध,वध","s̪ə,d̪ʰ,əd̪ʰ,ʋəd̪ʰ,s̪əm,s̪",,,,
5625,समर,समर,s̪əməɾ,war,NotAppl,M,4,underived,,,0,0,inanimate,G,Physical,0,0,1,"स,र,सम,समर,मर","s̪ə,ɾ,s̪əm,s̪,əɾ,məɾ",र,"ɾ,əɾ",र,"ɾ,əɾ"
5626,समर्थक,समर्थक,s̪əməɾt̪ʰək,supporter,NotAppl,M,4,underived,,,0,0,animate,S,Person,0,0,1,"स,क,सम,समर,्थक,थक","k,ək,s̪ə,s̪əm,t̪ʰək,s̪",,ək,,
5627,समर्थन,समर्थन,s̪əməɾt̪ʰən̪,support,NotAppl,M,4,underived,,,0,0,inanimate,S,Action,0,0,1,"स,थन,न,सम,समर,्थन","n̪,t̪ʰən̪,s̪ə,s̪əm,s̪,ən̪",,,,
5628,समर्पण,समर्पण,s̪əməɾpəɳ,dedication,NotAppl,M,4,underived,,,0,0,inanimate,X,Psychological Feature,0,0,1,"स,पण,सम,समर,्पण,ण","əɳ,pəɳ,s̪ə,s̪əm,s̪,ɳ",,əɳ,,əɳ
5629,समस्या,समस्या,s̪əməs̪jɑː,problem,neutral,F,3,underived,,,0,0,inanimate,A,Communication,0,0,1,"स,समस,ा,या,सम,्या","ɑː,s̪jɑː,s̪ə,jɑː,s̪əm,s̪","ा,या,्या",jɑː,ा,
5630,समस्या,समस्या,s̪əməs̪jɑː,problem,neutral,M,4,underived,,,0,0,inanimate,A,Communication,0,0,1,"स,समस,ा,या,सम,्या","ɑː,s̪jɑː,s̪ə,jɑː,s̪əm,s̪","ा,या,्या",jɑː,ा,
5631,समाँ,सम,s̪əm,time,NotAppl,M,2,underived,,,0,0,inanimate,T,Time,0,0,0,"स,सम,म","əm,s̪ə,m,s̪əm,s̪",,,,
5632,समाचार,समाचार,s̪əmɑːt͡ʃɑːɾ,news,NotAppl,M,4,underived,,,0,0,inanimate,X,Communication,0,0,1,"स,ार,र,समा,चार,सम","s̪ə,ɾ,s̪əm,ɑːɾ,s̪,t͡ʃɑːɾ","ार,र,चार","ɾ,ɑːɾ,t͡ʃɑːɾ",र,ɾ
5633,समाज,समाज,s̪əmɑːd͡ʒ,society,NotAppl,M,4,underived,,,0,0,inanimate,S,Group,0,0,1,"स,माज,समा,ाज,ज,सम","ɑːd͡ʒ,d͡ʒ,s̪ə,s̪əm,s̪,mɑːd͡ʒ",,,,
5634,समाजवाद,समाजवाद,s̪əmɑːd͡ʒʋɑːd̪,socialism,NotAppl,M,4,underived,,,1,0,inanimate,G,Cognition,0,0,0,"द,स,वाद,समा,ाद,सम","d̪,ɑːd̪,ʋɑːd̪,s̪ə,s̪əm,s̪",,,,
5635,समादेश,समादेश,s̪əmɑːd̪eːʃ,command,NotAppl,M,4,underived,,,1,0,inanimate,S,Concept,0,0,0,"स,श,ेश,समा,देश,सम","ʃ,d̪eːʃ,eːʃ,s̪ə,s̪əm,s̪","ेश,देश","d̪eːʃ,eːʃ",,
5636,समाधान,समाधान,s̪əmɑːd̪ʰɑːn̪,solution,NotAppl,M,4,underived,,,0,0,inanimate,X,Action,0,0,1,"ान,स,धान,समा,न,सम","ɑːn̪,d̪ʰɑːn̪,s̪ə,s̪əm,s̪,n̪",,,,
5637,समाधि,समाध,s̪əmɑːd̪ʰ,samadhi,NotAppl,F,1,underived,,,0,0,inanimate,Z,Physical Place,0,0,1,"स,समा,माध,सम,ध,ाध","s̪ə,d̪ʰ,mɑːd̪ʰ,s̪əm,s̪,ɑːd̪ʰ",,,,
5638,समानता,समानता,s̪əmɑːn̪t̪ɑː,equality,NotAppl,F,3,abstract8,abstract8,abstract8,0,1,inanimate,A,State,0,0,1,"स,नता,ा,समा,ता,सम","n̪t̪ɑː,ɑː,s̪ə,s̪əm,s̪,t̪ɑː","नता,ा",,ा,
5639,समापन,समापन,s̪əmɑːpən̪,closure,NotAppl,M,4,underived,,,0,0,inanimate,A,State,0,0,1,"स,समा,ापन,न,सम,पन","n̪,s̪ə,pən̪,s̪əm,s̪,ən̪",,,,
5640,समाप्ति,समाप्त,s̪əmɑːpt̪,termination,NotAppl,F,1,underived,,,0,0,inanimate,T,Action,0,0,1,"स,्त,समा,त,प्त,सम","pt̪,t̪,ɑːpt̪,s̪ə,s̪əm,s̪","्त,त",t̪,"्त,त",t̪
5641,समारोह,समारोह,s̪əmɑːɾoːɦ,celebration,NotAppl,M,0,underived,,,0,0,inanimate,E,Planned Event,0,0,1,"स,ोह,ह,रोह,समा,सम","ɦ,s̪ə,ɾoːɦ,s̪əm,s̪,oːɦ",ोह,oːɦ,,
5642,समावेश,समावेश,s̪əmɑːʋeːʃ,inclusion,NotAppl,M,4,underived,,,0,0,inanimate,A,Action,0,0,1,"स,वेश,श,ेश,समा,सम","ʃ,eːʃ,s̪ə,s̪əm,s̪,ʋeːʃ",ेश,eːʃ,,
5643,समिति,समित,s̪əmɪt̪,committee,NotAppl,F,1,underived,,,0,0,inanimate,S,Group,0,0,1,"स,समि,त,सम,ित,मित","mɪt̪,ɪt̪,t̪,s̪ə,s̪əm,s̪",त,t̪,त,t̪
5644,समीकरण,समीकरण,s̪əmiːkɾəɳ,equation,NotAppl,M,4,underived,,,0,0,inanimate,N,Action,0,0,1,"करण,स,रण,समी,सम,ण","əɳ,s̪ə,ɾəɳ,s̪əm,s̪,ɳ",रण,"əɳ,ɾəɳ",,"əɳ,ɾəɳ"
5645,समीक्षा,समीक्षा,s̪əmiːkʂɑː,review,NotAppl,F,3,underived,,,0,0,inanimate,X,Action,0,0,1,"स,षा,ा,समी,सम,्षा","ɑː,s̪ə,s̪əm,ʂɑː,s̪,kʂɑː","षा,ा,्षा","ʂɑː,kʂɑː",ा,
5646,समुदाय,समुदाय,s̪əmud̪ɑːjə,community,NotAppl,M,4,underived,,,0,0,inanimate,S,Group,0,0,1,"स,ाय,य,सम,समु,दाय","ɑːjə,s̪ə,s̪əm,ə,s̪,jə",य,jə,य,jə
5647,समुद्र,समुद्र,s̪əmud̪ɾə,sea,NotAppl,M,4,underived,,,0,0,inanimate,W,Natural Object,0,0,1,"स,र,्र,सम,द्र,समु","ɾə,d̪ɾə,s̪ə,s̪əm,ə,s̪",र,,र,
5648,समूह,समूह,s̪əmuːɦ,group,NotAppl,M,4,underived,,,0,0,inanimate,S,Group,0,0,1,"स,ह,मूह,समू,सम,ूह","muːɦ,ɦ,s̪ə,s̪əm,s̪,uːɦ",,,,
5649,समृद्धि,समृद्ध,s̪əmɾɨd̪d̪ʰ,prosperity,NotAppl,F,1,underived,,,0,0,inanimate,I,State,0,0,1,"स,समृ,्ध,सम,ध,द्ध","d̪d̪ʰ,s̪ə,d̪ʰ,s̪əm,s̪,ɨd̪d̪ʰ",,,,
5651,सम्मान,सम्मान,s̪əmmɑːn̪,respect,NotAppl,M,4,underived,,,0,0,inanimate,S,Psychological Feature,0,0,1,"ान,स,न,सम्,सम,मान","ɑːn̪,s̪ə,s̪əm,s̪,mɑːn̪,n̪",,,,
5652,सम्मेलन,सम्मेलन,s̪əmmeːlən̪,conference,NotAppl,M,4,underived,,,0,0,inanimate,S,Group,0,0,1,"स,ेलन,लन,न,सम्,सम","n̪,s̪ə,s̪əm,s̪,ən̪,lən̪",लन,lən̪,,
5653,सम्राट,सम्राट,s̪əmɾɑːʈ,king,NotAppl,M,4,underived,,,0,0,animate,S,Person,0,0,1,"स,ट,ाट,सम्,राट,सम","s̪ə,ʈ,s̪əm,s̪,ɾɑːʈ,ɑːʈ",,,,
5654,सर,सर,s̪əɾ,sir,NotAppl,M,4,underived,,,0,0,inanimate,S,Part of,0,1,0,"स,सर,र","s̪ə,ɾ,s̪,əɾ,s̪əɾ",र,"ɾ,əɾ",र,"ɾ,əɾ"
5655,सरकार,सरकार,s̪əɾkɑːɾ,government,neutral,F,3,agentive_activity1,agentive_activity1,agentive_activity1,0,1,inanimate,G,Group,0,1,0,"स,ार,र,सर,सरक,कार","kɑːɾ,s̪ə,ɾ,ɑːɾ,s̪,s̪əɾ","ार,र","ɾ,ɑːɾ",र,ɾ
5656,सरकार,सरकार,s̪əɾkɑːɾ,government,neutral,M,4,agentive_activity1,agentive_activity1,agentive_activity1,0,1,inanimate,G,Group,0,1,0,"स,ार,र,सर,सरक,कार","kɑːɾ,s̪ə,ɾ,ɑːɾ,s̪,s̪əɾ","ार,र","ɾ,ɑːɾ",र,ɾ
5657,सरगना,सरगन,s̪əɾɡən̪,gang leader,NotAppl,M,2,underived,,,0,0,animate,S,Person,0,0,0,"स,गन,सर,न,रगन,सरग","n̪,s̪ə,ɡən̪,s̪,ən̪,s̪əɾ",,,,
5658,सरगर्मी,सरगर्म,s̪əɾɡəɾm,stirring,NotAppl,F,1,underived,,,0,0,inanimate,A,State,0,0,0,"स,सर,म,सरग,र्म,्म","ɾm,s̪ə,m,əɾm,s̪,s̪əɾ",,,,
5659,सरदार,सरदार,s̪əɾd̪ɑːɾ,sardar,NotAppl,M,4,agentive3,,,0,1,animate,Z,Person,0,1,0,"स,ार,र,सर,सरद,दार","s̪ə,ɾ,ɑːɾ,s̪,d̪ɑːɾ,s̪əɾ","ार,र","ɾ,ɑːɾ",र,ɾ
5660,सरपंच,सरपंच,s̪əɾpə̃t͡ʃ,head,NotAppl,M,4,underived,,,0,0,animate,B,Person,0,0,0,"पंच,स,ंच,सर,सरप,च","t͡ʃ,ə̃t͡ʃ,s̪ə,pə̃t͡ʃ,s̪,s̪əɾ",,,,
5661,सरसंघचालक,सरसंघचालक,s̪əɾs̪ə̃ɡʰt͡ʃɑːlək,sarsanghchalak,NotAppl,M,4,underived,,,1,0,animate,Z,Social,0,0,0,"स,सर,लक,ालक,क,सरस","k,lək,ək,s̪ə,s̪,s̪əɾ",,ək,,
5662,सरहद,सरहद,s̪əɾɦəd̪,outskirts,NotAppl,F,3,underived,,,0,0,inanimate,M,Physical Place,0,1,0,"द,स,हद,सर,सरह,रहद","d̪,əd̪,s̪ə,s̪,s̪əɾ,ɦəd̪",,,,
5663,सराह,सराह,s̪əɾɑːɦ,sarah,NotAppl,F,3,underived,,,0,0,inanimate,Z,Common Noun,0,0,0,"स,सर,ह,ाह,राह,सरा","ɑːɦ,ɦ,s̪ə,ɾɑːɦ,s̪,s̪əɾ",ाह,ɑːɦ,,
5664,सराहना,सराहना,s̪əɾɑːɦn̪ɑː,appreciate,NotAppl,F,3,state_condition3,,,0,1,inanimate,E,Physical,0,0,0,"स,हना,ा,सर,ना,सरा","ɦn̪ɑː,ɑː,s̪ə,s̪,n̪ɑː,s̪əɾ",ा,,ा,
5665,सरोवर,सरोवर,s̪əɾoːʋəɾ,lake,NotAppl,M,4,underived,,,0,0,inanimate,W,Physical Place,0,0,1,"वर,स,सरो,ोवर,र,सर","s̪ə,ɾ,s̪,əɾ,ʋəɾ,s̪əɾ",र,"ɾ,əɾ",र,"ɾ,əɾ"
5666,सर्कल,सर्कल,s̪əɾkəl,circle,NotAppl,M,4,underived,,,0,0,inanimate,M,Abstract,1,0,0,"स,सर,सर्,कल,्कल,ल","kəl,s̪ə,əl,s̪,l,s̪əɾ",,əl,,
5667,सर्किट,सर्किट,s̪əɾkɪʈ,circuit,NotAppl,M,4,underived,,,0,0,inanimate,O,Artifact,1,0,0,"स,ट,सर,सर्,किट,िट","ɪʈ,s̪ə,ʈ,s̪,s̪əɾ,kɪʈ",,ɪʈ,,
5669,सर्कुलर,सर्कुलर,s̪əɾkuləɾ,circular,NotAppl,M,4,underived,,,0,0,inanimate,O,Artifact,1,0,0,"स,ुलर,र,सर,सर्,लर","s̪ə,ɾ,s̪,əɾ,s̪əɾ,ləɾ",र,"ɾ,əɾ",र,"ɾ,əɾ"
5670,सर्च,सर्च,s̪əɾt͡ʃ,search,neutral,F,3,underived,,,0,0,inanimate,X,Common Noun,1,0,0,"स,्च,सर,सर्,र्च,च","ɾt͡ʃ,t͡ʃ,əɾt͡ʃ,s̪ə,s̪,s̪əɾ",्च,,,
5671,सर्च,सर्च,s̪əɾt͡ʃ,search,neutral,M,4,underived,,,0,0,inanimate,X,Abstract,1,0,0,"स,्च,सर,सर्,र्च,च","ɾt͡ʃ,t͡ʃ,əɾt͡ʃ,s̪ə,s̪,s̪əɾ",्च,,,
5672,सर्जन,सर्जन,s̪əɾd͡ʒən̪,surgeon,NotAppl,M,4,underived,,,0,0,animate,B,Person,0,0,1,"स,सर,सर्,न,जन,्जन","n̪,s̪ə,s̪,d͡ʒən̪,ən̪,s̪əɾ",,,,
5673,सर्जरी,सर्जर,s̪əɾd͡ʒəɾ,surgery,NotAppl,F,1,underived,,,0,0,inanimate,B,Physical,1,0,0,"स,र,सर,सर्,्जर,जर","d͡ʒəɾ,s̪ə,ɾ,s̪,əɾ,s̪əɾ",र,"ɾ,əɾ",र,"ɾ,əɾ"
5674,सर्टिफिकेट,सर्टिफिकेट,s̪əɾʈɪpʰɪkeːʈ,certificate,NotAppl,M,4,underived,,,0,0,inanimate,Q,Artifact,1,0,0,"स,ट,सर,सर्,ेट,केट","s̪ə,eːʈ,ʈ,keːʈ,s̪,s̪əɾ",,,,
5676,सर्दी,सर्द,s̪əɾd̪,winter,NotAppl,F,1,underived,,,0,0,inanimate,T,Season,0,1,0,"द,स,्द,सर,सर्,र्द","d̪,ɾd̪,s̪ə,əɾd̪,s̪,s̪əɾ",,,,
5677,सर्वर,सर्वर,s̪əɾʋəɾ,server,NotAppl,M,4,underived,,,0,0,inanimate,F,Common Noun,0,0,0,"वर,स,र,सर,सर्,्वर","s̪ə,ɾ,s̪,əɾ,ʋəɾ,s̪əɾ",र,"ɾ,əɾ",र,"ɾ,əɾ"
5678,सर्वसम्मति,सर्वसम्मत,s̪əɾʋəs̪əmmət̪,consensus,NotAppl,F,1,underived,,,1,0,inanimate,A,Abstract,0,0,0,"स,मत,सर्,सर,त,्मत","t̪,mət̪,s̪ə,ət̪,s̪,s̪əɾ",त,t̪,त,t̪
5679,सर्वसहमति,सर्वसहमत,s̪əɾʋəs̪əɦmət̪,consensus,NotAppl,F,1,underived,,,1,0,inanimate,A,State,0,0,0,"स,मत,सर्,सर,त,हमत","t̪,mət̪,s̪ə,ət̪,s̪,s̪əɾ",त,t̪,त,t̪
5680,सर्विलांस,सर्विलांस,s̪əɾʋɪlɑ̃ːs̪,surveillance,NotAppl,M,4,underived,,,0,0,inanimate,X,Physical State,1,0,0,"स,ंस,सर,सर्,ांस","lɑ̃ːs̪,ɑ̃ːs̪,s̪ə,s̪,s̪əɾ",,,,
5681,सर्विस,सर्विस,s̪əɾʋɪs̪,service,NotAppl,F,3,underived,,,0,0,inanimate,S,Action,1,0,0,"स,सर,सर्,िस,विस","ʋɪs̪,ɪs̪,s̪ə,s̪,s̪əɾ",,,,
5682,सर्वे,सर्व,s̪əɾʋ,survey,NotAppl,M,4,underived,,,0,0,inanimate,X,Physical,1,0,0,"स,व,्व,सर,सर्,र्व","əɾʋ,s̪ə,ʋ,s̪,ɾʋ,s̪əɾ","व,्व,र्व","ʋ,ɾʋ",व,ʋ
5683,सर्वेक्षण,सर्वेक्षण,s̪əɾʋeːkʂəɳ,survey,NotAppl,M,4,underived,,,1,0,inanimate,X,Physical,0,0,0,"स,सर,सर्,षण,्षण,ण","əɳ,s̪ə,ʂəɳ,s̪,ɳ,s̪əɾ",षण,"əɳ,ʂəɳ",,əɳ
5684,सर्वेयर,सर्वेयर,s̪əɾʋeːjəɾ,surveyor,NotAppl,M,4,underived,,,0,0,animate,W,Occupation,1,0,0,"स,यर,र,ेयर,सर,सर्","jəɾ,s̪ə,ɾ,s̪,əɾ,s̪əɾ",र,"ɾ,əɾ",र,"ɾ,əɾ"
5685,सर्वोदय,सर्वोदय,s̪əɾʋoːd̪jə,sarvodaya,NotAppl,M,4,underived,,,0,0,animate,Z,Social,0,0,0,"स,सर,सर्,य,दय,ोदय","d̪jə,s̪ə,ə,s̪,jə,s̪əɾ",य,jə,य,jə
5686,सलवार,सलवार,s̪əlʋɑːɾ,salwar,NotAppl,F,3,underived,,,0,0,inanimate,Z,Artifact,0,0,0,"स,सल,र,ार,सलव,वार","s̪ə,ɾ,ɑːɾ,s̪,s̪əl,ʋɑːɾ","र,ार","ɾ,ɑːɾ",र,ɾ
5687,सलाख,सलाख,s̪əlɑːkʰ,bars,NotAppl,F,3,underived,,,0,0,inanimate,F,Artifact,0,0,0,"स,सला,सल,ख,लाख,ाख","ɑːkʰ,s̪ə,s̪,s̪əl,kʰ,lɑːkʰ",,,,
5688,सलाम,सलाम,s̪əlɑːm,greetings!,NotAppl,M,4,underived,,,0,0,inanimate,Q,Action,0,1,0,"स,सला,सल,म,लाम,ाम","s̪ə,m,lɑːm,s̪,s̪əl,ɑːm",,,,
5689,सलामती,सलामत,s̪əlɑːmət̪,safety,NotAppl,F,1,underived,,,0,0,inanimate,A,State,0,1,0,"स,सला,सल,ामत,मत,त","t̪,mət̪,s̪ə,ət̪,s̪,s̪əl",त,t̪,त,t̪
5690,सलामी,सलाम,s̪əlɑːm,salute,NotAppl,F,1,underived,,,0,0,inanimate,S,Physical,0,1,0,"स,सला,सल,म,लाम,ाम","s̪ə,m,lɑːm,s̪,s̪əl,ɑːm",,,,
5691,सलाह,सलाह,s̪əlɑːɦ,advice,NotAppl,F,3,underived,,,0,0,inanimate,Q,Abstract,0,1,0,"स,सला,सल,ाह,ह,लाह","ɑːɦ,ɦ,s̪ə,lɑːɦ,s̪,s̪əl",ाह,ɑːɦ,,
5692,सलाहकार,सलाहकार,s̪əlɑːɦkɑːɾ,consultant,NotAppl,M,4,agentive_activity1,agentive_activity1,agentive_activity1,0,1,animate,B,Person,0,0,0,"स,सला,सल,ार,र,कार","kɑːɾ,s̪ə,ɾ,ɑːɾ,s̪,s̪əl","ार,र","ɾ,ɑːɾ",र,ɾ
5693,सलीका,सलीक,s̪əliːk,style,NotAppl,M,2,underived,,,0,0,inanimate,X,STY,0,0,0,"स,सल,सली,क,ीक,लीक","k,s̪ə,liːk,s̪,s̪əl,iːk",,,,
5694,सल्फर,सल्फर,s̪əlpʰəɾ,sulfur,NotAppl,M,4,underived,,,0,0,inanimate,Z,Chemical,1,0,0,"स,सल,र,सल्,फर,्फर","s̪ə,ɾ,s̪,pʰəɾ,əɾ,s̪əl",र,"ɾ,əɾ",र,"ɾ,əɾ"
5695,सवर्ण,सवर्ण,s̪əʋəɾɳ,upper caste,NotAppl,M,4,underived,,,0,0,animate,M,Person,0,0,1,"स,सव,सवर,्ण,र्ण,ण","ɾɳ,əɾɳ,s̪ə,s̪,s̪əʋ,ɳ",,,,
5696,सवार,सवार,s̪əʋɑːɾ,rider,NotAppl,M,4,underived,,,0,0,animate,L,Person,0,1,0,"स,र,ार,सव,सवा,वार","s̪ə,ɾ,ɑːɾ,s̪,s̪əʋ,ʋɑːɾ","र,ार","ɾ,ɑːɾ",र,ɾ
5697,सवारी,सवार,s̪əʋɑːɾ,ride,NotAppl,F,1,underived,,,0,0,inanimate,K,Object,0,1,0,"स,र,ार,सव,सवा,वार","s̪ə,ɾ,ɑːɾ,s̪,s̪əʋ,ʋɑːɾ","र,ार","ɾ,ɑːɾ",र,ɾ
5698,सवाल,सवाल,s̪əʋɑːl,question,NotAppl,M,4,underived,,,0,0,inanimate,Q,Cognition,0,1,0,"स,सव,ाल,सवा,वाल,ल","s̪ə,s̪,l,s̪əʋ,ʋɑːl,ɑːl",,,,
5699,सवालनामा,सवालनामा,s̪əʋɑːln̪ɑːmɑː,questionnaire,NotAppl,M,0,underived,,,1,0,inanimate,Q,Cognition,0,0,0,"मा,स,ा,सव,सवा,ामा","ɑː,mɑː,s̪ə,s̪,s̪əʋ,ɑːmɑː",ा,,ा,
5700,सवेर,सवेर,s̪əʋeːɾ,in the morning,NotAppl,F,3,underived,,,0,0,inanimate,Z,Time,0,0,0,"स,र,वेर,सव,ेर,सवे","ʋeːɾ,s̪ə,ɾ,s̪,s̪əʋ,eːɾ",र,ɾ,र,ɾ
5701,सवेरा,सवेर,s̪əʋeːɾ,morning,NotAppl,M,2,underived,,,0,0,inanimate,T,Period,0,0,0,"स,र,वेर,सव,ेर,सवे","ʋeːɾ,s̪ə,ɾ,s̪,s̪əʋ,eːɾ",र,ɾ,र,ɾ
5702,सशक्तिकरण,सशक्तिकरण,s̪əʃəkt̪ɪkɾəɳ,empowerment,NotAppl,M,4,underived,,,1,0,inanimate,S,Action,0,0,0,"करण,स,सश,रण,सशक,ण","əɳ,s̪əʃ,s̪ə,ɾəɳ,s̪,ɳ",रण,"əɳ,ɾəɳ",,"əɳ,ɾəɳ"
5703,ससुर,ससुर,s̪əs̪uɾ,father-in-law,NotAppl,M,4,underived,,,0,0,animate,S,Person,0,0,0,"सुर,स,र,ससु,ुर,सस","s̪uɾ,s̪ə,s̪əs̪,ɾ,s̪,uɾ",र,ɾ,र,ɾ
5704,सस्ता,सस्त,s̪əs̪t̪,cheap,NotAppl,M,2,underived,,,0,0,inanimate,I,Qualitative,0,0,0,"स,्त,स्त,त,सस,सस्","t̪,əs̪t̪,s̪ə,s̪əs̪,s̪,s̪t̪","्त,त",t̪,"्त,त",t̪
5705,सस्पेंशन,सस्पेंशन,s̪əs̪pẽːʃən̪,suspension,NotAppl,M,4,underived,,,0,0,inanimate,T,Artifact,1,0,0,"स,शन,ंशन,न,सस,सस्","n̪,s̪ə,s̪əs̪,s̪,ən̪,ʃən̪",शन,ʃən̪,,
5706,सह,सह,s̪əɦ,associate,neutral,F,3,underived,,,0,0,animate,S,Verb of Action,0,0,0,"स,ह,सह","ɦ,əɦ,s̪ə,s̪,s̪əɦ",,,,
5707,सह,सह,s̪əɦ,associate,neutral,M,4,underived,,,0,0,animate,S,Verb of Action,0,0,0,"स,ह,सह","ɦ,əɦ,s̪ə,s̪,s̪əɦ",,,,
5708,सहकर्मी,सहकर्मी,s̪əɦkəɾmiː,colleague,NotAppl,M,4,underived,,,1,0,animate,I,Person,0,0,0,"स,मी,सहक,सह,्मी,ी","iː,s̪ə,ɾmiː,s̪,s̪əɦ,miː",ी,,ी,
5709,सहजन,सहजन,s̪əɦd͡ʒən̪,drumstick,NotAppl,M,4,underived,,,0,0,inanimate,F,Edible,0,0,0,"स,सहज,न,जन,सह,हजन","n̪,s̪ə,s̪,s̪əɦ,d͡ʒən̪,ən̪",,,,
5710,सहन,सहन,s̪əɦən̪,tolerate,NotAppl,M,4,underived,,,0,0,inanimate,E,Action,0,0,1,"स,न,सहन,सह,हन","n̪,s̪ə,ɦən̪,s̪,s̪əɦ,ən̪",,,,
5711,सहपाठी,सहपाठी,s̪əɦpɑːʈʰiː,classmates,NotAppl,M,4,underived,,,1,0,animate,S,Person,0,0,1,"स,ठी,सह,सहप,ाठी,ी","iː,ʈʰiː,s̪ə,s̪,s̪əɦ,ɑːʈʰiː",ी,,ी,
5712,सहमति,सहमत,s̪əɦmət̪,consent,NotAppl,F,1,underived,,,0,0,inanimate,S,Communication,0,0,1,"स,सहम,मत,त,हमत,सह","t̪,mət̪,s̪ə,ət̪,s̪,s̪əɦ",त,t̪,त,t̪
5713,सहयोग,सहयोग,s̪əɦjoːɡ,collaboration,NotAppl,M,0,underived,,,0,0,inanimate,S,Action,0,0,1,"सहय,स,योग,ोग,ग,सह","oːɡ,joːɡ,s̪ə,s̪,s̪əɦ,ɡ","योग,ोग,ग","oːɡ,joːɡ,ɡ",,ɡ
5714,सहयोगी,सहयोग,s̪əɦjoːɡ,associate,NotAppl,M,4,underived,,,1,0,animate,S,Person,0,0,1,"सहय,स,योग,ोग,ग,सह","oːɡ,joːɡ,s̪ə,s̪,s̪əɦ,ɡ","योग,ोग,ग","oːɡ,joːɡ,ɡ",,ɡ
5715,सहानुभूति,सहानुभूत,s̪əɦɑːn̪ubʰuːt̪,sympathy,NotAppl,F,1,underived,,,1,0,inanimate,X,Psychological Feature,0,0,1,"स,ूत,त,भूत,सह,सहा","bʰuːt̪,t̪,uːt̪,s̪ə,s̪,s̪əɦ",त,t̪,त,t̪
5716,सहायक,सहायक,s̪əɦɑːjək,assistant,NotAppl,M,4,underived,,,0,0,animate,S,Person,0,0,1,"स,ायक,यक,क,सह,सहा","k,ək,s̪ə,s̪,s̪əɦ,jək",,ək,,
5717,सहायता,सहायता,s̪əɦɑːjt̪ɑː,help,NotAppl,F,3,abstract8,abstract8,abstract8,0,1,inanimate,S,Action,0,0,1,"स,ा,ता,यता,सह,सहा","jt̪ɑː,ɑː,s̪ə,s̪,s̪əɦ,t̪ɑː","ा,यता",jt̪ɑː,ा,
5718,सहारा,सहार,s̪əɦɑːɾ,support,NotAppl,M,2,agentive_occupation4,,,0,1,inanimate,S,Object,0,0,0,"स,ार,र,हार,सह,सहा","ɦɑːɾ,s̪ə,ɾ,ɑːɾ,s̪,s̪əɦ","ार,र","ɾ,ɑːɾ",र,ɾ
5719,सहिष्णुता,सहिष्णुता,s̪əɦɪʂɳut̪ɑː,tolerance,NotAppl,F,3,abstract8,abstract8,abstract8,0,1,inanimate,S,State,0,0,1,"स,ुता,ा,ता,सहि,सह","ɑː,ut̪ɑː,s̪ə,s̪,s̪əɦ,t̪ɑː","ुता,ा",ut̪ɑː,ा,
5720,सहूलियत,सहूलियत,s̪əɦuːlɪjət̪,convenience,NotAppl,F,3,underived,,,0,0,inanimate,A,State,0,0,0,"सहू,स,यत,त,सह,ियत","t̪,jət̪,s̪ə,ət̪,s̪,s̪əɦ","यत,त,ियत","t̪,jət̪","यत,त","t̪,jət̪"
5721,सहेली,सहेल,s̪əɦeːl,friend,NotAppl,F,1,underived,,,0,0,animate,S,Person,0,0,0,"स,ेल,ल,हेल,सह,सहे","ɦeːl,s̪ə,s̪,s̪əɦ,l,eːl",,,,
5722,साँप,साँप,s̪ɑ̃ːp,snake,NotAppl,M,4,underived,,,0,0,animate,L,Reptile,0,0,0,"स,प,साँ,सा,ाँप,ँप","s̪ɑ̃ː,p,s̪,s̪ɑ̃ːp,ɑ̃ːp",सा,,,
5723,साँस,साँस,s̪ɑ̃ːs̪,breath,NotAppl,F,3,underived,,,0,0,inanimate,B,Physical,0,0,0,"स,साँ,सा,ँस,ाँस","ɑ̃ːs̪,s̪ɑ̃ːs̪,s̪,s̪ɑ̃ː",सा,,,
5724,साँसत,साँसत,s̪ɑ̃ːs̪ət̪,breathless,NotAppl,F,3,underived,,,0,0,inanimate,B,Anti-social,0,0,0,"स,सत,ँसत,साँ,त,सा","t̪,s̪ɑ̃ː,s̪ət̪,s̪ɑ̃ːs̪,ət̪,s̪","सत,त,सा","t̪,s̪ət̪",त,t̪
5725,सांख्यिकी,सांख्यिकी,s̪ɑ̃ːkʰjɪkiː,statistics,NotAppl,M,4,agentive_occupation3,,,0,1,inanimate,N,property,0,0,0,"स,िकी,की,सा,सां,ी","iː,ɪkiː,s̪ɑ̃ː,kiː,s̪ɑ̃ːkʰ,s̪","सा,ी",,ी,
5726,सांठगांठ,सांठगांठ,s̪ɑ̃ːʈʰɡɑ̃ːʈʰ,collusion,NotAppl,F,3,underived,,,1,0,inanimate,G,Anti-social,0,0,0,"स,सा,सां,ांठ,ठ,ंठ","ʈʰ,s̪ɑ̃ː,ɑ̃ːʈʰ,s̪ɑ̃ːʈʰ,s̪,ɡɑ̃ːʈʰ",सा,,,
5728,सांप्रदायिकता,सांप्रदायिकता,s̪ɑ̃ːpɾəd̪ɑːjɪkt̪ɑː,communalism,NotAppl,F,3,abstract8,abstract8,abstract8,0,1,inanimate,Z,Mental State,0,0,1,"स,ा,ता,सा,कता,सां","s̪ɑ̃ː,ɑː,kt̪ɑː,s̪,t̪ɑː,s̪ɑ̃ːp","ा,सा,कता",kt̪ɑː,ा,
5730,सांसद,सांसद,s̪ɑ̃ːs̪əd̪,mp,neutral,F,3,underived,,,0,0,animate,Z,Person,0,0,1,"द,स,ंसद,सा,सां,सद","d̪,əd̪,s̪ɑ̃ː,s̪ɑ̃ːs̪,s̪əd̪,s̪",सा,,,
5731,सांसद,सांसद,s̪ɑ̃ːs̪əd̪,mp,neutral,M,4,underived,,,0,0,animate,Z,Person,0,0,1,"द,स,ंसद,सा,सां,सद","d̪,əd̪,s̪ɑ̃ː,s̪ɑ̃ːs̪,s̪əd̪,s̪",सा,,,
5732,साइंस,साइंस,s̪ɑːɪ̃s̪,science,NotAppl,F,3,underived,,,0,0,inanimate,Y,Cognition,1,0,0,"स,इंस,ंस,सा,साइ","ɑːɪ̃s̪,s̪,ɪ̃s̪,s̪ɑː,s̪ɑːɪ̃",सा,,,
5734,साइकिल,साइकिल,s̪ɑːɪkɪl,bicycle,NotAppl,F,3,underived,,,0,0,inanimate,M,Artifact,1,0,0,"स,किल,सा,ल,साइ,िल","ɪl,s̪ɑːɪ,s̪,l,s̪ɑː,kɪl",सा,,,
5735,साइज,साइज,s̪ɑːɪd͡ʒ,size,NotAppl,M,4,underived,,,0,0,inanimate,N,property,1,0,0,"स,ाइज,सा,ज,इज,साइ","s̪ɑːɪ,d͡ʒ,ɑːɪd͡ʒ,s̪,s̪ɑː,ɪd͡ʒ",सा,,,
5736,साइट,साइट,s̪ɑːɪʈ,site,neutral,F,3,underived,,,0,0,inanimate,M,Group,1,0,0,"ट,स,इट,सा,ाइट,साइ","ɪʈ,s̪ɑːɪ,ʈ,ɑːɪʈ,s̪,s̪ɑː","इट,सा,ाइट","ɪʈ,ɑːɪʈ",,
5737,साइट,साइट,s̪ɑːɪʈ,site,neutral,M,4,underived,,,0,0,inanimate,M,Group,1,0,0,"ट,स,इट,सा,ाइट,साइ","ɪʈ,s̪ɑːɪ,ʈ,ɑːɪʈ,s̪,s̪ɑː","इट,सा,ाइट","ɪʈ,ɑːɪʈ",,
5738,साइबर,साइबर,s̪ɑːɪbəɾ,cyber,NotAppl,M,4,underived,,,0,0,inanimate,Y,Relational,1,0,0,"स,र,बर,सा,इबर,साइ","s̪ɑːɪ,ɾ,s̪,bəɾ,əɾ,s̪ɑː","र,सा","ɾ,əɾ",र,"ɾ,əɾ"
5739,साईकिल,साईकिल,s̪ɑːiːkɪl,bicycle,NotAppl,F,3,underived,,,0,0,inanimate,M,Common Noun,1,0,0,"स,किल,सा,साई,ल,िल","s̪ɑːiː,ɪl,s̪,l,s̪ɑː,kɪl",सा,,,
5740,साक्षरता,साक्षरता,s̪ɑːkʂəɾt̪ɑː,literacy,NotAppl,F,3,underived,,,0,0,inanimate,Z,Abstract,0,0,1,"स,ा,साक,ता,सा,रता","ɾt̪ɑː,ɑː,s̪ɑːk,s̪,t̪ɑː,s̪ɑː","ा,सा,रता",ɾt̪ɑː,ा,
5741,साक्षात्कार,साक्षात्कार,s̪ɑːkʂɑːt̪kɑːɾ,interview,NotAppl,M,4,agentive_activity1,agentive_activity1,agentive_activity1,0,1,inanimate,Q,Communication,0,0,0,"स,साक,र,ार,सा,कार","kɑːɾ,s̪ɑːk,ɾ,ɑːɾ,s̪,s̪ɑː","र,ार,सा","ɾ,ɑːɾ",र,ɾ
5742,साक्षी,साक्ष,s̪ɑːkʂ,witness,neutral,F,1,underived,,,0,0,animate,G,Person,0,0,1,"्ष,स,साक,ष,क्ष,सा","kʂ,s̪ɑːk,s̪,ɑːkʂ,ʂ,s̪ɑː","ष,सा",ʂ,,
5743,साक्षी,साक्षी,s̪ɑːkʂiː,witness,neutral,M,4,underived,,,0,0,animate,G,Person,0,0,1,"स,साक,्षी,सा,षी,ी","iː,kʂiː,s̪ɑːk,s̪,ʂiː,s̪ɑː","सा,ी",,ी,
5744,साक्ष्य,साक्ष्य,s̪ɑːkʂjə,evidence,NotAppl,M,4,underived,,,0,0,inanimate,A,Abstract,0,0,1,"स,्य,साक,ष्य,य,सा","s̪ɑːk,ə,s̪,ʂjə,jə,s̪ɑː","्य,य,सा","ʂjə,jə",य,jə
5745,साख,साख,s̪ɑːkʰ,credit,neutral,F,3,underived,,,0,0,inanimate,I,Social State,0,1,0,"स,ख,ाख,सा,साख","ɑːkʰ,s̪ɑːkʰ,s̪,kʰ,s̪ɑː",सा,,,
5746,साख,साख,s̪ɑːkʰ,credit,neutral,M,4,underived,,,0,0,inanimate,I,Social State,0,1,0,"स,ख,ाख,सा,साख","ɑːkʰ,s̪ɑːkʰ,s̪,kʰ,s̪ɑː",सा,,,
5747,साजिश,साजिश,s̪ɑːd͡ʒɪʃ,conspiracy,NotAppl,F,3,underived,,,0,0,inanimate,G,Anti-social,0,0,0,"स,िश,श,सा,जिश,साज","ʃ,d͡ʒɪʃ,s̪,s̪ɑːd͡ʒ,ɪʃ,s̪ɑː","िश,सा",,,
5748,साजिशकर्ता,साजिशकर्ता,s̪ɑːd͡ʒɪʃkəɾt̪ɑː,conspirators,NotAppl,M,4,underived,,,1,0,animate,G,Person,0,0,0,"स,ा,ता,सा,्ता,साज","ɾt̪ɑː,ɑː,s̪,t̪ɑː,s̪ɑːd͡ʒ,s̪ɑː","ा,सा",ɾt̪ɑː,ा,
5749,साझा,साझ,s̪ɑːd͡ʒʰ,shared,NotAppl,M,2,underived,,,0,0,inanimate,S,State,0,0,0,"स,साझ,ाझ,सा,झ","s̪ɑːd͡ʒʰ,d͡ʒʰ,s̪,ɑːd͡ʒʰ,s̪ɑː",सा,,,
5750,साझीदार,साझीदार,s̪ɑːd͡ʒʰiːd̪ɑːɾ,partners,NotAppl,F,3,agentive3,,,0,1,animate,S,Person,0,0,0,"स,र,ार,साझ,सा,दार","s̪ɑːd͡ʒʰ,ɾ,ɑːɾ,s̪,d̪ɑːɾ,s̪ɑː","र,ार,सा","ɾ,ɑːɾ",र,ɾ
5752,साझेदारी,साझेदार,s̪ɑːd͡ʒʰeːd̪ɑːɾ,partnership,NotAppl,F,1,underived,,,1,0,inanimate,S,State,0,0,0,"स,र,ार,साझ,सा,दार","s̪ɑːd͡ʒʰ,ɾ,ɑːɾ,s̪,d̪ɑːɾ,s̪ɑː","र,ार,सा","ɾ,ɑːɾ",र,ɾ
5753,साड़ी,साड़,s̪ɑːɽ,saree,NotAppl,F,1,underived,,,0,0,inanimate,Z,Artifact,0,0,0,"स,ाड़,़,ड़,सा,साड","s̪ɑːɽ,ɑːɽ,ɽ,s̪,s̪ɑː","ाड़,़,ड़,सा","ɑːɽ,ɽ",़,
5755,साथ,साथ,s̪ɑːt̪ʰ,with,NotAppl,M,4,underived,,,0,0,inanimate,Z,Action,0,0,0,"स,साथ,ाथ,सा,थ","t̪ʰ,s̪ɑːt̪ʰ,s̪,ɑːt̪ʰ,s̪ɑː",सा,,,
5756,साथी,साथी,s̪ɑːt̪ʰiː,partner,NotAppl,M,4,agentive_occupation3,,,0,1,animate,S,Person,0,0,0,"स,ाथी,साथ,सा,थी,ी","iː,s̪ɑːt̪ʰ,s̪,t̪ʰiː,ɑːt̪ʰiː,s̪ɑː","सा,ी",,ी,
5757,सादगी,सादग,s̪ɑːd̪əɡ,simplicity,NotAppl,F,1,underived,,,0,0,inanimate,A,State,0,1,0,"स,ादग,सा,दग,ग,साद","əɡ,d̪əɡ,s̪,ɡ,s̪ɑːd̪,s̪ɑː","सा,दग,ग","əɡ,d̪əɡ,ɡ",,ɡ
5758,साधक,साधक,s̪ɑːd̪ʰək,seeker,NotAppl,M,4,underived,,,0,0,animate,X,Person,0,0,1,"स,धक,ाधक,सा,क,साध","k,ək,d̪ʰək,s̪,s̪ɑː,s̪ɑːd̪ʰ",सा,ək,,
5759,साधन,साधन,s̪ɑːd̪ʰən̪,resource,NotAppl,M,4,underived,,,0,0,inanimate,A,Object,0,0,1,"ाधन,स,धन,न,सा,साध","ən̪,s̪,d̪ʰən̪,n̪,s̪ɑː,s̪ɑːd̪ʰ","धन,सा",d̪ʰən̪,,
5760,साधु,साध,s̪ɑːd̪ʰ,saint,NotAppl,M,4,underived,,,0,0,animate,S,Person,0,0,1,"स,सा,ध,ाध,साध","d̪ʰ,s̪,ɑːd̪ʰ,s̪ɑː,s̪ɑːd̪ʰ",सा,,,
5761,साध्वी,साध्व,s̪ɑːd̪ʰʋ,sadhvi,NotAppl,F,1,underived,,,0,0,animate,Z,Person,0,0,1,"स,व,ध्व,्व,सा,साध","ɑːd̪ʰʋ,ʋ,d̪ʰʋ,s̪,s̪ɑː,s̪ɑːd̪ʰ","व,्व,सा",ʋ,व,ʋ
5762,साप्ताहिक,साप्ताहिक,s̪ɑːpt̪ɑːɦɪk,weekly,NotAppl,M,0,underived,,,0,0,inanimate,N,Artifact,0,0,1,"स,साप,िक,सा,क,हिक","k,ɪk,s̪,ɦɪk,s̪ɑː,s̪ɑːp",सा,,,
5763,साफगोई,साफगो,s̪ɑːpʰɡoː,candor,NotAppl,F,1,abstract1,abstract1,abstract1,0,1,inanimate,Z,Action,0,0,0,"स,गो,सा,साफ,ो,फगो","ɡoː,pʰɡoː,oː,s̪,s̪ɑːpʰ,s̪ɑː",सा,,,
5764,साफतौर,साफतौर,s̪ɑːpʰt̪əuɾ,clearly,NotAppl,M,0,underived,,,1,0,inanimate,A,Common Noun,0,0,0,"स,ौर,तौर,र,सा,साफ","ɾ,s̪,s̪ɑːpʰ,əuɾ,s̪ɑː,uɾ","र,सा",ɾ,र,ɾ
5766,सामंजस्य,सामंजस्य,s̪ɑːmə̃d͡ʒs̪jə,harmony,NotAppl,M,4,underived,,,1,0,inanimate,S,Perception,0,0,1,"स,्य,साम,स्य,य,सा","s̪jə,s̪ɑːm,ə,s̪,jə,s̪ɑː","्य,य,सा",jə,य,jə
5767,सामग्री,सामग्री,s̪ɑːməɡɾiː,material,NotAppl,F,4,underived,,,0,0,inanimate,O,Object,0,0,1,"स,री,साम,सा,्री,ी","iː,ɡɾiː,s̪ɑːm,s̪,ɾiː,s̪ɑː","सा,ी",,ी,
5768,सामना,सामन,s̪ɑːmən̪,confront,NotAppl,M,2,underived,,,0,0,inanimate,A,Action,0,0,0,"स,साम,मन,न,सा,ामन","ən̪,mən̪,s̪ɑːm,s̪,n̪,s̪ɑː","मन,सा",mən̪,,
5769,सामान,सामान,s̪ɑːmɑːn̪,stuff,NotAppl,M,4,underived,,,0,0,inanimate,O,Object,0,1,0,"ान,स,साम,न,सा,मान","ɑːn̪,s̪ɑːm,s̪,mɑːn̪,n̪,s̪ɑː",सा,,,
5770,सामान्य,सामान्य,s̪ɑːmɑːn̪jə,general,NotAppl,M,0,underived,,,0,0,inanimate,N,Qualitative,0,0,1,"स,्य,साम,य,सा,न्य","s̪ɑːm,ə,s̪,jə,s̪ɑː,n̪jə","्य,य,सा",jə,य,jə
5771,साम्राज्ञी,साम्राज्ञ,s̪ɑːmɾɑːd͡ʒɲ,empress,NotAppl,F,1,agentive_occupation3,,,0,1,animate,S,Mythological Character,0,0,0,"स,्ञ,साम,ज्ञ,सा,ञ","ɲ,ɑːd͡ʒɲ,s̪ɑːm,s̪,d͡ʒɲ,s̪ɑː",सा,,,
5772,साम्राज्य,साम्राज्य,s̪ɑːmɾɑːd͡ʒjə,empire,NotAppl,M,4,underived,,,0,0,inanimate,G,possession,0,0,1,"स,्य,साम,ज्य,य,सा","s̪ɑːm,ə,s̪,jə,s̪ɑː,d͡ʒjə","्य,य,सा",jə,य,jə
5773,साया,स,s̪,shadow,NotAppl,M,2,underived,,,0,0,inanimate,O,Cognition,0,1,0,स,s̪,,,,
5774,सारांश,सारांश,s̪ɑːɾɑ̃ːʃ,summary,NotAppl,M,4,underived,,,0,0,inanimate,Q,property,0,0,0,"स,श,सार,ांश,ंश,सा","ʃ,ɾɑ̃ːʃ,s̪ɑːɾ,s̪,ɑ̃ːʃ,s̪ɑː","सार,सा",s̪ɑːɾ,,
5775,सार्क,सार्क,s̪ɑːɾk,saarc,NotAppl,M,4,underived,,,0,0,inanimate,Z,Group,0,0,0,"स,र्क,्क,सार,सा,क","k,ɾk,s̪ɑːɾ,s̪,ɑːɾk,s̪ɑː","र्क,सार,सा","ɾk,s̪ɑːɾ",,
5776,साल,साल,s̪ɑːl,year,homophones,F,3,underived,,,0,0,inanimate,T,Abstract,0,1,0,"स,साल,ाल,सा,ल","s̪ɑːl,s̪,l,ɑːl,s̪ɑː",सा,,,
5777,साल,साल,s̪ɑːl,year,homophones,M,4,underived,,,0,0,inanimate,T,Abstract,0,1,0,"स,साल,ाल,सा,ल","s̪ɑːl,s̪,l,ɑːl,s̪ɑː",सा,,,
5778,साला,साल,s̪ɑːl,brother-in-law,NotAppl,M,2,underived,,,0,0,animate,S,Person,0,0,0,"स,साल,ाल,सा,ल","s̪ɑːl,s̪,l,ɑːl,s̪ɑː",सा,,,
5779,सालाना,सालाना,s̪ɑːlɑːn̪ɑː,annual,NotAppl,F,3,verbal_noun2,verbal_noun2,,0,1,inanimate,N,Artifact,0,1,0,"स,ाना,ा,साल,ना,सा","s̪ɑːl,ɑː,s̪,n̪ɑː,ɑːn̪ɑː,s̪ɑː","ा,सा",,ा,
5780,साली,साल,s̪ɑːl,sister-in-law,NotAppl,F,1,underived,,,0,0,animate,S,Person,0,1,0,"स,साल,ाल,सा,ल","s̪ɑːl,s̪,l,ɑːl,s̪ɑː",सा,,,
5781,साल्ट,साल्ट,s̪ɑːlʈ,salt,NotAppl,M,0,underived,,,0,0,inanimate,F,Physical State,1,0,0,"स,ट,ल्ट,साल,सा,्ट","s̪ɑːl,ʈ,s̪,ɑːlʈ,lʈ,s̪ɑː",सा,,,
5782,सावधान,सावधान,s̪ɑːʋd̪ʰɑːn̪,attention,NotAppl,M,0,underived,,,0,0,inanimate,X,Qualitative,0,0,1,"ान,स,धान,न,सा,साव","ɑːn̪,d̪ʰɑːn̪,s̪ɑːʋ,s̪,n̪,s̪ɑː",सा,,,
5783,सावधानी,सावधान,s̪ɑːʋd̪ʰɑːn̪,caution,NotAppl,F,1,underived,,,0,0,inanimate,A,State,0,0,1,"ान,स,धान,न,सा,साव","ɑːn̪,d̪ʰɑːn̪,s̪ɑːʋ,s̪,n̪,s̪ɑː",सा,,,
5784,सास,सास,s̪ɑːs̪,mother in law,NotAppl,F,3,underived,,,0,0,animate,S,Person,0,0,0,"ास,स,सास,सा","s̪ɑː,s̪ɑːs̪,s̪,ɑːs̪","ास,सा",,,
5785,साहब,साहब,s̪ɑːɦəb,sir,NotAppl,M,4,underived,,,0,0,inanimate,S,Title,0,1,0,"स,साह,सा,ब,ाहब,हब","ɦəb,s̪ɑːɦ,b,əb,s̪,s̪ɑː",सा,,,
5786,साहस,साहस,s̪ɑːɦəs̪,bravery,NotAppl,M,4,underived,,,0,0,inanimate,E,Quality,0,0,1,"स,ाहस,साह,सा,हस","s̪ɑːɦ,ɦəs̪,s̪,əs̪,s̪ɑː",सा,,,
5787,साहित्यकार,साहित्यकार,s̪ɑːɦɪt̪jəkɑːɾ,litterateur,NotAppl,M,4,agentive_activity1,agentive_activity1,agentive_activity1,0,1,animate,Z,Person,0,0,0,"स,ार,र,साह,सा,कार","s̪ɑːɦ,kɑːɾ,ɾ,ɑːɾ,s̪,s̪ɑː","ार,र,सा","ɾ,ɑːɾ",र,ɾ
5788,साहिबान,साहिबान,s̪ɑːɦɪbɑːn̪,sahibaan,NotAppl,M,4,underived,,,0,0,inanimate,Z,Collective Noun,0,0,0,"ान,स,साह,न,सा,बान","s̪ɑːɦ,ɑːn̪,s̪,n̪,s̪ɑː,bɑːn̪","सा,बान",bɑːn̪,,
5789,सिंचाई,सिंचा,s̪ɪ̃t͡ʃɑː,irrigation,NotAppl,F,1,abstract_concrete,,,0,1,inanimate,A,Physical,0,0,0,"स,सि,ा,ंचा,सिं,चा","t͡ʃɑː,s̪ɪ̃,ɑː,s̪,s̪ɪ̃t͡ʃ,ɪ̃t͡ʃɑː",ा,,ा,
5790,सिंबल,सिंबल,s̪ɪ̃bəl,symbols,NotAppl,M,4,underived,,,0,0,inanimate,A,Abstract,1,0,0,"स,बल,सि,ंबल,सिं,ल","s̪ɪ̃,əl,bəl,s̪ɪ̃b,s̪,l",,əl,,
5791,सिंह,सिंह,s̪ɪ̃ɦ,lion,NotAppl,M,4,underived,,,0,0,animate,L,Mammal,0,0,1,"ंह,स,सि,ह,सिं,िंह","ɪ̃ɦ,ɦ,s̪ɪ̃,s̪ɪ̃ɦ,s̪",,,,
5792,सिक्का,सिक्क,s̪ɪkk,coin,NotAppl,M,2,underived,,,0,0,inanimate,I,Artifact,0,1,0,"स,्क,सि,क्क,सिक,क","kk,k,s̪ɪk,s̪ɪ,s̪,ɪkk",,,,
5794,सिक्योरिटी,सिक्योरिट,s̪ɪkjoːɾɪʈ,security,NotAppl,F,1,underived,,,0,0,inanimate,G,Common Noun,1,0,0,"ट,स,सि,िट,सिक,रिट","ɪʈ,s̪ɪk,s̪ɪ,ʈ,s̪,ɾɪʈ",,ɪʈ,,
5795,सिख,सिख,s̪ɪkʰ,sikh,NotAppl,M,4,underived,,,0,0,animate,Z,Person,0,0,0,"स,सि,ख,िख,सिख","s̪ɪkʰ,ɪkʰ,s̪ɪ,s̪,kʰ",,,,
5796,सिगरेट,सिगरेट,s̪ɪɡɾeːʈ,cigarette,NotAppl,F,4,underived,,,0,0,inanimate,F,Artifact,1,0,0,"स,ट,सि,ेट,रेट,सिग","ɾeːʈ,eːʈ,s̪ɪ,ʈ,s̪,s̪ɪɡ",,,,
5797,सिग्नल,सिग्नल,s̪ɪɡn̪əl,signal,NotAppl,M,4,underived,,,0,0,inanimate,Q,Abstract,1,0,0,"स,नल,सि,ल,्नल,सिग","n̪əl,s̪ɪ,əl,s̪,l,s̪ɪɡ",नल,"n̪əl,əl",,
5798,सिचाई,सिचा,s̪ɪt͡ʃɑː,irrigation,NotAppl,F,1,abstract_concrete,,,0,1,inanimate,A,Physical State,0,0,0,"स,सि,ा,सिच,िचा,चा","s̪ɪt͡ʃ,t͡ʃɑː,ɑː,ɪt͡ʃɑː,s̪ɪ,s̪",ा,,ा,
5799,सिटी,सिट,s̪ɪʈ,city ,NotAppl,F,1,underived,,,0,0,inanimate,M,Physical Place,1,0,0,"स,सिट,ट,सि,िट","ɪʈ,s̪ɪʈ,s̪ɪ,ʈ,s̪",,ɪʈ,,
5800,सितारा,सितार,s̪ɪt̪ɑːɾ,star,NotAppl,M,2,underived,,,0,0,inanimate,Z,Natural Object,0,1,0,"स,तार,सि,ार,र,सित","s̪ɪt̪,s̪ɪ,ɾ,ɑːɾ,s̪,t̪ɑːɾ","ार,र","ɾ,ɑːɾ",र,ɾ
5801,सिद्घांत,सिद्घांत,s̪ɪd̪ɡʰɑ̃ːt̪,theory,NotAppl,M,4,underived,,,0,0,inanimate,X,Abstract,0,0,0,"स,सि,ांत,सिद,त,ंत","ɡʰɑ̃ːt̪,t̪,s̪ɪ,s̪ɪd̪,s̪,ɑ̃ːt̪",त,t̪,त,t̪
5802,सिद्ध,सिद्ध,s̪ɪd̪d̪ʰ,proven,NotAppl,M,4,underived,,,0,0,animate,A,Person,0,0,1,"स,सि,सिद,्ध,ध,द्ध","d̪d̪ʰ,d̪ʰ,s̪ɪ,s̪ɪd̪,s̪,ɪd̪d̪ʰ",,,,
5803,सिद्धांत,सिद्धांत,s̪ɪd̪d̪ʰɑ̃ːt̪,principle,NotAppl,M,4,underived,,,0,0,inanimate,X,Perception,0,0,0,"स,सि,ांत,सिद,त,ंत","t̪,s̪ɪ,s̪ɪd̪,s̪,d̪ʰɑ̃ːt̪,ɑ̃ːt̪",त,t̪,त,t̪
5805,सिद्धि,सिद्ध,s̪ɪd̪d̪ʰ,accomplishment,NotAppl,F,1,underived,,,0,0,inanimate,X,Quality,0,0,1,"स,सि,सिद,्ध,ध,द्ध","d̪d̪ʰ,d̪ʰ,s̪ɪ,s̪ɪd̪,s̪,ɪd̪d̪ʰ",,,,
5806,सिनेमा,सिनेम,s̪ɪn̪eːm,cinema,NotAppl,M,2,underived,,,0,0,inanimate,Q,Communication,0,0,0,"नेम,स,सि,सिन,म,ेम","s̪ɪn̪,m,n̪eːm,eːm,s̪ɪ,s̪",,eːm,,
5807,सिनेमाघर,सिनेमाघर,s̪ɪn̪eːmɑːɡʰəɾ,cinema hall,NotAppl,M,4,underived,,,1,0,inanimate,Z,Physical Place,0,0,0,"स,सि,र,घर,सिन,ाघर","ɡʰəɾ,s̪ɪn̪,s̪ɪ,ɾ,s̪,əɾ","र,घर","ɡʰəɾ,ɾ,əɾ",र,"ɾ,əɾ"
5808,सिपाही,सिपाही,s̪ɪpɑːɦiː,constable,NotAppl,M,4,underived,,,0,0,animate,G,Person,0,1,0,"ाही,स,सि,सिप,ही,ी","iː,ɑːɦiː,s̪ɪp,s̪ɪ,s̪,ɦiː",ी,,ी,
5809,सिफारिश,सिफारिश,s̪ɪpʰɑːɾɪʃ,recommendation,NotAppl,F,3,underived,,,0,0,inanimate,Q,Communication,0,0,0,"स,िश,सि,श,रिश,सिफ","s̪ɪpʰ,ʃ,s̪ɪ,s̪,ɪʃ,ɾɪʃ","िश,रिश",ɾɪʃ,,
5810,सिफारिशी,सिफारिशी,s̪ɪpʰɑːɾɪʃiː,recommendatory,NotAppl,M,4,underived,,,0,0,inanimate,Z,Social,0,0,0,"स,सि,िशी,शी,ी,सिफ","iː,s̪ɪpʰ,ʃiː,ɪʃiː,s̪ɪ,s̪","शी,ी",ʃiː,ी,
5811,सिमी,सिमी,s̪ɪmiː,simi,NotAppl,M,4,underived,,,0,0,inanimate,Z,Common Noun,0,0,0,"स,सि,मी,िमी,सिम,ी","iː,ɪmiː,s̪ɪ,s̪,miː,s̪ɪm",ी,,ी,
5812,सियाचिन,सियाचिन,s̪ɪjɑːt͡ʃɪn̪,siachen,NotAppl,M,4,underived,,,0,0,inanimate,Z,Natural Object,0,0,0,"स,सिय,सि,िन,चिन,न","s̪ɪ,ɪn̪,s̪,n̪,t͡ʃɪn̪,s̪ɪj",,,,
5813,सियासत,सियासत,s̪ɪjɑːs̪ət̪,politics,NotAppl,F,3,underived,,,0,0,inanimate,G,Social,0,1,0,"स,सिय,सि,सत,त,ासत","t̪,s̪ət̪,ət̪,s̪ɪ,s̪,s̪ɪj","सत,त,ासत","t̪,s̪ət̪",त,t̪
5814,सिर,सिर,s̪ɪɾ,head,NotAppl,M,4,underived,,,0,0,inanimate,B,Part of,0,0,0,"स,सि,र,िर,सिर","ɪɾ,s̪ɪɾ,s̪ɪ,ɾ,s̪",र,ɾ,र,ɾ
5815,सिरवाला,सिरवाल,s̪ɪɾʋɑːl,head,NotAppl,M,2,underived,,,1,0,inanimate,B,Part of,0,0,0,"स,सि,सिर,ाल,वाल,ल","s̪ɪɾ,s̪ɪ,s̪,l,ʋɑːl,ɑːl",,,,
5816,सिरा,सिर,s̪ɪɾ,end,NotAppl,M,2,underived,,,0,0,inanimate,M,Part of,0,0,1,"स,सि,र,िर,सिर","ɪɾ,s̪ɪɾ,s̪ɪ,ɾ,s̪",र,ɾ,र,ɾ
5818,सिरीज़,सिरीज़,s̪ɪɾiːz,series,NotAppl,F,3,underived,,,0,0,inanimate,N,Group,1,0,0,"स,सि,ीज़,़,सिर,ज़","s̪ɪɾ,iːz,s̪ɪ,s̪,ɾiːz,z",़,,़,
5819,सिरोपा,सिरोप,s̪ɪɾoːp,siropa,NotAppl,M,2,state_condition1,,,0,1,inanimate,Z,Biological State,0,0,0,"स,रोप,ोप,सि,प,सिर","oːp,s̪ɪɾ,ɾoːp,s̪ɪ,p,s̪",,,,
5820,सिलसिला,सिलसिल,s̪ɪls̪ɪl,continuation,NotAppl,M,2,underived,,,0,0,inanimate,T,State,0,1,0,"स,सि,सिल,ल,िल","ɪl,s̪ɪ,s̪ɪl,s̪,l",,,,
5821,सिलेंडर,सिलेंडर,s̪ɪlẽːɖəɾ,cylinder,NotAppl,M,4,underived,,,0,0,inanimate,O,Artifact,1,0,0,"स,सि,ंडर,र,डर,सिल","s̪ɪ,ɾ,s̪ɪl,s̪,əɾ,ɖəɾ","र,डर","ɾ,əɾ,ɖəɾ",र,"ɾ,əɾ"
5822,सिल्वर,सिल्वर,s̪ɪlʋəɾ,silver,NotAppl,M,4,underived,,,0,0,inanimate,O,Chemical,1,0,0,"वर,स,सि,र,सिल,्वर","s̪ɪ,ɾ,s̪ɪl,s̪,əɾ,ʋəɾ",र,"ɾ,əɾ",र,"ɾ,əɾ"
5823,सिविल,सिविल,s̪ɪʋɪl,civil,NotAppl,M,4,underived,,,0,0,inanimate,G,Common Noun,1,0,0,"स,सि,विल,ल,िल,सिव","ɪl,ʋɪl,s̪ɪ,s̪ɪʋ,s̪,l",,,,
5824,सिविलियन,सिविलियन,s̪ɪʋɪlɪjən̪,civilian,NotAppl,M,4,underived,,,0,0,animate,G,Common Noun,1,0,0,"स,सि,यन,न,ियन,सिव","jən̪,s̪ɪ,ən̪,s̪ɪʋ,s̪,n̪",,,,
5825,सिस्टम,सिस्टम,s̪ɪs̪ʈəm,system,NotAppl,M,4,underived,,,0,0,inanimate,X,Common Noun,1,0,0,"स,सि,म,टम,्टम,सिस","əm,s̪ɪs̪,m,s̪ɪ,s̪,ʈəm",,,,
5826,सिस्टर,सिस्टर,s̪ɪs̪ʈəɾ,sister,NotAppl,F,3,underived,,,0,0,animate,S,Person,1,0,0,"स,सि,र,्टर,टर,सिस","s̪ɪs̪,s̪ɪ,ɾ,s̪,əɾ,ʈəɾ","र,्टर,टर","ɾ,əɾ,ʈəɾ","र,्टर,टर","ɾ,əɾ,ʈəɾ"
5827,सी,स,s̪,c,NotAppl,M,0,underived,,,0,0,inanimate,Z,Physical Place,1,0,0,स,s̪,,,,
5828,सीआईडी,सीआईड,s̪iːɑːiːɖ,cid,NotAppl,M,0,underived,,,0,0,inanimate,Z,Abbreviation,1,0,0,"स,ड,सी,ईड,आईड,सीआ","ɑːiːɖ,ɖ,iːɖ,s̪iːɑː,s̪iː,s̪",,,,
5829,सीईओ,सीई,s̪iːiː,ceo,NotAppl,M,0,underived,,,0,0,animate,Z,Person,1,0,0,"स,सीई,सी,ई,ीई","iː,iːiː,s̪iː,s̪iːiː,s̪",,,,
5830,सीईटी,सीईट,s̪iːiːʈ,cet,neutral,F,0,underived,,,0,0,inanimate,Z,Abbreviation,1,0,0,"स,सीई,ट,सी,ीईट,ईट","iːiːʈ,s̪iː,ʈ,s̪iːiː,s̪,iːʈ",,,,
5831,सीईटी,सीईट,s̪iːiːʈ,cet,neutral,M,0,underived,,,0,0,inanimate,Z,Abbreviation,1,0,0,"स,सीई,ट,सी,ीईट,ईट","iːiːʈ,s̪iː,ʈ,s̪iːiː,s̪,iːʈ",,,,
5832,सीओ,सी,s̪iː,co,NotAppl,M,0,underived,,,0,0,inanimate,I,Physical Place,1,0,0,"स,ी,सी","iː,s̪iː,s̪",ी,,ी,
5833,सीक्रेट,सीक्रेट,s̪iːkɾeːʈ,the secret,NotAppl,M,4,underived,,,0,0,inanimate,Z,Qualitative,1,0,0,"ट,स,सी,सीक,ेट,रेट","s̪iːk,ɾeːʈ,s̪iː,eːʈ,ʈ,s̪",,,,
5834,सीक्वन,सीक्वन,s̪iːkʋən̪,sequence,NotAppl,M,4,underived,,,0,0,inanimate,N,Common Noun,1,0,0,"स,सी,सीक,न,वन,्वन","s̪iːk,n̪,s̪iː,s̪,ən̪,ʋən̪",,,,
5835,सीख,सीख,s̪iːkʰ,learn,NotAppl,F,3,underived,,,0,0,inanimate,X,Cognition,0,0,0,"स,सी,ख,सीख,ीख","iːkʰ,s̪iː,s̪,s̪iːkʰ,kʰ",,,,
5836,सीजन,सीजन,s̪iːd͡ʒən̪,season,NotAppl,M,4,underived,,,0,0,inanimate,T,Period,0,0,0,"स,सी,सीज,न,जन,ीजन","s̪iː,ən̪,s̪iːd͡ʒ,s̪,d͡ʒən̪,n̪",,,,
5837,सीट,सीट,s̪iːʈ,seat,NotAppl,F,3,underived,,,0,0,inanimate,H,Artifact,0,0,0,"स,ट,सीट,सी,ीट","s̪iː,ʈ,s̪,iːʈ,s̪iːʈ",,,,
5838,सीटे,सीट,s̪iːʈ,seats,NotAppl,M,4,underived,,,0,0,inanimate,H,Common Noun,1,0,0,"स,ट,सीट,सी,ीट","s̪iː,ʈ,s̪,iːʈ,s̪iːʈ",,,,
5839,सीड,सीड,s̪iːɖ,seed,NotAppl,F,3,underived,,,0,0,inanimate,L,Common Noun,1,0,0,"स,सीड,ड,सी,ीड","ɖ,iːɖ,s̪iː,s̪iːɖ,s̪",ीड,,,
5840,सीडी,सीड,s̪iːɖ,cd,NotAppl,F,1,underived,,,0,0,inanimate,Z,Artifact,1,0,0,"स,सीड,ड,सी,ीड","ɖ,iːɖ,s̪iː,s̪iːɖ,s̪",ीड,,,
5841,सीढ़ी,सीढ़,s̪iːɽʰ,ladder,NotAppl,F,1,underived,,,0,0,inanimate,O,Artifact,0,0,0,"स,सी,़,ीढ़,सीढ,ढ़","iːɽʰ,ɽʰ,s̪iː,s̪iːɽʰ,s̪","़,ढ़",ɽʰ,़,
5843,सीन,सीन,s̪iːn̪,scene,NotAppl,M,4,underived,,,0,0,inanimate,K,Perception,1,0,0,"स,सी,न,ीन,सीन","iːn̪,s̪iːn̪,s̪iː,s̪,n̪",,,,
5844,सीना,सीना,s̪iːn̪ɑː,chest,homophones,F,3,underived,,,0,0,inanimate,B,Anatomical,0,1,0,"स,ा,सी,ना,ीना,सीन","s̪iːn̪,ɑː,iːn̪ɑː,s̪iː,s̪,n̪ɑː",ा,,ा,
5845,सीना,सीन,s̪iːn̪,chest,homophones,M,2,underived,,,0,0,inanimate,B,Anatomical,0,1,0,"स,सी,न,ीन,सीन","iːn̪,s̪iːn̪,s̪iː,s̪,n̪",,,,
5846,सीनाजोरी,सीनाजोर,s̪iːn̪ɑːd͡ʒoːɾ,arrogance,NotAppl,F,1,underived,,,1,0,inanimate,S,Quality,0,0,0,"स,जोर,ोर,सी,र,सीन","s̪iːn̪,oːɾ,s̪iː,ɾ,s̪,d͡ʒoːɾ",र,ɾ,र,ɾ
5847,सीनेट,सीनेट,s̪iːn̪eːʈ,senate,neutral,F,0,underived,,,0,0,inanimate,Z,Collective Noun,1,0,0,"स,ट,नेट,सी,ेट,सीन","n̪eːʈ,s̪iːn̪,s̪iː,eːʈ,ʈ,s̪",,,,
5848,सीनेट,सीनेट,s̪iːn̪eːʈ,senate,neutral,M,0,underived,,,0,0,inanimate,Z,Physical Place,1,0,0,"स,ट,नेट,सी,ेट,सीन","n̪eːʈ,s̪iːn̪,s̪iː,eːʈ,ʈ,s̪",,,,
5849,सीनेटर,सीनेटर,s̪iːn̪eːʈəɾ,senator,NotAppl,M,4,underived,,,0,0,animate,G,Person,1,0,0,"स,ेटर,सी,र,सीन,टर","s̪iːn̪,s̪iː,ɾ,s̪,əɾ,ʈəɾ","र,टर","ɾ,əɾ,ʈəɾ","र,टर","ɾ,əɾ,ʈəɾ"
5850,सीपी,सीप,s̪iːp,cp,NotAppl,M,0,underived,,,0,0,animate,Z,Natural Object,1,0,0,"स,सीप,सी,प,ीप","s̪iː,s̪iːp,p,s̪,iːp",,,,
5851,सीपीएम,सीपीएम,s̪iːpiːeːm,cpm,NotAppl,M,0,underived,,,0,0,animate,Z,Group,1,0,0,"स,सीप,एम,सी,म,ीएम","iːeːm,s̪iː,m,eːm,s̪iːp,s̪",,eːm,,
5852,सीमर,सीमर,s̪iːməɾ,seamer,NotAppl,M,4,underived,,,0,0,inanimate,Z,Common Noun,1,0,0,"स,ीमर,सी,र,मर,सीम","s̪iː,ɾ,s̪iːm,s̪,əɾ,məɾ",र,"ɾ,əɾ",र,"ɾ,əɾ"
5853,सीमा,सीमा,s̪iːmɑː,limit,NotAppl,F,3,underived,,,0,0,inanimate,A,Physical Place,0,0,1,"मा,स,ीमा,ा,सी,सीम","ɑː,mɑː,s̪iː,s̪iːm,s̪,iːmɑː",ा,,ा,
5854,सीमांत,सीमांत,s̪iːmɑ̃ːt̪,marginal,NotAppl,M,4,underived,,,0,0,inanimate,A,Physical Place,0,0,0,"स,ांत,सी,त,ंत,सीम","t̪,s̪iː,s̪iːm,mɑ̃ːt̪,s̪,ɑ̃ːt̪",त,t̪,त,t̪
5855,सीमापार,सीमापार,s̪iːmɑːpɑːɾ,cross-border,NotAppl,M,4,underived,,,1,0,inanimate,Z,Qualitative,0,0,0,"स,सी,ार,र,पार,सीम","pɑːɾ,s̪iː,ɾ,s̪iːm,ɑːɾ,s̪","ार,र","ɾ,ɑːɾ",र,ɾ
5856,सीमेंट,सीमेंट,s̪iːmẽːʈ,cement,NotAppl,M,4,underived,,,0,0,inanimate,O,Chemical,1,0,0,"स,ट,ेंट,सी,ंट,सीम","mẽːʈ,s̪iː,ʈ,s̪iːm,s̪,ẽːʈ","ेंट,ंट",ẽːʈ,,
5857,सीरियल,सीरियल,s̪iːɾɪjəl,serial,NotAppl,M,3,underived,,,0,0,inanimate,Q,Artifact,1,0,0,"स,यल,सी,ियल,सीर,ल","s̪iː,əl,jəl,s̪,l,s̪iːɾ",,əl,,
5859,सीरीज़,सीरीज़,s̪iːɾiːz,series,NotAppl,F,0,underived,,,0,0,inanimate,N,Group,1,0,0,"स,सी,ीज़,़,सीर,ज़","iːz,s̪iː,s̪,s̪iːɾ,ɾiːz,z",़,,़,
5860,सील,सील,s̪iːl,seal,neutral,F,3,underived,,,0,0,inanimate,Q,Artifact,1,0,0,"स,सील,सी,ील,ल","iːl,s̪iː,s̪,l,s̪iːl",ील,iːl,,
5861,सील,सील,s̪iːl,seal,neutral,M,4,underived,,,0,0,inanimate,Q,Artifact,1,0,0,"स,सील,सी,ील,ल","iːl,s̪iː,s̪,l,s̪iːl",ील,iːl,,
5862,सीलिंग,सीलिंग,s̪iːlɪ̃ɡ,sealing,NotAppl,F,3,underived,,,0,0,inanimate,A,State,1,0,0,"स,सील,सी,िंग,ंग,ग","s̪iː,lɪ̃ɡ,ɪ̃ɡ,s̪,ɡ,s̪iːl","िंग,ंग,ग","lɪ̃ɡ,ɪ̃ɡ,ɡ","िंग,ंग","ɪ̃ɡ,ɡ"
5863,सीवेज,सीवेज,s̪iːʋeːd͡ʒ,sewage,NotAppl,M,4,underived,,,0,0,inanimate,O,Common Noun,1,0,0,"स,सी,वेज,ज,सीव,ेज","s̪iːʋ,ʋeːd͡ʒ,eːd͡ʒ,d͡ʒ,s̪iː,s̪",,,,
5864,सुंदरता,सुंदरता,s̪ũd̪əɾt̪ɑː,beauty,NotAppl,F,3,abstract8,abstract8,abstract8,0,1,inanimate,O,Quality,0,0,1,"स,ा,सु,ता,रता,सुं","s̪ũ,ɾt̪ɑː,s̪ũd̪,ɑː,s̪,t̪ɑː","ा,रता",ɾt̪ɑː,ा,
5865,सुंदरी,सुंदर,s̪ũd̪əɾ,beauty,NotAppl,F,1,underived,,,0,0,inanimate,O,Person,0,0,1,"दर,स,र,सु,ंदर,सुं","d̪əɾ,s̪ũ,s̪ũd̪,ɾ,s̪,əɾ",र,"ɾ,əɾ",र,"ɾ,əɾ"
5866,सुअर,सुअर,s̪uəɾ,pig,NotAppl,M,4,good,,,0,1,animate,L,Mammal,0,0,0,"स,र,सु,ुअर,अर,सुअ","uəɾ,ɾ,s̪u,s̪,əɾ,s̪uə",र,"ɾ,əɾ",र,"ɾ,əɾ"
5867,सुई,सु,s̪u,needle,NotAppl,F,1,abstract1,abstract1,abstract1,0,1,inanimate,O,Artifact,0,0,0,"स,ु,सु","u,s̪u,s̪",,,,
5868,सुकून,सुकून,s̪ukuːn̪,peace,NotAppl,M,4,underived,,,0,0,inanimate,E,Psychological Feature,0,1,0,"स,कून,सुक,सु,ून,न","s̪uk,s̪u,s̪,kuːn̪,n̪,uːn̪",,,,
5869,सुखोई,सुखोई,s̪ukʰoːiː,sukhoi,NotAppl,M,0,underived,,,0,0,inanimate,Z,Physical State,0,0,0,"स,सुख,सु,ई,खोई,ोई","iː,s̪ukʰ,s̪u,s̪,oːiː,kʰoːiː",,,,
5870,सुगंध,सुगंध,s̪uɡə̃d̪ʰ,fragrance,NotAppl,F,3,underived,,,0,0,inanimate,X,Cognition,0,0,1,"स,सु,गंध,सुग,ध,ंध","ə̃d̪ʰ,d̪ʰ,ɡə̃d̪ʰ,s̪u,s̪,s̪uɡ",,,,
5871,सुगम,सुगम,s̪uɡəm,easy,NotAppl,M,4,underived,,,0,0,inanimate,A,Qualitative,0,0,1,"स,ुगम,गम,सु,म,सुग","əm,m,s̪u,s̪,s̪uɡ,ɡəm",,,,
5872,सुझाव,सुझाव,s̪ud͡ʒʰɑːʋ,suggestion,NotAppl,M,4,underived,,,0,0,inanimate,Q,Abstract,0,0,0,"स,व,ाव,सु,झाव,सुझ","d͡ʒʰɑːʋ,ʋ,s̪ud͡ʒʰ,s̪u,ɑːʋ,s̪","व,ाव",ʋ,"व,ाव",ʋ
5873,सुधार,सुधार,s̪ud̪ʰɑːɾ,improvement,NotAppl,M,4,underived,,,0,0,inanimate,A,Action,0,0,0,"स,धार,र,सुध,ार,सु","d̪ʰɑːɾ,s̪ud̪ʰ,ɾ,ɑːɾ,s̪u,s̪","र,ार","ɾ,ɑːɾ",र,ɾ
5874,सुनवाई,सुनवा,s̪un̪ʋɑː,hearing,NotAppl,F,1,underived,,,0,0,inanimate,X,Action,0,0,0,"स,ा,सु,नवा,वा,सुन","s̪un̪,ɑː,ʋɑː,n̪ʋɑː,s̪u,s̪",ा,,ा,
5875,सुनामी,सुनाम,s̪un̪ɑːm,tsunami,neutral,F,1,underived,,,0,0,inanimate,W,Natural Event,1,0,0,"स,सु,नाम,म,सुन,ाम","s̪un̪,m,s̪u,s̪,n̪ɑːm,ɑːm",,,,
5876,सुनामी,सुनाम,s̪un̪ɑːm,tsunami,neutral,M,4,underived,,,0,0,inanimate,W,Natural Event,1,0,0,"स,सु,नाम,म,सुन,ाम","s̪un̪,m,s̪u,s̪,n̪ɑːm,ɑːm",,,,
5877,सुन्नी,सुन्न,s̪un̪n̪,sunni,NotAppl,M,4,underived,,,0,0,inanimate,Z,Group,0,1,0,"स,सु,न्न,न,सुन,्न","s̪un̪,n̪n̪,s̪u,s̪,un̪n̪,n̪",,,,
5878,सुपरस्टार,सुपरस्टार,s̪upɾəs̪ʈɑːɾ,supper star,NotAppl,M,4,underived,,,0,0,animate,F,Person,1,0,0,"स,र,ार,सु,टार,सुप","ɾ,s̪up,s̪u,s̪,ɑːɾ,ʈɑːɾ","र,ार","ɾ,ɑːɾ",र,ɾ
5879,सुपारीवाला,सुपारीवाल,s̪upɑːɾiːʋɑːl,betel nut seller,NotAppl,M,2,underived,,,1,0,inanimate,Z,Natural Object,0,0,0,"स,सु,ाल,वाल,ल,सुप","s̪up,s̪u,s̪,l,ʋɑːl,ɑːl",,,,
5880,सुप्रीमो,सुप्रीम,s̪upɾiːm,supremo,neutral,F,0,underived,,,0,0,inanimate,S,Mythological Character,1,0,0,"स,सु,म,रीम,सुप,ीम","iːm,m,ɾiːm,s̪up,s̪u,s̪",,,,
5881,सुप्रीमो,सुप्रीम,s̪upɾiːm,supremo,neutral,M,0,underived,,,0,0,inanimate,S,Social,1,0,0,"स,सु,म,रीम,सुप,ीम","iːm,m,ɾiːm,s̪up,s̪u,s̪",,,,
5882,सुबह,सुबह,s̪ubəɦ,morning,neutral,F,0,underived,,,0,0,inanimate,T,Period,0,1,0,"स,ुबह,बह,सु,ह,सुब","ɦ,s̪ub,əɦ,s̪u,s̪,bəɦ",,,,
5883,सुबह,सुबह,s̪ubəɦ,morning,neutral,M,4,underived,,,0,0,inanimate,T,Period,0,1,0,"स,ुबह,बह,सु,ह,सुब","ɦ,s̪ub,əɦ,s̪u,s̪,bəɦ",,,,
5884,सुबूत,सुबूत,s̪ubuːt̪,evidence,NotAppl,M,4,underived,,,0,0,inanimate,A,Abstract,0,0,0,"स,बूत,ूत,सु,त,सुब","t̪,uːt̪,s̪ub,s̪u,s̪,buːt̪",त,t̪,त,t̪
5885,सुर,सुर,s̪uɾ,tone,NotAppl,M,4,underived,,,0,0,inanimate,B,Abstract,0,0,1,"सुर,स,र,सु,ुर","s̪uɾ,ɾ,s̪u,s̪,uɾ",र,ɾ,र,ɾ
5886,सुरंग,सुरंग,s̪uɾə̃ɡ,tunnel,homophones,F,3,underived,,,0,0,inanimate,O,Physical Place,0,0,1,"सुर,स,सु,रंग,ंग,ग","s̪uɾ,ə̃ɡ,s̪u,s̪,ɡ,ɾə̃ɡ","ंग,ग",ɡ,ंग,ɡ
5887,सुरंग,सुरंग,s̪uɾə̃ɡ,tunnel,homophones,M,4,underived,,,0,0,inanimate,O,Physical Place,0,0,1,"सुर,स,सु,रंग,ंग,ग","s̪uɾ,ə̃ɡ,s̪u,s̪,ɡ,ɾə̃ɡ","ंग,ग",ɡ,ंग,ɡ
5888,सुरक्षा,सुरक्षा,s̪uɾəkʂɑː,security,NotAppl,F,3,underived,,,0,0,inanimate,G,Physical,0,0,1,"सुर,स,षा,ा,सु,्षा","s̪uɾ,ɑː,ʂɑː,s̪u,s̪,kʂɑː","षा,ा,्षा","ʂɑː,kʂɑː",ा,
5889,सुरक्षाकर्मी,सुरक्षाकर्मी,s̪uɾəkʂɑːkəɾmiː,security personnel,NotAppl,M,4,underived,,,1,0,animate,G,Person,0,0,0,"सुर,स,सु,मी,्मी,ी","iː,s̪uɾ,ɾmiː,s̪u,s̪,miː",ी,,ी,
5890,सुरक्षागार्ड,सुरक्षागार्ड,s̪uɾəkʂɑːɡɑːɾɖ,security guard,NotAppl,M,4,underived,,,1,0,animate,G,Person,0,0,0,"सुर,स,ड,सु,्ड,र्ड","ɑːɾɖ,ɾɖ,s̪uɾ,ɖ,s̪u,s̪",र्ड,"ɑːɾɖ,ɾɖ",,
5891,सुरक्षातंत्र,सुरक्षातंत्र,s̪uɾəkʂɑːt̪ə̃t̪ɾ,security system,NotAppl,M,4,underived,,,1,0,inanimate,G,Abstract,0,0,0,"सुर,स,र,सु,्र,त्र","s̪uɾ,ə̃t̪ɾ,ɾ,s̪u,s̪,t̪ɾ",र,ɾ,र,ɾ
5892,सुरक्षाबल,सुरक्षाबल,s̪uɾəkʂɑːbəl,security forces,NotAppl,M,4,underived,,,1,0,inanimate,G,Group,0,0,0,"सुर,स,बल,सु,ल,ाबल","s̪uɾ,əl,bəl,s̪u,s̪,l",,əl,,
5893,सुराग,सुराग,s̪uɾɑːɡ,clue,NotAppl,M,4,underived,,,0,0,inanimate,X,Communication,0,0,1,"सुर,स,ाग,राग,सु,ग","s̪uɾ,ɾɑːɡ,ɑːɡ,s̪u,s̪,ɡ","ाग,ग",ɡ,,ɡ
5894,सुराज,सुराज,s̪uɾɑːd͡ʒ,suraj,NotAppl,M,4,underived,,,0,0,inanimate,Z,Action,0,0,0,"सुर,स,सु,राज,ाज,ज","s̪uɾ,ɑːd͡ʒ,d͡ʒ,s̪u,s̪,ɾɑːd͡ʒ",राज,ɾɑːd͡ʒ,,
5895,सुराही,सुराह,s̪uɾɑːɦ,jug,NotAppl,F,1,underived,,,0,0,inanimate,O,Artifact,0,1,0,"सुर,स,सु,ाह,ह,राह","s̪uɾ,ɑːɦ,ɦ,ɾɑːɦ,s̪u,s̪",ाह,ɑːɦ,,
5896,सुर्खी,सुर्ख,s̪uɾkʰ,headline,NotAppl,F,1,underived,,,0,0,inanimate,Q,Artifact,0,0,0,"सुर,स,सु,ख,्ख,र्ख","s̪uɾ,uɾkʰ,ɾkʰ,s̪u,s̪,kʰ",,,,
5897,सुलह,सुलह,s̪uləɦ,reconciliation,NotAppl,F,3,underived,,,0,0,inanimate,S,Social,0,1,0,"स,लह,सु,ह,ुलह,सुल","ɦ,əɦ,ləɦ,s̪u,s̪,s̪ul",,,,
5898,सुल्तान,सुल्तान,s̪ult̪ɑːn̪,sultan,NotAppl,M,4,good,,,0,1,animate,S,Person,0,0,0,"ान,स,तान,सु,न,सुल","t̪ɑːn̪,ɑːn̪,s̪u,s̪,n̪,s̪ul",,,,
5899,सुविधा,सुविधा,s̪uʋɪd̪ʰɑː,facility,NotAppl,F,3,underived,,,0,0,inanimate,H,Action,0,0,1,"स,ा,सु,धा,िधा,सुव","ɑː,s̪uʋ,s̪u,s̪,ɪd̪ʰɑː,d̪ʰɑː","ा,धा",d̪ʰɑː,ा,
5900,सुशासन,सुशासन,s̪uʃɑːs̪ən̪,good governance,NotAppl,M,4,underived,,,0,0,inanimate,A,Action,0,0,0,"सन,स,सु,न,सुश,ासन","s̪uʃ,ən̪,s̪u,s̪,s̪ən̪,n̪","सन,ासन",s̪ən̪,,
5901,सुश्री,सुश्र,s̪uʃɾ,ms,NotAppl,F,0,underived,,,0,0,inanimate,S,property,0,0,1,"स,श्र,र,सु,्र,सुश","s̪uʃ,uʃɾ,ɾ,ʃɾ,s̪u,s̪",र,ɾ,र,ɾ
5902,सूअर,सूअर,s̪uːəɾ,pigs,NotAppl,M,4,underived,,,0,0,animate,L,Mammal,0,0,0,"स,सूअ,र,ूअर,अर,सू","s̪uːə,uːəɾ,ɾ,s̪uː,s̪,əɾ",र,"ɾ,əɾ",र,"ɾ,əɾ"
5903,सूखा,सूख,s̪uːkʰ,dry,NotAppl,M,2,underived,,,0,0,inanimate,O,State,0,0,0,"स,ख,सूख,सू,ूख","s̪uː,s̪uːkʰ,s̪,kʰ,uːkʰ",,,,
5904,सूचक,सूचक,s̪uːt͡ʃək,indicator,NotAppl,M,4,underived,,,0,0,inanimate,A,Cognition,0,0,1,"स,ूचक,चक,सूच,क,सू","k,ək,s̪uːt͡ʃ,s̪uː,t͡ʃək,s̪",,ək,,
5905,सूचकांक,सूचकांक,s̪uːt͡ʃkɑ̃ːk,index,NotAppl,M,4,underived,,,0,0,inanimate,Q,Artifact,0,0,0,"स,सूच,क,सू,ंक,ांक","k,ɑ̃ːk,s̪uːt͡ʃ,s̪uː,kɑ̃ːk,s̪",,,,
5906,सूचना,सूचना,s̪uːt͡ʃn̪ɑː,information,NotAppl,F,3,underived,,,0,0,inanimate,X,information,0,0,0,"स,चना,ा,सूच,ना,सू","ɑː,s̪uːt͡ʃ,s̪uː,s̪,n̪ɑː,t͡ʃn̪ɑː","चना,ा",t͡ʃn̪ɑː,ा,
5907,सूची,सूच,s̪uːt͡ʃ,list,NotAppl,F,1,underived,,,0,0,inanimate,Q,Artifact,0,0,1,"स,सूच,च,सू,ूच","t͡ʃ,uːt͡ʃ,s̪uːt͡ʃ,s̪uː,s̪",,,,
5908,सूजन,सूजन,s̪uːd͡ʒən̪,swelling,NotAppl,F,3,underived,,,0,0,inanimate,X,Biological State,0,0,0,"स,सूज,न,जन,ूजन,सू","s̪uːd͡ʒ,ən̪,s̪uː,s̪,d͡ʒən̪,n̪",,,,
5909,सूझबूझ,सूझबूझ,s̪uːd͡ʒʰbuːd͡ʒʰ,discretion,NotAppl,F,0,underived,,,1,0,inanimate,A,Psychological Feature,0,0,0,"स,ूझ,बूझ,झ,सू,सूझ","uːd͡ʒʰ,buːd͡ʒʰ,d͡ʒʰ,s̪uː,s̪,s̪uːd͡ʒʰ",,,,
5910,सूत्र,सूत्र,s̪uːt̪ɾ,formula,NotAppl,M,4,underived,,,0,0,inanimate,Y,Communication,0,0,1,"स,र,्र,त्र,सू,सूत","uːt̪ɾ,ɾ,s̪uː,s̪uːt̪,s̪,t̪ɾ",र,ɾ,र,ɾ
5911,सूत्रधार,सूत्रधार,s̪uːt̪ɾəd̪ʰɑːɾ,facilitator,NotAppl,M,4,underived,,,1,0,animate,S,Person,0,0,0,"स,धार,र,ार,सू,सूत","d̪ʰɑːɾ,ɾ,s̪uː,ɑːɾ,s̪uːt̪,s̪","र,ार","ɾ,ɑːɾ",र,ɾ
5912,सूत्रपात,सूत्रपात,s̪uːt̪ɾəpɑːt̪,heraldry,NotAppl,M,4,underived,,,1,0,inanimate,Z,Action,0,0,0,"स,पात,त,ात,सू,सूत","t̪,ɑːt̪,pɑːt̪,s̪uː,s̪uːt̪,s̪","पात,त","t̪,pɑːt̪",त,t̪
5913,सूफी,सूफी,s̪uːpʰiː,sufi,NotAppl,M,4,underived,,,0,0,inanimate,Z,Perception,0,0,0,"स,फी,सूफ,ूफी,सू,ी","iː,uːpʰiː,pʰiː,s̪uː,s̪,s̪uːpʰ",ी,,ी,
5914,सूबा,सूब,s̪uːb,diocese,NotAppl,M,2,underived,,,0,0,inanimate,S,Physical Place,0,1,0,"स,ूब,ब,सूब,सू","uːb,b,s̪uː,s̪,s̪uːb",,,,
5915,सूमो,सूम,s̪uːm,sumo,neutral,F,0,underived,,,0,0,inanimate,K,Common Noun,1,0,0,"स,ूम,सूम,म,सू","m,s̪uːm,s̪uː,uːm,s̪",,,,
5916,सूमो,सूम,s̪uːm,sumo,neutral,M,0,underived,,,0,0,inanimate,K,Physical State,1,0,0,"स,ूम,सूम,म,सू","m,s̪uːm,s̪uː,uːm,s̪",,,,
5917,सूरज,सूरज,s̪uːɾəd͡ʒ,sun,NotAppl,M,4,underived,,,0,0,inanimate,Z,Natural Object,0,0,0,"स,रज,ूरज,ज,सूर,सू","əd͡ʒ,d͡ʒ,s̪uːɾ,ɾəd͡ʒ,s̪uː,s̪",,əd͡ʒ,,əd͡ʒ
5918,सूरत,शून्य,ʃuːn̪jə,appearance,NotAppl,F,3,underived,,,0,0,inanimate,A,Anatomical,0,1,0,"श,्य,य,शू,न्य,शून","ʃ,ʃuː,ə,jə,ʃuːn̪,n̪jə","्य,य",jə,य,jə
5919,सूरतवासी,सूरतवासी,s̪uːɾət̪ʋɑːs̪iː,surat residents,NotAppl,M,4,underived,,,1,0,inanimate,T,Common Noun,0,0,0,"स,सी,सूर,सू,ासी,ी","iː,s̪uːɾ,s̪iː,ɑːs̪iː,s̪uː,s̪",ी,,ी,
5920,सूर्य,सूर्य,s̪uːɾjə,sun,NotAppl,M,4,underived,,,0,0,inanimate,Z,Natural Object,0,0,1,"स,्य,य,र्य,सूर,सू","s̪uːɾ,s̪uː,ə,s̪,jə,ɾjə","्य,य",jə,य,jə
5921,सूर्यास्त,सूर्यास्त,s̪uːɾjɑːs̪t̪,sunset,NotAppl,M,4,underived,,,1,0,inanimate,T,Natural Event,0,0,0,"स,्त,स्त,त,सूर,सू","t̪,s̪uːɾ,s̪uː,s̪,s̪t̪,ɑːs̪t̪","्त,त",t̪,"्त,त",t̪
5922,सूर्योदय,सूर्योदय,s̪uːɾjoːd̪jə,sunrise,NotAppl,M,4,underived,,,1,0,inanimate,T,Natural Event,0,0,0,"स,य,दय,सूर,सू,ोदय","d̪jə,s̪uːɾ,s̪uː,ə,s̪,jə",य,jə,य,jə
5923,सृजन,सृजन,s̪ɾɨd͡ʒən̪,creation,NotAppl,M,4,underived,,,0,0,inanimate,A,Physical,0,0,1,"स,ृजन,न,जन,सृज,सृ","n̪,s̪ɾ,s̪ɾɨ,s̪,d͡ʒən̪,ən̪",,,,
5924,सेंकेण्ड्री,सेंकेण्ड्री,s̪ẽːkeːɳɖɾiː,secondary,NotAppl,M,4,underived,,,0,0,inanimate,A,Common Noun,0,0,0,"सें,स,री,्री,से,ी","iː,s̪ẽː,s̪ẽːk,s̪,ɾiː,ɖɾiː",ी,,ी,
5925,सेंचुरी,सेंचुर,s̪ẽːt͡ʃuɾ,century,NotAppl,F,1,underived,,,0,0,inanimate,T,Group,0,0,0,"सें,स,र,ुर,से,चुर","t͡ʃuɾ,s̪ẽː,s̪ẽːt͡ʃ,ɾ,s̪,uɾ",र,ɾ,र,ɾ
5926,सेंटर,सेंटर,s̪ẽːʈəɾ,centre,NotAppl,M,4,underived,,,0,0,inanimate,M,Artifact,1,0,0,"सें,स,र,ंटर,टर,से","s̪ẽː,s̪ẽːʈ,ɾ,s̪,əɾ,ʈəɾ","र,टर","ɾ,əɾ,ʈəɾ","र,टर","ɾ,əɾ,ʈəɾ"
5927,सेंटीग्रेट,सेंटीग्रेट,s̪ẽːʈiːɡɾeːʈ,centigrade,NotAppl,M,4,underived,,,0,0,inanimate,O,Measurement,1,0,0,"सें,स,ट,ेट,रेट,से","ɾeːʈ,s̪ẽː,s̪ẽːʈ,eːʈ,ʈ,s̪",,,,
5929,सेंटीमीटर,सेंटीमीटर,s̪ẽːʈiːmiːʈəɾ,centimeter,NotAppl,M,4,underived,,,0,0,inanimate,N,Measurement,1,0,0,"सें,स,र,ीटर,टर,से","s̪ẽː,s̪ẽːʈ,ɾ,s̪,əɾ,ʈəɾ","र,टर","ɾ,əɾ,ʈəɾ","र,टर","ɾ,əɾ,ʈəɾ"
5930,सेंट्रल,सेंट्रल,s̪ẽːʈɾəl,central,NotAppl,M,4,underived,,,0,0,inanimate,A,Common Noun,1,0,0,"सें,स,रल,ल,से,्रल","ɾəl,s̪ẽː,s̪ẽːʈ,əl,s̪,l",,əl,,
5931,सेंध,संतोष,s̪ə̃t̪oːʂ,dent,NotAppl,F,3,underived,,,0,0,inanimate,O,Artifact,0,0,0,"स,सं,ष,ोष,संत,तोष","s̪ə̃t̪,s̪ə̃,s̪,ʂ,t̪oːʂ,oːʂ",ष,ʂ,,
5932,सेंसर,सेंसर,s̪ẽːs̪əɾ,sensor,NotAppl,M,4,underived,,,0,0,inanimate,O,Action,1,0,0,"सें,स,र,सर,से,ंसर","s̪ẽː,ɾ,s̪,s̪ẽːs̪,əɾ,s̪əɾ",र,"ɾ,əɾ",र,"ɾ,əɾ"
5933,सेंसिंग,सेंसिंग,s̪ẽːs̪ɪ̃ɡ,sensing,NotAppl,F,3,underived,,,0,0,inanimate,X,Action,1,0,0,"सें,स,िंग,ंग,ग,से","s̪ɪ̃ɡ,s̪ẽː,ɪ̃ɡ,s̪,ɡ,s̪ẽːs̪","िंग,ंग,ग","s̪ɪ̃ɡ,ɪ̃ɡ,ɡ","िंग,ंग","ɪ̃ɡ,ɡ"
5934,सेंसेक्स,सेंसेक्स,s̪ẽːs̪eːks̪,sensex,NotAppl,M,0,underived,,,0,0,inanimate,Z,Artifact,1,0,0,"सें,स,क्स,्स,से","ks̪,s̪ẽː,eːks̪,s̪,s̪ẽːs̪",क्स,ks̪,,
5935,सेकेंड,सेकेंड,s̪eːkẽːɖ,seconds,NotAppl,M,4,underived,,,0,0,inanimate,P,Time,1,0,0,"ेंड,स,ड,सेक,ंड,से","ɖ,kẽːɖ,s̪,s̪eːk,ẽːɖ,s̪eː",,,,
5936,सेकेंडरी,सेकेंडर,s̪eːkẽːɖəɾ,secondary,NotAppl,M,4,underived,,,0,0,animate,A,Person,1,0,0,"स,ंडर,र,सेक,डर,से","ɾ,s̪,s̪eːk,əɾ,s̪eː,ɖəɾ","र,डर","ɾ,əɾ,ɖəɾ",र,"ɾ,əɾ"
5937,सेक्टर,सेक्टर,s̪eːkʈəɾ,sector,NotAppl,M,4,underived,,,0,0,inanimate,A,Group,1,0,0,"स,र,्टर,सेक,टर,से","ʈəɾ,ɾ,s̪,s̪eːk,əɾ,s̪eː","र,्टर,टर","ʈəɾ,ɾ,əɾ","र,्टर,टर","ʈəɾ,ɾ,əɾ"
5938,सेक्रेट्री,सेक्रेट्र,s̪eːkɾeːʈɾə,secretary,NotAppl,M,4,underived,,,0,0,animate,I,Occupation,1,0,0,"स,र,ट्र,सेक,्र,से","ʈɾə,ɾə,ə,s̪,s̪eːk,s̪eː",र,,र,
5939,सेक्शन,सेक्शन,s̪eːkʃən̪,section,NotAppl,M,4,underived,,,0,0,inanimate,N,Part of,1,0,0,"स,शन,सेक,न,से,्शन","n̪,s̪,s̪eːk,ən̪,s̪eː,ʃən̪",शन,ʃən̪,,
5940,सेक्स,सेक्स,s̪eːks̪,sex,NotAppl,M,4,underived,,,0,0,inanimate,S,Physical,1,0,0,"स,सेक,क्स,्स,से","ks̪,eːks̪,s̪,s̪eːk,s̪eː",क्स,ks̪,,
5941,सेट,सेट,s̪eːʈ,set,NotAppl,M,4,underived,,,0,0,inanimate,M,Group,1,0,0,"स,ट,सेट,ेट,से","eːʈ,ʈ,s̪,s̪eːʈ,s̪eː",,,,
5942,सेटिंग,सेटिंग,s̪eːʈɪ̃ɡ,setting,NotAppl,F,3,underived,,,0,0,inanimate,M,Place,1,0,0,"स,सेट,िंग,ंग,ग,से","ɪ̃ɡ,s̪,ɡ,s̪eːʈ,ʈɪ̃ɡ,s̪eː","िंग,ंग,ग","ɪ̃ɡ,ɡ,ʈɪ̃ɡ","िंग,ंग","ɪ̃ɡ,ɡ"
5943,सेटेलाइट,सेटेलाइट,s̪eːʈeːlɑːɪʈ,satellite,NotAppl,M,4,underived,,,0,0,inanimate,W,Artifact,1,0,0,"स,ट,सेट,इट,से,ाइट","ɪʈ,ʈ,ɑːɪʈ,s̪,s̪eːʈ,s̪eː","इट,ाइट","ɪʈ,ɑːɪʈ",,
5944,सेना,संन्यासिन,s̪ə̃n̪jɑːs̪ɪn̪,army,NotAppl,F,3,underived,,,0,0,inanimate,G,Group,0,0,1,"स,सं,िन,सिन,न,संन","s̪ɪn̪,s̪ə̃,ɪn̪,s̪,s̪ə̃n̪,n̪",,,,
5945,सेप्टिक,सेप्टिक,s̪eːpʈɪk,septic,NotAppl,M,0,underived,,,0,0,inanimate,B,Biological State,1,0,0,"स,सेप,िक,क,टिक,से","k,ɪk,ʈɪk,s̪eːp,s̪,s̪eː",,,,
5946,सेमिनार,सेमिनार,s̪eːmɪn̪ɑːɾ,seminars,NotAppl,M,4,underived,,,0,0,inanimate,P,Group,1,0,0,"नार,स,ार,र,सेम,से","s̪eːm,ɾ,ɑːɾ,s̪,n̪ɑːɾ,s̪eː","ार,र","ɾ,ɑːɾ",र,ɾ
5947,सेमी,सेमी,s̪eːmiː,cm,NotAppl,M,0,underived,,,0,0,inanimate,Z,Action,0,0,0,"स,मी,सेम,से,ी,ेमी","iː,s̪eːm,s̪,miː,s̪eː,eːmiː",ी,,ी,
5949,सेल,सेल,s̪eːl,cell,neutral,F,3,underived,,,0,0,inanimate,B,Anatomical,1,0,0,"स,ेल,ल,से,सेल","s̪eːl,s̪,l,eːl,s̪eː",,,,
5950,सेल,सेल,s̪eːl,cell,neutral,M,4,underived,,,0,0,inanimate,B,Anatomical,1,0,0,"स,ेल,ल,से,सेल","s̪eːl,s̪,l,eːl,s̪eː",,,,
5951,सेलफोन,सेलफोन,s̪eːlpʰoːn̪,cell phone,NotAppl,M,4,underived,,,0,0,inanimate,B,Artifact,1,0,0,"स,फोन,न,ोन,से,सेल","pʰoːn̪,s̪eː,s̪eːl,s̪,n̪,oːn̪",,,,
5952,सेलाइन,सेलाइन,s̪eːlɑːɪn̪,saline,NotAppl,M,0,underived,,,0,0,inanimate,O,Common Noun,1,0,0,"स,ाइन,न,इन,से,सेल","ɑːɪn̪,s̪eːl,s̪,ɪn̪,n̪,s̪eː",,,,
5953,सेलेब्रिटी,सेलेब्रिट,s̪eːleːbɾɪʈ,celebrity,NotAppl,M,5,underived,,,0,0,animate,A,Common Noun,1,0,0,"स,ट,िट,रिट,से,सेल","ɪʈ,ʈ,s̪eːl,s̪,ɾɪʈ,s̪eː",,ɪʈ,,
5955,सेल्सियस,सेल्सियस,s̪eːls̪ɪjəs̪,celsius,NotAppl,M,0,underived,,,0,0,animate,Z,Person,1,0,0,"स,यस,ियस,से,सेल","s̪eːl,s̪,jəs̪,əs̪,s̪eː",,,,
5956,सेवक,सेवक,s̪eːʋək,servant,NotAppl,M,4,underived,,,0,0,animate,S,Person,0,0,1,"स,वक,सेव,ेवक,क,से","k,ək,ʋək,s̪,s̪eː,s̪eːʋ",,ək,,
5957,सेवन,सेवन,s̪eːʋən̪,intake,NotAppl,M,4,underived,,,0,0,inanimate,A,Physical,0,0,1,"स,सेव,न,वन,से,ेवन","n̪,s̪,ən̪,s̪eː,ʋən̪,s̪eːʋ",,,,
5958,सेवा,सतर्कता,s̪ət̪əɾkət̪ɑː,service,NotAppl,F,3,underived,,,0,0,inanimate,S,Action,0,0,1,"स,सतर,ा,सत,ता,कता","s̪ət̪,ɑː,s̪ə,s̪,t̪ɑː,ət̪ɑː","ा,सत,कता","s̪ət̪,ət̪ɑː",ा,ət̪ɑː
5959,सेवानिवृत्ति,सेवानिवृत्त,s̪eːʋɑːn̪ɪʋɾɨt̪t̪,retirement,NotAppl,F,1,underived,,,1,0,inanimate,I,Physical,0,0,0,"स,्त,त्त,सेव,त,से","ɨt̪t̪,t̪,t̪t̪,s̪,s̪eː,s̪eːʋ","्त,त्त,त","t̪,t̪t̪","्त,त",t̪
5960,सेशन,सेशन,s̪eːʃən̪,session,NotAppl,M,4,underived,,,0,0,inanimate,T,Period,0,0,0,"स,शन,सेश,ेशन,न,से","n̪,s̪eːʃ,s̪,ən̪,s̪eː,ʃən̪","शन,ेशन",ʃən̪,ेशन,
5961,सेहत,सपरिवार,s̪əpɾɪʋɑːɾ,health,NotAppl,F,3,underived,,,0,0,inanimate,B,Physiological  State,0,1,0,"स,सपर,ार,सप,र,वार","s̪əp,s̪ə,ɾ,ɑːɾ,s̪,ʋɑːɾ","ार,र","ɾ,ɑːɾ",र,ɾ
5962,सैंडल,सैंडल,s̪əɪ̃ɖəl,sandals,NotAppl,F,3,underived,,,0,0,inanimate,B,Artifact,1,0,0,"स,सैं,डल,ंडल,ल,सै","s̪ə,əl,s̪,s̪əɪ̃,l,ɖəl",,əl,,
5963,सैंपल,सैंपल,s̪əɪ̃pəl,sample,NotAppl,M,4,underived,,,0,0,inanimate,A,Part of,1,0,0,"स,पल,सैं,ंपल,ल,सै","s̪ə,əl,s̪,s̪əɪ̃,l,pəl",,əl,,
5964,सैकड़ा,सैकड़,s̪əɪkəɽ,hundred,NotAppl,M,2,underived,,,0,0,inanimate,N,property,0,0,0,"स,सैक,कड़,़,ड़,सै","əɽ,s̪ə,ɽ,s̪,kəɽ,s̪əɪ","़,ड़",ɽ,़,
5966,सैनिक,सैनिक,s̪əɪn̪ɪk,soldier,NotAppl,M,4,underived,,,0,0,animate,G,Person,0,0,1,"स,सैन,निक,िक,क,सै","k,ɪk,s̪ə,n̪ɪk,s̪,s̪əɪ",,,,
5967,सैन्य,सैन्य,s̪əɪn̪jə,military,NotAppl,M,4,underived,,,0,0,inanimate,G,Relational,0,0,1,"स,सैन,्य,य,न्य,सै","n̪jə,s̪ə,ə,s̪,jə,s̪əɪ","्य,य",jə,य,jə
5968,सैन्यकरण,सैन्यकरण,s̪əɪn̪jəkɾəɳ,militarization,NotAppl,M,4,underived,,,1,0,inanimate,Z,Abstract,0,0,0,"करण,स,सैन,ण,रण,सै","əɳ,s̪ə,ɾəɳ,s̪,ɳ,s̪əɪ",रण,"əɳ,ɾəɳ",,"əɳ,ɾəɳ"
5969,सैर,सैर,s̪əɪɾ,pleasure trip,NotAppl,F,0,underived,,,0,0,inanimate,E,Physical,0,1,0,"स,र,सैर,ैर,सै","ɪɾ,s̪ə,ɾ,s̪,əɪɾ,s̪əɪ",र,ɾ,र,ɾ
5970,सैलानी,सैलानी,s̪əɪlɑːn̪iː,tourist,NotAppl,M,4,underived,,,0,0,animate,M,Person,0,0,0,"स,नी,ानी,ी,सैल,सै","iː,n̪iː,s̪ə,s̪,ɑːn̪iː,s̪əɪ",ी,,ी,
5971,सैलाब,सैलाब,s̪əɪlɑːb,flood,NotAppl,M,4,underived,,,0,0,inanimate,W,Natural Event,0,1,0,"स,लाब,ाब,ब,सैल,सै","lɑːb,s̪ə,b,s̪,ɑːb,s̪əɪ",,,,
5972,सॉफ्टवेयर,सॉफ्टवेयर,s̪ɔpʰʈəʋeːjəɾ,software,NotAppl,M,4,underived,,,0,0,inanimate,Y,Artifact,1,0,0,"स,यर,र,ेयर,सॉ,सॉफ","jəɾ,s̪ɔpʰ,ɾ,s̪,əɾ,s̪ɔ",र,"ɾ,əɾ",र,"ɾ,əɾ"
5973,सॉलिसिटर,सॉलिसिटर,s̪ɔlɪs̪ɪʈəɾ,solicitor,NotAppl,M,4,underived,,,0,0,animate,G,Occupation,1,0,0,"स,िटर,र,सॉ,टर,सॉल","ɾ,s̪,s̪ɔl,əɾ,s̪ɔ,ʈəɾ","र,टर","ɾ,əɾ,ʈəɾ","र,टर","ɾ,əɾ,ʈəɾ"
5975,सोच,साफतौर,s̪ɑːpʰt̪əuɾ,thinking,neutral,F,3,underived,,,0,0,inanimate,X,Perception,0,0,0,"स,ौर,तौर,र,सा,साफ","ɾ,s̪,s̪ɑːpʰ,əuɾ,s̪ɑː,uɾ","र,सा",ɾ,र,ɾ
5976,सोच,सोच,s̪oːt͡ʃ,thinking,neutral,M,4,underived,,,0,0,inanimate,X,Perception,0,0,0,"स,सो,सोच,च,ोच","s̪oː,t͡ʃ,s̪oːt͡ʃ,s̪,oːt͡ʃ",,,,
5977,सोना,सोन,s̪oːn̪,sleep,NotAppl,M,2,underived,,,0,0,inanimate,B,Natural Object,0,0,0,"स,सो,सोन,न,ोन","s̪oːn̪,s̪oː,s̪,n̪,oːn̪",,,,
5978,सोमवार,सोमवार,s̪oːmʋɑːɾ,monday,NotAppl,M,4,underived,,,1,0,inanimate,T,Period,0,0,0,"स,सो,ार,र,वार,सोम","s̪oː,ɾ,ɑːɾ,s̪,s̪oːm,ʋɑːɾ","ार,र","ɾ,ɑːɾ",र,ɾ
5979,सोसाइटी,सोसाइट,s̪oːs̪ɑːɪʈ,society,NotAppl,F,1,underived,,,0,0,inanimate,S,Social,1,0,0,"स,ट,सो,इट,सोस,ाइट","s̪oː,ɪʈ,ʈ,s̪oːs̪,ɑːɪʈ,s̪","इट,ाइट","ɪʈ,ɑːɪʈ",,
5981,सोहार्द,सोहार्द,s̪oːɦɑːɾd̪,harmony,NotAppl,M,4,underived,,,0,0,inanimate,S,Social,0,0,0,"द,स,्द,सो,सोह,र्द","d̪,s̪oː,ɾd̪,ɑːɾd̪,s̪oːɦ,s̪",,,,
5982,सौंदर्य,सौंदर्य,s̪əũd̪ɾjə,beauty,NotAppl,M,4,underived,,,0,0,inanimate,O,Quality,0,0,1,"स,्य,सौं,सौ,य,र्य","s̪ə,ə,s̪,s̪əũ,jə,ɾjə","्य,य",jə,य,jə
5983,सौजन्य,सौजन्य,s̪əud͡ʒn̪jə,courtesy,NotAppl,M,4,underived,,,0,0,inanimate,S,Action,0,0,1,"स,्य,सौ,य,न्य,सौज","s̪ə,s̪əu,ə,s̪,jə,n̪jə","्य,य",jə,य,jə
5984,सौदा,सौद,s̪əud̪,deal,NotAppl,M,2,underived,,,0,0,inanimate,N,Action,0,1,0,"द,स,सौद,सौ,ौद","d̪,s̪ə,ud̪,s̪əu,s̪,əud̪",,,,
5985,सौदेबाजी,सौदेबाज,s̪əud̪eːbɑːd͡ʒ,bargaining,NotAppl,F,1,underived,,,1,0,inanimate,Q,Action,0,0,0,"स,सौद,सौ,ाज,ज,बाज","bɑːd͡ʒ,ɑːd͡ʒ,d͡ʒ,s̪ə,s̪əu,s̪",,,,
5986,सौभाग्,सौभाग,s̪əubʰɑːɡ,good fortune,NotAppl,M,0,underived,,,0,0,inanimate,A,Abstract,0,0,0,"स,ाग,सौभ,भाग,सौ,ग","ɑːɡ,s̪ə,s̪əu,ɡ,s̪,bʰɑːɡ","ाग,ग",ɡ,,ɡ
5987,सौभाग्य,सौभाग्य,s̪əubʰɑːɡjə,good luck,NotAppl,M,0,underived,,,1,0,inanimate,A,Perception,0,0,1,"स,सौभ,्य,सौ,य,ग्य","ɡjə,s̪ə,s̪əu,ə,s̪,jə","्य,य",jə,य,jə
5988,सौरमंडल,सौरमंडल,s̪əuɾmə̃ɖəl,solar system,NotAppl,M,4,underived,,,1,0,inanimate,W,Group,0,0,0,"स,सौ,डल,ंडल,ल,सौर","s̪ə,əl,s̪əu,l,s̪,ɖəl",,əl,,
5989,सौहार्द,सौहार्द,s̪əuɦɑːɾd̪,cordiality,NotAppl,M,4,underived,,,0,0,inanimate,Z,Quality,0,0,1,"द,स,्द,सौ,सौह,र्द","d̪,ɾd̪,s̪ə,ɑːɾd̪,s̪əu,s̪",,,,
5990,स्कर्ट,स्कर्ट,s̪kəɾʈ,skirt,NotAppl,F,3,underived,,,0,0,inanimate,M,Artifact,1,0,0,"स,ट,र्ट,स्,्ट,स्क","əɾʈ,ʈ,s̪k,ɾʈ,s̪,s̪kə",,,,
5991,स्कार्फ,स्कार्फ,s̪kɑːɾpʰ,scarves,NotAppl,M,4,underived,,,0,0,inanimate,B,Artifact,1,0,0,"स,फ,स्,र्फ,स्क,्फ","pʰ,ɑːɾpʰ,s̪k,s̪,s̪kɑː,ɾpʰ",,,,
5992,स्की,स्क,s̪k,skis,NotAppl,F,5,underived,,,0,0,inanimate,K,Artifact,1,0,0,"स,्क,स्,क,स्क","s̪k,s̪,k",,,,
5993,स्कीइंग,स्कीइंग,s̪kiːɪ̃ɡ,skiing,NotAppl,F,0,underived,,,0,0,inanimate,K,Action,1,0,0,"स,स्,ंग,स्क,ग,इंग","s̪kiː,iːɪ̃ɡ,ɪ̃ɡ,s̪k,s̪,ɡ","ंग,ग","ɪ̃ɡ,ɡ",ंग,"ɪ̃ɡ,ɡ"
5994,स्कीम,स्कीम,s̪kiːm,scheme,neutral,F,3,underived,,,0,0,inanimate,X,Psychological Feature,1,0,0,"स,म,स्,कीम,स्क,ीम","iːm,s̪kiː,kiːm,m,s̪k,s̪",,,,
5995,स्कीम,स्कीम,s̪kiːm,scheme,neutral,M,4,underived,,,0,0,inanimate,X,Psychological Feature,1,0,0,"स,म,स्,कीम,स्क,ीम","iːm,s̪kiː,kiːm,m,s̪k,s̪",,,,
5996,स्कीयर,स्कीयर,s̪kiːjəɾ,skier,NotAppl,M,4,underived,,,0,0,animate,K,Common Noun,1,0,0,"स,यर,र,स्,ीयर,स्क","s̪kiː,jəɾ,ɾ,s̪k,s̪,əɾ",र,"ɾ,əɾ",र,"ɾ,əɾ"
5997,स्कूल,स्कूल,s̪kuːl,school,NotAppl,M,4,underived,,,0,0,inanimate,P,Physical Place,1,0,0,"स,स्,ूल,स्क,ल,कूल","kuːl,uːl,s̪k,s̪,l,s̪kuː",,,,
5998,स्केल,स्केल,s̪keːl,scale,NotAppl,M,4,underived,,,0,0,inanimate,N,Artifact,1,0,0,"स,ेल,केल,स्,स्क,ल","s̪k,keːl,s̪,l,s̪keː,eːl",,,,
5999,स्कैनर,स्कैनर,s̪kəɪn̪əɾ,scanner,NotAppl,M,4,underived,,,0,0,inanimate,O,Applied Sciences,1,0,0,"स,नर,र,ैनर,स्,स्क","n̪əɾ,ɾ,s̪k,s̪,s̪kə,əɾ",र,"ɾ,əɾ",र,"ɾ,əɾ"
6000,स्कोर,स्कोर,s̪koːɾ,score,NotAppl,M,4,underived,,,0,0,inanimate,K,property,1,0,0,"स,ोर,र,कोर,स्,स्क","koːɾ,oːɾ,ɾ,s̪k,s̪,s̪koː",र,ɾ,र,ɾ
6001,स्क्रीन,स्क्रीन,s̪kɾiːn̪,screen,neutral,F,3,underived,,,0,0,inanimate,Y,Artifact,1,0,0,"स,न,स्,ीन,स्क,रीन","ɾiːn̪,iːn̪,s̪k,s̪,s̪kɾ,n̪",,,,
6002,स्क्रीन,स्क्रीन,s̪kɾiːn̪,screen,neutral,M,4,underived,,,0,0,inanimate,Y,Artifact,1,0,0,"स,न,स्,ीन,स्क,रीन","ɾiːn̪,iːn̪,s̪k,s̪,s̪kɾ,n̪",,,,
6003,स्क्रैप,स्क्रैप,s̪kɾəɪp,scrap,NotAppl,M,4,underived,,,0,0,inanimate,O,Common Noun,1,0,0,"स,रैप,प,ैप,स्,स्क","əɪp,p,s̪k,s̪,s̪kɾ,ɪp",,,,
6004,स्क्रॉल,स्क्रॉल,s̪kɾɔl,scroll,NotAppl,M,0,underived,,,0,0,inanimate,Q,Common Noun,1,0,0,"स,ॉल,स्,रॉल,स्क,ल","ɔl,s̪k,s̪,l,s̪kɾ,ɾɔl",,,,
6006,स्क्वॉड,स्क्वॉड,s̪kʋɔɖ,squad,NotAppl,M,4,underived,,,0,0,inanimate,G,Collective Noun,1,0,0,"स,ड,स्,ॉड,स्क,वॉड","s̪kʋ,ɔɖ,ɖ,s̪k,ʋɔɖ,s̪",,,,
6007,स्टाइल,स्टाइल,s̪ʈɑːɪl,style,NotAppl,M,4,underived,,,0,0,inanimate,X,Process,1,0,0,"स,ाइल,इल,स्,ल,स्ट","ɪl,s̪ʈ,s̪,l,ɑːɪl,s̪ʈɑː",स्ट,s̪ʈ,,s̪ʈ
6008,स्टापेज,स्टापेज,s̪ʈɑːpeːd͡ʒ,stoppages,NotAppl,M,4,underived,,,0,0,inanimate,T,Common Noun,1,0,0,"स,पेज,स्,ज,ेज,स्ट","eːd͡ʒ,d͡ʒ,s̪ʈ,s̪,peːd͡ʒ,s̪ʈɑː",स्ट,s̪ʈ,,s̪ʈ
6009,स्टाफ,स्टाफ,s̪ʈɑːpʰ,staff,NotAppl,M,4,underived,,,0,0,inanimate,I,Group,1,0,0,"स,फ,स्,ाफ,टाफ,स्ट","ʈɑːpʰ,pʰ,ɑːpʰ,s̪ʈ,s̪,s̪ʈɑː",स्ट,s̪ʈ,,s̪ʈ
6010,स्टाम्प,स्टाम्प,s̪ʈɑːmp,stamp,NotAppl,M,4,underived,,,0,0,inanimate,Q,Artifact,1,0,0,"स,म्प,प,स्,्प,स्ट","mp,ɑːmp,s̪ʈ,p,s̪,s̪ʈɑː",स्ट,s̪ʈ,,s̪ʈ
6011,स्टार,स्टार,s̪ʈɑːɾ,star,neutral,F,3,underived,,,0,0,inanimate,Z,Natural Object,1,0,0,"स,र,ार,स्,टार,स्ट","s̪ʈ,ɾ,ɑːɾ,s̪,ʈɑːɾ,s̪ʈɑː","र,ार,स्ट","s̪ʈ,ɾ,ɑːɾ",र,"s̪ʈ,ɾ"
6012,स्टार,स्टार,s̪ʈɑːɾ,star,neutral,M,4,underived,,,0,0,inanimate,Z,Natural Object,1,0,0,"स,र,ार,स्,टार,स्ट","s̪ʈ,ɾ,ɑːɾ,s̪,ʈɑːɾ,s̪ʈɑː","र,ार,स्ट","s̪ʈ,ɾ,ɑːɾ",र,"s̪ʈ,ɾ"
6013,स्टिंग,स्टिंग,s̪ʈɪ̃ɡ,sting,NotAppl,M,4,underived,,,0,0,inanimate,B,Common Noun,1,0,0,"स,स्,िंग,ंग,ग,स्ट","s̪ʈ,ɪ̃ɡ,s̪,ɡ,s̪ʈɪ̃,ʈɪ̃ɡ","िंग,ंग,ग,स्ट","s̪ʈ,ɪ̃ɡ,ɡ,ʈɪ̃ɡ","िंग,ंग","s̪ʈ,ɪ̃ɡ,ɡ"
6014,स्टिक,स्टिक,s̪ʈɪk,stick,NotAppl,F,3,underived,,,0,0,inanimate,M,Common Noun,1,0,0,"स,स्,िक,क,टिक,स्ट","k,ɪk,ʈɪk,s̪ʈɪ,s̪ʈ,s̪",स्ट,s̪ʈ,,s̪ʈ
6015,स्टीकर,स्टीकर,s̪ʈiːkəɾ,sticker,NotAppl,M,4,underived,,,0,0,inanimate,Q,Artifact,1,0,0,"स,कर,र,ीकर,स्,स्ट","s̪ʈ,ɾ,s̪,s̪ʈiː,kəɾ,əɾ","कर,र,स्ट","s̪ʈ,ɾ,kəɾ,əɾ","कर,र","s̪ʈ,ɾ,kəɾ,əɾ"
6016,स्टील,स्टील,s̪ʈiːl,steel,neutral,F,3,underived,,,0,0,inanimate,O,Artifact,1,0,0,"स,ील,टील,स्,ल,स्ट","iːl,ʈiːl,s̪ʈ,s̪,l,s̪ʈiː","ील,स्ट","iːl,s̪ʈ",,s̪ʈ
6017,स्टील,स्टील,s̪ʈiːl,steel,neutral,M,4,underived,,,0,0,inanimate,O,Artifact,1,0,0,"स,ील,टील,स्,ल,स्ट","iːl,ʈiːl,s̪ʈ,s̪,l,s̪ʈiː","ील,स्ट","iːl,s̪ʈ",,s̪ʈ
6018,स्टूडियो,स्टूडिय,s̪ʈuːɖɪjə,studio,NotAppl,M,4,underived,,,0,0,inanimate,C,Action,1,0,0,"स,िय,य,डिय,स्,स्ट","s̪ʈuː,s̪ʈ,ɪjə,ə,s̪,jə","य,स्ट","s̪ʈ,jə",य,"s̪ʈ,jə"
6019,स्टूडेंट,स्टूडेंट,s̪ʈuːɖẽːʈ,student,NotAppl,M,5,underived,,,0,0,animate,P,Person,1,0,0,"स,ट,ेंट,ंट,स्,स्ट","s̪ʈuː,ɖẽːʈ,s̪ʈ,ʈ,s̪,ẽːʈ","ेंट,ंट,स्ट","s̪ʈ,ẽːʈ",,s̪ʈ
6020,स्टूल,स्टूल,s̪ʈuːl,stool,NotAppl,M,4,underived,,,0,0,inanimate,H,Artifact,1,0,0,"स,टूल,स्,ूल,ल,स्ट","s̪ʈuː,uːl,ʈuːl,s̪ʈ,s̪,l",स्ट,s̪ʈ,,s̪ʈ
6021,स्टे,स्ट,s̪ʈ,stay,NotAppl,M,0,underived,,,0,0,inanimate,M,Common Noun,1,0,0,"स,ट,स्,्ट,स्ट","s̪ʈ,s̪,ʈ",स्ट,s̪ʈ,,s̪ʈ
6022,स्टेच्यू,स्टेच्य,s̪ʈeːt͡ʃjə,statue,NotAppl,F,4,underived,,,0,0,inanimate,C,Artifact,1,0,0,"स,्य,च्य,य,स्,स्ट","s̪ʈeː,t͡ʃjə,s̪ʈ,ə,s̪,jə","्य,य,स्ट","s̪ʈ,jə",य,"s̪ʈ,jə"
6023,स्टेज,स्टेज,s̪ʈeːd͡ʒ,stage,NotAppl,M,4,underived,,,0,0,inanimate,T,Physical Place,1,0,0,"स,टेज,स्,ज,ेज,स्ट","s̪ʈeː,eːd͡ʒ,ʈeːd͡ʒ,d͡ʒ,s̪ʈ,s̪",स्ट,s̪ʈ,,s̪ʈ
6024,स्टेटमेंट,स्टेटमेंट,s̪ʈeːʈmẽːʈ,statement,NotAppl,M,4,underived,,,0,0,inanimate,Q,Artifact,1,0,0,"स,ट,ेंट,ंट,स्,स्ट","s̪ʈeː,mẽːʈ,s̪ʈ,ʈ,s̪,ẽːʈ","ेंट,ंट,स्ट","s̪ʈ,ẽːʈ",,s̪ʈ
6025,स्टेटस,स्टेटस,s̪ʈeːʈəs̪,status,NotAppl,M,4,underived,,,0,0,inanimate,S,Common Noun,1,0,0,"स,स्,टस,ेटस,स्ट","s̪ʈeː,ʈəs̪,s̪ʈ,əs̪,s̪",स्ट,s̪ʈ,,s̪ʈ
6026,स्टेडियम,स्टेडियम,s̪ʈeːɖɪjəm,stadium,NotAppl,M,4,underived,,,0,0,inanimate,K,Relational,1,0,0,"स,म,स्,ियम,यम,स्ट","s̪ʈeː,əm,m,s̪ʈ,s̪,jəm","ियम,यम,स्ट","s̪ʈ,jəm",,s̪ʈ
6027,स्टेरॉयड,स्टेरॉयड,s̪ʈeːɾɔjəɖ,steroids,NotAppl,M,4,underived,,,0,0,inanimate,F,Chemical,1,0,0,"स,ॉयड,ड,यड,स्,स्ट","s̪ʈeː,əɖ,ɖ,jəɖ,s̪ʈ,s̪",स्ट,s̪ʈ,,s̪ʈ
6028,स्टेशन,स्टेशन,s̪ʈeːʃən̪,station,NotAppl,M,4,underived,,,0,0,inanimate,M,Physical Place,1,0,0,"स,शन,ेशन,न,स्,स्ट","s̪ʈeː,s̪ʈ,ən̪,s̪,n̪,ʃən̪","शन,ेशन,स्ट","s̪ʈ,ʃən̪",ेशन,s̪ʈ
6029,स्टैंड,स्टैंड,s̪ʈəɪ̃ɖ,stand,NotAppl,M,0,underived,,,0,0,inanimate,M,Artifact,1,0,0,"स,ड,ैंड,स्,ंड,स्ट","ɖ,s̪ʈə,s̪ʈ,ɪ̃ɖ,əɪ̃ɖ,s̪",स्ट,s̪ʈ,,s̪ʈ
6030,स्टैंडिंग,स्टैंडिंग,s̪ʈəɪ̃ɖɪ̃ɡ,standings,NotAppl,M,4,underived,,,0,0,inanimate,S,Common Noun,1,0,0,"स,स्,िंग,ंग,ग,स्ट","ɖɪ̃ɡ,s̪ʈə,s̪ʈ,ɪ̃ɡ,s̪,ɡ","िंग,ंग,ग,स्ट","ɖɪ̃ɡ,s̪ʈ,ɪ̃ɡ,ɡ","िंग,ंग","s̪ʈ,ɪ̃ɡ,ɡ"
6031,स्टॉक,स्टॉक,s̪ʈɔk,stock,NotAppl,M,4,underived,,,0,0,inanimate,A,Object,1,0,0,"टॉक,स,स्,क,ॉक,स्ट","s̪ʈɔ,k,ɔk,s̪ʈ,s̪,ʈɔk",स्ट,s̪ʈ,,s̪ʈ
6032,स्टॉप,स्टॉप,s̪ʈɔp,stop,NotAppl,M,4,underived,,,0,0,inanimate,T,Common Noun,1,0,0,"स,ॉप,प,टॉप,स्,स्ट","s̪ʈɔ,ɔp,ʈɔp,s̪ʈ,p,s̪",स्ट,s̪ʈ,,s̪ʈ
6033,स्टॉफ,स्टॉफ,s̪ʈɔpʰ,staff,NotAppl,M,4,underived,,,0,0,inanimate,I,Common Noun,1,0,0,"स,फ,ॉफ,स्,टॉफ,स्ट","ɔpʰ,s̪ʈɔ,ʈɔpʰ,pʰ,s̪ʈ,s̪",स्ट,s̪ʈ,,s̪ʈ
6034,स्टोर,स्टोर,s̪ʈoːɾ,store,NotAppl,M,5,underived,,,0,0,inanimate,I,Artifact,1,0,0,"स,ोर,र,टोर,स्,स्ट","oːɾ,ʈoːɾ,s̪ʈ,ɾ,s̪,s̪ʈoː","र,स्ट","s̪ʈ,ɾ",र,"s̪ʈ,ɾ"
6035,स्ट्राइकर,स्ट्राइकर,s̪ʈɾɑːɪkəɾ,striker,NotAppl,M,4,underived,,,0,0,animate,K,Person,1,0,0,"स,कर,र,इकर,स्,स्ट","s̪ʈɾ,s̪ʈ,ɾ,s̪,kəɾ,əɾ","कर,र,स्ट","s̪ʈ,ɾ,kəɾ,əɾ","कर,र","s̪ʈ,ɾ,kəɾ,əɾ"
6036,स्ट्रेचर,स्ट्रेचर,s̪ʈɾeːt͡ʃəɾ,stretcher,NotAppl,M,4,underived,,,0,0,inanimate,B,Anatomical,1,0,0,"स,चर,र,ेचर,स्,स्ट","s̪ʈɾ,t͡ʃəɾ,s̪ʈ,ɾ,s̪,əɾ","र,स्ट","s̪ʈ,ɾ,əɾ",र,"s̪ʈ,ɾ,əɾ"
6038,स्तर,स्तर,s̪t̪əɾ,level,NotAppl,M,4,underived,,,0,0,inanimate,N,Place,0,0,0,"स,तर,र,स्त,स्,्तर","s̪t̪ə,ɾ,t̪əɾ,s̪,s̪t̪,əɾ",र,"ɾ,əɾ",र,"ɾ,əɾ"
6039,स्तूप,स्तूप,s̪t̪uːp,stupa,NotAppl,M,4,underived,,,0,0,inanimate,Z,Physical Place,0,0,0,"स,प,स्त,स्,तूप,ूप","s̪t̪uː,p,t̪uːp,uːp,s̪,s̪t̪",,,,
6040,स्त्री,स्त्री,s̪t̪ɾiː,woman,NotAppl,F,3,underived,,,0,0,animate,S,Person,0,0,0,"स,री,स्त,स्,्री,ी","iː,t̪ɾiː,s̪,s̪t̪,ɾiː,s̪t̪ɾ",ी,,ी,
6041,स्त्रोत,स्त्रोत,s̪t̪ɾoːt̪,source,NotAppl,M,4,underived,,,0,0,inanimate,T,Natural Object,0,0,1,"स,स्त,त,स्,ोत,रोत","t̪,s̪,oːt̪,s̪t̪,ɾoːt̪,s̪t̪ɾ",त,t̪,त,t̪
6042,स्थगन,स्थगन,s̪t̪ʰəɡən̪,postponement,NotAppl,M,4,underived,,,0,0,inanimate,T,Physical,0,0,0,"स,थगन,गन,न,स्,स्थ","s̪t̪ʰ,n̪,ɡən̪,s̪t̪ʰə,s̪,ən̪",,,,
6043,स्थगनादेश,स्थगनादेश,s̪t̪ʰəɡn̪ɑːd̪eːʃ,stay order,NotAppl,M,4,underived,,,1,0,inanimate,M,Act,0,0,0,"स,श,ेश,देश,स्थ,स्","s̪t̪ʰ,ʃ,d̪eːʃ,eːʃ,s̪t̪ʰə,s̪","ेश,देश","d̪eːʃ,eːʃ",,
6044,स्थल,स्थल,s̪t̪ʰəl,place,NotAppl,M,4,underived,,,0,0,inanimate,M,Physical Place,0,0,1,"स,स्थ,स्,्थल,ल,थल","s̪t̪ʰ,s̪t̪ʰə,əl,t̪ʰəl,s̪,l",,əl,,
6045,स्थली,स्थल,s̪t̪ʰəl,place,NotAppl,F,1,underived,,,0,0,inanimate,M,Physical Place,0,0,1,"स,स्थ,स्,्थल,ल,थल","s̪t̪ʰ,s̪t̪ʰə,əl,t̪ʰəl,s̪,l",,əl,,
6046,स्थान,स्थान,s̪t̪ʰɑːn̪,place,NotAppl,M,4,underived,,,0,0,inanimate,M,Physical Place,0,0,1,"ान,स,न,स्,स्थ,थान","s̪t̪ʰ,ɑːn̪,s̪,s̪t̪ʰɑː,t̪ʰɑːn̪,n̪",,,,
6047,स्थापत्य,स्थापत्य,s̪t̪ʰɑːpt̪jə,architecture,NotAppl,M,4,underived,,,0,0,inanimate,H,Artifact,0,0,1,"स,्य,त्य,य,स्थ,स्","s̪t̪ʰ,ə,s̪,s̪t̪ʰɑː,jə,t̪jə","्य,य",jə,य,jə
6048,स्थापना,स्थापना,s̪t̪ʰɑːpn̪ɑː,establishment,neutral,F,3,underived,,,0,0,inanimate,T,Physical,0,0,1,"स,ा,ना,स्थ,स्,पना","s̪t̪ʰ,ɑː,s̪,n̪ɑː,s̪t̪ʰɑː,pn̪ɑː",ा,,ा,
6049,स्थापना,स्थापन,s̪t̪ʰɑːpən̪,establishment,neutral,M,2,underived,,,0,0,inanimate,T,Physical,0,0,1,"स,ापन,न,स्,स्थ,पन","s̪t̪ʰ,n̪,pən̪,s̪,s̪t̪ʰɑː,ən̪",,,,
6050,स्थायित्व,स्थायित्व,s̪t̪ʰɑːjɪt̪ʋə,durability,NotAppl,M,4,abstract3,,,0,1,inanimate,O,physical State,0,0,1,"स,व,्व,स्थ,स्,त्व","ʋə,s̪t̪ʰ,t̪ʋə,ə,s̪,s̪t̪ʰɑː","व,्व",ʋə,व,
6051,स्थिति,स्थित,s̪t̪ʰɪt̪,situation,NotAppl,F,1,underived,,,0,0,inanimate,A,State,0,0,1,"स,त,स्थ,स्,थित,ित","s̪t̪ʰ,ɪt̪,t̪ʰɪt̪,t̪,s̪t̪ʰɪ,s̪",त,t̪,त,t̪
6052,स्थिरता,स्थिरता,s̪t̪ʰɪɾt̪ɑː,stability,NotAppl,F,3,underived,,,0,0,inanimate,A,Physiological  State,0,0,1,"स,ा,स्थ,स्,ता,रता","s̪t̪ʰ,ɾt̪ɑː,ɑː,s̪t̪ʰɪ,s̪,t̪ɑː","ा,रता",ɾt̪ɑː,ा,
6053,स्नातक,स्नातक,s̪n̪ɑːt̪ək,graduate,NotAppl,M,4,underived,,,0,0,inanimate,P,Person,0,0,1,"स,स्न,स्,ातक,क,तक","k,t̪ək,ək,s̪,s̪n̪,s̪n̪ɑː",,ək,,
6054,स्नान,स्नान,s̪n̪ɑːn̪,bathing,NotAppl,M,4,underived,,,0,0,inanimate,B,Physical,0,0,1,"ान,स,स्न,न,स्,नान","ɑːn̪,s̪,s̪n̪,s̪n̪ɑː,n̪,n̪ɑːn̪",,,,
6055,स्पर्मीसाइडल,स्पर्मीसाइडल,s̪pəɾmiːs̪ɑːɪɖəl,spermicidal,NotAppl,F,3,underived,,,0,0,inanimate,Z,Biological State,1,0,0,"स,डल,स्,स्प,ल,इडल","əl,s̪,l,s̪pə,ɖəl,s̪p",,əl,,
6056,स्पष्टीकरण,स्पष्टीकरण,s̪pəʂʈiːkɾəɳ,explanation,NotAppl,M,4,underived,,,1,0,inanimate,Q,Communication,0,0,1,"करण,स,रण,स्,स्प,ण","əɳ,ɾəɳ,s̪,ɳ,s̪pə,s̪p",रण,"əɳ,ɾəɳ",,"əɳ,ɾəɳ"
6057,स्पिनर,स्पिनर,s̪pɪn̪əɾ,spinner,NotAppl,M,4,underived,,,0,0,animate,I,Person,1,0,0,"स,नर,र,िनर,स्,स्प","ɾ,s̪,n̪əɾ,əɾ,s̪pɪ,s̪p",र,"ɾ,əɾ",र,"ɾ,əɾ"
6058,स्पीकर,स्पीकर,s̪piːkəɾ,speaker,NotAppl,M,4,underived,,,0,0,inanimate,Q,Communication,1,0,0,"स,कर,र,ीकर,स्,स्प","ɾ,s̪,kəɾ,əɾ,s̪piː,s̪p","कर,र","ɾ,kəɾ,əɾ","कर,र","ɾ,kəɾ,əɾ"
6059,स्पीड,स्पीड,s̪piːɖ,speed,NotAppl,F,3,underived,,,0,0,inanimate,N,Physical State,1,0,0,"स,ड,स्,पीड,स्प,ीड","ɖ,iːɖ,piːɖ,s̪,s̪piː,s̪p",ीड,,,
6060,स्पीति,स्पीत,s̪piːt̪,spiti,NotAppl,F,1,underived,,,0,0,inanimate,Z,Physical Place,0,0,0,"स,ीत,त,स्,स्प,पीत","t̪,iːt̪,piːt̪,s̪,s̪piː,s̪p","ीत,त","t̪,iːt̪",त,t̪
6061,स्पेशलिस्ट,स्पेशलिस्ट,s̪peːʃlɪs̪ʈ,specialist,NotAppl,M,4,underived,,,0,0,animate,X,Person,1,0,0,"स,ट,स्,्ट,स्प,स्ट","s̪peː,ʈ,s̪ʈ,ɪs̪ʈ,s̪,s̪p",स्ट,s̪ʈ,,s̪ʈ
6062,स्पेस,स्पेस,s̪peːs̪,space,neutral,F,3,underived,,,0,0,inanimate,N,Physical State,1,0,0,"स,ेस,स्,स्प,पेस","peːs̪,eːs̪,s̪peː,s̪,s̪p",,,,
6063,स्पेस,स्पेस,s̪peːs̪,space,neutral,M,4,underived,,,0,0,inanimate,N,Common Noun,1,0,0,"स,ेस,स्,स्प,पेस","peːs̪,eːs̪,s̪peː,s̪,s̪p",,,,
6064,स्पेसक्राफ्ट,स्पेसक्राफ्ट,s̪peːs̪əkɾɑːpʰʈ,spacecraft,NotAppl,M,4,underived,,,0,0,inanimate,M,Artifact,1,0,0,"स,ट,स्,्ट,स्प,फ्ट","pʰʈ,s̪peː,ʈ,ɑːpʰʈ,s̪,s̪p",,,,
6066,स्पोर्ट,स्पोर्ट,s̪poːɾʈ,sport,NotAppl,M,5,underived,,,0,0,inanimate,K,Common Noun,1,0,0,"स,ट,र्ट,स्,्ट,स्प","oːɾʈ,ʈ,ɾʈ,s̪,s̪poː,s̪p",,,,
6067,स्पोर्टस,स्पोर्टस,s̪poːɾʈəs̪,sports,NotAppl,M,5,underived,,,0,0,inanimate,K,Common Noun,1,0,0,"स,स्,स्प,टस,्टस","ʈəs̪,s̪,əs̪,s̪poː,s̪p",,,,
6068,स्मरण,स्मरण,s̪məɾəɳ,remembrance,NotAppl,M,4,underived,,,0,0,inanimate,X,Action,0,0,1,"स,रण,स्,स्म,मरण,ण","əɳ,s̪m,s̪mə,ɾəɳ,s̪,ɳ",रण,"əɳ,ɾəɳ",,"əɳ,ɾəɳ"
6069,स्मारक,स्मारक,s̪mɑːɾək,memorial,NotAppl,M,0,underived,,,0,0,inanimate,Z,Artifact,0,0,1,"स,ारक,स्,स्म,क,रक","k,s̪mɑː,ək,s̪m,s̪,ɾək",,ək,,
6070,स्मृति,स्मृत,s̪mɾɨt̪,commemoration,NotAppl,F,1,underived,,,0,0,inanimate,S,Perception,0,0,1,"स,ृत,त,स्,स्म,मृत","t̪,ɨt̪,s̪m,s̪,s̪mɾ,ɾɨt̪","ृत,त","t̪,ɨt̪,ɾɨt̪",त,t̪
6071,स्मृतिचिह्न,स्मृतिचिह्न,s̪mɾɨt̪ɪt͡ʃɪɦn̪,souvenirs,NotAppl,M,4,underived,,,1,0,inanimate,O,Object,0,0,0,"स,ह्न,न,स्,स्म,्न","s̪m,ɪɦn̪,ɦn̪,s̪,s̪mɾ,n̪",,,,
6072,स्याही,स्याह,s̪jɑːɦ,ink,NotAppl,F,1,underived,,,0,0,inanimate,O,Artifact,0,1,0,"स,ाह,ह,स्य,स्,याह","ɑːɦ,ɦ,s̪jɑː,jɑːɦ,s̪j,s̪",ाह,ɑːɦ,,
6074,स्लाइड,स्लाइड,s̪lɑːɪɖ,slide,NotAppl,F,5,underived,,,0,0,inanimate,M,Artifact,1,0,0,"स,स्ल,ड,इड,ाइड,स्","s̪lɑː,ɖ,ɑːɪɖ,ɪɖ,s̪,s̪l",,,,
6075,स्लीपर,स्लीपर,s̪liːpəɾ,sleeper,NotAppl,M,4,underived,,,0,0,inanimate,M,Artifact,1,0,0,"स,स्ल,पर,र,ीपर,स्","pəɾ,ɾ,s̪,s̪liː,s̪l,əɾ",र,"ɾ,əɾ",र,"ɾ,əɾ"
6076,स्वतन्त्रता,स्वतन्त्रता,s̪ʋət̪ən̪t̪ɾət̪ɑː,freedom,NotAppl,F,0,abstract8,abstract8,abstract8,0,1,inanimate,A,State,0,0,0,"स,ा,स्,ता,रता,स्व","s̪ʋ,ɑː,s̪,t̪ɑː,ət̪ɑː,s̪ʋə","ा,रता",ət̪ɑː,ा,ət̪ɑː
6077,स्वदेश,स्वदेश,s̪ʋəd̪eːʃ,home country,NotAppl,M,4,underived,,,0,0,inanimate,Z,Physical Place,0,0,1,"स,श,ेश,देश,स्,स्व","ʃ,s̪ʋ,d̪eːʃ,eːʃ,s̪,s̪ʋə","ेश,देश","d̪eːʃ,eːʃ",,
6078,स्वप्न,स्वप्न,s̪ʋəpn̪,dream,NotAppl,M,4,underived,,,0,0,inanimate,X,Psychological Feature,0,0,1,"स,प्न,न,स्,स्व,्न","pn̪,s̪ʋ,əpn̪,s̪,n̪,s̪ʋə",,,,
6079,स्वभाव,स्वभाव,s̪ʋəbʰɑːʋ,temperament,NotAppl,M,4,underived,,,0,0,inanimate,S,Quality,0,0,1,"स,व,ाव,भाव,स्,स्व","s̪ʋ,ʋ,s̪,ɑːʋ,bʰɑːʋ,s̪ʋə","व,ाव",ʋ,"व,ाव",ʋ
6080,स्वयंभू,स्वयंभू,s̪ʋəjə̃bʰuː,self-made,NotAppl,M,4,underived,,,0,0,inanimate,S,Qualitative,0,0,0,"स,ू,स्,स्व,भू,ंभू","s̪ʋə,s̪ʋ,s̪,uː,ə̃bʰuː,bʰuː",,,,
6081,स्वयंसेवक,स्वयंसेवक,s̪ʋəjə̃s̪eːʋək,volunteer,NotAppl,M,4,underived,,,1,0,animate,I,Person,0,0,0,"स,वक,ेवक,स्,स्व,क","k,s̪ʋ,ək,ʋək,s̪,s̪ʋə",,ək,,
6082,स्वयंसेवी,स्वयंसेवी,s̪ʋəjə̃s̪eːʋiː,volunteer,NotAppl,M,4,underived,,,1,0,animate,I,Social,0,0,0,"स,ेवी,स्,स्व,वी,ी","iː,s̪ʋ,eːʋiː,s̪,ʋiː,s̪ʋə",ी,,ी,
6083,स्वयत्तता,स्वयत्तता,s̪ʋəjət̪t̪ət̪ɑː,autonomy,NotAppl,F,3,underived,,,0,0,inanimate,G,Concept,0,0,0,"स,ा,स्,ता,स्व,तता","s̪ʋ,ɑː,s̪,t̪ɑː,ət̪ɑː,s̪ʋə",ा,ət̪ɑː,ा,ət̪ɑː
6084,स्वर,स्वर,s̪ʋəɾ,vocal,NotAppl,M,4,underived,,,0,0,inanimate,Q,Perception,0,0,1,"वर,स,र,स्,स्व,्वर","ʋəɾ,s̪ʋ,ɾ,s̪,əɾ,s̪ʋə",र,"ɾ,əɾ",र,"ɾ,əɾ"
6085,स्वरूप,स्वरूप,s̪ʋəɾuːp,form,NotAppl,M,4,underived,,,0,0,inanimate,A,property,0,0,1,"स,प,स्,स्व,ूप,रूप","s̪ʋ,p,ɾuːp,uːp,s̪,s̪ʋə",,,,
6086,स्वर्ग,स्वर्ग,s̪ʋəɾɡ,heaven,NotAppl,M,4,underived,,,0,0,inanimate,S,Mythological Place,0,0,1,"स,र्ग,्ग,स्,स्व,ग","s̪ʋə,əɾɡ,s̪ʋ,s̪,ɡ,ɾɡ","र्ग,ग","ɡ,ɾɡ",,ɡ
6087,स्वर्ण,स्वर्ण,s̪ʋəɾɳ,gold,NotAppl,M,4,underived,,,0,0,inanimate,O,Natural Object,0,0,1,"स,स्,्ण,स्व,र्ण,ण","ɾɳ,s̪ʋ,əɾɳ,s̪,ɳ,s̪ʋə",,,,
6088,स्वशासन,स्वशासन,s̪ʋəʃɑːs̪ən̪,self-government,NotAppl,M,4,underived,,,1,0,inanimate,S,Abstract,0,0,0,"सन,स,न,स्,स्व,ासन","n̪,s̪ʋ,s̪,s̪ən̪,ən̪,s̪ʋə","सन,ासन",s̪ən̪,,
6089,स्वागत,स्वागत,s̪ʋɑːɡət̪,welcome,NotAppl,M,4,underived,,,0,0,inanimate,Q,Social,0,0,1,"स,गत,त,स्,स्व,ागत","ɡət̪,s̪ʋ,t̪,s̪ʋɑː,ət̪,s̪","गत,त","ɡət̪,t̪",त,t̪
6090,स्वाधीनता,स्वाधीनता,s̪ʋɑːd̪ʰiːn̪t̪ɑː,independence,NotAppl,F,3,abstract8,abstract8,abstract8,0,1,inanimate,S,State,0,0,1,"स,नता,ा,स्,ता,स्व","s̪ʋ,n̪t̪ɑː,ɑː,s̪ʋɑː,s̪,t̪ɑː","नता,ा",,ा,
6091,स्वाभिमान,स्वाभिमान,s̪ʋɑːbʰɪmɑːn̪,self respect,NotAppl,M,4,underived,,,0,0,inanimate,S,Psychological Feature,0,0,0,"ान,स,न,स्,स्व,मान","ɑːn̪,s̪ʋ,s̪ʋɑː,s̪,mɑːn̪,n̪",,,,
6092,स्वामित्व,स्वामित्व,s̪ʋɑːmɪt̪ʋə,ownership,NotAppl,M,4,abstract3,,,0,1,inanimate,A,State,0,0,1,"स,व,्व,स्,त्व,स्व","ʋə,t̪ʋə,s̪ʋ,s̪ʋɑː,ə,s̪","व,्व",ʋə,व,
6093,स्वामी,स्वामी,s̪ʋɑːmiː,owner,NotAppl,M,4,underived,,,0,0,animate,A,Title,0,0,1,"स,मी,स्,ामी,स्व,ी","iː,s̪ʋ,s̪ʋɑː,ɑːmiː,s̪,miː",ी,,ी,
6095,स्वायत्ता,स्वायत्ता,s̪ʋɑːjət̪t̪ɑː,autonomy,NotAppl,F,3,underived,,,0,0,inanimate,G,Abstract,0,0,0,"स,ा,स्,ता,स्व,्ता","t̪t̪ɑː,s̪ʋ,ɑː,s̪ʋɑː,s̪,t̪ɑː",ा,,ा,
6096,स्वार्थ,स्वार्थ,s̪ʋɑːɾt̪ʰ,selfishness,NotAppl,M,4,underived,,,0,0,inanimate,S,Psychological Feature,0,0,1,"स,र्थ,्थ,स्,स्व,थ","s̪ʋ,ɑːɾt̪ʰ,s̪ʋɑː,t̪ʰ,s̪,ɾt̪ʰ",,,,
6097,स्वास्थ्य,स्वास्थ्य,s̪ʋɑːs̪t̪ʰjə,health,NotAppl,M,4,underived,,,0,0,inanimate,B,Physiological  State,0,0,0,"स,्य,य,स्,थ्य,स्व","s̪ʋ,t̪ʰjə,s̪ʋɑː,ə,s̪,jə","्य,य",jə,य,jə
6098,स्विच,स्विच,s̪ʋɪt͡ʃ,switch,NotAppl,M,4,underived,,,0,0,inanimate,O,Artifact,1,0,0,"स,विच,स्,स्व,िच,च","t͡ʃ,s̪ʋ,ʋɪt͡ʃ,s̪,s̪ʋɪ,ɪt͡ʃ",,,,
6099,स्वीकार,स्वीकार,s̪ʋiːkɑːɾ,accept,NotAppl,M,4,underived,,,0,0,inanimate,A,Action,0,0,1,"स,ार,र,स्,स्व,कार","kɑːɾ,s̪ʋ,s̪ʋiː,ɾ,ɑːɾ,s̪","ार,र","ɾ,ɑːɾ",र,ɾ
6100,स्वीकार्यता,स्वीकार्यता,s̪ʋiːkɑːɾjət̪ɑː,acceptability,NotAppl,F,3,abstract8,abstract8,abstract8,0,1,inanimate,A,State,0,0,0,"स,ा,स्,ता,यता,स्व","s̪ʋ,s̪ʋiː,ɑː,s̪,t̪ɑː,ət̪ɑː","ा,यता",ət̪ɑː,ा,ət̪ɑː
6101,स्वीकृति,स्वीकृत,s̪ʋiːkɾɨt̪,acceptance,NotAppl,F,1,underived,,,0,0,inanimate,A,Communication,0,0,1,"स,ृत,त,स्,स्व,कृत","t̪,s̪ʋ,s̪ʋiː,ɨt̪,s̪,ɾɨt̪","ृत,त,कृत","t̪,ɨt̪,ɾɨt̪",त,t̪
6102,स्वीपर,स्वीपर,s̪ʋiːpəɾ,sweeper,NotAppl,M,4,underived,,,0,0,animate,B,Occupation,1,0,0,"स,पर,र,ीपर,स्,स्व","pəɾ,s̪ʋ,s̪ʋiː,ɾ,s̪,əɾ",र,"ɾ,əɾ",र,"ɾ,əɾ"
6103,स्वेच्छा,स्वेच्छा,s̪ʋeːt͡ʃt͡ʃʰɑː,volunteering,NotAppl,F,3,underived,,,1,0,inanimate,A,Psychological Feature,0,0,1,"स,ा,स्,्छा,स्व,छा","t͡ʃʰɑː,s̪ʋ,s̪ʋeː,ɑː,t͡ʃt͡ʃʰɑː,s̪","ा,छा",t͡ʃʰɑː,ा,
6104,स्‍तंभ,स्‍तंभ,s̪t̪ə̃bʰ,column,NotAppl,M,4,underived,,,0,0,inanimate,O,Abstract,0,0,0,"स,ंभ,स्‍,स्,भ,तंभ","ə̃bʰ,t̪ə̃bʰ,s̪,s̪t̪,s̪t̪ə̃,bʰ",,,,
6109,हँसी,हँस,ɦə̃s̪,laughter,NotAppl,F,1,underived,,,0,0,inanimate,E,property,0,0,0,"स,ह,हँ,ँस,हँस","ɦ,ɦə̃,ə̃s̪,s̪,ɦə̃s̪",,,,
6110,हंगामा,हंगाम,ɦə̃ɡɑːm,ruckus,NotAppl,M,2,underived,,,0,0,inanimate,Z,Event,0,1,0,"ह,म,हं,हंग,ाम,गाम","ɦ,m,ɦə̃ɡ,ɦə̃,ɡɑːm,ɑːm",,,,
6111,हंट,हंट,ɦə̃ʈ,hunt,NotAppl,M,5,underived,,,0,0,inanimate,K,Common Noun,1,0,0,"हंट,ट,ह,ंट,हं","ɦ,ə̃ʈ,ɦə̃,ʈ,ɦə̃ʈ",ंट,,,
6112,हक,हक,ɦək,right,NotAppl,M,4,underived,,,0,0,inanimate,Z,Cognition,0,0,0,"ह,क,हक","k,ɦ,ək,ɦə,ɦək",,ək,,
6113,हकदार,हकदार,ɦəkd̪ɑːɾ,entitled,NotAppl,M,4,agentive3,,,0,1,animate,S,Person,0,0,0,"ार,र,ह,हक,हकद,दार","d̪ɑːɾ,ɦ,ɾ,ɑːɾ,ɦə,ɦək","ार,र","ɾ,ɑːɾ",र,ɾ
6114,हकीकत,हकीकत,ɦəkiːkət̪,reality,NotAppl,F,3,underived,,,0,0,inanimate,A,Perception,0,0,0,"हकी,ह,त,कत,हक,ीकत","t̪,ɦ,kət̪,ət̪,ɦə,ɦək","त,कत","t̪,kət̪",त,t̪
6115,हकीम,हकीम,ɦəkiːm,hakeem,NotAppl,M,4,underived,,,0,0,animate,Z,Person,0,1,0,"हकी,ह,म,कीम,हक,ीम","iːm,kiːm,ɦ,m,ɦə,ɦək",,,,
6116,हजार,हजार,ɦəd͡ʒɑːɾ,thousand,NotAppl,M,4,underived,,,0,0,inanimate,N,Place,0,0,0,"ार,हज,र,ह,हजा,जार","d͡ʒɑːɾ,ɦ,ɦəd͡ʒ,ɾ,ɑːɾ,ɦə","ार,र","ɾ,ɑːɾ",र,ɾ
6117,हडताल,हडताल,ɦəɖt̪ɑːl,strike,NotAppl,F,3,underived,,,0,0,inanimate,I,Action,0,0,0,"हड,ह,ाल,ताल,हडत,ल","ɦ,t̪ɑːl,ɦəɖ,l,ɦə,ɑːl",,,,
6118,हडबडी,हडबड,ɦəɖbəɖ,haste,NotAppl,F,1,underived,,,1,0,inanimate,N,Action,0,0,0,"ड,हड,डबड,ह,बड,हडब","bəɖ,əɖ,ɖ,ɦ,ɦəɖ,ɦə",,,,
6119,हड़कंप,हड़कंप,ɦəɽkə̃p,commotion,NotAppl,M,4,underived,,,0,0,inanimate,E,Physical,0,0,0,"प,हड,ह,कंप,ंप,हड़","kə̃p,ɦ,p,ɦə,ɦəɽ,ə̃p",,,,
6120,हड़ताल,हड़ताल,ɦəɽt̪ɑːl,strike,NotAppl,F,3,underived,,,0,0,inanimate,I,Action,0,0,0,"हड,ह,ल,ाल,ताल,हड़","ɦ,t̪ɑːl,l,ɦə,ɦəɽ,ɑːl",,,,
6121,हड़प,हड़प,ɦəɽəp,usurp,NotAppl,M,0,underived,,,0,0,inanimate,A,Verb of Action,0,0,0,"प,हड,ह,़प,हड़,ड़प","ɦ,əp,p,ɽəp,ɦə,ɦəɽ",,,,
6122,हड्डी,हड्ड,ɦəɖɖ,bone,NotAppl,F,1,underived,,,0,0,inanimate,B,Natural Object,0,0,0,"ड,हड,्ड,ह,हड्,ड्ड","ɦ,ɖ,əɖɖ,ɖɖ,ɦəɖ,ɦə",,,,
6123,हताशा,हताशा,ɦət̪ɑːʃɑː,frustration,NotAppl,F,3,underived,,,0,0,inanimate,E,Psychological Feature,0,0,0,"हता,ा,ह,शा,हत,ाशा","ɑːʃɑː,ɦ,ɑː,ʃɑː,ɦət̪,ɦə","ा,शा",ʃɑː,ा,
6124,हताहत,हताहत,ɦət̪ɑːɦət̪,casualties,NotAppl,M,4,underived,,,0,0,inanimate,B,Stative,0,0,0,"हता,ह,त,हत,ाहत","t̪,ɦ,ət̪,ɦət̪,ɦə",त,t̪,त,t̪
6125,हत्था,हत्थ,ɦət̪t̪ʰ,handle,NotAppl,M,2,underived,,,0,0,inanimate,A,Part of,0,0,0,"्थ,ह,हत्,त्थ,हत,थ","ɦ,ət̪t̪ʰ,t̪t̪ʰ,t̪ʰ,ɦət̪,ɦə",,,,
6126,हत्या,हत्या,ɦət̪jɑː,murder,NotAppl,F,3,underived,,,0,0,inanimate,L,Anti-social,0,0,1,"ा,ह,्या,हत्,या,हत","ɦ,ɑː,jɑː,ɦət̪,ɦə,t̪jɑː","ा,्या,या",jɑː,ा,
6127,हत्याकांड,हत्याकांड,ɦət̪jɑːkɑ̃ːɖ,massacre,NotAppl,M,4,underived,,,1,0,inanimate,L,Event,0,0,0,"ड,ह,ांड,हत्,ंड,हत","ɑ̃ːɖ,ɦ,ɖ,ɦət̪,kɑ̃ːɖ,ɦə",,,,
6128,हत्यारा,हत्यार,ɦət̪jɑːɾ,killer,NotAppl,M,2,underived,,,0,0,animate,L,Person,0,0,0,"ार,र,ह,हत्,यार,हत","ɦ,jɑːɾ,ɦət̪,ɾ,ɑːɾ,ɦə","ार,र","ɾ,ɑːɾ",र,ɾ
6129,हथगोला,हथगोल,ɦət̪ʰɡoːl,hand grenade,NotAppl,M,2,underived,,,0,0,inanimate,B,Artifact,0,0,0,"हथ,हथग,ह,ोल,ल,गोल","ɦ,ɡoːl,oːl,l,ɦə,ɦət̪ʰ",,,,
6130,हथियार,हथियार,ɦət̪ʰɪjɑːɾ,weapon,NotAppl,M,4,underived,,,0,0,inanimate,G,Artifact,0,0,0,"हथ,ार,र,ह,हथि,यार","ɦ,jɑːɾ,ɾ,ɑːɾ,ɦə,ɦət̪ʰ","ार,र","ɾ,ɑːɾ",र,ɾ
6131,हथौडा,हथौड,ɦət̪ʰəuɖ,hammer,NotAppl,M,2,underived,,,0,0,inanimate,O,Artifact,0,0,0,"हथ,ड,ह,हथौ,ौड,थौड","uɖ,ɦ,ɖ,əuɖ,ɦə,ɦət̪ʰ",,,,
6132,हद,हद,ɦəd̪,extent,NotAppl,F,3,underived,,,0,0,inanimate,N,Perception,0,1,0,"हद,ह,द","d̪,əd̪,ɦ,ɦə,ɦəd̪",,,,
6133,हनक,हनक,ɦən̪ək,power,NotAppl,F,3,underived,,,0,0,inanimate,S,Physical State,0,0,0,"ह,क,हनक,नक,हन","k,n̪ək,ɦ,ək,ɦən̪,ɦə",,ək,,
6134,हनन,हनन,ɦən̪ən̪,abuse,NotAppl,M,4,underived,,,0,0,inanimate,E,Action,0,0,1,"नन,ह,न,हनन,हन","ɦ,ən̪,ɦən̪,n̪ən̪,ɦə,n̪",,,,
6135,हनीमून,हनीमून,ɦən̪iːmuːn̪,honeymoon,NotAppl,M,4,underived,,,0,0,inanimate,K,Period,1,0,0,"ह,न,ून,हनी,मून,हन","muːn̪,ɦ,ɦən̪,ɦə,n̪,uːn̪",,,,
6136,हफ्ता,हफ्ता,ɦəpʰt̪ɑː,week,NotAppl,M,4,underived,,,0,0,inanimate,T,Period,0,0,0,"ा,ह,ता,हफ्,्ता,हफ","ɦ,ɑː,ɦəpʰ,t̪ɑː,ɦə,pʰt̪ɑː",ा,,ा,
6137,हमदर्द,हमदर्द,ɦəmd̪əɾd̪,hamdard,NotAppl,M,4,underived,,,0,0,inanimate,Z,Qualitative,0,0,0,"द,्द,हम,ह,हमद,र्द","d̪,ɦ,ɾd̪,əɾd̪,ɦəm,ɦə",,,,
6138,हमदर्दी,हमदर्द,ɦəmd̪əɾd̪,sympathy,NotAppl,F,1,underived,,,0,0,inanimate,X,Psychological Feature,0,0,0,"द,्द,हम,ह,हमद,र्द","d̪,ɦ,ɾd̪,əɾd̪,ɦəm,ɦə",,,,
6139,हमला,हमल,ɦəməl,assault,NotAppl,M,2,underived,,,0,0,inanimate,E,Communication,0,1,0,"हम,ह,मल,हमल,ल","məl,ɦ,əl,ɦəm,l,ɦə",,əl,,
6140,हमलावर,हमलावर,ɦəmlɑːʋəɾ,attackers,NotAppl,M,4,underived,,,1,0,animate,Q,Person,0,0,0,"वर,र,हम,ह,ावर,हमल","ɦ,ɾ,ɦəm,ɦə,əɾ,ʋəɾ",र,"ɾ,əɾ",र,"ɾ,əɾ"
6141,हया,हया,ɦəjɑː,haya,NotAppl,F,0,underived,,,0,0,inanimate,Z,Quality,0,1,0,"हय,ा,ह,या,हया","ɦəj,ɦ,əjɑː,ɑː,jɑː,ɦə","ा,या",jɑː,ा,
6142,हरकत,हरकत,ɦəɾkət̪,locomotion,NotAppl,F,3,underived,,,0,0,inanimate,M,Action,0,1,0,"हर,रकत,ह,त,हरक,कत","t̪,ɦəɾ,ɦ,ət̪,ɦə,kət̪","त,कत","t̪,kət̪",त,t̪
6143,हरजाना,हरजान,ɦəɾd͡ʒɑːn̪,compensation,NotAppl,M,2,underived,,,0,0,inanimate,S,Artifact,0,0,0,"ान,जान,हर,ह,हरज,न","ɑːn̪,ɦəɾ,ɦ,d͡ʒɑːn̪,ɦə,n̪",,,,
6144,हरम,हरम,ɦəɾəm,harem,NotAppl,M,4,underived,,,0,0,inanimate,S,Physical Place,0,1,0,"हर,ह,म,हरम,रम","əm,ɦəɾ,ɦ,ɾəm,m,ɦə",,,,
6145,हरियाली,हरियाल,ɦəɾɪjɑːl,greenery,NotAppl,F,1,underived,,,0,0,inanimate,L,Quality,0,0,0,"याल,हर,ह,ाल,हरि,ल","jɑːl,ɦəɾ,ɦ,l,ɦə,ɑːl",,,,
6146,हरीकेन,हरीकेन,ɦəɾiːkeːn̪,hurricane,NotAppl,M,4,underived,,,0,0,inanimate,W,Artifact,1,0,0,"हरी,हर,ेन,ह,न,केन","ɦəɾ,ɦ,eːn̪,ɦə,keːn̪,n̪",,,,
6147,हर्ज,हर्ज,ɦəɾd͡ʒ,harm,NotAppl,M,4,underived,,,0,0,inanimate,A,Action,0,1,0,"हर,र्ज,ह,हर्,ज,्ज","ɦəɾ,ɦ,d͡ʒ,ɾd͡ʒ,ɦə,əɾd͡ʒ",,,,
6148,हर्जाना,हर्जान,ɦəɾd͡ʒɑːn̪,damages,NotAppl,M,2,underived,,,0,0,inanimate,I,Artifact,0,1,0,"ान,जान,हर,ह,न,हर्","ɑːn̪,ɦəɾ,ɦ,d͡ʒɑːn̪,ɦə,n̪",,,,
6151,हर्ट्ज,हर्ट्ज,ɦəɾʈd͡ʒ,hertz,NotAppl,M,0,underived,,,0,0,inanimate,N,Applied Sciences,1,0,0,"हर,ह,ट्ज,हर्,ज,्ज","ʈd͡ʒ,ɦəɾ,ɦ,d͡ʒ,ɾʈd͡ʒ,ɦə",,,,
6152,हल,हल,ɦəl,plough,NotAppl,M,4,underived,,,0,0,inanimate,F,Action,0,1,0,"हल,ह,ल","ɦ,əl,l,ɦə,ɦəl",,əl,,
6153,हलका,हलक,ɦələk,light,NotAppl,M,2,underived,,,0,0,inanimate,W,Group,0,0,0,"हल,ह,लक,क,हलक","k,lək,ɦ,ək,ɦə,ɦəl",,ək,,
6154,हलचल,हलचल,ɦəlt͡ʃəl,stir,NotAppl,F,3,underived,,,0,0,inanimate,A,Physical,0,0,0,"हल,ह,हलच,लचल,ल,चल","t͡ʃəl,ɦ,əl,l,ɦə,ɦəl",,əl,,
6155,हलफनामा,हलफनाम,ɦələpʰn̪ɑːm,affidavit,NotAppl,M,2,underived,,,1,0,inanimate,G,Artifact,0,0,0,"हल,ह,नाम,म,ाम,हलफ","ɦ,m,n̪ɑːm,ɦə,ɑːm,ɦəl",,,,
6156,हलवा,हलव,ɦələʋ,pudding,NotAppl,M,2,underived,,,0,0,inanimate,F,Edible,0,1,0,"व,हल,ह,हलव,लव","əʋ,ɦ,ləʋ,ʋ,ɦə,ɦəl",व,ʋ,व,ʋ
6157,हल्का,हल्क,ɦəlk,light,NotAppl,M,2,underived,,,0,0,inanimate,W,Measurement,0,0,0,"ल्क,्क,हल,ह,क,हल्","k,əlk,ɦ,lk,ɦə,ɦəl",,,,
6158,हवन,हवन,ɦəʋən̪,offering prayers to god in front of fire,NotAppl,M,4,underived,,,0,0,inanimate,A,Physical,0,0,1,"हवन,ह,न,हव,वन","ɦəʋ,ɦ,ən̪,ɦə,n̪,ʋən̪",,,,
6159,हवलदार,हवलदार,ɦəʋəld̪ɑːɾ,constable,NotAppl,M,4,agentive3,,,0,1,animate,G,Person,0,1,0,"र,ार,हवल,ह,हव,दार","ɦəʋ,ɦ,ɾ,ɑːɾ,ɦə,d̪ɑːɾ","र,ार","ɾ,ɑːɾ",र,ɾ
6160,हवस,हवस,ɦəʋəs̪,lust,NotAppl,F,3,underived,,,0,0,inanimate,E,Psychological Feature,0,1,0,"स,वस,हवस,ह,हव","ʋəs̪,ɦəʋ,ɦ,əs̪,s̪,ɦə",,,,
6161,हवा,हवा,ɦəʋɑː,air,NotAppl,F,3,underived,,,0,0,inanimate,O,Natural Object,0,1,0,"ा,ह,वा,हव,हवा","ɦəʋ,ɦ,ɑː,ʋɑː,əʋɑː,ɦə",ा,,ा,
6162,हवाईअड्डा,हवाईअड्डा,ɦəʋɑːiːəɖɖɑː,airport,NotAppl,M,4,underived,,,1,0,inanimate,M,Physical Place,0,0,0,"डा,ा,ह,हव,्डा,हवा","ɦəʋ,ɦ,ɑː,ɦə,ɖɑː,ɖɖɑː",ा,,ा,
6163,हवाला,हवाल,ɦəʋɑːl,hawala,NotAppl,M,2,underived,,,0,0,inanimate,Z,Communication,0,1,0,"ह,ाल,हव,वाल,ल,हवा","ɦəʋ,ɦ,ʋɑːl,l,ɦə,ɑːl",,,,
6164,हवालात,हवालात,ɦəʋɑːlɑːt̪,lock up,NotAppl,F,3,underived,,,0,0,inanimate,A,Physical Place,0,1,0,"ह,लात,त,हव,ात,हवा","ɦəʋ,t̪,ɦ,ɑːt̪,lɑːt̪,ɦə",त,t̪,त,t̪
6165,हवाले,हवाले,ɦəʋɑːleː,handover,NotAppl,M,0,underived,,,0,0,inanimate,A,Communication,0,0,0,"ाले,ह,े,हव,ले,हवा","ɦəʋ,ɦ,ɑːleː,leː,eː,ɦə",,eː,,
6166,हवेली,हवेल,ɦəʋeːl,haveli,NotAppl,F,1,underived,,,0,0,inanimate,Z,Physical Place,0,1,0,"ेल,हवे,ह,हव,वेल,ल","ɦəʋ,ɦ,l,ɦə,eːl,ʋeːl",,,,
6167,हव्वा,हव्व,ɦəʋʋ,eve,NotAppl,M,0,underived,,,0,0,animate,Z,Mythological Character,0,1,0,"व,व्व,्व,ह,हव,हव्","ɦəʋ,əʋʋ,ɦ,ʋʋ,ʋ,ɦə","व,्व",ʋ,व,ʋ
6168,हश्र,हश्र,ɦəʃɾ,fate,NotAppl,M,4,underived,,,0,0,inanimate,S,State,0,1,0,"श्र,र,ह,्र,हश्,हश","əʃɾ,ɦ,ɾ,ʃɾ,ɦə,ɦəʃ",र,ɾ,र,ɾ
6169,हसरत,हसरत,ɦəs̪ɾət̪,longing,NotAppl,F,3,underived,,,0,0,inanimate,Z,Psychological Feature,0,1,0,"रत,ह,हसर,त,सरत,हस","t̪,ɦ,ɦəs̪,ət̪,ɦə,ɾət̪","रत,त","t̪,ɾət̪",त,"t̪,ɾət̪"
6170,हस्तक्षेप,हस्तक्षेप,ɦəs̪t̪əkʂeːp,interference,NotAppl,M,4,underived,,,1,0,inanimate,S,Action,0,0,0,"प,ेप,ह,षेप,हस,हस्","ɦ,ɦəs̪,ʂeːp,p,eːp,ɦə",,,,
6171,हस्तांतरण,हस्तांतरण,ɦəs̪t̪ɑ̃ːt̪ɾəɳ,transfer,NotAppl,M,4,underived,,,1,0,inanimate,M,Action,0,0,0,"रण,तरण,ह,हस,हस्,ण","əɳ,ɦ,ɦəs̪,ɾəɳ,ɦə,ɳ",रण,"əɳ,ɾəɳ",,"əɳ,ɾəɳ"
6172,हस्ताक्षर,हस्ताक्षर,ɦəs̪t̪ɑːkʂəɾ,signature,neutral,F,4,underived,,,0,0,inanimate,Q,property,0,0,0,"र,ह,षर,्षर,हस,हस्","ɦ,ɦəs̪,ɾ,ɦə,əɾ,ʂəɾ",र,"ɾ,əɾ",र,"ɾ,əɾ"
6173,हस्ताक्षर,हस्ताक्षर,ɦəs̪t̪ɑːkʂəɾ,signature,neutral,M,4,underived,,,0,0,inanimate,Q,property,0,0,0,"र,ह,षर,्षर,हस,हस्","ɦ,ɦəs̪,ɾ,ɦə,əɾ,ʂəɾ",र,"ɾ,əɾ",र,"ɾ,əɾ"
6174,हस्ती,हस्त,ɦəs̪t̪,celebrity,NotAppl,F,1,underived,,,0,0,animate,A,Cognition,0,1,0,"्त,ह,स्त,त,हस,हस्","t̪,ɦ,əs̪t̪,ɦəs̪,s̪t̪,ɦə","्त,त",t̪,"्त,त",t̪
6175,हाँ,हाँ,ɦɑ̃ː,yes,neutral,F,0,underived,,,0,0,inanimate,Z,property,0,0,0,"ाँ,हाँ,ह,हा,ँ","ɦɑ̃ː,ɑ̃ː,ɦ",,,,
6176,हाँ,हाँ,ɦɑ̃ː,yes,neutral,M,0,underived,,,0,0,inanimate,Z,property,0,0,0,"ाँ,हाँ,ह,हा,ँ","ɦɑ̃ː,ɑ̃ː,ɦ",,,,
6177,हाइड्रोकार्बन,हाइड्रोकार्बन,ɦɑːɪɖɾoːkɑːɾbən̪,hydrocarbons,NotAppl,M,4,underived,,,0,0,inanimate,Z,Object,1,0,0,"बन,्बन,ह,हा,हाइ,न","ɦɑː,bən̪,ɦ,ən̪,ɦɑːɪ,n̪",,,,
6178,हाईकमान,हाईकमान,ɦɑːiːkmɑːn̪,high command,neutral,F,3,underived,,,0,0,inanimate,T,Title,1,0,0,"ान,हाई,ह,हा,न,मान","ɦɑː,ɦɑːiː,ɑːn̪,ɦ,mɑːn̪,n̪",,,,
6179,हाईकमान,हाईकमान,ɦɑːiːkmɑːn̪,high command,neutral,M,4,underived,,,0,0,inanimate,T,Common Noun,1,0,0,"ान,हाई,ह,हा,न,मान","ɦɑː,ɦɑːiː,ɑːn̪,ɦ,mɑːn̪,n̪",,,,
6180,हाईकोर्ट,हाईकोर्ट,ɦɑːiːkoːɾʈ,high court,neutral,F,3,underived,,,0,0,inanimate,G,Common Noun,1,0,0,"ट,हाई,र्ट,ह,हा,्ट","ɦɑː,ɦɑːiː,ɦ,oːɾʈ,ʈ,ɾʈ",,,,
6181,हाईकोर्ट,हाईकोर्ट,ɦɑːiːkoːɾʈ,high court,neutral,M,4,underived,,,0,0,inanimate,G,Common Noun,1,0,0,"ट,हाई,र्ट,ह,हा,्ट","ɦɑː,ɦɑːiː,ɦ,oːɾʈ,ʈ,ɾʈ",,,,
6182,हाउस,हाउस,ɦɑːus̪,house,NotAppl,M,4,underived,,,0,0,inanimate,H,Common Noun,1,0,0,"स,उस,ह,हा,ाउस,हाउ","ɦɑː,ɦɑːu,ɦ,us̪,ɑːus̪,s̪",,,,
6183,हाऊस,हाऊस,ɦɑːuːs̪,house,NotAppl,M,4,underived,,,0,0,inanimate,H,Common Noun,1,0,0,"स,ह,हा,ऊस,ाऊस,हाऊ","ɦɑː,ɦ,ɑːuːs̪,ɦɑːuː,uːs̪,s̪",,,,
6184,हाथ,हाथ,ɦɑːt̪ʰ,hand,NotAppl,M,4,underived,,,0,0,inanimate,B,Anatomical,0,0,0,"ह,हा,ाथ,हाथ,थ","ɦɑː,ɦɑːt̪ʰ,ɦ,t̪ʰ,ɑːt̪ʰ",,,,
6185,हाथापाई,हाथापा,ɦɑːt̪ʰɑːpɑː,mayhem,NotAppl,F,1,underived,,,0,0,inanimate,E,Physical,0,0,0,"ा,ापा,ह,हा,हाथ,पा","ɦɑː,ɦɑːt̪ʰ,ɦ,ɑː,ɑːpɑː,pɑː",ा,,ा,
6186,हाथी,हाथी,ɦɑːt̪ʰiː,elephant,NotAppl,M,4,underived,,,0,0,animate,L,Mammal,0,0,0,"ाथी,ह,हा,हाथ,थी,ी","ɦɑː,iː,ɦɑːt̪ʰ,ɦ,t̪ʰiː,ɑːt̪ʰiː",ी,,ी,
6187,हादसा,हादस,ɦɑːd̪əs̪,accident,NotAppl,M,2,underived,,,0,0,inanimate,A,Fatal Event,0,1,0,"स,दस,ादस,ह,हा,हाद","ɦɑː,ɦ,d̪əs̪,əs̪,s̪,ɦɑːd̪",,,,
6188,हामी,हाम,ɦɑːm,agree,NotAppl,F,1,underived,,,0,0,inanimate,A,Communication,0,1,0,"ह,हा,म,ाम,हाम","ɦɑː,ɦ,m,ɑːm,ɦɑːm",,,,
6189,हाय,हाय,ɦɑːjə,hi,NotAppl,M,0,underived,,,0,0,inanimate,Z,Psychological Feature,1,0,0,"ाय,ह,हा,य,हाय","ɦɑː,ɦ,ɑːjə,ɦɑːj,ə,jə",य,jə,य,jə
6190,हायर,हायर,ɦɑːjəɾ,higher,NotAppl,M,0,underived,,,0,0,inanimate,N,Common Noun,1,0,0,"यर,र,ह,हा,हाय,ायर","ɦɑː,ɦ,jəɾ,ɦɑːj,ɾ,əɾ",र,"ɾ,əɾ",र,"ɾ,əɾ"
6191,हार,हार,ɦɑːɾ,garland,homophones,F,3,underived,,,0,0,inanimate,L,Fatal Event,0,0,1,"ार,र,ह,हा,हार","ɦɑː,ɦ,ɦɑːɾ,ɾ,ɑːɾ","ार,र","ɾ,ɑːɾ",र,ɾ
6192,हार,हार,ɦɑːɾ,garland,homophones,M,4,underived,,,0,0,inanimate,L,Fatal Event,0,0,1,"ार,र,ह,हा,हार","ɦɑː,ɦ,ɦɑːɾ,ɾ,ɑːɾ","ार,र","ɾ,ɑːɾ",र,ɾ
6193,हार्ट,हार्ट,ɦɑːɾʈ,heart,NotAppl,M,4,underived,,,0,0,inanimate,B,Anatomical,1,0,0,"ट,र्ट,ह,हा,्ट,हार","ɦɑː,ɦ,ɦɑːɾ,ʈ,ɾʈ,ɑːɾʈ",,,,
6194,हाल,हाल,ɦɑːl,condition,NotAppl,M,5,underived,,,0,0,inanimate,O,Cognition,0,1,0,"ह,हा,ाल,ल,हाल","ɦɑː,ɦ,ɦɑːl,l,ɑːl",,,,
6195,हालचाल,हालचाल,ɦɑːlt͡ʃɑːl,well being,NotAppl,M,0,underived,,,1,0,inanimate,B,Common Noun,0,0,0,"चाल,ह,हा,ाल,ल,हाल","ɦɑː,t͡ʃɑːl,ɦ,ɦɑːl,l,ɑːl",,,,
6196,हालत,हालत,ɦɑːlət̪,condition,neutral,F,3,underived,,,0,0,inanimate,O,State,0,1,0,"ालत,लत,ह,हा,त,हाल","ɦɑː,t̪,ɦ,lət̪,ət̪,ɦɑːl","लत,त","t̪,lət̪",त,t̪
6197,हालत,हालत,ɦɑːlət̪,condition,neutral,M,4,underived,,,0,0,inanimate,O,State,0,1,0,"ालत,लत,ह,हा,त,हाल","ɦɑː,t̪,ɦ,lət̪,ət̪,ɦɑːl","लत,त","t̪,lət̪",त,t̪
6198,हालात,हालात,ɦɑːlɑːt̪,situation,neutral,F,3,underived,,,0,0,inanimate,A,Abstract,0,1,0,"ह,हा,लात,त,ात,हाल","ɦɑː,t̪,ɦ,ɑːt̪,ɦɑːl,lɑːt̪",त,t̪,त,t̪
6199,हालात,हालात,ɦɑːlɑːt̪,situation,neutral,M,4,underived,,,0,0,inanimate,A,Physical State,0,1,0,"ह,हा,लात,त,ात,हाल","ɦɑː,t̪,ɦ,ɑːt̪,ɦɑːl,lɑːt̪",त,t̪,त,t̪
6200,हाशिया,हाशिया,ɦɑːʃɪjɑː,margin,NotAppl,M,4,underived,,,0,0,inanimate,N,Physical Place,0,1,0,"ा,हाश,ह,हा,िया,या","ɦɑː,ɪjɑː,ɦ,ɑː,ɦɑːʃ,jɑː","ा,या",jɑː,ा,
6201,हाहाकार,हाहाकार,ɦɑːɦɑːkɑːɾ,uproar,NotAppl,M,4,agentive_activity1,agentive_activity1,agentive_activity1,0,1,inanimate,X,Action,0,0,0,"ार,र,ह,हा,कार,हाह","ɦɑː,kɑːɾ,ɦ,ɾ,ɦɑːɦ,ɑːɾ","ार,र","ɾ,ɑːɾ",र,ɾ
6203,हिंदुत्व,हिंदुत्व,ɦɪ̃d̪ut̪ʋə,hindutva,NotAppl,M,0,abstract3,,,0,1,inanimate,Z,Quality,0,1,0,"व,्व,ह,हिं,त्व,हि","ʋə,ɦɪ̃,t̪ʋə,ɦ,ə,ɦɪ̃d̪","व,्व",ʋə,व,
6205,हिंदूवादी,हिंदूवादी,ɦɪ̃d̪uːʋɑːd̪iː,hinduist,NotAppl,M,4,underived,,,1,0,animate,Z,Religion,0,0,0,"ादी,ह,हिं,दी,हि,ी","iː,ɦɪ̃,ɦ,ɑːd̪iː,d̪iː,ɦɪ̃d̪",ी,,ी,
6206,हिंसा,हिंस,ɦɪ̃s̪,violence,NotAppl,F,1,underived,,,0,0,inanimate,E,Quality,0,0,1,"स,ंस,ह,िंस,हिं,हि","ɦɪ̃,ɦ,s̪,ɪ̃s̪,ɦɪ̃s̪",,,,
6207,हिचक,हिचक,ɦɪt͡ʃək,hesitation,NotAppl,F,3,underived,,,0,0,inanimate,A,Psychological Feature,0,0,0,"िचक,हिच,चक,ह,क,हि","k,ɦ,ɦɪt͡ʃ,ɦɪ,ək,t͡ʃək",,ək,,
6208,हिचकिचाहट,हिचकिचाहट,ɦɪt͡ʃkɪt͡ʃɑːɦəʈ,hesitation,NotAppl,F,3,underived,,,0,0,inanimate,A,Psychological Feature,0,0,0,"ट,हिच,ह,ाहट,हट,हि","əʈ,ɦəʈ,ɦ,ɦɪt͡ʃ,ɦɪ,ʈ",,əʈ,,
6209,हित,हित,ɦɪt̪,interests,NotAppl,M,4,underived,,,0,0,inanimate,X,Quality,0,0,1,"हित,ह,त,ित,हि","ɪt̪,t̪,ɦ,ɦɪ,ɦɪt̪",त,t̪,त,t̪
6210,हितैषी,हितैषी,ɦɪt̪əɪʂiː,well wisher,NotAppl,M,4,underived,,,0,0,animate,Z,Person,0,0,0,"हित,ह,ैषी,षी,हि,ी","iː,ɦ,ɦɪ,ɪʂiː,ɦɪt̪,ʂiː",ी,,ी,
6211,हिदायत,हिदायत,ɦɪd̪ɑːjət̪,instruction,NotAppl,F,3,underived,,,0,0,inanimate,Q,Action,0,1,0,"यत,ायत,ह,त,हिद,हि","t̪,ɦ,jət̪,ɦɪd̪,ɦɪ,ət̪","यत,ायत,त","t̪,jət̪","यत,त","t̪,jət̪"
6212,हिदायतनामा,हिदायतनाम,ɦɪd̪ɑːjət̪n̪ɑːm,instruction,NotAppl,M,2,underived,,,1,0,inanimate,Q,Abstract,0,0,0,"ह,नाम,म,हिद,ाम,हि","ɦ,ɦɪd̪,ɦɪ,m,n̪ɑːm,ɑːm",,,,
6213,हिन्दी,हिन्दी,ɦɪn̪d̪iː,hindi,NotAppl,F,0,underived,,,0,0,inanimate,Z,Language,0,0,0,"हिन,ह,दी,हि,ी,्दी","iː,ɦɪn̪,ɦ,n̪d̪iː,ɦɪ,d̪iː",ी,,ी,
6214,हिन्दू,हिन्दू,ɦɪn̪d̪uː,hindu,NotAppl,M,4,underived,,,0,0,inanimate,Z,Group,0,0,0,"हिन,ह,दू,ू,्दू,हि","ɦɪn̪,n̪d̪uː,ɦ,ɦɪ,d̪uː,uː",,,,
6215,हिफाजत,हिफाजत,ɦɪpʰɑːd͡ʒət̪,protection,NotAppl,F,3,underived,,,0,0,inanimate,S,Physical,0,0,0,"हिफ,ह,ाजत,त,जत,हि","t̪,ɦ,ɦɪ,ət̪,d͡ʒət̪,ɦɪpʰ",त,t̪,त,t̪
6216,हिम,हिम,ɦɪm,snow,neutral,F,3,underived,,,0,0,inanimate,W,Object,0,0,1,"ह,म,हिम,हि,िम","ɦɪm,ɦ,ɦɪ,ɪm,m",,,,
6217,हिम,हिम,ɦɪm,snow,neutral,M,4,underived,,,0,0,inanimate,W,Object,0,0,1,"ह,म,हिम,हि,िम","ɦɪm,ɦ,ɦɪ,ɪm,m",,,,
6218,हिमपात,हिमपात,ɦɪmpɑːt̪,snow,NotAppl,M,4,underived,,,1,0,inanimate,W,Natural Event,0,0,0,"पात,ह,त,ात,हिम,हि","ɦɪm,t̪,ɦ,ɦɪ,ɑːt̪,pɑːt̪","पात,त","t̪,pɑːt̪",त,t̪
6219,हिमलिंग,हिमलिंग,ɦɪmlɪ̃ɡ,himling,NotAppl,M,4,underived,,,1,0,inanimate,Z,Object,0,0,0,"ह,िंग,ंग,हिम,ग,हि","ɦɪm,ɦ,ɦɪ,lɪ̃ɡ,ɪ̃ɡ,ɡ","िंग,ंग,ग","lɪ̃ɡ,ɪ̃ɡ,ɡ","िंग,ंग","ɪ̃ɡ,ɡ"
6220,हिमस्खलन,हिमस्खलन,ɦɪməs̪kʰələn̪,avalanche,NotAppl,M,4,underived,,,1,0,inanimate,W,Natural Event,0,0,0,"ह,लन,न,खलन,हिम,हि","ɦɪm,n̪,ɦ,ɦɪ,ən̪,lən̪",लन,lən̪,,
6221,हिमायत,हिमायत,ɦɪmɑːjət̪,intercession,NotAppl,F,3,underived,,,0,0,inanimate,S,Action,0,1,0,"यत,ायत,ह,त,हिम,हि","ɦɪm,t̪,ɦ,jət̪,ɦɪ,ət̪","यत,ायत,त","t̪,jət̪","यत,त","t̪,jət̪"
6222,हिम्मत,हिम्मत,ɦɪmmət̪,courage,NotAppl,F,3,underived,,,0,0,inanimate,E,Quality,0,1,0,"मत,ह,त,्मत,हिम,हि","ɦɪm,t̪,ɦ,mət̪,ɦɪ,ət̪",त,t̪,त,t̪
6223,हिरण,हिरण,ɦɪɾəɳ,deer,NotAppl,M,4,underived,,,0,0,animate,L,Mammal,0,0,1,"रण,ह,िरण,हिर,हि,ण","ɳ,əɳ,ɦ,ɦɪ,ɾəɳ,ɦɪɾ",रण,"əɳ,ɾəɳ",,"əɳ,ɾəɳ"
6224,हिरासत,हिरासत,ɦɪɾɑːs̪ət̪,custody,neutral,F,3,underived,,,0,0,inanimate,G,Physical,0,1,0,"सत,ह,त,ासत,हिर,हि","t̪,ɦ,s̪ət̪,ɦɪ,ət̪,ɦɪɾ","सत,त,ासत","t̪,s̪ət̪",त,t̪
6225,हिरासत,हिरासत,ɦɪɾɑːs̪ət̪,custody,neutral,M,4,underived,,,0,0,inanimate,G,Physical,0,1,0,"सत,ह,त,ासत,हिर,हि","t̪,ɦ,s̪ət̪,ɦɪ,ət̪,ɦɪɾ","सत,त,ासत","t̪,s̪ət̪",त,t̪
6226,हिसाब,हिसाब,ɦɪs̪ɑːb,maths,NotAppl,M,4,underived,,,0,0,inanimate,N,Abstract,0,1,0,"ह,हिस,साब,ाब,ब,हि","ɦɪs̪,ɦ,ɦɪ,b,s̪ɑːb,ɑːb",,,,
6227,हिस्ट्री,हिस्ट्र,ɦɪs̪ʈɾə,history,NotAppl,M,4,underived,,,0,0,inanimate,T,Common Noun,1,0,0,"र,ट्र,ह,हिस,्र,हि","ɦɪs̪,ɦ,ʈɾə,ɦɪ,ɾə,ə",र,,र,
6228,हिस्सा,हिस्स,ɦɪs̪s̪,part,NotAppl,M,2,underived,,,0,0,inanimate,N,Part of,0,1,0,"स,ह,हिस,स्स,्स,हि","ɪs̪s̪,ɦɪs̪,ɦ,ɦɪ,s̪s̪,s̪",,,,
6229,हिस्सेदारी,हिस्सेदार,ɦɪs̪s̪eːd̪ɑːɾ,equity,NotAppl,F,1,underived,,,0,0,inanimate,G,State,0,0,0,"ार,र,ह,हिस,हि,दार","ɦɪs̪,ɦ,ɦɪ,ɾ,ɑːɾ,d̪ɑːɾ","ार,र","ɾ,ɑːɾ",र,ɾ
6230,हीरा,हीर,ɦiːɾ,diamond,NotAppl,M,2,underived,,,0,0,inanimate,O,Natural Object,0,0,0,"ीर,र,हीर,ह,ही","ɦ,ɦiːɾ,ɾ,iːɾ,ɦiː",र,ɾ,र,ɾ
6231,हीरो,हीर,ɦiːɾ,hero,NotAppl,M,4,underived,,,0,0,animate,Q,Person,1,0,0,"ीर,र,हीर,ह,ही","ɦ,ɦiːɾ,ɾ,iːɾ,ɦiː",र,ɾ,र,ɾ
6232,हीलिंग,हीलिंग,ɦiːlɪ̃ɡ,healing,NotAppl,F,0,underived,,,0,0,inanimate,B,Abstract,1,0,0,"ह,हील,ही,िंग,ंग,ग","ɦiːl,ɦ,lɪ̃ɡ,ɪ̃ɡ,ɡ,ɦiː","िंग,ंग,ग","lɪ̃ɡ,ɪ̃ɡ,ɡ","िंग,ंग","ɪ̃ɡ,ɡ"
6233,हुकूमत,हुकूमत,ɦukuːmət̪,rule,NotAppl,F,3,underived,,,0,0,inanimate,G,Action,0,1,0,"ूमत,मत,ह,त,हुक,हु","t̪,ɦ,mət̪,ət̪,ɦu,ɦuk",त,t̪,त,t̪
6234,हुक्का,हुक्क,ɦukk,hookah,NotAppl,M,2,underived,,,0,0,inanimate,Z,Artifact,0,0,0,"्क,क्क,ह,क,हुक,हु","kk,k,ɦ,ɦu,ɦuk,ukk",,,,
6235,हुक्म,हुक्म,ɦukm,order,NotAppl,M,4,underived,,,0,0,inanimate,S,Physical,0,1,0,"ह,क्म,म,हुक,हु,्म","ɦ,m,ɦu,ɦuk,ukm,km",,,,
6236,हुक्मनामा,हुक्मनाम,ɦukmən̪ɑːm,decree,NotAppl,M,2,underived,,,1,0,inanimate,Q,Artifact,0,0,0,"ह,नाम,म,हुक,हु,ाम","ɦ,m,ɦu,ɦuk,n̪ɑːm,ɑːm",,,,
6237,हुजूम,हुजूम,ɦud͡ʒuːm,crowd,NotAppl,M,4,underived,,,0,0,inanimate,N,Group,0,1,0,"ूम,ह,जूम,म,हुज,हु","ɦ,d͡ʒuːm,m,ɦud͡ʒ,ɦu,uːm",,,,
6238,हुनर,हुनर,ɦun̪əɾ,skill,NotAppl,M,4,underived,,,0,0,inanimate,X,Quality,0,1,0,"हुन,नर,र,ुनर,ह,हु","ɦ,ɾ,ɦu,n̪əɾ,əɾ,ɦun̪",र,"ɾ,əɾ",र,"ɾ,əɾ"
6239,हुर्रियत,हुर्रियत,ɦuɾɾɪjət̪,hurriyat,neutral,F,3,underived,,,0,0,inanimate,Z,Abstract,0,0,0,"यत,हुर,ह,त,हु,ियत","t̪,ɦ,jət̪,ət̪,ɦu,ɦuɾ","यत,त,ियत","t̪,jət̪","यत,त","t̪,jət̪"
6240,हुर्रियत,हुर्रियत,ɦuɾɾɪjət̪,hurriyat,neutral,M,4,underived,,,0,0,inanimate,Z,Social,0,0,0,"यत,हुर,ह,त,हु,ियत","t̪,ɦ,jət̪,ət̪,ɦu,ɦuɾ","यत,त,ियत","t̪,jət̪","यत,त","t̪,jət̪"
6241,हृदय,हृदय,ɦɾɨd̪jə,heart,NotAppl,M,4,underived,,,0,0,inanimate,B,Anatomical,0,0,1,"ह,य,ृदय,दय,हृ,हृद","d̪jə,ɦ,ɦɾɨ,ə,ɦɾ,jə",य,jə,य,jə
6242,हेक्टेअर,हेक्टेअर,ɦeːkʈeːəɾ,hectare,NotAppl,M,4,underived,,,0,0,inanimate,N,Measurement,1,0,0,"ेअर,र,ह,अर,हेक,हे","ɦeːk,ɦ,eːəɾ,ɾ,əɾ,ɦeː",र,"ɾ,əɾ",र,"ɾ,əɾ"
6244,हेड,हेड,ɦeːɖ,head,NotAppl,M,4,underived,,,0,0,inanimate,B,Person,1,0,0,"ड,ह,ेड,हे,हेड","eːɖ,ɦ,ɖ,ɦeːɖ,ɦeː",,,,
6245,हेडर,हेडर,ɦeːɖəɾ,header,NotAppl,M,4,underived,,,0,0,inanimate,K,Common Noun,1,0,0,"र,ह,डर,ेडर,हे,हेड","ɦ,ɦeːɖ,ɾ,əɾ,ɦeː,ɖəɾ","र,डर","ɾ,əɾ,ɖəɾ",र,"ɾ,əɾ"
6246,हेरफेर,हेरफेर,ɦeːɾpʰeːɾ,manipulation,neutral,F,3,underived,,,0,0,inanimate,A,Planned Event,0,0,0,"हेर,र,ह,फेर,ेर,हे","ɦeːɾ,ɦ,pʰeːɾ,ɾ,ɦeː,eːɾ",र,ɾ,र,ɾ
6247,हेरफेर,हेरफेर,ɦeːɾpʰeːɾ,manipulation,neutral,M,4,underived,,,0,0,inanimate,A,Planned Event,0,0,0,"हेर,र,ह,फेर,ेर,हे","ɦeːɾ,ɦ,pʰeːɾ,ɾ,ɦeː,eːɾ",र,ɾ,र,ɾ
6248,हेलिकॉप्टर,हेलिकॉप्टर,ɦeːlɪkɔpʈəɾ,helicopter,NotAppl,M,4,underived,,,0,0,inanimate,M,Artifact,1,0,0,"र,्टर,ह,हेल,टर,हे","ɦeːl,ɦ,ɾ,əɾ,ɦeː,ʈəɾ","र,्टर,टर","ɾ,əɾ,ʈəɾ","र,्टर,टर","ɾ,əɾ,ʈəɾ"
6250,हेलीकॉप्टर,हेलीकॉप्टर,ɦeːliːkɔpʈəɾ,helicopter,NotAppl,M,4,underived,,,0,0,inanimate,M,Artifact,1,0,0,"र,्टर,ह,हेल,टर,हे","ɦeːl,ɦ,ɾ,əɾ,ɦeː,ʈəɾ","र,्टर,टर","ɾ,əɾ,ʈəɾ","र,्टर,टर","ɾ,əɾ,ʈəɾ"
6251,हेलीपैड,हेलीपैड,ɦeːliːpəɪɖ,helipad,NotAppl,M,4,underived,,,0,0,inanimate,Z,Physical Place,1,0,0,"ड,पैड,ह,ैड,हेल,हे","ɦeːl,ɦ,ɖ,əɪɖ,ɪɖ,ɦeː",,,,
6252,हेलो,हेल,ɦeːl,hi,NotAppl,M,0,underived,,,0,0,inanimate,Z,State,1,0,0,"ेल,ह,हेल,ल,हे","ɦeːl,ɦ,l,eːl,ɦeː",,,,
6253,हेल्थ,हेल्थ,ɦeːlt̪ʰ,health,NotAppl,M,0,underived,,,0,0,inanimate,B,Common Noun,1,0,0,"्थ,ह,हेल,हे,थ,ल्थ","ɦeːl,ɦ,t̪ʰ,lt̪ʰ,ɦeː,eːlt̪ʰ",,,,
6254,हेल्पलाइन,हेल्पलाइन,ɦeːlpəlɑːɪn̪,helpline,NotAppl,F,3,underived,,,0,0,inanimate,Q,Common Noun,1,0,0,"ह,ाइन,न,इन,हेल,हे","ɦeːl,ɦ,ɑːɪn̪,ɪn̪,ɦeː,n̪",,,,
6255,हैंगर,हैंगर,ɦəɪ̃ɡəɾ,hanger,NotAppl,M,4,underived,,,0,0,inanimate,O,Artifact,1,0,0,"हैं,र,ह,है,गर,ंगर","ɦ,ɦəɪ̃,ɾ,ɦə,əɾ,ɡəɾ",र,"ɾ,əɾ",र,"ɾ,əɾ"
6256,हैंडीक्राफ्ट,हैंडीक्राफ्ट,ɦəɪ̃ɖiːkɾɑːpʰʈ,handicraft,NotAppl,M,4,underived,,,0,0,inanimate,C,Artifact,1,0,0,"ट,हैं,ह,है,्ट,फ्ट","pʰʈ,ɦ,ɦəɪ̃,ʈ,ɑːpʰʈ,ɦə",,,,
6258,हैरत,हैरत,ɦəɪɾət̪,astonished,NotAppl,F,3,underived,,,0,0,inanimate,X,Perception,0,1,0,"रत,हैर,ह,है,त,ैरत","t̪,ɦəɪ,ɦ,ət̪,ɦə,ɾət̪","रत,त","t̪,ɾət̪",त,"t̪,ɾət̪"
6259,हैरानी,हैरान,ɦəɪɾɑːn̪,surprise,NotAppl,F,1,underived,,,0,0,inanimate,X,Perception,0,1,0,"ान,हैर,ह,है,न,रान","ɑːn̪,ɦəɪ,ɦ,ɦə,n̪,ɾɑːn̪",,,,
6260,हैरिटेज,हैरिटेज,ɦəɪɾɪʈeːd͡ʒ,heritage,NotAppl,M,4,underived,,,0,0,inanimate,A,Artifact,1,0,0,"हैर,टेज,ह,है,ज,ेज","eːd͡ʒ,ɦəɪ,ɦ,ʈeːd͡ʒ,d͡ʒ,ɦə",,,,
6262,हॉबी,हॉब,ɦɔb,hobbies,NotAppl,F,1,underived,,,0,0,inanimate,K,Common Noun,1,0,0,"हॉ,ह,ॉब,ब,हॉब","ɔb,ɦ,ɦɔ,b,ɦɔb",,,,
6263,हॉल,हॉल,ɦɔl,hall,NotAppl,M,4,underived,,,0,0,inanimate,H,Artifact,1,0,0,"ॉल,हॉ,ह,ल,हॉल","ɦɔl,ɦ,ɦɔ,ɔl,l",,,,
6264,हॉस्टल,हॉस्टल,ɦɔs̪ʈəl,hostel,NotAppl,M,4,underived,,,0,0,inanimate,H,Physical Place,1,0,0,"टल,हॉ,ह,्टल,ल,हॉस","ʈəl,ɦɔs̪,ɦ,ɦɔ,əl,l",,əl,,
6265,हॉस्पिटल,हॉस्पिटल,ɦɔs̪pɪʈəl,hospital,NotAppl,M,4,underived,,,0,0,inanimate,B,Physical Place,1,0,0,"िटल,टल,हॉ,ह,ल,हॉस","ʈəl,ɦɔs̪,ɦ,ɦɔ,əl,l",,əl,,
6266,होंठ,होंठ,ɦõːʈʰ,lips,NotAppl,M,4,underived,,,0,0,inanimate,B,Part of,0,0,0,"ोंठ,ह,हो,ठ,ंठ,हों","ʈʰ,ɦõːʈʰ,ɦõː,ɦ,õːʈʰ",,,,
6267,होंडाकर्मी,होंडाकर्मी,ɦõːɖɑːkəɾmiː,honda worker,NotAppl,M,4,underived,,,1,0,animate,T,Occupation,0,0,0,"मी,ह,हो,्मी,ी,हों","iː,ɦõː,ɦ,ɦõːɖ,ɾmiː,miː",ी,,ी,
6268,होटल,होटल,ɦoːʈəl,hotel,neutral,F,3,underived,,,0,0,inanimate,H,Artifact,1,0,0,"टल,ह,ोटल,हो,ल,होट","ʈəl,ɦoː,ɦ,əl,ɦoːʈ,l",,əl,,
6269,होटल,होटल,ɦoːʈəl,hotel,neutral,M,4,underived,,,0,0,inanimate,H,Artifact,1,0,0,"टल,ह,ोटल,हो,ल,होट","ʈəl,ɦoː,ɦ,əl,ɦoːʈ,l",,əl,,
6270,होटलवाला,होटलवाल,ɦoːʈəlʋɑːl,hotelier,NotAppl,M,2,underived,,,1,0,inanimate,H,Artifact,0,0,0,"ह,ाल,हो,वाल,ल,होट","ɦoː,ɦ,ɦoːʈ,ʋɑːl,l,ɑːl",,,,
6272,होड़,होड़,ɦoːɽ,competition,NotAppl,F,0,underived,,,0,0,inanimate,K,Action,0,0,0,"ोड़,़,ह,ड़,हो,होड","oːɽ,ɦoː,ɦ,ɦoːɽ,ɽ","़,ड़",ɽ,़,
6273,होडॅग,होडॅग,ɦoːɖæɡ,hodag,NotAppl,M,0,underived,,,0,0,inanimate,Z,Mythological Character,0,0,0,"ह,डॅग,ॅग,हो,ग,होड","ɖæɡ,ɦoː,ɦ,æɡ,ɡ,ɦoːɖ",ग,ɡ,,ɡ
6274,होम,होम,ɦoːm,home,NotAppl,M,0,underived,,,0,0,inanimate,H,Place,0,0,1,"होम,ह,म,हो,ोम","ɦoː,ɦ,ɦoːm,m,oːm",,,,
6275,होम्यो,होम्य,ɦoːmjə,homeo,NotAppl,M,0,underived,,,0,0,inanimate,Z,Biological State,1,0,0,"होम,्य,ह,य,म्य,हो","ɦoː,ɦ,ɦoːm,ə,jə,mjə","्य,य",jə,य,jə
6276,होम्योपैथी,होम्योपैथ,ɦoːmjoːpəɪt̪ʰ,homeopathy,NotAppl,F,0,underived,,,0,0,inanimate,B,Process,1,0,0,"होम,ह,हो,थ,ैथ,पैथ","ɦoː,ɦ,t̪ʰ,ɦoːm,əɪt̪ʰ,ɪt̪ʰ",,ɪt̪ʰ,,
6277,होरडिंग,होरडिंग,ɦoːɾɖɪ̃ɡ,hoarding,NotAppl,M,4,underived,,,0,0,inanimate,A,Common Noun,1,0,0,"होर,ह,िंग,ंग,हो,ग","ɦoː,ɦ,ɖɪ̃ɡ,ɪ̃ɡ,ɡ,ɦoːɾ","िंग,ंग,ग","ɖɪ̃ɡ,ɪ̃ɡ,ɡ","िंग,ंग","ɪ̃ɡ,ɡ"
6278,होलोग्राम,होलोग्राम,ɦoːloːɡɾɑːm,hologram,NotAppl,M,4,underived,,,0,0,inanimate,Y,Abstract,1,0,0,"ह,म,राम,होल,हो,ाम","ɾɑːm,ɦoː,ɦ,m,ɑːm,ɦoːl",,,,
6279,होल्डिंग,होल्डिंग,ɦoːlɖɪ̃ɡ,holding,NotAppl,F,3,underived,,,0,0,inanimate,M,Abstract,1,0,0,"ह,िंग,होल,ंग,ग,हो","ɦoː,ɦ,ɖɪ̃ɡ,ɪ̃ɡ,ɡ,ɦoːl","िंग,ंग,ग","ɖɪ̃ɡ,ɪ̃ɡ,ɡ","िंग,ंग","ɪ̃ɡ,ɡ"
6280,होहल्ला,होहल्ला,ɦoːɦəllɑː,uproar,NotAppl,M,4,underived,,,0,0,inanimate,X,Social Event,0,0,0,"ा,ला,ह,्ला,होह,हो","llɑː,ɦoː,ɦ,ɦoːɦ,ɑː,lɑː","ा,ला",lɑː,"ा,ला",lɑː
6281,हौवा,हौवा,ɦəuʋɑː,bogeyman,NotAppl,M,4,underived,,,0,0,animate,O,Mythological Character,0,0,0,"ा,ह,ौवा,वा,हौव,हौ","ɦ,ɑː,uʋɑː,ɦəu,ʋɑː,ɦə",ा,,ा,
6282,हौसला,हौसल,ɦəus̪əl,courage,NotAppl,M,2,underived,,,0,0,inanimate,E,Quality,0,1,0,"सल,ौसल,ह,हौस,ल,हौ","ɦ,ɦəu,əl,l,ɦə,s̪əl",,əl,,
